import os
import sys

with open(sys.argv[0]) as f:
    code = f.read()
import copy
import glob
import math
import threading
import time
import uuid
from dataclasses import dataclass
from itertools import accumulate
from pathlib import Path

os.environ["PYTORCH_NPU_ALLOC_CONF"] = "expandable_segments:True"
import torch
import torch_npu
torch.empty(1, device="npu", requires_grad=True).backward()

_FUSED_SOFTCAP_CE_LIB = os.path.join(
    os.path.dirname(os.path.abspath(__file__)),
    "custom_op", "fused_softcap_ce", "libcodex_fused_softcap_ce_ops.so",
)
torch.ops.load_library(_FUSED_SOFTCAP_CE_LIB)
_SOFTCAP_SCALE = 0.13333333333333333
_SOFTCAP_CAP = 30.0


class FusedSoftcapCrossEntropy(torch.autograd.Function):
    @staticmethod
    def forward(ctx, logits, targets):
        loss, log_prob, sigmoid_saved = torch.ops.codex_ops.fused_softcap_ce_fwd(
            logits, targets, _SOFTCAP_SCALE, _SOFTCAP_CAP
        )
        ctx.save_for_backward(sigmoid_saved, log_prob, targets)
        return loss

    @staticmethod
    def backward(ctx, grad_loss):
        sigmoid_saved, log_prob, targets = ctx.saved_tensors
        grad_logits = torch.ops.codex_ops.fused_softcap_ce_bwd(
            grad_loss.contiguous(), sigmoid_saved, log_prob, targets,
            _SOFTCAP_SCALE, _SOFTCAP_CAP,
        )
        return grad_logits, None

import torch.distributed as dist
import torch.nn.functional as F
from torch import Tensor, nn

coeffs_list = [
    (8.156554524902461, -22.48329292557795, 15.878769915207462),
    (4.042929935166739, -2.808917465908714, 0.5000178451051316),
    (3.8916678022926607, -2.772484153217685, 0.5060648178503393),
    (3.285753657755655, -2.3681294933425376, 0.46449024233003106),
    (2.3465413258596377, -1.7097828382687081, 0.42323551169305323)
]

def polar_express(G: torch.Tensor):
    X = G.bfloat16()
    if G.size(-2) > G.size(-1):
        X = X.mT

    X = X / (X.norm(dim=(-2, -1), keepdim=True) * (1 + 2e-2) + 1e-6)
    X = X.contiguous()

    for a, b, c in coeffs_list:
        A = X @ X.mT
        B = b * A + c * (A @ A)
        X = a * X + B @ X

    if G.size(-2) > G.size(-1):
        X = X.mT
    return X

class Muon(torch.optim.Optimizer):
    def __init__(self, params, lr=0.02, weight_decay=0.01, momentum=0.95, custom_sizing=True):
        defaults = dict(lr=lr, weight_decay=weight_decay, momentum=momentum)
        world_size = dist.get_world_size() if dist.is_initialized() else 1
        if custom_sizing and world_size == 8:
            param_groups = self.generate_custom_param_groups(params)
        else:
            param_groups = self.generate_standard_param_groups(params)
        super().__init__(param_groups, defaults)

    def generate_standard_param_groups(self, params):
        params = list(params)
        param_groups = []
        attn_subset = [p for p in params if getattr(p, 'module', None) == 'attn']
        non_attn_subset = [p for p in params if getattr(p, 'module', None) != 'attn']
        param_groups.append(dict(params=attn_subset))
        sizes = {p.shape for p in non_attn_subset}
        for size in sizes:
            group_params = [p for p in non_attn_subset if p.shape == size]
            param_groups.append(dict(params=group_params))
        return param_groups

    def generate_custom_param_groups(self, params):
        module_ranks = {
            'smear_gate': 1,
            'attn_gate': 2,
            'attn': 3,
            'mlp': 4,
        }
        params = list(params)
        params.sort(key=lambda x: module_ranks.get(getattr(x, 'module', ''), 99))
        idx = 0
        group_sizes = [1, 10, 16, 16]
        assert len(params) == sum(group_sizes)
        param_groups = []
        for size in group_sizes:
            group_params = params[idx:idx+size]
            param_groups.append(dict(params=group_params))
            idx += size
        return param_groups

    @torch.no_grad()
    def step(self):
        rank = dist.get_rank()
        world_size = dist.get_world_size()
        group_infos = []
        for group in self.param_groups:
            params: list[Tensor] = group["params"]
            if not params:
                continue
            num_params = len(params)
            padded_num_params = (num_params + world_size - 1) // world_size * world_size
            grads_to_stack = [p.grad for p in params]
            if padded_num_params > num_params:
                padding_grad = torch.zeros_like(params[0].grad)
                grads_to_stack.extend([padding_grad] * (padded_num_params - num_params))
            stacked_grads = torch.stack(grads_to_stack)
            chunk_size = padded_num_params // world_size
            grad_chunk = torch.empty(
                (chunk_size, *params[0].grad.shape),
                dtype=stacked_grads.dtype, device=stacked_grads.device,
            )
            reduce_future = dist.reduce_scatter_tensor(
                grad_chunk, stacked_grads, op=dist.ReduceOp.AVG, async_op=True
            ).get_future()
            group_infos.append({
                "params": params, "grad_chunk": grad_chunk,
                "reduce_future": reduce_future, "chunk_size": chunk_size,
                "padded_num_params": padded_num_params,
            })

        all_gather_infos = []
        for group, info in zip(self.param_groups, group_infos):
            info["reduce_future"].wait()
            params = info["params"]
            grad_chunk = info["grad_chunk"]
            chunk_size = info["chunk_size"]
            start_idx = rank * chunk_size
            p_example = params[0]
            eff_lr_val = (
                group["lr"]
                * max(1, p_example.size(-2) / p_example.size(-1)) ** 0.5
                * getattr(p_example, "lr_mul", 1.0)
            )
            eff_weight_decay_val = (
                group["lr"]
                * group["weight_decay"]
                * getattr(p_example, "wd_mul", 1.0)
            )
            updated_param_chunk = torch.empty(
                (chunk_size, *p_example.shape),
                dtype=p_example.dtype, device=p_example.device,
            )
            update_grads_for_zeropower = []
            for i in range(chunk_size):
                param_idx = start_idx + i
                if param_idx >= len(params):
                    updated_param_chunk[i].zero_()
                    update_grads_for_zeropower.append(torch.zeros_like(p_example.grad))
                    continue
                p = params[param_idx]
                grad = grad_chunk[i]
                state = self.state[p]
                if not state:
                    state["momentum_buffer"] = torch.zeros_like(grad)
                momentum_buffer = state["momentum_buffer"]
                momentum_buffer.lerp_(grad, 1 - group["momentum"])
                update_grad = grad.lerp(momentum_buffer, group["momentum"])
                update_grads_for_zeropower.append(update_grad)
                updated_param_chunk[i].copy_(p)
                updated_param_chunk[i].mul_(1 - eff_weight_decay_val)

            batched_update_grads = torch.stack(update_grads_for_zeropower)
            original_shape = batched_update_grads.shape
            module_idx = start_idx if start_idx < len(params) else 0
            if getattr(params[module_idx], 'module', 'none') == 'attn':
                for p in params[module_idx:module_idx+chunk_size]:
                    assert getattr(p, 'module', 'none') == 'attn'
                batch = 4 * original_shape[0]
                d1 = original_shape[1]
                d2 = original_shape[2] // 4
                batched = batched_update_grads.view(batch, d1, d2)
                v_chunk = polar_express(batched)
                v_chunk = v_chunk.view(original_shape)
            else:
                v_chunk = polar_express(batched_update_grads)

            for i in range(chunk_size):
                param_idx = start_idx + i
                if param_idx >= len(params):
                    continue
                updated_param_chunk[i].add_(v_chunk[i], alpha=-eff_lr_val)

            stacked_params = torch.empty(
                (info["padded_num_params"], *params[0].shape),
                dtype=params[0].dtype, device=params[0].device,
            )
            gather_future = dist.all_gather_into_tensor(
                stacked_params, updated_param_chunk, async_op=True
            ).get_future()
            all_gather_infos.append({
                "gather_future": gather_future,
                "stacked_params": stacked_params,
                "orig_params": params,
            })

        for info in all_gather_infos:
            info["gather_future"].wait()
            stacked_params = info["stacked_params"]
            orig_params = info["orig_params"]
            unstacked_params = torch.unbind(stacked_params)
            for i, p in enumerate(orig_params):
                p.copy_(unstacked_params[i], non_blocking=True)
class DistAdam(torch.optim.Optimizer):
    def __init__(self, params, lr: float = 1e-3, betas: tuple = (0.9, 0.999), eps: float = 1e-8, weight_decay: float = 0.01):
        defaults = dict(lr=lr, betas=betas, eps=eps, weight_decay=weight_decay)
        params = list(params)
        sizes = {p.shape for p in params}
        param_groups = []
        for size in sizes:
            group_params = [p for p in params if p.shape == size]
            param_groups.append(dict(params=group_params))
        super().__init__(param_groups, defaults)

    @torch.no_grad()
    def step(self):
        rank = dist.get_rank()
        world_size = dist.get_world_size()
        reduce_scatter_futures = []
        all_gather_futures = []
        grad_slices = []
        for group in self.param_groups:
            params: list[Tensor] = group["params"]
            for base_i in range(len(params)):
                grad = params[base_i].grad
                rank_size = grad.shape[0] // world_size
                grad_slice = torch.empty_like(grad[:rank_size])
                reduce_scatter_futures.append(dist.reduce_scatter_tensor(grad_slice, grad, op=dist.ReduceOp.AVG, async_op=True).get_future())
                grad_slices.append(grad_slice)

        idx = 0
        for group in self.param_groups:
            beta1, beta2 = group['betas']
            eps = group['eps']
            wd = group['weight_decay']
            params = group['params']
            for base in range(len(params)):
                reduce_scatter_futures[idx].wait()
                p = params[base]
                rank_size = p.shape[0] // world_size
                p_slice = p[rank * rank_size:(rank + 1) * rank_size]
                lr = group['lr'] * getattr(p, "lr_mul", 1.0)
                state = self.state[p]
                g_slice = grad_slices[idx]
                if not state:
                    state["step"] = torch.tensor(0, dtype=torch.int64, device=p.device)
                    state["exp_avg"] = torch.zeros(p_slice.shape, dtype=torch.bfloat16, device=p_slice.device)
                    state["exp_avg_sq"] = torch.zeros(p_slice.shape, dtype=torch.bfloat16, device=p_slice.device)
                exp_avg = state["exp_avg"]
                exp_avg_sq = state["exp_avg_sq"]
                state["step"] += 1
                t = state["step"]
                if wd != 0:
                    eff_weight_decay = lr * wd * getattr(p, "wd_mul", 1.0)
                    p_slice.mul_(1 - eff_weight_decay)
                exp_avg.mul_(beta1).add_(g_slice, alpha=1 - beta1)
                exp_avg_sq.mul_(beta2).addcmul_(g_slice, g_slice, value=1 - beta2)
                bias1 = 1 - beta1 ** t
                bias2 = 1 - beta2 ** t
                denom = exp_avg_sq.sqrt().add_(eps)
                step_size = lr * (torch.sqrt(bias2) / bias1)
                update = exp_avg.div(denom).mul_(step_size)
                p_slice.add_(other=update, alpha=-1.0)
                idx += 1
                all_gather_futures.append(dist.all_gather_into_tensor(p, p_slice, async_op=True).get_future())
        torch.futures.collect_all(all_gather_futures).wait()
def norm(x: Tensor):
    return F.rms_norm(x, (x.size(-1),))

GPU_RMS_EPS = 1.1920928955078125e-07

def npu_hidden_norm(x: Tensor, gamma: Tensor):
    return torch_npu.npu_rms_norm(x, gamma, epsilon=GPU_RMS_EPS)[0]

class CastedLinear(nn.Linear):
    def __init__(self, in_features: int, out_features: int, use_fp8=False, x_s=1.0, w_s=1.0, grad_s=1.0):
        super().__init__(in_features, out_features, bias=False)
        self.use_fp8 = use_fp8
        self.x_s = x_s
        self.w_s = w_s
        self.grad_s = grad_s

    def reset_parameters(self) -> None:
        std = 0.5 * (self.in_features ** -0.5)
        bound = (3 ** 0.5) * std
        with torch.no_grad():
            self.weight.uniform_(-bound, bound)

    def forward(self, x: Tensor):
        return F.linear(x, self.weight.type_as(x))

class Yarn(nn.Module):
    def __init__(self, head_dim, max_seq_len):
        super().__init__()
        self.head_dim = head_dim
        self.max_seq_len = max_seq_len
        self.reset()

    def reset(self):
        angular_freq = (1 / 1024) ** torch.linspace(0, 1, steps=self.head_dim//4, dtype=torch.float32, device=device)
        angular_freq = torch.cat([angular_freq, angular_freq.new_zeros(self.head_dim//4)])
        t = torch.arange(self.max_seq_len, dtype=torch.float32, device=device)
        theta = torch.outer(t, angular_freq)
        self.cos = nn.Buffer(theta.cos().to(torch.bfloat16), persistent=False)
        self.sin = nn.Buffer(theta.sin().to(torch.bfloat16), persistent=False)
        self.angular_freq = angular_freq
        self.attn_scale = 0.1

    def apply(self, old_window: int, new_window: int, alpha: int=1, beta: int=32):
        rotations = args.block_size * old_window * self.angular_freq / (2 * torch.pi)
        scaling_factor = old_window / new_window
        interpolation_weight = torch.clamp((rotations - alpha) / (beta - alpha), 0, 1)
        self.angular_freq *= scaling_factor + interpolation_weight * (1 - scaling_factor)
        t = torch.arange(self.max_seq_len, dtype=torch.float32, device=self.angular_freq.device)
        theta = torch.outer(t, self.angular_freq)
        self.cos.copy_(theta.cos())
        self.sin.copy_(theta.sin())
        self.attn_scale *= 0.2 * math.log(new_window / old_window) + 1

def rotary(x_BTHD: Tensor, cos: Tensor, sin: Tensor):
    assert cos.size(0) >= x_BTHD.size(-3)
    cos, sin = (
        cos[None, : x_BTHD.size(-3), None, :],
        sin[None, : x_BTHD.size(-3), None, :],
    )
    x1, x2 = x_BTHD.chunk(2, dim=-1)
    y1 = x1 * cos + x2 * sin
    y2 = x1 * (-sin) + x2 * cos
    return torch.cat((y1, y2), 3)

@dataclass
class AttnArgs:
    ve: torch.Tensor
    sa_lambdas: torch.Tensor
    actual_seq_qlen: list
    max_doc_len: int
    bm_size: int
    cos: torch.Tensor
    sin: torch.Tensor
    attn_scale: float

class CausalSelfAttention(nn.Module):
    def __init__(self, dim: int, head_dim: int, num_heads: int):
        super().__init__()
        self.num_heads = num_heads
        self.head_dim = head_dim
        self.dim = dim
        self.hdim = num_heads * head_dim
        assert self.hdim == self.dim, "num_heads * head_dim must equal model_dim"
        std = 0.5 * (self.dim ** -0.5)
        bound = (3 ** 0.5) * std
        self.qkvo_w = nn.Parameter(torch.empty(self.hdim, self.dim*4))
        self.qkvo_w.module = 'attn'
        with torch.no_grad():
            self.qkvo_w.view(4, self.hdim, self.dim)[:3].uniform_(-bound, bound)
            self.qkvo_w.view(4, self.hdim, self.dim)[3].zero_()
        self.attn_gate = CastedLinear(12, num_heads)
        self.attn_gate.weight.module = 'attn_gate'
        self.attn_gate.weight.detach().zero_()
        # The GPU compiled graph performs Q/K RMSNorm in fp32 with this epsilon.
        # npu_rms_norm keeps that contract while avoiding the decomposed graph.
        self.register_buffer(
            "rms_gamma",
            torch.ones(head_dim, dtype=torch.bfloat16),
            persistent=False,
        )

    _shared_mask_cache: dict = {}

    @classmethod
    def _get_window_causal_mask(cls, size: int, window: int, device: torch.device) -> Tensor:
        key = (size, window)
        if key not in cls._shared_mask_cache:
            row = torch.arange(size, device=device).unsqueeze(1)
            col = torch.arange(size, device=device).unsqueeze(0)
            cls._shared_mask_cache[key] = (col > row) | (col < row - window + 1)
        return cls._shared_mask_cache[key]

    @classmethod
    def clear_mask_cache(cls, keep_sizes=None):
        if keep_sizes is None:
            cls._shared_mask_cache.clear()
        else:
            cls._shared_mask_cache = {k: v for k, v in cls._shared_mask_cache.items() if k[0] in keep_sizes}

    @staticmethod
    def _extract_actual_seqlens(seqlens: Tensor, total_tokens: int) -> list:
        cum = seqlens[1:]
        real_mask = torch.ones(cum.numel(), dtype=torch.bool, device=cum.device)
        real_mask[1:] = cum[1:] > cum[:-1]
        actual_cum = cum[real_mask]
        actual_cum = actual_cum[actual_cum > 0]
        result = actual_cum.tolist()
        if not result or result[-1] != total_tokens:
            result.append(total_tokens)
        return result

    def forward(self, x: Tensor, attn_args: AttnArgs):
        B, T = x.size(0), x.size(1)
        assert B == 1, "varlen sequences requires B == 1"
        assert T % 16 == 0
        cos, sin = attn_args.cos, attn_args.sin
        ve, sa_lambdas = attn_args.ve, attn_args.sa_lambdas
        actual_seq_qlen = attn_args.actual_seq_qlen
        max_doc_len = attn_args.max_doc_len
        attn_scale, bm_size = attn_args.attn_scale, attn_args.bm_size

        q, k, v = F.linear(x, self.qkvo_w.view(4, self.hdim, self.dim)[:3].flatten(end_dim=1).type_as(x)).view(B, T, 3 * self.num_heads, self.head_dim).chunk(3, dim=-2)
        q = torch_npu.npu_rms_norm(q, self.rms_gamma, epsilon=GPU_RMS_EPS)[0]
        k = torch_npu.npu_rms_norm(k, self.rms_gamma, epsilon=GPU_RMS_EPS)[0]
        q = torch_npu.npu_rotary_mul(q, cos[:, :T], -sin[:, :T], "half")
        k = torch_npu.npu_rotary_mul(k, cos[:, :T], -sin[:, :T], "half")
        if ve is not None:
            v = sa_lambdas[0] * v + sa_lambdas[1] * ve.view_as(v)
        else:
            v = sa_lambdas[0] * v

        attn_mask = self._get_window_causal_mask(max_doc_len, bm_size, x.device)

        y = torch_npu.npu_fusion_attention(
            q.squeeze(0), k.squeeze(0), v.squeeze(0),
            head_num=self.num_heads,
            input_layout="TND",
            scale=attn_scale,
            atten_mask=attn_mask,
            sparse_mode=0,
            pre_tockens=bm_size,
            next_tockens=0,
            actual_seq_qlen=actual_seq_qlen,
            actual_seq_kvlen=actual_seq_qlen,
        )[0].unsqueeze(0)

        y = y.view(B, T, self.num_heads, self.head_dim)
        gate = torch.sigmoid(self.attn_gate(x[..., :self.attn_gate.weight.size(-1)]))
        y = y * gate.view(B, T, self.num_heads, 1)
        y = y.contiguous().view(B, T, self.num_heads * self.head_dim)
        y = F.linear(y, self.qkvo_w.view(4, self.hdim, self.dim)[3].type_as(y))
        return y

class MLP(nn.Module):
    def __init__(self, dim: int):
        super().__init__()
        hdim = 4 * dim
        self.c_fc = nn.Parameter(torch.empty(dim, hdim))
        self.c_proj = nn.Parameter(torch.empty(dim, hdim))
        self.c_fc.module = 'mlp'
        self.c_proj.module = 'mlp'
        std = 0.5 * (dim ** -0.5)
        bound = (3 ** 0.5) * std
        with torch.no_grad():
            self.c_fc.uniform_(-bound, bound)
            self.c_proj.zero_()

    def forward(self, x: Tensor):
        x = F.linear(x, self.c_fc.T.type_as(x))
        x = ReluSquare.apply(x)
        x = F.linear(x, self.c_proj.type_as(x))
        return x


@torch.compile(backend="npu", dynamic=False, fullgraph=True)
def compiled_relu_square_backward(grad_output: Tensor, relu_output: Tensor):
    return grad_output * (2 * relu_output)


class ReluSquare(torch.autograd.Function):
    @staticmethod
    def forward(ctx, x):
        relu_output = F.relu(x)
        ctx.save_for_backward(relu_output)
        return relu_output * relu_output

    @staticmethod
    def backward(ctx, grad_output):
        (relu_output,) = ctx.saved_tensors
        return compiled_relu_square_backward(grad_output, relu_output)

class Block(nn.Module):
    def __init__(self, dim: int, head_dim: int, num_heads: int, layer_idx: int):
        super().__init__()
        self.attn = CausalSelfAttention(dim, head_dim, num_heads) if layer_idx not in [0, 7] else None
        self.mlp = MLP(dim) if layer_idx != 0 else None
        self.register_buffer(
            "rms_gamma",
            torch.ones(dim, dtype=torch.bfloat16),
            persistent=False,
        )

    def forward(self, x: Tensor, x0: Tensor, lambdas: Tensor, attn_args: AttnArgs):
        x = lambdas[0] * x + lambdas[1] * x0
        if self.attn is not None:
            x = x + self.attn(npu_hidden_norm(x, self.rms_gamma), attn_args)
        if self.mlp is not None:
            x = x + self.mlp(npu_hidden_norm(x, self.rms_gamma))
        return x
def next_multiple_of_n(v, *, n: int):
    return next(x for x in range(n, int(v) + 1 + n, n) if x >= v)


# SN-Output-Loss L4a: preserve the baseline FP32 training-loss boundary while
# compiling softcap + cast + cross entropy as one static NPU graph.
@torch.compile(backend="npu", dynamic=False, fullgraph=True)
def compiled_skip_blend(x: Tensor, skip: Tensor, skip_weight: Tensor):
    return x + torch.sigmoid(skip_weight) * skip


class GPT(nn.Module):
    def __init__(self, vocab_size: int, num_layers: int, num_heads: int, head_dim: int, model_dim: int, max_seq_len: int):
        super().__init__()
        vocab_size = next_multiple_of_n(vocab_size, n=128)
        self.embed = nn.Embedding(vocab_size, model_dim)
        self.smear_gate = CastedLinear(12, 1)
        self.smear_gate.weight.detach().zero_()
        self.smear_gate.weight.module = 'smear_gate'
        self.value_embeds = nn.ModuleList([nn.Embedding(vocab_size, model_dim) for _ in range(3)])
        self.blocks = nn.ModuleList([Block(model_dim, head_dim, num_heads, i) for i in range(num_layers)])
        self.register_buffer(
            "rms_gamma",
            torch.ones(model_dim, dtype=torch.bfloat16),
            persistent=False,
        )
        self.yarn = Yarn(head_dim, max_seq_len)
        use_fp8 = False
        self.lm_head = CastedLinear(model_dim, vocab_size, use_fp8=use_fp8, x_s=(model_dim**0.5)/448, w_s=2**-9, grad_s=1/448)
        self.lm_head.weight.detach().zero_()
        assert num_layers % 2 == 0
        pad = (-num_layers * 5 - 2) % dist.get_world_size()
        self.scalars = nn.Parameter(
            torch.cat([
                -1.5 * torch.ones(num_layers),
                *[torch.tensor([1.0, 0.0]) for _ in range(num_layers)],
                *[torch.tensor([0.5, 0.5]) for _ in range(num_layers)],
                torch.zeros(1),
                0.5*torch.ones(1),
                torch.ones(pad),
            ])
        )
        for param in self.embed.parameters():
            param.lr_mul = 75.
        for param in self.value_embeds.parameters():
            param.lr_mul = 75.
        self.lm_head.weight.lr_mul = 1.0
        self.scalars.lr_mul = 5.0

    def forward(self, input_seq: Tensor, target_seq: Tensor, seqlens: Tensor, ws_short: int, ws_long: int):
        assert input_seq.ndim == 1

        ve = [value_embed(input_seq) for value_embed in self.value_embeds]
        ve = [None, ve[1], ve[2]] + [None] * (len(self.blocks) - 6) + [ve[0], ve[1], ve[2]]
        assert len(ve) == len(self.blocks)

        short_bm = ws_short * args.block_size
        long_bm = ws_long * args.block_size
        bm_sizes = [None, short_bm, short_bm, short_bm, long_bm, short_bm, short_bm, None, short_bm, short_bm, short_bm, long_bm]
        assert len(bm_sizes) == len(self.blocks)

        x = self.embed(input_seq)

        smear_lambda = self.scalars[5 * len(self.blocks)]
        smear_gate_out = smear_lambda * torch.sigmoid(self.smear_gate(x[1:, :self.smear_gate.weight.size(-1)]))
        x = torch.cat([x[:1], x[1:] + smear_gate_out * x[:-1]])
        x = x0 = npu_hidden_norm(x[None], self.rms_gamma)

        skip_connections = []
        skip_weights = self.scalars[:(len(self.blocks) // 2)]
        lambdas = self.scalars[1 * len(self.blocks): 3 * len(self.blocks)].view(-1, 2)
        sa_lambdas = self.scalars[3 * len(self.blocks): 5 * len(self.blocks)].view(-1, 2)
        backout_lambda = self.scalars[5 * len(self.blocks)+1]

        n = len(self.blocks) // 2

        # All ten attention layers consume identical sequence metadata. The NPU
        # adapter requires a host list, so perform the device-to-host conversion
        # once per model call instead of once per attention layer.
        actual_seq_qlen = CausalSelfAttention._extract_actual_seqlens(seqlens, input_seq.numel())
        prev_bounds = [0] + actual_seq_qlen[:-1]
        max_doc_len = max(end - start for end, start in zip(actual_seq_qlen, prev_bounds))
        rope_cos = torch.cat((self.yarn.cos[:input_seq.numel()], self.yarn.cos[:input_seq.numel()]), dim=-1)[None, :, None, :]
        rope_sin = torch.cat((self.yarn.sin[:input_seq.numel()], self.yarn.sin[:input_seq.numel()]), dim=-1)[None, :, None, :]

        x_backout = None
        for i in range(1, len(self.blocks)):
            attn_args = AttnArgs(
                ve=ve[i], sa_lambdas=sa_lambdas[i], actual_seq_qlen=actual_seq_qlen,
                max_doc_len=max_doc_len,
                bm_size=bm_sizes[i], cos=rope_cos, sin=rope_sin,
                attn_scale=self.yarn.attn_scale
            )
            if i >= n and i < 11:
                x = compiled_skip_blend(x, skip_connections.pop(), skip_weights[i - n])
            x = self.blocks[i](x, x0, lambdas[i], attn_args)
            if i < n:
                skip_connections.append(x)
            if i == 8:
                x_backout = x

        x -= backout_lambda * x_backout
        x = npu_hidden_norm(x, self.rms_gamma)

        if self.training:
            logits = torch_npu.npu_linear(
                x.view(-1, x.size(-1)), self.lm_head.weight.type_as(x)
            )
            loss = FusedSoftcapCrossEntropy.apply(logits, target_seq)
        else:
            chunk_size = 4096
            x_2d = x.view(-1, x.size(-1))
            total_loss = 0.0
            num_tokens = x_2d.size(0)
            for start in range(0, num_tokens, chunk_size):
                end = min(start + chunk_size, num_tokens)
                logits_chunk = self.lm_head(x_2d[start:end])
                logits_chunk = 30 * torch.sigmoid(logits_chunk / 7.5)
                logits_chunk = logits_chunk.float()
                total_loss += F.cross_entropy(logits_chunk, target_seq[start:end], reduction="sum").item()
            loss = torch.tensor(total_loss / num_tokens, dtype=torch.float32, device=x.device)
        return loss
def _load_data_shard(file: Path):
    header = torch.from_file(str(file), False, 256, dtype=torch.int32)
    assert header[0] == 20240520, "magic number mismatch in the data .bin file"
    assert header[1] == 1, "unsupported version"
    num_tokens = int(header[2])
    with file.open("rb", buffering=0) as f:
        tokens = torch.empty(num_tokens, dtype=torch.uint16)
        f.seek(256 * 4)
        nbytes = f.readinto(tokens.numpy())
        assert nbytes == 2 * num_tokens, "number of tokens read does not match header"
    return tokens

BOS_ID = 50256

class BOSFinder:
    def __init__(self, tokens: Tensor, world_size: int = 1, quickload: bool = False):
        self.tokens = tokens
        self.size = tokens.numel()
        self.quickload = quickload
        if quickload:
            self.bos_idx = (tokens[:4_000_000] == BOS_ID).nonzero(as_tuple=True)[0].to(torch.int64).cpu().numpy()
            self.thread = None
            self.ready = threading.Event()
            self.start()
        else:
            self.bos_idx = (tokens == BOS_ID).nonzero(as_tuple=True)[0].to(torch.int64).cpu().numpy()
        self.i = 0
        self.world_size = world_size
        self.batch_iter = 0

    def _load(self):
        self.bos_idx_async = (self.tokens == BOS_ID).nonzero(as_tuple=True)[0].to(torch.int64).cpu().numpy()
        self.ready.set()

    def start(self):
        self.ready.clear()
        self.thread = threading.Thread(target=self._load)
        self.thread.start()

    def get(self):
        if self.thread:
            self.ready.wait()
            self.thread.join()
        self.bos_idx = self.bos_idx_async

    def next_batch(self, num_tokens_local: int, max_seq_len: int):
        if self.quickload and self.batch_iter == 5:
            self.get()
        n = len(self.bos_idx)
        starts = [[] for _ in range(self.world_size)]
        ends = [[] for _ in range(self.world_size)]
        idx = self.i
        for r in range(self.world_size):
            cur_len = 0
            while cur_len <= num_tokens_local:
                if idx >= n:
                    raise StopIteration(f"Insufficient BOS ahead; hit tail of shard.")
                cur = self.bos_idx[idx]
                starts[r].append(cur)
                end = min(self.bos_idx[idx + 1] if idx + 1 < n else self.size,
                          cur + max_seq_len,
                          cur + num_tokens_local - cur_len + 1)
                ends[r].append(end)
                cur_len += end - cur
                idx += 1
            assert cur_len == num_tokens_local + 1
        self.i = idx
        self.batch_iter += 1
        return starts, ends

class DataPreloader:
    def __init__(self, file_iter, world_size: int = 1):
        self.file_iter = file_iter
        self.world_size = world_size
        self.thread = None
        self.data = None
        self.ready = threading.Event()

    def _load(self):
        tokens = _load_data_shard(next(self.file_iter))
        self.data = (tokens, BOSFinder(tokens, self.world_size))
        self.ready.set()

    def start(self):
        self.ready.clear()
        self.thread = threading.Thread(target=self._load)
        self.thread.start()

    def get(self):
        if self.thread:
            self.ready.wait()
            self.thread.join()
        return self.data

def distributed_data_generator(filename_pattern: str, num_tokens: int, max_seq_len: int, grad_accum_steps: int = 1, align_to_bos: bool = True):
    rank = dist.get_rank() if dist.is_initialized() else 0
    world_size = dist.get_world_size() if dist.is_initialized() else 1
    assert num_tokens % (world_size * grad_accum_steps) == 0, "Batch size must be divisible by world size"
    num_tokens = num_tokens // grad_accum_steps

    files = [Path(file) for file in sorted(glob.glob(filename_pattern))]
    if not files:
        raise FileNotFoundError(f"No files found for pattern: {filename_pattern}")

    file_iter = iter(files)
    tokens = _load_data_shard(next(file_iter))
    if align_to_bos:
        finder = BOSFinder(tokens, world_size=world_size, quickload=True)
        preloader = DataPreloader(file_iter, world_size)
        preloader.start()
    else:
        pos = 0

    while True:
        num_tokens_local = num_tokens // world_size
        max_num_docs = next_multiple_of_n(num_tokens_local // 300, n=128)

        if align_to_bos:
            try:
                seq_starts, seq_ends = finder.next_batch(num_tokens_local, max_seq_len)
                start_idxs, end_idxs = torch.tensor(seq_starts[rank]), torch.tensor(seq_ends[rank])
            except StopIteration:
                tokens, finder = preloader.get()
                preloader.start()
                continue

            buf = torch.cat([tokens[i:j] for i, j in zip(start_idxs, end_idxs)])
            _inputs = buf[:-1]
            _targets = buf[1:]
            end_idxs[-1] -= 1
            cum_lengths = (end_idxs - start_idxs).cumsum(0)
        else:
            if pos + num_tokens + 1 >= len(tokens):
                tokens, pos = _load_data_shard(next(file_iter)), 0
            pos_local = pos + rank * num_tokens_local
            buf = tokens[pos_local: pos_local + num_tokens_local + 1]
            _inputs = buf[:-1].view(num_tokens_local,)
            _targets = buf[1:].view(num_tokens_local,)
            cum_lengths = torch.nonzero(_inputs == BOS_ID)[:, 0]
            pos += num_tokens

        _cum_lengths = torch.full((max_num_docs,), num_tokens_local)
        _cum_lengths[0] = 0
        _cum_lengths[1:len(cum_lengths) + 1] = cum_lengths

        _inputs = _inputs.to(dtype=torch.int32)
        _targets = _targets.to(dtype=torch.int64)
        _cum_lengths = _cum_lengths.to(dtype=torch.int32)

        new_params = yield (
            _inputs.to(device="npu", non_blocking=True),
            _targets.to(device="npu", non_blocking=True),
            _cum_lengths
        )

        if new_params is not None:
            new_num_tokens, new_max_seq_len, new_grad_accum_steps = new_params
            assert new_num_tokens % (world_size * new_grad_accum_steps) == 0
            num_tokens = new_num_tokens // new_grad_accum_steps
            max_seq_len = new_max_seq_len


# -----------------------------------------------------------------------------
# int main

@dataclass
class Hyperparameters:
    train_files: str = "data/fineweb10B/fineweb_train_*.bin"
    val_files: str = "data/fineweb10B/fineweb_val_*.bin"
    val_tokens: int = 10485760
    train_batch_size: int = 2048 * 16 * 8
    train_max_seq_len: int = 128 * 16
    val_batch_size: int = 4 * 64 * 1024 * 8
    num_iterations: int = 2290
    iteration_extension: int = 40
    cooldown_frac: float = 0.45
    momentum_cd_steps: int = 50
    run_id: str = f"{uuid.uuid4()}"
    val_loss_every: int = 250
    save_checkpoint: bool = False
    block_size: int = 128
    ws_schedule: tuple = (3, 7, 11)
    ws_validate: int = 13
    ws_long_validate: int = 20

args = Hyperparameters()

data_path = os.environ.get("DATA_PATH", ".")
args.train_files = os.path.join(data_path, args.train_files)
args.val_files = os.path.join(data_path, args.val_files)

rank = int(os.environ["RANK"])
world_size = int(os.environ["WORLD_SIZE"])
grad_accum_steps = max(1, 8 // world_size)
assert torch.npu.is_available()
device = torch.device("npu", int(os.environ["LOCAL_RANK"]))
torch.npu.set_device(device)
dist.init_process_group(backend="hccl")
dist.barrier()
master_process = (rank == 0)

logfile = None
run_dir = None
if master_process:
    run_id = args.run_id
    run_dir = f"logs/{run_id}"
    os.makedirs(run_dir, exist_ok=True)
    logfile = f"{run_dir}/train.log"
    src_basename = os.path.basename(sys.argv[0])
    with open(f"{run_dir}/{src_basename}", "w") as f:
        f.write(code)
    with open(f"{run_dir}/command.txt", "w") as f:
        f.write(f"cwd: {os.getcwd()}\n")
        f.write(f"argv: {' '.join(sys.argv)}\n")
        f.write(f"world_size: {world_size}\n")
        for k in ("TORCHELASTIC_RUN_ID", "MASTER_ADDR", "MASTER_PORT", "DATA_PATH"):
            v = os.environ.get(k)
            if v is not None:
                f.write(f"env {k}={v}\n")
    print(run_dir)

def print0(s, console=False):
    if master_process:
        with open(logfile, "a") as f:
            if console:
                print(s)
            print(s, file=f)

import json

print0(code)
print0("="*100)
print0(f"Running Python {sys.version}")
print0(f"Running PyTorch {torch.version.__version__}")

def npu_smi():
    import subprocess
    return subprocess.run(["npu-smi", "info"], stdout=subprocess.PIPE, stderr=subprocess.PIPE, text=True).stdout
print0(npu_smi())
print0("="*100)

seed = int(os.environ.get("TRAIN_SEED", "42"))
torch.manual_seed(seed)
torch.npu.manual_seed(seed)
print0(f"Using seed: {seed}")

loss_scale = world_size / 8

model_obj: nn.Module = GPT(
    vocab_size=50257,
    num_layers=12,
    num_heads=6,
    head_dim=128,
    model_dim=768,
    max_seq_len=max(args.train_batch_size, args.val_batch_size) // (grad_accum_steps * world_size)
).npu()
for m in model_obj.modules():
    if isinstance(m, (nn.Embedding, nn.Linear)):
        m.bfloat16()
for param in model_obj.parameters():
    dist.broadcast(param.detach(), 0)

hidden_matrix_params = [p for n, p in model_obj.blocks.named_parameters() if p.ndim >= 2 and "embed" not in n and "gate" not in n]
embed_params = [p for n, p in model_obj.named_parameters() if "embed" in n]
scalar_params = [p for p in model_obj.parameters() if p.ndim < 2]
head_params = [model_obj.lm_head.weight]
gate_params = [p for n, p in model_obj.named_parameters() if "gate" in n]

optimizer1 = DistAdam(
    scalar_params + head_params + embed_params,
    lr=0.008,
    betas=(0.65, 0.95),
    eps=1e-8,
    weight_decay=0.0,
)
optimizer2 = Muon(hidden_matrix_params + gate_params, lr=0.06, momentum=0.95, weight_decay=0.0)
optimizers = [optimizer1, optimizer2]
for opt in optimizers:
    for group in opt.param_groups:
        group["initial_lr"] = group["lr"]

def get_lr(step: int):
    x = min(0.9999, step / args.num_iterations)
    assert 0 <= x < 1
    lr = 1.0
    if x >= 1 - args.cooldown_frac:
        w = (1 - x) / args.cooldown_frac
        lr = w * 1.0 + (1 - w) * 0.1
    return lr

def get_ws(step: int):
    if step == args.num_iterations + args.iteration_extension:
        return args.ws_validate // 2, args.ws_validate
    x = min(step / (1 + args.num_iterations), 0.9999)
    assert 0 <= x < 1
    ws_idx = int(len(args.ws_schedule) * x)
    return args.ws_schedule[ws_idx] // 2, args.ws_schedule[ws_idx]

def update_optimizer_params(step, opt1, opt2):
    for group in opt1.param_groups:
        group["lr"] = group["initial_lr"] * get_lr(step)
    for group in opt2.param_groups:
        group["lr"] = group["initial_lr"] * get_lr(step)
    # Preserve the full-run schedule under the same 1/10 compression.
    if step < 300:
        frac = step / 300
        momentum = 0.85 + frac * (0.95 - 0.85)
        for group in opt2.param_groups:
            group["momentum"] = momentum
    momentum_cd_start = args.num_iterations + args.iteration_extension - args.momentum_cd_steps
    if step > momentum_cd_start:
        frac = (step - momentum_cd_start) / args.momentum_cd_steps
        momentum = 0.95 - frac * (0.95 - 0.85)
        for group in opt2.param_groups:
            group["momentum"] = momentum

########################################
#            Warmup kernels            #
########################################

warmup_steps = 10
initial_state = dict(model=copy.deepcopy(model_obj.state_dict()),
                     optimizers=[copy.deepcopy(opt.state_dict()) for opt in optimizers])
train_loader = distributed_data_generator(args.train_files, args.train_batch_size, args.train_max_seq_len, grad_accum_steps=grad_accum_steps)
ws_long = args.ws_schedule[0]
model_obj.train()
for step in range(warmup_steps):
    inputs, targets, cum_seqlens = next(train_loader)
    new_ws_long = args.ws_schedule[step % len(args.ws_schedule)]
    if new_ws_long > ws_long:
        model_obj.yarn.apply(ws_long, new_ws_long)
        ws_long = new_ws_long
    elif new_ws_long < ws_long:
        model_obj.yarn.reset()
        ws_long = new_ws_long
    (loss_scale * model_obj(inputs, targets, cum_seqlens, ws_long // 2, ws_long)).backward()
    for opt in optimizers:
        opt.step()
    model_obj.zero_grad(set_to_none=True)

model_obj.yarn.reset()
model_obj.load_state_dict(initial_state["model"])
for opt, opt_state in zip(optimizers, initial_state["optimizers"]):
    opt.load_state_dict(opt_state)
del train_loader, initial_state

CausalSelfAttention.clear_mask_cache()
torch.npu.empty_cache()

########################################
#        Training and validation       #
########################################

train_loader = distributed_data_generator(args.train_files, args.train_batch_size, args.train_max_seq_len, grad_accum_steps=grad_accum_steps)
training_time_ms = 0
torch.npu.synchronize()
t0 = time.perf_counter()
train_steps = args.num_iterations + args.iteration_extension
ws_short, ws_long = get_ws(0)

final_val_loss = None

for step in range(train_steps + 1):
    last_step = (step == train_steps)
    ws_short, new_ws_long = get_ws(step)
    if new_ws_long != ws_long:
        model_obj.yarn.apply(ws_long, new_ws_long)
        ws_long = new_ws_long

    if last_step or (args.val_loss_every > 0 and step % args.val_loss_every == 0):
        if last_step:
            ws_long = args.ws_long_validate
        torch.npu.synchronize()
        training_time_ms += 1000 * (time.perf_counter() - t0)
        model_obj.eval()
        torch.npu.empty_cache()
        assert args.val_tokens % args.val_batch_size == 0
        val_steps = grad_accum_steps * args.val_tokens // args.val_batch_size
        val_loader = distributed_data_generator(args.val_files, args.val_batch_size, -1, grad_accum_steps=grad_accum_steps, align_to_bos=False)
        val_loss = 0
        with torch.no_grad():
            for _ in range(val_steps):
                inputs, targets, cum_seqlens = next(val_loader)
                val_loss += model_obj(inputs, targets, cum_seqlens, ws_short, ws_long)
        val_loss /= val_steps
        del val_loader
        CausalSelfAttention.clear_mask_cache(keep_sizes={args.train_max_seq_len})
        torch.npu.empty_cache()
        dist.all_reduce(val_loss, op=dist.ReduceOp.AVG)
        print0(f"step:{step}/{train_steps} val_loss:{val_loss:.4f} train_time:{training_time_ms:.0f}ms step_avg:{training_time_ms/max(step, 1):.2f}ms", console=True)
        if last_step:
            final_val_loss = val_loss.item()
        model_obj.train()
        torch.npu.synchronize()
        t0 = time.perf_counter()

    if last_step:
        if master_process and args.save_checkpoint:
            log = dict(step=step, code=code, model=model_obj.state_dict(), optimizers=[opt.state_dict() for opt in optimizers])
            os.makedirs(f"logs/{run_id}", exist_ok=True)
            torch.save(log, f"logs/{run_id}/state_step{step:06d}.pt")
        break

    for _ in range(grad_accum_steps):
        inputs, targets, cum_seqlens = next(train_loader)
        (loss_scale * model_obj(inputs, targets, cum_seqlens, ws_short, ws_long)).backward()
    update_optimizer_params(step, optimizer1, optimizer2)
    if step % 2 == 0:
        optimizer2.step()
        optimizer2.zero_grad(set_to_none=True)
    else:
        for opt in optimizers:
            opt.step()
        model_obj.zero_grad(set_to_none=True)

    approx_training_time_ms = training_time_ms + 1000 * (time.perf_counter() - t0)
    print0(f"step:{step+1}/{train_steps} train_time:{approx_training_time_ms:.0f}ms step_avg:{approx_training_time_ms/(step + 1):.2f}ms", console=True)

print0(f"peak memory allocated: {torch.npu.max_memory_allocated() // 1024 // 1024} MiB "
       f"reserved: {torch.npu.max_memory_reserved() // 1024 // 1024} MiB", console=True)
print0(f"total training time: {training_time_ms/1000:.2f}s ({training_time_ms:.0f}ms)", console=True)

if master_process and final_val_loss is not None:
    output_dir = os.environ.get("OUTPUT_DIR", ".")
    metrics = {"final_val_loss": final_val_loss, "training_time_ms": training_time_ms}
    with open(os.path.join(output_dir, "metrics.json"), "w") as f:
        json.dump(metrics, f, indent=2)

dist.destroy_process_group()

====================================================================================================
Running Python 3.10.19 (main, Oct 21 2025, 16:38:01) [GCC 11.2.0]
Running PyTorch 2.7.1+cpu
+------------------------------------------------------------------------------------------------+
| npu-smi 25.5.2                   Version: 25.5.2                                               |
+---------------------------+---------------+----------------------------------------------------+
| NPU   Name                | Health        | Power(W)    Temp(C)           Hugepages-Usage(page)|
| Chip  Phy-ID              | Bus-Id        | AICore(%)   Memory-Usage(MB)  HBM-Usage(MB)        |
+===========================+===============+====================================================+
| 0     Ascend910           | OK            | 164.0       41                0    / 0             |
| 0     0                   | 0000:9D:00.0  | 0           0    / 0          4618 / 65536         |
+------------------------------------------------------------------------------------------------+
| 0     Ascend910           | OK            | -           40                0    / 0             |
| 1     1                   | 0000:9F:00.0  | 0           0    / 0          3435 / 65536         |
+===========================+===============+====================================================+
| 1     Ascend910           | OK            | 164.2       41                0    / 0             |
| 0     2                   | 0000:99:00.0  | 0           0    / 0          3669 / 65536         |
+------------------------------------------------------------------------------------------------+
| 1     Ascend910           | OK            | -           42                0    / 0             |
| 1     3                   | 0000:9B:00.0  | 0           0    / 0          3437 / 65536         |
+===========================+===============+====================================================+
| 2     Ascend910           | OK            | 160.2       43                0    / 0             |
| 0     4                   | 0000:95:00.0  | 0           0    / 0          3681 / 65536         |
+------------------------------------------------------------------------------------------------+
| 2     Ascend910           | OK            | -           43                0    / 0             |
| 1     5                   | 0000:97:00.0  | 0           0    / 0          3426 / 65536         |
+===========================+===============+====================================================+
| 3     Ascend910           | OK            | 159.6       41                0    / 0             |
| 0     6                   | 0000:91:00.0  | 0           0    / 0          3671 / 65536         |
+------------------------------------------------------------------------------------------------+
| 3     Ascend910           | OK            | -           42                0    / 0             |
| 1     7                   | 0000:93:00.0  | 0           0    / 0          3436 / 65536         |
+===========================+===============+====================================================+
| 4     Ascend910           | OK            | 165.5       40                0    / 0             |
| 0     8                   | 0000:8D:00.0  | 0           0    / 0          3681 / 65536         |
+------------------------------------------------------------------------------------------------+
| 4     Ascend910           | OK            | -           40                0    / 0             |
| 1     9                   | 0000:8F:00.0  | 0           0    / 0          3426 / 65536         |
+===========================+===============+====================================================+
| 5     Ascend910           | OK            | 168.9       41                0    / 0             |
| 0     10                  | 0000:89:00.0  | 0           0    / 0          3683 / 65536         |
+------------------------------------------------------------------------------------------------+
| 5     Ascend910           | OK            | -           40                0    / 0             |
| 1     11                  | 0000:8B:00.0  | 0           0    / 0          3426 / 65536         |
+===========================+===============+====================================================+
| 6     Ascend910           | OK            | 177.3       41                0    / 0             |
| 0     12                  | 0000:85:00.0  | 0           0    / 0          3682 / 65536         |
+------------------------------------------------------------------------------------------------+
| 6     Ascend910           | OK            | -           44                0    / 0             |
| 1     13                  | 0000:87:00.0  | 0           0    / 0          3528 / 65536         |
+===========================+===============+====================================================+
| 7     Ascend910           | OK            | 167.7       44                0    / 0             |
| 0     14                  | 0000:81:00.0  | 0           0    / 0          3680 / 65536         |
+------------------------------------------------------------------------------------------------+
| 7     Ascend910           | OK            | -           43                0    / 0             |
| 1     15                  | 0000:83:00.0  | 0           0    / 0          3426 / 65536         |
+===========================+===============+====================================================+
+---------------------------+---------------+----------------------------------------------------+
| NPU     Chip              | Process id    | Process name             | Process memory(MB)      |
+===========================+===============+====================================================+
| 0       0                 | 3909677       | python3.10               | 116                     |
| 0       0                 | 3909676       | python3.10               | 599                     |
| 0       0                 | 3909685       | python3.10               | 116                     |
| 0       0                 | 3909686       | python3.10               | 116                     |
| 0       0                 | 3909687       | python3.10               | 116                     |
| 0       0                 | 3909688       | python3.10               | 116                     |
| 0       0                 | 3909689       | python3.10               | 116                     |
| 0       0                 | 3909690       | python3.10               | 116                     |
| 0       1                 | 3909677       | python3.10               | 599                     |
+===========================+===============+====================================================+
| 1       0                 | 3909678       | python3.10               | 599                     |
| 1       1                 | 3909679       | python3.10               | 599                     |
+===========================+===============+====================================================+
| 2       0                 | 3909680       | python3.10               | 599                     |
| 2       1                 | 3909681       | python3.10               | 599                     |
+===========================+===============+====================================================+
| 3       0                 | 3909682       | python3.10               | 599                     |
| 3       1                 | 3909683       | python3.10               | 599                     |
+===========================+===============+====================================================+
| 4       0                 | 3909684       | python3.10               | 599                     |
| 4       1                 | 3909685       | python3.10               | 599                     |
+===========================+===============+====================================================+
| 5       0                 | 3909686       | python3.10               | 599                     |
| 5       1                 | 3909687       | python3.10               | 599                     |
+===========================+===============+====================================================+
| 6       0                 | 3909688       | python3.10               | 599                     |
| 6       1                 | 3909689       | python3.10               | 701                     |
+===========================+===============+====================================================+
| 7       0                 | 3909690       | python3.10               | 599                     |
| 7       1                 | 3909691       | python3.10               | 599                     |
+===========================+===============+====================================================+

====================================================================================================
Using seed: 42
step:0/2330 val_loss:10.8258 train_time:0ms step_avg:0.08ms
step:1/2330 train_time:1110ms step_avg:1109.58ms
step:2/2330 train_time:1404ms step_avg:702.20ms
step:3/2330 train_time:1456ms step_avg:485.45ms
step:4/2330 train_time:1578ms step_avg:394.60ms
step:5/2330 train_time:1703ms step_avg:340.69ms
step:6/2330 train_time:1831ms step_avg:305.10ms
step:7/2330 train_time:1950ms step_avg:278.62ms
step:8/2330 train_time:2076ms step_avg:259.46ms
step:9/2330 train_time:2198ms step_avg:244.23ms
step:10/2330 train_time:2322ms step_avg:232.17ms
step:11/2330 train_time:2448ms step_avg:222.53ms
step:12/2330 train_time:2572ms step_avg:214.37ms
step:13/2330 train_time:2698ms step_avg:207.55ms
step:14/2330 train_time:2822ms step_avg:201.57ms
step:15/2330 train_time:2947ms step_avg:196.46ms
step:16/2330 train_time:3071ms step_avg:191.96ms
step:17/2330 train_time:3196ms step_avg:188.01ms
step:18/2330 train_time:3324ms step_avg:184.64ms
step:19/2330 train_time:3448ms step_avg:181.45ms
step:20/2330 train_time:3572ms step_avg:178.59ms
step:21/2330 train_time:3695ms step_avg:175.96ms
step:22/2330 train_time:3821ms step_avg:173.67ms
step:23/2330 train_time:3945ms step_avg:171.53ms
step:24/2330 train_time:4071ms step_avg:169.63ms
step:25/2330 train_time:4196ms step_avg:167.85ms
step:26/2330 train_time:4323ms step_avg:166.25ms
step:27/2330 train_time:4446ms step_avg:164.65ms
step:28/2330 train_time:4573ms step_avg:163.31ms
step:29/2330 train_time:4697ms step_avg:161.95ms
step:30/2330 train_time:4819ms step_avg:160.62ms
step:31/2330 train_time:4946ms step_avg:159.53ms
step:32/2330 train_time:5070ms step_avg:158.45ms
step:33/2330 train_time:5193ms step_avg:157.36ms
step:34/2330 train_time:5317ms step_avg:156.37ms
step:35/2330 train_time:5444ms step_avg:155.55ms
step:36/2330 train_time:5569ms step_avg:154.70ms
step:37/2330 train_time:5693ms step_avg:153.87ms
step:38/2330 train_time:5819ms step_avg:153.14ms
step:39/2330 train_time:5940ms step_avg:152.30ms
step:40/2330 train_time:6064ms step_avg:151.61ms
step:41/2330 train_time:6196ms step_avg:151.13ms
step:42/2330 train_time:6314ms step_avg:150.34ms
step:43/2330 train_time:6442ms step_avg:149.81ms
step:44/2330 train_time:6566ms step_avg:149.22ms
step:45/2330 train_time:6691ms step_avg:148.69ms
step:46/2330 train_time:6816ms step_avg:148.17ms
step:47/2330 train_time:6938ms step_avg:147.61ms
step:48/2330 train_time:7063ms step_avg:147.15ms
step:49/2330 train_time:7191ms step_avg:146.76ms
step:50/2330 train_time:7317ms step_avg:146.33ms
step:51/2330 train_time:7441ms step_avg:145.90ms
step:52/2330 train_time:7567ms step_avg:145.52ms
step:53/2330 train_time:7693ms step_avg:145.15ms
step:54/2330 train_time:7815ms step_avg:144.73ms
step:55/2330 train_time:7941ms step_avg:144.38ms
step:56/2330 train_time:8069ms step_avg:144.08ms
step:57/2330 train_time:8192ms step_avg:143.71ms
step:58/2330 train_time:8318ms step_avg:143.41ms
step:59/2330 train_time:8442ms step_avg:143.08ms
step:60/2330 train_time:8567ms step_avg:142.79ms
step:61/2330 train_time:8693ms step_avg:142.52ms
step:62/2330 train_time:8821ms step_avg:142.28ms
step:63/2330 train_time:8945ms step_avg:141.98ms
step:64/2330 train_time:9071ms step_avg:141.73ms
step:65/2330 train_time:9194ms step_avg:141.45ms
step:66/2330 train_time:9315ms step_avg:141.14ms
step:67/2330 train_time:9440ms step_avg:140.90ms
step:68/2330 train_time:9565ms step_avg:140.67ms
step:69/2330 train_time:9692ms step_avg:140.46ms
step:70/2330 train_time:9817ms step_avg:140.24ms
step:71/2330 train_time:9941ms step_avg:140.01ms
step:72/2330 train_time:10067ms step_avg:139.82ms
step:73/2330 train_time:10193ms step_avg:139.63ms
step:74/2330 train_time:10318ms step_avg:139.43ms
step:75/2330 train_time:10443ms step_avg:139.25ms
step:76/2330 train_time:10568ms step_avg:139.05ms
step:77/2330 train_time:10693ms step_avg:138.87ms
step:78/2330 train_time:10820ms step_avg:138.72ms
step:79/2330 train_time:10945ms step_avg:138.54ms
step:80/2330 train_time:11072ms step_avg:138.40ms
step:81/2330 train_time:11193ms step_avg:138.19ms
step:82/2330 train_time:11321ms step_avg:138.07ms
step:83/2330 train_time:11445ms step_avg:137.90ms
step:84/2330 train_time:11570ms step_avg:137.74ms
step:85/2330 train_time:11696ms step_avg:137.60ms
step:86/2330 train_time:11818ms step_avg:137.42ms
step:87/2330 train_time:11943ms step_avg:137.28ms
step:88/2330 train_time:12068ms step_avg:137.14ms
step:89/2330 train_time:12195ms step_avg:137.03ms
step:90/2330 train_time:12317ms step_avg:136.85ms
step:91/2330 train_time:12450ms step_avg:136.81ms
step:92/2330 train_time:12572ms step_avg:136.65ms
step:93/2330 train_time:12695ms step_avg:136.51ms
step:94/2330 train_time:12818ms step_avg:136.37ms
step:95/2330 train_time:12946ms step_avg:136.27ms
step:96/2330 train_time:13068ms step_avg:136.13ms
step:97/2330 train_time:13193ms step_avg:136.01ms
step:98/2330 train_time:13317ms step_avg:135.89ms
step:99/2330 train_time:13444ms step_avg:135.80ms
step:100/2330 train_time:13570ms step_avg:135.70ms
step:101/2330 train_time:13694ms step_avg:135.59ms
step:102/2330 train_time:13819ms step_avg:135.48ms
step:103/2330 train_time:13943ms step_avg:135.37ms
step:104/2330 train_time:14066ms step_avg:135.25ms
step:105/2330 train_time:14191ms step_avg:135.15ms
step:106/2330 train_time:14317ms step_avg:135.07ms
step:107/2330 train_time:14444ms step_avg:134.99ms
step:108/2330 train_time:14569ms step_avg:134.90ms
step:109/2330 train_time:14692ms step_avg:134.79ms
step:110/2330 train_time:14820ms step_avg:134.73ms
step:111/2330 train_time:14944ms step_avg:134.63ms
step:112/2330 train_time:15069ms step_avg:134.55ms
step:113/2330 train_time:15196ms step_avg:134.48ms
step:114/2330 train_time:15319ms step_avg:134.38ms
step:115/2330 train_time:15443ms step_avg:134.29ms
step:116/2330 train_time:15568ms step_avg:134.20ms
step:117/2330 train_time:15692ms step_avg:134.12ms
step:118/2330 train_time:15817ms step_avg:134.04ms
step:119/2330 train_time:15940ms step_avg:133.95ms
step:120/2330 train_time:16067ms step_avg:133.89ms
step:121/2330 train_time:16192ms step_avg:133.81ms
step:122/2330 train_time:16317ms step_avg:133.74ms
step:123/2330 train_time:16441ms step_avg:133.67ms
step:124/2330 train_time:16567ms step_avg:133.60ms
step:125/2330 train_time:16690ms step_avg:133.52ms
step:126/2330 train_time:16816ms step_avg:133.46ms
step:127/2330 train_time:16940ms step_avg:133.39ms
step:128/2330 train_time:17065ms step_avg:133.32ms
step:129/2330 train_time:17189ms step_avg:133.25ms
step:130/2330 train_time:17314ms step_avg:133.19ms
step:131/2330 train_time:17440ms step_avg:133.13ms
step:132/2330 train_time:17563ms step_avg:133.05ms
step:133/2330 train_time:17688ms step_avg:132.99ms
step:134/2330 train_time:17814ms step_avg:132.94ms
step:135/2330 train_time:17940ms step_avg:132.89ms
step:136/2330 train_time:18068ms step_avg:132.85ms
step:137/2330 train_time:18192ms step_avg:132.79ms
step:138/2330 train_time:18320ms step_avg:132.75ms
step:139/2330 train_time:18444ms step_avg:132.69ms
step:140/2330 train_time:18569ms step_avg:132.64ms
step:141/2330 train_time:18694ms step_avg:132.58ms
step:142/2330 train_time:18820ms step_avg:132.53ms
step:143/2330 train_time:18943ms step_avg:132.47ms
step:144/2330 train_time:19069ms step_avg:132.43ms
step:145/2330 train_time:19193ms step_avg:132.36ms
step:146/2330 train_time:19316ms step_avg:132.30ms
step:147/2330 train_time:19439ms step_avg:132.24ms
step:148/2330 train_time:19565ms step_avg:132.20ms
step:149/2330 train_time:19691ms step_avg:132.16ms
step:150/2330 train_time:19816ms step_avg:132.11ms
step:151/2330 train_time:19940ms step_avg:132.05ms
step:152/2330 train_time:20065ms step_avg:132.01ms
step:153/2330 train_time:20190ms step_avg:131.96ms
step:154/2330 train_time:20317ms step_avg:131.93ms
step:155/2330 train_time:20440ms step_avg:131.87ms
step:156/2330 train_time:20565ms step_avg:131.83ms
step:157/2330 train_time:20689ms step_avg:131.78ms
step:158/2330 train_time:20813ms step_avg:131.72ms
step:159/2330 train_time:20937ms step_avg:131.68ms
step:160/2330 train_time:21064ms step_avg:131.65ms
step:161/2330 train_time:21188ms step_avg:131.61ms
step:162/2330 train_time:21314ms step_avg:131.57ms
step:163/2330 train_time:21440ms step_avg:131.54ms
step:164/2330 train_time:21566ms step_avg:131.50ms
step:165/2330 train_time:21690ms step_avg:131.45ms
step:166/2330 train_time:21815ms step_avg:131.42ms
step:167/2330 train_time:21938ms step_avg:131.36ms
step:168/2330 train_time:22065ms step_avg:131.34ms
step:169/2330 train_time:22189ms step_avg:131.29ms
step:170/2330 train_time:22311ms step_avg:131.24ms
step:171/2330 train_time:22435ms step_avg:131.20ms
step:172/2330 train_time:22561ms step_avg:131.17ms
step:173/2330 train_time:22684ms step_avg:131.12ms
step:174/2330 train_time:22807ms step_avg:131.08ms
step:175/2330 train_time:22984ms step_avg:131.34ms
step:176/2330 train_time:23109ms step_avg:131.30ms
step:177/2330 train_time:23234ms step_avg:131.26ms
step:178/2330 train_time:23366ms step_avg:131.27ms
step:179/2330 train_time:23488ms step_avg:131.22ms
step:180/2330 train_time:23614ms step_avg:131.19ms
step:181/2330 train_time:23738ms step_avg:131.15ms
step:182/2330 train_time:23864ms step_avg:131.12ms
step:183/2330 train_time:23988ms step_avg:131.08ms
step:184/2330 train_time:24114ms step_avg:131.05ms
step:185/2330 train_time:24237ms step_avg:131.01ms
step:186/2330 train_time:24361ms step_avg:130.97ms
step:187/2330 train_time:24485ms step_avg:130.94ms
step:188/2330 train_time:24610ms step_avg:130.90ms
step:189/2330 train_time:24734ms step_avg:130.87ms
step:190/2330 train_time:24860ms step_avg:130.84ms
step:191/2330 train_time:24984ms step_avg:130.81ms
step:192/2330 train_time:25109ms step_avg:130.78ms
step:193/2330 train_time:25233ms step_avg:130.74ms
step:194/2330 train_time:25358ms step_avg:130.71ms
step:195/2330 train_time:25482ms step_avg:130.68ms
step:196/2330 train_time:25607ms step_avg:130.65ms
step:197/2330 train_time:25731ms step_avg:130.62ms
step:198/2330 train_time:25857ms step_avg:130.59ms
step:199/2330 train_time:25980ms step_avg:130.55ms
step:200/2330 train_time:26108ms step_avg:130.54ms
step:201/2330 train_time:26234ms step_avg:130.52ms
step:202/2330 train_time:26360ms step_avg:130.49ms
step:203/2330 train_time:26483ms step_avg:130.46ms
step:204/2330 train_time:26609ms step_avg:130.43ms
step:205/2330 train_time:26733ms step_avg:130.40ms
step:206/2330 train_time:26858ms step_avg:130.38ms
step:207/2330 train_time:26981ms step_avg:130.34ms
step:208/2330 train_time:27106ms step_avg:130.32ms
step:209/2330 train_time:27229ms step_avg:130.28ms
step:210/2330 train_time:27353ms step_avg:130.25ms
step:211/2330 train_time:27476ms step_avg:130.22ms
step:212/2330 train_time:27602ms step_avg:130.20ms
step:213/2330 train_time:27725ms step_avg:130.16ms
step:214/2330 train_time:27849ms step_avg:130.14ms
step:215/2330 train_time:27975ms step_avg:130.11ms
step:216/2330 train_time:28099ms step_avg:130.09ms
step:217/2330 train_time:28226ms step_avg:130.07ms
step:218/2330 train_time:28350ms step_avg:130.05ms
step:219/2330 train_time:28474ms step_avg:130.02ms
step:220/2330 train_time:28600ms step_avg:130.00ms
step:221/2330 train_time:28721ms step_avg:129.96ms
step:222/2330 train_time:28846ms step_avg:129.94ms
step:223/2330 train_time:28970ms step_avg:129.91ms
step:224/2330 train_time:29096ms step_avg:129.89ms
step:225/2330 train_time:29220ms step_avg:129.87ms
step:226/2330 train_time:29347ms step_avg:129.86ms
step:227/2330 train_time:29470ms step_avg:129.82ms
step:228/2330 train_time:29596ms step_avg:129.81ms
step:229/2330 train_time:29721ms step_avg:129.79ms
step:230/2330 train_time:29846ms step_avg:129.77ms
step:231/2330 train_time:29971ms step_avg:129.74ms
step:232/2330 train_time:30097ms step_avg:129.73ms
step:233/2330 train_time:30220ms step_avg:129.70ms
step:234/2330 train_time:30347ms step_avg:129.69ms
step:235/2330 train_time:30471ms step_avg:129.66ms
step:236/2330 train_time:30596ms step_avg:129.64ms
step:237/2330 train_time:30721ms step_avg:129.62ms
step:238/2330 train_time:30847ms step_avg:129.61ms
step:239/2330 train_time:30968ms step_avg:129.57ms
step:240/2330 train_time:31094ms step_avg:129.56ms
step:241/2330 train_time:31218ms step_avg:129.53ms
step:242/2330 train_time:31343ms step_avg:129.51ms
step:243/2330 train_time:31467ms step_avg:129.49ms
step:244/2330 train_time:31591ms step_avg:129.47ms
step:245/2330 train_time:31716ms step_avg:129.45ms
step:246/2330 train_time:31841ms step_avg:129.43ms
step:247/2330 train_time:31966ms step_avg:129.42ms
step:248/2330 train_time:32091ms step_avg:129.40ms
step:249/2330 train_time:32219ms step_avg:129.39ms
step:250/2330 train_time:32344ms step_avg:129.38ms
step:250/2330 val_loss:4.0887 train_time:32423ms step_avg:129.69ms
step:251/2330 train_time:32536ms step_avg:129.63ms
step:252/2330 train_time:32645ms step_avg:129.54ms
step:253/2330 train_time:32768ms step_avg:129.52ms
step:254/2330 train_time:32892ms step_avg:129.50ms
step:255/2330 train_time:33017ms step_avg:129.48ms
step:256/2330 train_time:33142ms step_avg:129.46ms
step:257/2330 train_time:33265ms step_avg:129.44ms
step:258/2330 train_time:33390ms step_avg:129.42ms
step:259/2330 train_time:33515ms step_avg:129.40ms
step:260/2330 train_time:33640ms step_avg:129.38ms
step:261/2330 train_time:33764ms step_avg:129.36ms
step:262/2330 train_time:33889ms step_avg:129.35ms
step:263/2330 train_time:34014ms step_avg:129.33ms
step:264/2330 train_time:34139ms step_avg:129.31ms
step:265/2330 train_time:34263ms step_avg:129.29ms
step:266/2330 train_time:34387ms step_avg:129.27ms
step:267/2330 train_time:34512ms step_avg:129.26ms
step:268/2330 train_time:34636ms step_avg:129.24ms
step:269/2330 train_time:34762ms step_avg:129.23ms
step:270/2330 train_time:34888ms step_avg:129.22ms
step:271/2330 train_time:35010ms step_avg:129.19ms
step:272/2330 train_time:35136ms step_avg:129.18ms
step:273/2330 train_time:35261ms step_avg:129.16ms
step:274/2330 train_time:35385ms step_avg:129.14ms
step:275/2330 train_time:35509ms step_avg:129.13ms
step:276/2330 train_time:35637ms step_avg:129.12ms
step:277/2330 train_time:35760ms step_avg:129.10ms
step:278/2330 train_time:35885ms step_avg:129.08ms
step:279/2330 train_time:36009ms step_avg:129.07ms
step:280/2330 train_time:36133ms step_avg:129.05ms
step:281/2330 train_time:36260ms step_avg:129.04ms
step:282/2330 train_time:36384ms step_avg:129.02ms
step:283/2330 train_time:36507ms step_avg:129.00ms
step:284/2330 train_time:36630ms step_avg:128.98ms
step:285/2330 train_time:36754ms step_avg:128.96ms
step:286/2330 train_time:36879ms step_avg:128.95ms
step:287/2330 train_time:37003ms step_avg:128.93ms
step:288/2330 train_time:37128ms step_avg:128.92ms
step:289/2330 train_time:37253ms step_avg:128.90ms
step:290/2330 train_time:37378ms step_avg:128.89ms
step:291/2330 train_time:37503ms step_avg:128.88ms
step:292/2330 train_time:37631ms step_avg:128.87ms
step:293/2330 train_time:37753ms step_avg:128.85ms
step:294/2330 train_time:37880ms step_avg:128.84ms
step:295/2330 train_time:38002ms step_avg:128.82ms
step:296/2330 train_time:38130ms step_avg:128.82ms
step:297/2330 train_time:38255ms step_avg:128.81ms
step:298/2330 train_time:38377ms step_avg:128.78ms
step:299/2330 train_time:38502ms step_avg:128.77ms
step:300/2330 train_time:38630ms step_avg:128.77ms
step:301/2330 train_time:38753ms step_avg:128.75ms
step:302/2330 train_time:38878ms step_avg:128.74ms
step:303/2330 train_time:39002ms step_avg:128.72ms
step:304/2330 train_time:39126ms step_avg:128.71ms
step:305/2330 train_time:39253ms step_avg:128.70ms
step:306/2330 train_time:39378ms step_avg:128.69ms
step:307/2330 train_time:39502ms step_avg:128.67ms
step:308/2330 train_time:39627ms step_avg:128.66ms
step:309/2330 train_time:39751ms step_avg:128.64ms
step:310/2330 train_time:39876ms step_avg:128.63ms
step:311/2330 train_time:40001ms step_avg:128.62ms
step:312/2330 train_time:40133ms step_avg:128.63ms
step:313/2330 train_time:40256ms step_avg:128.61ms
step:314/2330 train_time:40381ms step_avg:128.60ms
step:315/2330 train_time:40501ms step_avg:128.57ms
step:316/2330 train_time:40624ms step_avg:128.56ms
step:317/2330 train_time:40751ms step_avg:128.55ms
step:318/2330 train_time:40874ms step_avg:128.53ms
step:319/2330 train_time:40998ms step_avg:128.52ms
step:320/2330 train_time:41123ms step_avg:128.51ms
step:321/2330 train_time:41247ms step_avg:128.50ms
step:322/2330 train_time:41372ms step_avg:128.49ms
step:323/2330 train_time:41496ms step_avg:128.47ms
step:324/2330 train_time:41621ms step_avg:128.46ms
step:325/2330 train_time:41747ms step_avg:128.45ms
step:326/2330 train_time:41871ms step_avg:128.44ms
step:327/2330 train_time:41995ms step_avg:128.43ms
step:328/2330 train_time:42121ms step_avg:128.42ms
step:329/2330 train_time:42249ms step_avg:128.42ms
step:330/2330 train_time:42374ms step_avg:128.41ms
step:331/2330 train_time:42498ms step_avg:128.39ms
step:332/2330 train_time:42623ms step_avg:128.38ms
step:333/2330 train_time:42748ms step_avg:128.37ms
step:334/2330 train_time:42871ms step_avg:128.36ms
step:335/2330 train_time:42996ms step_avg:128.35ms
step:336/2330 train_time:43121ms step_avg:128.34ms
step:337/2330 train_time:43246ms step_avg:128.33ms
step:338/2330 train_time:43371ms step_avg:128.32ms
step:339/2330 train_time:43495ms step_avg:128.31ms
step:340/2330 train_time:43622ms step_avg:128.30ms
step:341/2330 train_time:43747ms step_avg:128.29ms
step:342/2330 train_time:43872ms step_avg:128.28ms
step:343/2330 train_time:43997ms step_avg:128.27ms
step:344/2330 train_time:44121ms step_avg:128.26ms
step:345/2330 train_time:44248ms step_avg:128.26ms
step:346/2330 train_time:44373ms step_avg:128.25ms
step:347/2330 train_time:44495ms step_avg:128.23ms
step:348/2330 train_time:44623ms step_avg:128.23ms
step:349/2330 train_time:44745ms step_avg:128.21ms
step:350/2330 train_time:44869ms step_avg:128.20ms
step:351/2330 train_time:44993ms step_avg:128.19ms
step:352/2330 train_time:45120ms step_avg:128.18ms
step:353/2330 train_time:45244ms step_avg:128.17ms
step:354/2330 train_time:45369ms step_avg:128.16ms
step:355/2330 train_time:45494ms step_avg:128.15ms
step:356/2330 train_time:45623ms step_avg:128.15ms
step:357/2330 train_time:45746ms step_avg:128.14ms
step:358/2330 train_time:45869ms step_avg:128.12ms
step:359/2330 train_time:45993ms step_avg:128.11ms
step:360/2330 train_time:46118ms step_avg:128.10ms
step:361/2330 train_time:46243ms step_avg:128.10ms
step:362/2330 train_time:46367ms step_avg:128.09ms
step:363/2330 train_time:46497ms step_avg:128.09ms
step:364/2330 train_time:46618ms step_avg:128.07ms
step:365/2330 train_time:46740ms step_avg:128.06ms
step:366/2330 train_time:46871ms step_avg:128.06ms
step:367/2330 train_time:46994ms step_avg:128.05ms
step:368/2330 train_time:47120ms step_avg:128.04ms
step:369/2330 train_time:47241ms step_avg:128.03ms
step:370/2330 train_time:47367ms step_avg:128.02ms
step:371/2330 train_time:47491ms step_avg:128.01ms
step:372/2330 train_time:47618ms step_avg:128.01ms
step:373/2330 train_time:47743ms step_avg:128.00ms
step:374/2330 train_time:47866ms step_avg:127.98ms
step:375/2330 train_time:47988ms step_avg:127.97ms
step:376/2330 train_time:48115ms step_avg:127.97ms
step:377/2330 train_time:48240ms step_avg:127.96ms
step:378/2330 train_time:48363ms step_avg:127.94ms
step:379/2330 train_time:48490ms step_avg:127.94ms
step:380/2330 train_time:48613ms step_avg:127.93ms
step:381/2330 train_time:48734ms step_avg:127.91ms
step:382/2330 train_time:48863ms step_avg:127.91ms
step:383/2330 train_time:48985ms step_avg:127.90ms
step:384/2330 train_time:49111ms step_avg:127.89ms
step:385/2330 train_time:49235ms step_avg:127.88ms
step:386/2330 train_time:49360ms step_avg:127.88ms
step:387/2330 train_time:49486ms step_avg:127.87ms
step:388/2330 train_time:49607ms step_avg:127.85ms
step:389/2330 train_time:49732ms step_avg:127.84ms
step:390/2330 train_time:49855ms step_avg:127.83ms
step:391/2330 train_time:49980ms step_avg:127.83ms
step:392/2330 train_time:50107ms step_avg:127.82ms
step:393/2330 train_time:50230ms step_avg:127.81ms
step:394/2330 train_time:50355ms step_avg:127.80ms
step:395/2330 train_time:50481ms step_avg:127.80ms
step:396/2330 train_time:50606ms step_avg:127.79ms
step:397/2330 train_time:50730ms step_avg:127.78ms
step:398/2330 train_time:50857ms step_avg:127.78ms
step:399/2330 train_time:50982ms step_avg:127.77ms
step:400/2330 train_time:51107ms step_avg:127.77ms
step:401/2330 train_time:51231ms step_avg:127.76ms
step:402/2330 train_time:51356ms step_avg:127.75ms
step:403/2330 train_time:51481ms step_avg:127.74ms
step:404/2330 train_time:51606ms step_avg:127.74ms
step:405/2330 train_time:51730ms step_avg:127.73ms
step:406/2330 train_time:51863ms step_avg:127.74ms
step:407/2330 train_time:51989ms step_avg:127.74ms
step:408/2330 train_time:52170ms step_avg:127.87ms
step:409/2330 train_time:52280ms step_avg:127.82ms
step:410/2330 train_time:52405ms step_avg:127.82ms
step:411/2330 train_time:52527ms step_avg:127.80ms
step:412/2330 train_time:52653ms step_avg:127.80ms
step:413/2330 train_time:52777ms step_avg:127.79ms
step:414/2330 train_time:52907ms step_avg:127.79ms
step:415/2330 train_time:53027ms step_avg:127.78ms
step:416/2330 train_time:53152ms step_avg:127.77ms
step:417/2330 train_time:53276ms step_avg:127.76ms
step:418/2330 train_time:53401ms step_avg:127.75ms
step:419/2330 train_time:53525ms step_avg:127.75ms
step:420/2330 train_time:53650ms step_avg:127.74ms
step:421/2330 train_time:53774ms step_avg:127.73ms
step:422/2330 train_time:53900ms step_avg:127.73ms
step:423/2330 train_time:54024ms step_avg:127.72ms
step:424/2330 train_time:54147ms step_avg:127.70ms
step:425/2330 train_time:54273ms step_avg:127.70ms
step:426/2330 train_time:54401ms step_avg:127.70ms
step:427/2330 train_time:54525ms step_avg:127.69ms
step:428/2330 train_time:54649ms step_avg:127.68ms
step:429/2330 train_time:54773ms step_avg:127.68ms
step:430/2330 train_time:54899ms step_avg:127.67ms
step:431/2330 train_time:55021ms step_avg:127.66ms
step:432/2330 train_time:55147ms step_avg:127.66ms
step:433/2330 train_time:55271ms step_avg:127.65ms
step:434/2330 train_time:55394ms step_avg:127.63ms
step:435/2330 train_time:55524ms step_avg:127.64ms
step:436/2330 train_time:55646ms step_avg:127.63ms
step:437/2330 train_time:55771ms step_avg:127.62ms
step:438/2330 train_time:55897ms step_avg:127.62ms
step:439/2330 train_time:56023ms step_avg:127.61ms
step:440/2330 train_time:56146ms step_avg:127.60ms
step:441/2330 train_time:56272ms step_avg:127.60ms
step:442/2330 train_time:56399ms step_avg:127.60ms
step:443/2330 train_time:56518ms step_avg:127.58ms
step:444/2330 train_time:56643ms step_avg:127.57ms
step:445/2330 train_time:56770ms step_avg:127.57ms
step:446/2330 train_time:56898ms step_avg:127.57ms
step:447/2330 train_time:57017ms step_avg:127.55ms
step:448/2330 train_time:57141ms step_avg:127.55ms
step:449/2330 train_time:57266ms step_avg:127.54ms
step:450/2330 train_time:57391ms step_avg:127.53ms
step:451/2330 train_time:57515ms step_avg:127.53ms
step:452/2330 train_time:57641ms step_avg:127.52ms
step:453/2330 train_time:57766ms step_avg:127.52ms
step:454/2330 train_time:57891ms step_avg:127.51ms
step:455/2330 train_time:58015ms step_avg:127.51ms
step:456/2330 train_time:58144ms step_avg:127.51ms
step:457/2330 train_time:58268ms step_avg:127.50ms
step:458/2330 train_time:58394ms step_avg:127.50ms
step:459/2330 train_time:58519ms step_avg:127.49ms
step:460/2330 train_time:58645ms step_avg:127.49ms
step:461/2330 train_time:58771ms step_avg:127.48ms
step:462/2330 train_time:58895ms step_avg:127.48ms
step:463/2330 train_time:59021ms step_avg:127.47ms
step:464/2330 train_time:59146ms step_avg:127.47ms
step:465/2330 train_time:59271ms step_avg:127.46ms
step:466/2330 train_time:59396ms step_avg:127.46ms
step:467/2330 train_time:59521ms step_avg:127.45ms
step:468/2330 train_time:59642ms step_avg:127.44ms
step:469/2330 train_time:59767ms step_avg:127.43ms
step:470/2330 train_time:59892ms step_avg:127.43ms
step:471/2330 train_time:60017ms step_avg:127.42ms
step:472/2330 train_time:60144ms step_avg:127.42ms
step:473/2330 train_time:60271ms step_avg:127.42ms
step:474/2330 train_time:60398ms step_avg:127.42ms
step:475/2330 train_time:60521ms step_avg:127.41ms
step:476/2330 train_time:60649ms step_avg:127.41ms
step:477/2330 train_time:60771ms step_avg:127.40ms
step:478/2330 train_time:60901ms step_avg:127.41ms
step:479/2330 train_time:61025ms step_avg:127.40ms
step:480/2330 train_time:61151ms step_avg:127.40ms
step:481/2330 train_time:61274ms step_avg:127.39ms
step:482/2330 train_time:61398ms step_avg:127.38ms
step:483/2330 train_time:61525ms step_avg:127.38ms
step:484/2330 train_time:61652ms step_avg:127.38ms
step:485/2330 train_time:61773ms step_avg:127.37ms
step:486/2330 train_time:61898ms step_avg:127.36ms
step:487/2330 train_time:62021ms step_avg:127.35ms
step:488/2330 train_time:62147ms step_avg:127.35ms
step:489/2330 train_time:62271ms step_avg:127.34ms
step:490/2330 train_time:62394ms step_avg:127.34ms
step:491/2330 train_time:62517ms step_avg:127.33ms
step:492/2330 train_time:62642ms step_avg:127.32ms
step:493/2330 train_time:62767ms step_avg:127.32ms
step:494/2330 train_time:62891ms step_avg:127.31ms
step:495/2330 train_time:63016ms step_avg:127.30ms
step:496/2330 train_time:63141ms step_avg:127.30ms
step:497/2330 train_time:63266ms step_avg:127.29ms
step:498/2330 train_time:63392ms step_avg:127.29ms
step:499/2330 train_time:63519ms step_avg:127.29ms
step:500/2330 train_time:63644ms step_avg:127.29ms
step:500/2330 val_loss:3.8192 train_time:63723ms step_avg:127.45ms
step:501/2330 train_time:63837ms step_avg:127.42ms
step:502/2330 train_time:63960ms step_avg:127.41ms
step:503/2330 train_time:64082ms step_avg:127.40ms
step:504/2330 train_time:64208ms step_avg:127.40ms
step:505/2330 train_time:64331ms step_avg:127.39ms
step:506/2330 train_time:64458ms step_avg:127.39ms
step:507/2330 train_time:64585ms step_avg:127.39ms
step:508/2330 train_time:64710ms step_avg:127.38ms
step:509/2330 train_time:64834ms step_avg:127.38ms
step:510/2330 train_time:64960ms step_avg:127.37ms
step:511/2330 train_time:65084ms step_avg:127.37ms
step:512/2330 train_time:65208ms step_avg:127.36ms
step:513/2330 train_time:65332ms step_avg:127.35ms
step:514/2330 train_time:65459ms step_avg:127.35ms
step:515/2330 train_time:65582ms step_avg:127.34ms
step:516/2330 train_time:65706ms step_avg:127.34ms
step:517/2330 train_time:65830ms step_avg:127.33ms
step:518/2330 train_time:65955ms step_avg:127.33ms
step:519/2330 train_time:66079ms step_avg:127.32ms
step:520/2330 train_time:66204ms step_avg:127.31ms
step:521/2330 train_time:66327ms step_avg:127.31ms
step:522/2330 train_time:66453ms step_avg:127.30ms
step:523/2330 train_time:66576ms step_avg:127.30ms
step:524/2330 train_time:66702ms step_avg:127.29ms
step:525/2330 train_time:66825ms step_avg:127.29ms
step:526/2330 train_time:66950ms step_avg:127.28ms
step:527/2330 train_time:67074ms step_avg:127.28ms
step:528/2330 train_time:67200ms step_avg:127.27ms
step:529/2330 train_time:67323ms step_avg:127.27ms
step:530/2330 train_time:67450ms step_avg:127.26ms
step:531/2330 train_time:67575ms step_avg:127.26ms
step:532/2330 train_time:67699ms step_avg:127.25ms
step:533/2330 train_time:67823ms step_avg:127.25ms
step:534/2330 train_time:67951ms step_avg:127.25ms
step:535/2330 train_time:68072ms step_avg:127.24ms
step:536/2330 train_time:68197ms step_avg:127.23ms
step:537/2330 train_time:68322ms step_avg:127.23ms
step:538/2330 train_time:68445ms step_avg:127.22ms
step:539/2330 train_time:68570ms step_avg:127.22ms
step:540/2330 train_time:68694ms step_avg:127.21ms
step:541/2330 train_time:68822ms step_avg:127.21ms
step:542/2330 train_time:68947ms step_avg:127.21ms
step:543/2330 train_time:69072ms step_avg:127.20ms
step:544/2330 train_time:69197ms step_avg:127.20ms
step:545/2330 train_time:69319ms step_avg:127.19ms
step:546/2330 train_time:69446ms step_avg:127.19ms
step:547/2330 train_time:69573ms step_avg:127.19ms
step:548/2330 train_time:69699ms step_avg:127.19ms
step:549/2330 train_time:69821ms step_avg:127.18ms
step:550/2330 train_time:69946ms step_avg:127.17ms
step:551/2330 train_time:70067ms step_avg:127.16ms
step:552/2330 train_time:70193ms step_avg:127.16ms
step:553/2330 train_time:70318ms step_avg:127.16ms
step:554/2330 train_time:70443ms step_avg:127.15ms
step:555/2330 train_time:70567ms step_avg:127.15ms
step:556/2330 train_time:70691ms step_avg:127.14ms
step:557/2330 train_time:70816ms step_avg:127.14ms
step:558/2330 train_time:70941ms step_avg:127.13ms
step:559/2330 train_time:71066ms step_avg:127.13ms
step:560/2330 train_time:71199ms step_avg:127.14ms
step:561/2330 train_time:71321ms step_avg:127.13ms
step:562/2330 train_time:71448ms step_avg:127.13ms
step:563/2330 train_time:71572ms step_avg:127.13ms
step:564/2330 train_time:71690ms step_avg:127.11ms
step:565/2330 train_time:71815ms step_avg:127.11ms
step:566/2330 train_time:71940ms step_avg:127.10ms
step:567/2330 train_time:72066ms step_avg:127.10ms
step:568/2330 train_time:72191ms step_avg:127.10ms
step:569/2330 train_time:72313ms step_avg:127.09ms
step:570/2330 train_time:72440ms step_avg:127.09ms
step:571/2330 train_time:72565ms step_avg:127.08ms
step:572/2330 train_time:72691ms step_avg:127.08ms
step:573/2330 train_time:72814ms step_avg:127.08ms
step:574/2330 train_time:72937ms step_avg:127.07ms
step:575/2330 train_time:73061ms step_avg:127.06ms
step:576/2330 train_time:73187ms step_avg:127.06ms
step:577/2330 train_time:73312ms step_avg:127.06ms
step:578/2330 train_time:73436ms step_avg:127.05ms
step:579/2330 train_time:73560ms step_avg:127.05ms
step:580/2330 train_time:73685ms step_avg:127.04ms
step:581/2330 train_time:73810ms step_avg:127.04ms
step:582/2330 train_time:73935ms step_avg:127.04ms
step:583/2330 train_time:74060ms step_avg:127.03ms
step:584/2330 train_time:74186ms step_avg:127.03ms
step:585/2330 train_time:74313ms step_avg:127.03ms
step:586/2330 train_time:74435ms step_avg:127.02ms
step:587/2330 train_time:74558ms step_avg:127.01ms
step:588/2330 train_time:74683ms step_avg:127.01ms
step:589/2330 train_time:74808ms step_avg:127.01ms
step:590/2330 train_time:74932ms step_avg:127.00ms
step:591/2330 train_time:75057ms step_avg:127.00ms
step:592/2330 train_time:75182ms step_avg:127.00ms
step:593/2330 train_time:75308ms step_avg:126.99ms
step:594/2330 train_time:75436ms step_avg:127.00ms
step:595/2330 train_time:75561ms step_avg:126.99ms
step:596/2330 train_time:75686ms step_avg:126.99ms
step:597/2330 train_time:75813ms step_avg:126.99ms
step:598/2330 train_time:75939ms step_avg:126.99ms
step:599/2330 train_time:76062ms step_avg:126.98ms
step:600/2330 train_time:76187ms step_avg:126.98ms
step:601/2330 train_time:76311ms step_avg:126.97ms
step:602/2330 train_time:76437ms step_avg:126.97ms
step:603/2330 train_time:76561ms step_avg:126.97ms
step:604/2330 train_time:76687ms step_avg:126.96ms
step:605/2330 train_time:76811ms step_avg:126.96ms
step:606/2330 train_time:76937ms step_avg:126.96ms
step:607/2330 train_time:77063ms step_avg:126.96ms
step:608/2330 train_time:77188ms step_avg:126.95ms
step:609/2330 train_time:77311ms step_avg:126.95ms
step:610/2330 train_time:77435ms step_avg:126.94ms
step:611/2330 train_time:77557ms step_avg:126.93ms
step:612/2330 train_time:77685ms step_avg:126.94ms
step:613/2330 train_time:77808ms step_avg:126.93ms
step:614/2330 train_time:77932ms step_avg:126.93ms
step:615/2330 train_time:78079ms step_avg:126.96ms
step:616/2330 train_time:78207ms step_avg:126.96ms
step:617/2330 train_time:78330ms step_avg:126.95ms
step:618/2330 train_time:78456ms step_avg:126.95ms
step:619/2330 train_time:78580ms step_avg:126.95ms
step:620/2330 train_time:78706ms step_avg:126.95ms
step:621/2330 train_time:78830ms step_avg:126.94ms
step:622/2330 train_time:78955ms step_avg:126.94ms
step:623/2330 train_time:79078ms step_avg:126.93ms
step:624/2330 train_time:79207ms step_avg:126.93ms
step:625/2330 train_time:79330ms step_avg:126.93ms
step:626/2330 train_time:79456ms step_avg:126.93ms
step:627/2330 train_time:79580ms step_avg:126.92ms
step:628/2330 train_time:79705ms step_avg:126.92ms
step:629/2330 train_time:79830ms step_avg:126.92ms
step:630/2330 train_time:79957ms step_avg:126.92ms
step:631/2330 train_time:80080ms step_avg:126.91ms
step:632/2330 train_time:80205ms step_avg:126.91ms
step:633/2330 train_time:80330ms step_avg:126.90ms
step:634/2330 train_time:80455ms step_avg:126.90ms
step:635/2330 train_time:80579ms step_avg:126.90ms
step:636/2330 train_time:80704ms step_avg:126.89ms
step:637/2330 train_time:80835ms step_avg:126.90ms
step:638/2330 train_time:80963ms step_avg:126.90ms
step:639/2330 train_time:81078ms step_avg:126.88ms
step:640/2330 train_time:81204ms step_avg:126.88ms
step:641/2330 train_time:81328ms step_avg:126.88ms
step:642/2330 train_time:81452ms step_avg:126.87ms
step:643/2330 train_time:81577ms step_avg:126.87ms
step:644/2330 train_time:81704ms step_avg:126.87ms
step:645/2330 train_time:81826ms step_avg:126.86ms
step:646/2330 train_time:81950ms step_avg:126.86ms
step:647/2330 train_time:82078ms step_avg:126.86ms
step:648/2330 train_time:82203ms step_avg:126.86ms
step:649/2330 train_time:82327ms step_avg:126.85ms
step:650/2330 train_time:82452ms step_avg:126.85ms
step:651/2330 train_time:82577ms step_avg:126.85ms
step:652/2330 train_time:82702ms step_avg:126.84ms
step:653/2330 train_time:82827ms step_avg:126.84ms
step:654/2330 train_time:82952ms step_avg:126.84ms
step:655/2330 train_time:83077ms step_avg:126.84ms
step:656/2330 train_time:83205ms step_avg:126.84ms
step:657/2330 train_time:83329ms step_avg:126.83ms
step:658/2330 train_time:83453ms step_avg:126.83ms
step:659/2330 train_time:83577ms step_avg:126.82ms
step:660/2330 train_time:83702ms step_avg:126.82ms
step:661/2330 train_time:83826ms step_avg:126.82ms
step:662/2330 train_time:83951ms step_avg:126.81ms
step:663/2330 train_time:84076ms step_avg:126.81ms
step:664/2330 train_time:84201ms step_avg:126.81ms
step:665/2330 train_time:84324ms step_avg:126.80ms
step:666/2330 train_time:84450ms step_avg:126.80ms
step:667/2330 train_time:84575ms step_avg:126.80ms
step:668/2330 train_time:84698ms step_avg:126.79ms
step:669/2330 train_time:84822ms step_avg:126.79ms
step:670/2330 train_time:84947ms step_avg:126.79ms
step:671/2330 train_time:85072ms step_avg:126.78ms
step:672/2330 train_time:85197ms step_avg:126.78ms
step:673/2330 train_time:85321ms step_avg:126.78ms
step:674/2330 train_time:85448ms step_avg:126.78ms
step:675/2330 train_time:85572ms step_avg:126.77ms
step:676/2330 train_time:85697ms step_avg:126.77ms
step:677/2330 train_time:85819ms step_avg:126.76ms
step:678/2330 train_time:85945ms step_avg:126.76ms
step:679/2330 train_time:86072ms step_avg:126.76ms
step:680/2330 train_time:86197ms step_avg:126.76ms
step:681/2330 train_time:86320ms step_avg:126.75ms
step:682/2330 train_time:86446ms step_avg:126.75ms
step:683/2330 train_time:86570ms step_avg:126.75ms
step:684/2330 train_time:86696ms step_avg:126.75ms
step:685/2330 train_time:86820ms step_avg:126.74ms
step:686/2330 train_time:86946ms step_avg:126.74ms
step:687/2330 train_time:87069ms step_avg:126.74ms
step:688/2330 train_time:87195ms step_avg:126.74ms
step:689/2330 train_time:87319ms step_avg:126.73ms
step:690/2330 train_time:87444ms step_avg:126.73ms
step:691/2330 train_time:87567ms step_avg:126.73ms
step:692/2330 train_time:87692ms step_avg:126.72ms
step:693/2330 train_time:87814ms step_avg:126.72ms
step:694/2330 train_time:87940ms step_avg:126.71ms
step:695/2330 train_time:88071ms step_avg:126.72ms
step:696/2330 train_time:88197ms step_avg:126.72ms
step:697/2330 train_time:88321ms step_avg:126.72ms
step:698/2330 train_time:88447ms step_avg:126.71ms
step:699/2330 train_time:88576ms step_avg:126.72ms
step:700/2330 train_time:88702ms step_avg:126.72ms
step:701/2330 train_time:88826ms step_avg:126.71ms
step:702/2330 train_time:88951ms step_avg:126.71ms
step:703/2330 train_time:89075ms step_avg:126.71ms
step:704/2330 train_time:89200ms step_avg:126.70ms
step:705/2330 train_time:89324ms step_avg:126.70ms
step:706/2330 train_time:89448ms step_avg:126.70ms
step:707/2330 train_time:89570ms step_avg:126.69ms
step:708/2330 train_time:89694ms step_avg:126.69ms
step:709/2330 train_time:89818ms step_avg:126.68ms
step:710/2330 train_time:89942ms step_avg:126.68ms
step:711/2330 train_time:90071ms step_avg:126.68ms
step:712/2330 train_time:90196ms step_avg:126.68ms
step:713/2330 train_time:90321ms step_avg:126.68ms
step:714/2330 train_time:90446ms step_avg:126.67ms
step:715/2330 train_time:90570ms step_avg:126.67ms
step:716/2330 train_time:90696ms step_avg:126.67ms
step:717/2330 train_time:90820ms step_avg:126.67ms
step:718/2330 train_time:90948ms step_avg:126.67ms
step:719/2330 train_time:91071ms step_avg:126.66ms
step:720/2330 train_time:91197ms step_avg:126.66ms
step:721/2330 train_time:91323ms step_avg:126.66ms
step:722/2330 train_time:91449ms step_avg:126.66ms
step:723/2330 train_time:91572ms step_avg:126.66ms
step:724/2330 train_time:91694ms step_avg:126.65ms
step:725/2330 train_time:91817ms step_avg:126.64ms
step:726/2330 train_time:91943ms step_avg:126.64ms
step:727/2330 train_time:92069ms step_avg:126.64ms
step:728/2330 train_time:92194ms step_avg:126.64ms
step:729/2330 train_time:92319ms step_avg:126.64ms
step:730/2330 train_time:92444ms step_avg:126.64ms
step:731/2330 train_time:92569ms step_avg:126.63ms
step:732/2330 train_time:92695ms step_avg:126.63ms
step:733/2330 train_time:92818ms step_avg:126.63ms
step:734/2330 train_time:92943ms step_avg:126.63ms
step:735/2330 train_time:93068ms step_avg:126.62ms
step:736/2330 train_time:93192ms step_avg:126.62ms
step:737/2330 train_time:93317ms step_avg:126.62ms
step:738/2330 train_time:93442ms step_avg:126.61ms
step:739/2330 train_time:93566ms step_avg:126.61ms
step:740/2330 train_time:93692ms step_avg:126.61ms
step:741/2330 train_time:93814ms step_avg:126.60ms
step:742/2330 train_time:93941ms step_avg:126.61ms
step:743/2330 train_time:94065ms step_avg:126.60ms
step:744/2330 train_time:94190ms step_avg:126.60ms
step:745/2330 train_time:94316ms step_avg:126.60ms
step:746/2330 train_time:94441ms step_avg:126.60ms
step:747/2330 train_time:94566ms step_avg:126.59ms
step:748/2330 train_time:94691ms step_avg:126.59ms
step:749/2330 train_time:94818ms step_avg:126.59ms
step:750/2330 train_time:94943ms step_avg:126.59ms
step:750/2330 val_loss:3.6850 train_time:95019ms step_avg:126.69ms
step:751/2330 train_time:95135ms step_avg:126.68ms
step:752/2330 train_time:95243ms step_avg:126.65ms
step:753/2330 train_time:95365ms step_avg:126.65ms
step:754/2330 train_time:95490ms step_avg:126.65ms
step:755/2330 train_time:95614ms step_avg:126.64ms
step:756/2330 train_time:95739ms step_avg:126.64ms
step:757/2330 train_time:95863ms step_avg:126.64ms
step:758/2330 train_time:95988ms step_avg:126.63ms
step:759/2330 train_time:96112ms step_avg:126.63ms
step:760/2330 train_time:96240ms step_avg:126.63ms
step:761/2330 train_time:96363ms step_avg:126.63ms
step:762/2330 train_time:96489ms step_avg:126.63ms
step:763/2330 train_time:96613ms step_avg:126.62ms
step:764/2330 train_time:96738ms step_avg:126.62ms
step:765/2330 train_time:96863ms step_avg:126.62ms
step:766/2330 train_time:96991ms step_avg:126.62ms
step:767/2330 train_time:97118ms step_avg:126.62ms
step:768/2330 train_time:97250ms step_avg:126.63ms
step:769/2330 train_time:97374ms step_avg:126.62ms
step:770/2330 train_time:97502ms step_avg:126.63ms
step:771/2330 train_time:97629ms step_avg:126.63ms
step:772/2330 train_time:97755ms step_avg:126.63ms
step:773/2330 train_time:97881ms step_avg:126.63ms
step:774/2330 train_time:98008ms step_avg:126.63ms
step:775/2330 train_time:98133ms step_avg:126.62ms
step:776/2330 train_time:98261ms step_avg:126.62ms
step:777/2330 train_time:98387ms step_avg:126.62ms
step:778/2330 train_time:98513ms step_avg:126.62ms
step:779/2330 train_time:98640ms step_avg:126.62ms
step:780/2330 train_time:98770ms step_avg:126.63ms
step:781/2330 train_time:98895ms step_avg:126.63ms
step:782/2330 train_time:99022ms step_avg:126.63ms
step:783/2330 train_time:99146ms step_avg:126.62ms
step:784/2330 train_time:99275ms step_avg:126.63ms
step:785/2330 train_time:99400ms step_avg:126.62ms
step:786/2330 train_time:99528ms step_avg:126.63ms
step:787/2330 train_time:99652ms step_avg:126.62ms
step:788/2330 train_time:99778ms step_avg:126.62ms
step:789/2330 train_time:99908ms step_avg:126.63ms
step:790/2330 train_time:100037ms step_avg:126.63ms
step:791/2330 train_time:100163ms step_avg:126.63ms
step:792/2330 train_time:100290ms step_avg:126.63ms
step:793/2330 train_time:100451ms step_avg:126.67ms
step:794/2330 train_time:100578ms step_avg:126.67ms
step:795/2330 train_time:100702ms step_avg:126.67ms
step:796/2330 train_time:100829ms step_avg:126.67ms
step:797/2330 train_time:100956ms step_avg:126.67ms
step:798/2330 train_time:101082ms step_avg:126.67ms
step:799/2330 train_time:101209ms step_avg:126.67ms
step:800/2330 train_time:101337ms step_avg:126.67ms
step:801/2330 train_time:101463ms step_avg:126.67ms
step:802/2330 train_time:101589ms step_avg:126.67ms
step:803/2330 train_time:101715ms step_avg:126.67ms
step:804/2330 train_time:101841ms step_avg:126.67ms
step:805/2330 train_time:101967ms step_avg:126.67ms
step:806/2330 train_time:102092ms step_avg:126.67ms
step:807/2330 train_time:102217ms step_avg:126.66ms
step:808/2330 train_time:102345ms step_avg:126.67ms
step:809/2330 train_time:102473ms step_avg:126.67ms
step:810/2330 train_time:102598ms step_avg:126.66ms
step:811/2330 train_time:102723ms step_avg:126.66ms
step:812/2330 train_time:102851ms step_avg:126.66ms
step:813/2330 train_time:102977ms step_avg:126.66ms
step:814/2330 train_time:103107ms step_avg:126.67ms
step:815/2330 train_time:103233ms step_avg:126.67ms
step:816/2330 train_time:103360ms step_avg:126.67ms
step:817/2330 train_time:103488ms step_avg:126.67ms
step:818/2330 train_time:103616ms step_avg:126.67ms
step:819/2330 train_time:103744ms step_avg:126.67ms
step:820/2330 train_time:103870ms step_avg:126.67ms
step:821/2330 train_time:103997ms step_avg:126.67ms
step:822/2330 train_time:104124ms step_avg:126.67ms
step:823/2330 train_time:104248ms step_avg:126.67ms
step:824/2330 train_time:104378ms step_avg:126.67ms
step:825/2330 train_time:104501ms step_avg:126.67ms
step:826/2330 train_time:104634ms step_avg:126.68ms
step:827/2330 train_time:104754ms step_avg:126.67ms
step:828/2330 train_time:104882ms step_avg:126.67ms
step:829/2330 train_time:105007ms step_avg:126.67ms
step:830/2330 train_time:105137ms step_avg:126.67ms
step:831/2330 train_time:105263ms step_avg:126.67ms
step:832/2330 train_time:105389ms step_avg:126.67ms
step:833/2330 train_time:105517ms step_avg:126.67ms
step:834/2330 train_time:105642ms step_avg:126.67ms
step:835/2330 train_time:105765ms step_avg:126.66ms
step:836/2330 train_time:105894ms step_avg:126.67ms
step:837/2330 train_time:106021ms step_avg:126.67ms
step:838/2330 train_time:106148ms step_avg:126.67ms
step:839/2330 train_time:106274ms step_avg:126.67ms
step:840/2330 train_time:106403ms step_avg:126.67ms
step:841/2330 train_time:106529ms step_avg:126.67ms
step:842/2330 train_time:106656ms step_avg:126.67ms
step:843/2330 train_time:106781ms step_avg:126.67ms
step:844/2330 train_time:106907ms step_avg:126.67ms
step:845/2330 train_time:107033ms step_avg:126.67ms
step:846/2330 train_time:107160ms step_avg:126.67ms
step:847/2330 train_time:107290ms step_avg:126.67ms
step:848/2330 train_time:107418ms step_avg:126.67ms
step:849/2330 train_time:107543ms step_avg:126.67ms
step:850/2330 train_time:107671ms step_avg:126.67ms
step:851/2330 train_time:107797ms step_avg:126.67ms
step:852/2330 train_time:107923ms step_avg:126.67ms
step:853/2330 train_time:108046ms step_avg:126.67ms
step:854/2330 train_time:108173ms step_avg:126.67ms
step:855/2330 train_time:108300ms step_avg:126.67ms
step:856/2330 train_time:108424ms step_avg:126.66ms
step:857/2330 train_time:108557ms step_avg:126.67ms
step:858/2330 train_time:108678ms step_avg:126.66ms
step:859/2330 train_time:108806ms step_avg:126.67ms
step:860/2330 train_time:108933ms step_avg:126.67ms
step:861/2330 train_time:109059ms step_avg:126.67ms
step:862/2330 train_time:109186ms step_avg:126.67ms
step:863/2330 train_time:109312ms step_avg:126.67ms
step:864/2330 train_time:109439ms step_avg:126.67ms
step:865/2330 train_time:109565ms step_avg:126.67ms
step:866/2330 train_time:109692ms step_avg:126.67ms
step:867/2330 train_time:109816ms step_avg:126.66ms
step:868/2330 train_time:109940ms step_avg:126.66ms
step:869/2330 train_time:110065ms step_avg:126.66ms
step:870/2330 train_time:110193ms step_avg:126.66ms
step:871/2330 train_time:110318ms step_avg:126.66ms
step:872/2330 train_time:110445ms step_avg:126.66ms
step:873/2330 train_time:110571ms step_avg:126.66ms
step:874/2330 train_time:110698ms step_avg:126.66ms
step:875/2330 train_time:110825ms step_avg:126.66ms
step:876/2330 train_time:110951ms step_avg:126.66ms
step:877/2330 train_time:111083ms step_avg:126.66ms
step:878/2330 train_time:111211ms step_avg:126.66ms
step:879/2330 train_time:111337ms step_avg:126.66ms
step:880/2330 train_time:111464ms step_avg:126.66ms
step:881/2330 train_time:111589ms step_avg:126.66ms
step:882/2330 train_time:111716ms step_avg:126.66ms
step:883/2330 train_time:111843ms step_avg:126.66ms
step:884/2330 train_time:111969ms step_avg:126.66ms
step:885/2330 train_time:112096ms step_avg:126.66ms
step:886/2330 train_time:112225ms step_avg:126.67ms
step:887/2330 train_time:112350ms step_avg:126.66ms
step:888/2330 train_time:112477ms step_avg:126.66ms
step:889/2330 train_time:112604ms step_avg:126.66ms
step:890/2330 train_time:112730ms step_avg:126.66ms
step:891/2330 train_time:112857ms step_avg:126.66ms
step:892/2330 train_time:112984ms step_avg:126.66ms
step:893/2330 train_time:113110ms step_avg:126.66ms
step:894/2330 train_time:113235ms step_avg:126.66ms
step:895/2330 train_time:113361ms step_avg:126.66ms
step:896/2330 train_time:113488ms step_avg:126.66ms
step:897/2330 train_time:113614ms step_avg:126.66ms
step:898/2330 train_time:113741ms step_avg:126.66ms
step:899/2330 train_time:113867ms step_avg:126.66ms
step:900/2330 train_time:113995ms step_avg:126.66ms
step:901/2330 train_time:114123ms step_avg:126.66ms
step:902/2330 train_time:114249ms step_avg:126.66ms
step:903/2330 train_time:114374ms step_avg:126.66ms
step:904/2330 train_time:114500ms step_avg:126.66ms
step:905/2330 train_time:114627ms step_avg:126.66ms
step:906/2330 train_time:114753ms step_avg:126.66ms
step:907/2330 train_time:114886ms step_avg:126.67ms
step:908/2330 train_time:115013ms step_avg:126.67ms
step:909/2330 train_time:115137ms step_avg:126.66ms
step:910/2330 train_time:115265ms step_avg:126.66ms
step:911/2330 train_time:115391ms step_avg:126.66ms
step:912/2330 train_time:115516ms step_avg:126.66ms
step:913/2330 train_time:115656ms step_avg:126.68ms
step:914/2330 train_time:115783ms step_avg:126.68ms
step:915/2330 train_time:115909ms step_avg:126.68ms
step:916/2330 train_time:116040ms step_avg:126.68ms
step:917/2330 train_time:116165ms step_avg:126.68ms
step:918/2330 train_time:116292ms step_avg:126.68ms
step:919/2330 train_time:116418ms step_avg:126.68ms
step:920/2330 train_time:116548ms step_avg:126.68ms
step:921/2330 train_time:116672ms step_avg:126.68ms
step:922/2330 train_time:116799ms step_avg:126.68ms
step:923/2330 train_time:116925ms step_avg:126.68ms
step:924/2330 train_time:117053ms step_avg:126.68ms
step:925/2330 train_time:117180ms step_avg:126.68ms
step:926/2330 train_time:117307ms step_avg:126.68ms
step:927/2330 train_time:117433ms step_avg:126.68ms
step:928/2330 train_time:117561ms step_avg:126.68ms
step:929/2330 train_time:117687ms step_avg:126.68ms
step:930/2330 train_time:117810ms step_avg:126.68ms
step:931/2330 train_time:117935ms step_avg:126.68ms
step:932/2330 train_time:118061ms step_avg:126.67ms
step:933/2330 train_time:118188ms step_avg:126.68ms
step:934/2330 train_time:118312ms step_avg:126.67ms
step:935/2330 train_time:118438ms step_avg:126.67ms
step:936/2330 train_time:118565ms step_avg:126.67ms
step:937/2330 train_time:118691ms step_avg:126.67ms
step:938/2330 train_time:118818ms step_avg:126.67ms
step:939/2330 train_time:118949ms step_avg:126.68ms
step:940/2330 train_time:119074ms step_avg:126.67ms
step:941/2330 train_time:119199ms step_avg:126.67ms
step:942/2330 train_time:119325ms step_avg:126.67ms
step:943/2330 train_time:119452ms step_avg:126.67ms
step:944/2330 train_time:119580ms step_avg:126.67ms
step:945/2330 train_time:119705ms step_avg:126.67ms
step:946/2330 train_time:119832ms step_avg:126.67ms
step:947/2330 train_time:119958ms step_avg:126.67ms
step:948/2330 train_time:120089ms step_avg:126.68ms
step:949/2330 train_time:120215ms step_avg:126.68ms
step:950/2330 train_time:120341ms step_avg:126.68ms
step:951/2330 train_time:120467ms step_avg:126.67ms
step:952/2330 train_time:120593ms step_avg:126.67ms
step:953/2330 train_time:120719ms step_avg:126.67ms
step:954/2330 train_time:120846ms step_avg:126.67ms
step:955/2330 train_time:120971ms step_avg:126.67ms
step:956/2330 train_time:121100ms step_avg:126.67ms
step:957/2330 train_time:121226ms step_avg:126.67ms
step:958/2330 train_time:121352ms step_avg:126.67ms
step:959/2330 train_time:121478ms step_avg:126.67ms
step:960/2330 train_time:121605ms step_avg:126.67ms
step:961/2330 train_time:121731ms step_avg:126.67ms
step:962/2330 train_time:121858ms step_avg:126.67ms
step:963/2330 train_time:121985ms step_avg:126.67ms
step:964/2330 train_time:122111ms step_avg:126.67ms
step:965/2330 train_time:122238ms step_avg:126.67ms
step:966/2330 train_time:122365ms step_avg:126.67ms
step:967/2330 train_time:122491ms step_avg:126.67ms
step:968/2330 train_time:122618ms step_avg:126.67ms
step:969/2330 train_time:122744ms step_avg:126.67ms
step:970/2330 train_time:122872ms step_avg:126.67ms
step:971/2330 train_time:122997ms step_avg:126.67ms
step:972/2330 train_time:123125ms step_avg:126.67ms
step:973/2330 train_time:123252ms step_avg:126.67ms
step:974/2330 train_time:123380ms step_avg:126.67ms
step:975/2330 train_time:123505ms step_avg:126.67ms
step:976/2330 train_time:123632ms step_avg:126.67ms
step:977/2330 train_time:123758ms step_avg:126.67ms
step:978/2330 train_time:123882ms step_avg:126.67ms
step:979/2330 train_time:124013ms step_avg:126.67ms
step:980/2330 train_time:124138ms step_avg:126.67ms
step:981/2330 train_time:124264ms step_avg:126.67ms
step:982/2330 train_time:124393ms step_avg:126.67ms
step:983/2330 train_time:124521ms step_avg:126.67ms
step:984/2330 train_time:124647ms step_avg:126.67ms
step:985/2330 train_time:124772ms step_avg:126.67ms
step:986/2330 train_time:124897ms step_avg:126.67ms
step:987/2330 train_time:125026ms step_avg:126.67ms
step:988/2330 train_time:125153ms step_avg:126.67ms
step:989/2330 train_time:125278ms step_avg:126.67ms
step:990/2330 train_time:125404ms step_avg:126.67ms
step:991/2330 train_time:125527ms step_avg:126.67ms
step:992/2330 train_time:125654ms step_avg:126.67ms
step:993/2330 train_time:125780ms step_avg:126.67ms
step:994/2330 train_time:125908ms step_avg:126.67ms
step:995/2330 train_time:126037ms step_avg:126.67ms
step:996/2330 train_time:126162ms step_avg:126.67ms
step:997/2330 train_time:126289ms step_avg:126.67ms
step:998/2330 train_time:126413ms step_avg:126.67ms
step:999/2330 train_time:126539ms step_avg:126.67ms
step:1000/2330 train_time:126666ms step_avg:126.67ms
step:1000/2330 val_loss:3.5727 train_time:126748ms step_avg:126.75ms
step:1001/2330 train_time:126864ms step_avg:126.74ms
step:1002/2330 train_time:126986ms step_avg:126.73ms
step:1003/2330 train_time:127109ms step_avg:126.73ms
step:1004/2330 train_time:127237ms step_avg:126.73ms
step:1005/2330 train_time:127363ms step_avg:126.73ms
step:1006/2330 train_time:127486ms step_avg:126.73ms
step:1007/2330 train_time:127612ms step_avg:126.72ms
step:1008/2330 train_time:127739ms step_avg:126.73ms
step:1009/2330 train_time:127864ms step_avg:126.72ms
step:1010/2330 train_time:127990ms step_avg:126.72ms
step:1011/2330 train_time:128116ms step_avg:126.72ms
step:1012/2330 train_time:128244ms step_avg:126.72ms
step:1013/2330 train_time:128371ms step_avg:126.72ms
step:1014/2330 train_time:128499ms step_avg:126.72ms
step:1015/2330 train_time:128625ms step_avg:126.72ms
step:1016/2330 train_time:128752ms step_avg:126.72ms
step:1017/2330 train_time:128878ms step_avg:126.72ms
step:1018/2330 train_time:129004ms step_avg:126.72ms
step:1019/2330 train_time:129131ms step_avg:126.72ms
step:1020/2330 train_time:129258ms step_avg:126.72ms
step:1021/2330 train_time:129386ms step_avg:126.72ms
step:1022/2330 train_time:129513ms step_avg:126.73ms
step:1023/2330 train_time:129640ms step_avg:126.73ms
step:1024/2330 train_time:129766ms step_avg:126.72ms
step:1025/2330 train_time:129892ms step_avg:126.72ms
step:1026/2330 train_time:130018ms step_avg:126.72ms
step:1027/2330 train_time:130144ms step_avg:126.72ms
step:1028/2330 train_time:130272ms step_avg:126.72ms
step:1029/2330 train_time:130397ms step_avg:126.72ms
step:1030/2330 train_time:130524ms step_avg:126.72ms
step:1031/2330 train_time:130651ms step_avg:126.72ms
step:1032/2330 train_time:130777ms step_avg:126.72ms
step:1033/2330 train_time:130904ms step_avg:126.72ms
step:1034/2330 train_time:131034ms step_avg:126.73ms
step:1035/2330 train_time:131159ms step_avg:126.72ms
step:1036/2330 train_time:131288ms step_avg:126.73ms
step:1037/2330 train_time:131414ms step_avg:126.73ms
step:1038/2330 train_time:131541ms step_avg:126.73ms
step:1039/2330 train_time:131668ms step_avg:126.73ms
step:1040/2330 train_time:131797ms step_avg:126.73ms
step:1041/2330 train_time:131923ms step_avg:126.73ms
step:1042/2330 train_time:132050ms step_avg:126.73ms
step:1043/2330 train_time:132176ms step_avg:126.73ms
step:1044/2330 train_time:132301ms step_avg:126.73ms
step:1045/2330 train_time:132425ms step_avg:126.72ms
step:1046/2330 train_time:132555ms step_avg:126.73ms
step:1047/2330 train_time:132681ms step_avg:126.72ms
step:1048/2330 train_time:132808ms step_avg:126.72ms
step:1049/2330 train_time:132932ms step_avg:126.72ms
step:1050/2330 train_time:133060ms step_avg:126.72ms
step:1051/2330 train_time:133188ms step_avg:126.72ms
step:1052/2330 train_time:133314ms step_avg:126.72ms
step:1053/2330 train_time:133440ms step_avg:126.72ms
step:1054/2330 train_time:133567ms step_avg:126.72ms
step:1055/2330 train_time:133692ms step_avg:126.72ms
step:1056/2330 train_time:133819ms step_avg:126.72ms
step:1057/2330 train_time:133946ms step_avg:126.72ms
step:1058/2330 train_time:134072ms step_avg:126.72ms
step:1059/2330 train_time:134198ms step_avg:126.72ms
step:1060/2330 train_time:134324ms step_avg:126.72ms
step:1061/2330 train_time:134449ms step_avg:126.72ms
step:1062/2330 train_time:134575ms step_avg:126.72ms
step:1063/2330 train_time:134701ms step_avg:126.72ms
step:1064/2330 train_time:134829ms step_avg:126.72ms
step:1065/2330 train_time:134954ms step_avg:126.72ms
step:1066/2330 train_time:135084ms step_avg:126.72ms
step:1067/2330 train_time:135211ms step_avg:126.72ms
step:1068/2330 train_time:135336ms step_avg:126.72ms
step:1069/2330 train_time:135462ms step_avg:126.72ms
step:1070/2330 train_time:135589ms step_avg:126.72ms
step:1071/2330 train_time:135714ms step_avg:126.72ms
step:1072/2330 train_time:135840ms step_avg:126.72ms
step:1073/2330 train_time:135967ms step_avg:126.72ms
step:1074/2330 train_time:136095ms step_avg:126.72ms
step:1075/2330 train_time:136220ms step_avg:126.72ms
step:1076/2330 train_time:136346ms step_avg:126.72ms
step:1077/2330 train_time:136477ms step_avg:126.72ms
step:1078/2330 train_time:136601ms step_avg:126.72ms
step:1079/2330 train_time:136727ms step_avg:126.72ms
step:1080/2330 train_time:136853ms step_avg:126.72ms
step:1081/2330 train_time:136979ms step_avg:126.72ms
step:1082/2330 train_time:137107ms step_avg:126.72ms
step:1083/2330 train_time:137234ms step_avg:126.72ms
step:1084/2330 train_time:137361ms step_avg:126.72ms
step:1085/2330 train_time:137488ms step_avg:126.72ms
step:1086/2330 train_time:137615ms step_avg:126.72ms
step:1087/2330 train_time:137743ms step_avg:126.72ms
step:1088/2330 train_time:137876ms step_avg:126.72ms
step:1089/2330 train_time:138001ms step_avg:126.72ms
step:1090/2330 train_time:138129ms step_avg:126.72ms
step:1091/2330 train_time:138263ms step_avg:126.73ms
step:1092/2330 train_time:138391ms step_avg:126.73ms
step:1093/2330 train_time:138516ms step_avg:126.73ms
step:1094/2330 train_time:138639ms step_avg:126.73ms
step:1095/2330 train_time:138766ms step_avg:126.73ms
step:1096/2330 train_time:138893ms step_avg:126.73ms
step:1097/2330 train_time:139018ms step_avg:126.73ms
step:1098/2330 train_time:139146ms step_avg:126.73ms
step:1099/2330 train_time:139272ms step_avg:126.73ms
step:1100/2330 train_time:139398ms step_avg:126.73ms
step:1101/2330 train_time:139525ms step_avg:126.73ms
step:1102/2330 train_time:139651ms step_avg:126.73ms
step:1103/2330 train_time:139777ms step_avg:126.72ms
step:1104/2330 train_time:139904ms step_avg:126.72ms
step:1105/2330 train_time:140030ms step_avg:126.72ms
step:1106/2330 train_time:140157ms step_avg:126.72ms
step:1107/2330 train_time:140283ms step_avg:126.72ms
step:1108/2330 train_time:140409ms step_avg:126.72ms
step:1109/2330 train_time:140535ms step_avg:126.72ms
step:1110/2330 train_time:140663ms step_avg:126.72ms
step:1111/2330 train_time:140791ms step_avg:126.72ms
step:1112/2330 train_time:140915ms step_avg:126.72ms
step:1113/2330 train_time:141041ms step_avg:126.72ms
step:1114/2330 train_time:141168ms step_avg:126.72ms
step:1115/2330 train_time:141294ms step_avg:126.72ms
step:1116/2330 train_time:141421ms step_avg:126.72ms
step:1117/2330 train_time:141548ms step_avg:126.72ms
step:1118/2330 train_time:141673ms step_avg:126.72ms
step:1119/2330 train_time:141801ms step_avg:126.72ms
step:1120/2330 train_time:141927ms step_avg:126.72ms
step:1121/2330 train_time:142058ms step_avg:126.72ms
step:1122/2330 train_time:142185ms step_avg:126.72ms
step:1123/2330 train_time:142310ms step_avg:126.72ms
step:1124/2330 train_time:142436ms step_avg:126.72ms
step:1125/2330 train_time:142565ms step_avg:126.72ms
step:1126/2330 train_time:142691ms step_avg:126.72ms
step:1127/2330 train_time:142821ms step_avg:126.73ms
step:1128/2330 train_time:142945ms step_avg:126.72ms
step:1129/2330 train_time:143089ms step_avg:126.74ms
step:1130/2330 train_time:143215ms step_avg:126.74ms
step:1131/2330 train_time:143340ms step_avg:126.74ms
step:1132/2330 train_time:143465ms step_avg:126.74ms
step:1133/2330 train_time:143594ms step_avg:126.74ms
step:1134/2330 train_time:143720ms step_avg:126.74ms
step:1135/2330 train_time:143846ms step_avg:126.74ms
step:1136/2330 train_time:143973ms step_avg:126.74ms
step:1137/2330 train_time:144099ms step_avg:126.74ms
step:1138/2330 train_time:144225ms step_avg:126.74ms
step:1139/2330 train_time:144351ms step_avg:126.74ms
step:1140/2330 train_time:144478ms step_avg:126.74ms
step:1141/2330 train_time:144605ms step_avg:126.74ms
step:1142/2330 train_time:144731ms step_avg:126.74ms
step:1143/2330 train_time:144857ms step_avg:126.73ms
step:1144/2330 train_time:144984ms step_avg:126.73ms
step:1145/2330 train_time:145110ms step_avg:126.73ms
step:1146/2330 train_time:145237ms step_avg:126.73ms
step:1147/2330 train_time:145364ms step_avg:126.73ms
step:1148/2330 train_time:145491ms step_avg:126.73ms
step:1149/2330 train_time:145617ms step_avg:126.73ms
step:1150/2330 train_time:145747ms step_avg:126.74ms
step:1151/2330 train_time:145875ms step_avg:126.74ms
step:1152/2330 train_time:146004ms step_avg:126.74ms
step:1153/2330 train_time:146129ms step_avg:126.74ms
step:1154/2330 train_time:146259ms step_avg:126.74ms
step:1155/2330 train_time:146385ms step_avg:126.74ms
step:1156/2330 train_time:146512ms step_avg:126.74ms
step:1157/2330 train_time:146639ms step_avg:126.74ms
step:1158/2330 train_time:146767ms step_avg:126.74ms
step:1159/2330 train_time:146892ms step_avg:126.74ms
step:1160/2330 train_time:147022ms step_avg:126.74ms
step:1161/2330 train_time:147148ms step_avg:126.74ms
step:1162/2330 train_time:147274ms step_avg:126.74ms
step:1163/2330 train_time:147402ms step_avg:126.74ms
step:1164/2330 train_time:147530ms step_avg:126.74ms
step:1165/2330 train_time:147649ms step_avg:126.74ms
step:1166/2330 train_time:147780ms step_avg:126.74ms
step:1167/2330 train_time:147904ms step_avg:126.74ms
step:1168/2330 train_time:148026ms step_avg:126.73ms
step:1169/2330 train_time:148153ms step_avg:126.73ms
step:1170/2330 train_time:148278ms step_avg:126.73ms
step:1171/2330 train_time:148406ms step_avg:126.73ms
step:1172/2330 train_time:148534ms step_avg:126.74ms
step:1173/2330 train_time:148661ms step_avg:126.74ms
step:1174/2330 train_time:148788ms step_avg:126.74ms
step:1175/2330 train_time:148921ms step_avg:126.74ms
step:1176/2330 train_time:149048ms step_avg:126.74ms
step:1177/2330 train_time:149173ms step_avg:126.74ms
step:1178/2330 train_time:149293ms step_avg:126.73ms
step:1179/2330 train_time:149424ms step_avg:126.74ms
step:1180/2330 train_time:149551ms step_avg:126.74ms
step:1181/2330 train_time:149681ms step_avg:126.74ms
step:1182/2330 train_time:149802ms step_avg:126.74ms
step:1183/2330 train_time:149929ms step_avg:126.74ms
step:1184/2330 train_time:150057ms step_avg:126.74ms
step:1185/2330 train_time:150183ms step_avg:126.74ms
step:1186/2330 train_time:150312ms step_avg:126.74ms
step:1187/2330 train_time:150438ms step_avg:126.74ms
step:1188/2330 train_time:150563ms step_avg:126.74ms
step:1189/2330 train_time:150689ms step_avg:126.74ms
step:1190/2330 train_time:150815ms step_avg:126.74ms
step:1191/2330 train_time:150944ms step_avg:126.74ms
step:1192/2330 train_time:151068ms step_avg:126.73ms
step:1193/2330 train_time:151196ms step_avg:126.74ms
step:1194/2330 train_time:151323ms step_avg:126.74ms
step:1195/2330 train_time:151449ms step_avg:126.74ms
step:1196/2330 train_time:151576ms step_avg:126.74ms
step:1197/2330 train_time:151700ms step_avg:126.73ms
step:1198/2330 train_time:151829ms step_avg:126.74ms
step:1199/2330 train_time:151952ms step_avg:126.73ms
step:1200/2330 train_time:152082ms step_avg:126.74ms
step:1201/2330 train_time:152208ms step_avg:126.73ms
step:1202/2330 train_time:152334ms step_avg:126.73ms
step:1203/2330 train_time:152458ms step_avg:126.73ms
step:1204/2330 train_time:152588ms step_avg:126.73ms
step:1205/2330 train_time:152714ms step_avg:126.73ms
step:1206/2330 train_time:152840ms step_avg:126.73ms
step:1207/2330 train_time:152973ms step_avg:126.74ms
step:1208/2330 train_time:153099ms step_avg:126.74ms
step:1209/2330 train_time:153226ms step_avg:126.74ms
step:1210/2330 train_time:153374ms step_avg:126.76ms
step:1211/2330 train_time:153509ms step_avg:126.76ms
step:1212/2330 train_time:153636ms step_avg:126.76ms
step:1213/2330 train_time:153752ms step_avg:126.75ms
step:1214/2330 train_time:153878ms step_avg:126.75ms
step:1215/2330 train_time:154004ms step_avg:126.75ms
step:1216/2330 train_time:154131ms step_avg:126.75ms
step:1217/2330 train_time:154258ms step_avg:126.75ms
step:1218/2330 train_time:154384ms step_avg:126.75ms
step:1219/2330 train_time:154511ms step_avg:126.75ms
step:1220/2330 train_time:154636ms step_avg:126.75ms
step:1221/2330 train_time:154763ms step_avg:126.75ms
step:1222/2330 train_time:154891ms step_avg:126.75ms
step:1223/2330 train_time:155018ms step_avg:126.75ms
step:1224/2330 train_time:155153ms step_avg:126.76ms
step:1225/2330 train_time:155271ms step_avg:126.75ms
step:1226/2330 train_time:155398ms step_avg:126.75ms
step:1227/2330 train_time:155526ms step_avg:126.75ms
step:1228/2330 train_time:155653ms step_avg:126.75ms
step:1229/2330 train_time:155782ms step_avg:126.76ms
step:1230/2330 train_time:155907ms step_avg:126.75ms
step:1231/2330 train_time:156033ms step_avg:126.75ms
step:1232/2330 train_time:156158ms step_avg:126.75ms
step:1233/2330 train_time:156286ms step_avg:126.75ms
step:1234/2330 train_time:156413ms step_avg:126.75ms
step:1235/2330 train_time:156539ms step_avg:126.75ms
step:1236/2330 train_time:156667ms step_avg:126.75ms
step:1237/2330 train_time:156795ms step_avg:126.75ms
step:1238/2330 train_time:156921ms step_avg:126.75ms
step:1239/2330 train_time:157047ms step_avg:126.75ms
step:1240/2330 train_time:157174ms step_avg:126.75ms
step:1241/2330 train_time:157300ms step_avg:126.75ms
step:1242/2330 train_time:157427ms step_avg:126.75ms
step:1243/2330 train_time:157553ms step_avg:126.75ms
step:1244/2330 train_time:157681ms step_avg:126.75ms
step:1245/2330 train_time:157807ms step_avg:126.75ms
step:1246/2330 train_time:157933ms step_avg:126.75ms
step:1247/2330 train_time:158088ms step_avg:126.77ms
step:1248/2330 train_time:158215ms step_avg:126.78ms
step:1249/2330 train_time:158343ms step_avg:126.78ms
step:1250/2330 train_time:158475ms step_avg:126.78ms
step:1250/2330 val_loss:3.5147 train_time:158553ms step_avg:126.84ms
step:1251/2330 train_time:158665ms step_avg:126.83ms
step:1252/2330 train_time:158797ms step_avg:126.84ms
step:1253/2330 train_time:158914ms step_avg:126.83ms
step:1254/2330 train_time:159040ms step_avg:126.83ms
step:1255/2330 train_time:159167ms step_avg:126.83ms
step:1256/2330 train_time:159293ms step_avg:126.83ms
step:1257/2330 train_time:159419ms step_avg:126.83ms
step:1258/2330 train_time:159546ms step_avg:126.83ms
step:1259/2330 train_time:159672ms step_avg:126.82ms
step:1260/2330 train_time:159797ms step_avg:126.82ms
step:1261/2330 train_time:159925ms step_avg:126.82ms
step:1262/2330 train_time:160050ms step_avg:126.82ms
step:1263/2330 train_time:160177ms step_avg:126.82ms
step:1264/2330 train_time:160305ms step_avg:126.82ms
step:1265/2330 train_time:160431ms step_avg:126.82ms
step:1266/2330 train_time:160558ms step_avg:126.82ms
step:1267/2330 train_time:160684ms step_avg:126.82ms
step:1268/2330 train_time:160810ms step_avg:126.82ms
step:1269/2330 train_time:160936ms step_avg:126.82ms
step:1270/2330 train_time:161063ms step_avg:126.82ms
step:1271/2330 train_time:161189ms step_avg:126.82ms
step:1272/2330 train_time:161315ms step_avg:126.82ms
step:1273/2330 train_time:161440ms step_avg:126.82ms
step:1274/2330 train_time:161568ms step_avg:126.82ms
step:1275/2330 train_time:161694ms step_avg:126.82ms
step:1276/2330 train_time:161821ms step_avg:126.82ms
step:1277/2330 train_time:161947ms step_avg:126.82ms
step:1278/2330 train_time:162074ms step_avg:126.82ms
step:1279/2330 train_time:162201ms step_avg:126.82ms
step:1280/2330 train_time:162327ms step_avg:126.82ms
step:1281/2330 train_time:162454ms step_avg:126.82ms
step:1282/2330 train_time:162582ms step_avg:126.82ms
step:1283/2330 train_time:162709ms step_avg:126.82ms
step:1284/2330 train_time:162837ms step_avg:126.82ms
step:1285/2330 train_time:162962ms step_avg:126.82ms
step:1286/2330 train_time:163089ms step_avg:126.82ms
step:1287/2330 train_time:163214ms step_avg:126.82ms
step:1288/2330 train_time:163342ms step_avg:126.82ms
step:1289/2330 train_time:163467ms step_avg:126.82ms
step:1290/2330 train_time:163595ms step_avg:126.82ms
step:1291/2330 train_time:163721ms step_avg:126.82ms
step:1292/2330 train_time:163848ms step_avg:126.82ms
step:1293/2330 train_time:163972ms step_avg:126.82ms
step:1294/2330 train_time:164098ms step_avg:126.81ms
step:1295/2330 train_time:164224ms step_avg:126.81ms
step:1296/2330 train_time:164352ms step_avg:126.81ms
step:1297/2330 train_time:164478ms step_avg:126.81ms
step:1298/2330 train_time:164604ms step_avg:126.81ms
step:1299/2330 train_time:164730ms step_avg:126.81ms
step:1300/2330 train_time:164857ms step_avg:126.81ms
step:1301/2330 train_time:164983ms step_avg:126.81ms
step:1302/2330 train_time:165113ms step_avg:126.82ms
step:1303/2330 train_time:165239ms step_avg:126.81ms
step:1304/2330 train_time:165368ms step_avg:126.82ms
step:1305/2330 train_time:165492ms step_avg:126.81ms
step:1306/2330 train_time:165619ms step_avg:126.81ms
step:1307/2330 train_time:165745ms step_avg:126.81ms
step:1308/2330 train_time:165876ms step_avg:126.82ms
step:1309/2330 train_time:166005ms step_avg:126.82ms
step:1310/2330 train_time:166134ms step_avg:126.82ms
step:1311/2330 train_time:166261ms step_avg:126.82ms
step:1312/2330 train_time:166388ms step_avg:126.82ms
step:1313/2330 train_time:166515ms step_avg:126.82ms
step:1314/2330 train_time:166646ms step_avg:126.82ms
step:1315/2330 train_time:166777ms step_avg:126.83ms
step:1316/2330 train_time:166901ms step_avg:126.82ms
step:1317/2330 train_time:167027ms step_avg:126.82ms
step:1318/2330 train_time:167154ms step_avg:126.82ms
step:1319/2330 train_time:167280ms step_avg:126.82ms
step:1320/2330 train_time:167406ms step_avg:126.82ms
step:1321/2330 train_time:167535ms step_avg:126.82ms
step:1322/2330 train_time:167661ms step_avg:126.82ms
step:1323/2330 train_time:167786ms step_avg:126.82ms
step:1324/2330 train_time:167911ms step_avg:126.82ms
step:1325/2330 train_time:168037ms step_avg:126.82ms
step:1326/2330 train_time:168165ms step_avg:126.82ms
step:1327/2330 train_time:168291ms step_avg:126.82ms
step:1328/2330 train_time:168418ms step_avg:126.82ms
step:1329/2330 train_time:168544ms step_avg:126.82ms
step:1330/2330 train_time:168670ms step_avg:126.82ms
step:1331/2330 train_time:168797ms step_avg:126.82ms
step:1332/2330 train_time:168923ms step_avg:126.82ms
step:1333/2330 train_time:169049ms step_avg:126.82ms
step:1334/2330 train_time:169176ms step_avg:126.82ms
step:1335/2330 train_time:169302ms step_avg:126.82ms
step:1336/2330 train_time:169429ms step_avg:126.82ms
step:1337/2330 train_time:169555ms step_avg:126.82ms
step:1338/2330 train_time:169680ms step_avg:126.82ms
step:1339/2330 train_time:169806ms step_avg:126.82ms
step:1340/2330 train_time:169933ms step_avg:126.82ms
step:1341/2330 train_time:170060ms step_avg:126.82ms
step:1342/2330 train_time:170186ms step_avg:126.82ms
step:1343/2330 train_time:170313ms step_avg:126.82ms
step:1344/2330 train_time:170439ms step_avg:126.82ms
step:1345/2330 train_time:170566ms step_avg:126.81ms
step:1346/2330 train_time:170693ms step_avg:126.82ms
step:1347/2330 train_time:170821ms step_avg:126.82ms
step:1348/2330 train_time:170949ms step_avg:126.82ms
step:1349/2330 train_time:171075ms step_avg:126.82ms
step:1350/2330 train_time:171203ms step_avg:126.82ms
step:1351/2330 train_time:171330ms step_avg:126.82ms
step:1352/2330 train_time:171454ms step_avg:126.81ms
step:1353/2330 train_time:171580ms step_avg:126.81ms
step:1354/2330 train_time:171708ms step_avg:126.82ms
step:1355/2330 train_time:171834ms step_avg:126.81ms
step:1356/2330 train_time:171960ms step_avg:126.81ms
step:1357/2330 train_time:172087ms step_avg:126.81ms
step:1358/2330 train_time:172213ms step_avg:126.81ms
step:1359/2330 train_time:172339ms step_avg:126.81ms
step:1360/2330 train_time:172466ms step_avg:126.81ms
step:1361/2330 train_time:172593ms step_avg:126.81ms
step:1362/2330 train_time:172720ms step_avg:126.81ms
step:1363/2330 train_time:172846ms step_avg:126.81ms
step:1364/2330 train_time:172972ms step_avg:126.81ms
step:1365/2330 train_time:173098ms step_avg:126.81ms
step:1366/2330 train_time:173225ms step_avg:126.81ms
step:1367/2330 train_time:173353ms step_avg:126.81ms
step:1368/2330 train_time:173483ms step_avg:126.81ms
step:1369/2330 train_time:173608ms step_avg:126.81ms
step:1370/2330 train_time:173735ms step_avg:126.81ms
step:1371/2330 train_time:173860ms step_avg:126.81ms
step:1372/2330 train_time:173988ms step_avg:126.81ms
step:1373/2330 train_time:174113ms step_avg:126.81ms
step:1374/2330 train_time:174240ms step_avg:126.81ms
step:1375/2330 train_time:174368ms step_avg:126.81ms
step:1376/2330 train_time:174493ms step_avg:126.81ms
step:1377/2330 train_time:174619ms step_avg:126.81ms
step:1378/2330 train_time:174746ms step_avg:126.81ms
step:1379/2330 train_time:174872ms step_avg:126.81ms
step:1380/2330 train_time:174998ms step_avg:126.81ms
step:1381/2330 train_time:175125ms step_avg:126.81ms
step:1382/2330 train_time:175251ms step_avg:126.81ms
step:1383/2330 train_time:175377ms step_avg:126.81ms
step:1384/2330 train_time:175502ms step_avg:126.81ms
step:1385/2330 train_time:175633ms step_avg:126.81ms
step:1386/2330 train_time:175761ms step_avg:126.81ms
step:1387/2330 train_time:175886ms step_avg:126.81ms
step:1388/2330 train_time:176012ms step_avg:126.81ms
step:1389/2330 train_time:176137ms step_avg:126.81ms
step:1390/2330 train_time:176264ms step_avg:126.81ms
step:1391/2330 train_time:176389ms step_avg:126.81ms
step:1392/2330 train_time:176516ms step_avg:126.81ms
step:1393/2330 train_time:176643ms step_avg:126.81ms
step:1394/2330 train_time:176771ms step_avg:126.81ms
step:1395/2330 train_time:176896ms step_avg:126.81ms
step:1396/2330 train_time:177024ms step_avg:126.81ms
step:1397/2330 train_time:177152ms step_avg:126.81ms
step:1398/2330 train_time:177279ms step_avg:126.81ms
step:1399/2330 train_time:177406ms step_avg:126.81ms
step:1400/2330 train_time:177533ms step_avg:126.81ms
step:1401/2330 train_time:177660ms step_avg:126.81ms
step:1402/2330 train_time:177787ms step_avg:126.81ms
step:1403/2330 train_time:177913ms step_avg:126.81ms
step:1404/2330 train_time:178041ms step_avg:126.81ms
step:1405/2330 train_time:178166ms step_avg:126.81ms
step:1406/2330 train_time:178293ms step_avg:126.81ms
step:1407/2330 train_time:178418ms step_avg:126.81ms
step:1408/2330 train_time:178545ms step_avg:126.81ms
step:1409/2330 train_time:178671ms step_avg:126.81ms
step:1410/2330 train_time:178798ms step_avg:126.81ms
step:1411/2330 train_time:178924ms step_avg:126.81ms
step:1412/2330 train_time:179053ms step_avg:126.81ms
step:1413/2330 train_time:179178ms step_avg:126.81ms
step:1414/2330 train_time:179306ms step_avg:126.81ms
step:1415/2330 train_time:179431ms step_avg:126.81ms
step:1416/2330 train_time:179560ms step_avg:126.81ms
step:1417/2330 train_time:179686ms step_avg:126.81ms
step:1418/2330 train_time:179814ms step_avg:126.81ms
step:1419/2330 train_time:179937ms step_avg:126.81ms
step:1420/2330 train_time:180066ms step_avg:126.81ms
step:1421/2330 train_time:180191ms step_avg:126.81ms
step:1422/2330 train_time:180317ms step_avg:126.81ms
step:1423/2330 train_time:180441ms step_avg:126.80ms
step:1424/2330 train_time:180574ms step_avg:126.81ms
step:1425/2330 train_time:180694ms step_avg:126.80ms
step:1426/2330 train_time:180821ms step_avg:126.80ms
step:1427/2330 train_time:180949ms step_avg:126.80ms
step:1428/2330 train_time:181076ms step_avg:126.80ms
step:1429/2330 train_time:181203ms step_avg:126.80ms
step:1430/2330 train_time:181328ms step_avg:126.80ms
step:1431/2330 train_time:181455ms step_avg:126.80ms
step:1432/2330 train_time:181581ms step_avg:126.80ms
step:1433/2330 train_time:181707ms step_avg:126.80ms
step:1434/2330 train_time:181832ms step_avg:126.80ms
step:1435/2330 train_time:181958ms step_avg:126.80ms
step:1436/2330 train_time:182084ms step_avg:126.80ms
step:1437/2330 train_time:182210ms step_avg:126.80ms
step:1438/2330 train_time:182336ms step_avg:126.80ms
step:1439/2330 train_time:182462ms step_avg:126.80ms
step:1440/2330 train_time:182589ms step_avg:126.80ms
step:1441/2330 train_time:182715ms step_avg:126.80ms
step:1442/2330 train_time:182842ms step_avg:126.80ms
step:1443/2330 train_time:182968ms step_avg:126.80ms
step:1444/2330 train_time:183095ms step_avg:126.80ms
step:1445/2330 train_time:183221ms step_avg:126.80ms
step:1446/2330 train_time:183347ms step_avg:126.80ms
step:1447/2330 train_time:183473ms step_avg:126.80ms
step:1448/2330 train_time:183600ms step_avg:126.80ms
step:1449/2330 train_time:183725ms step_avg:126.79ms
step:1450/2330 train_time:183852ms step_avg:126.79ms
step:1451/2330 train_time:183980ms step_avg:126.80ms
step:1452/2330 train_time:184106ms step_avg:126.80ms
step:1453/2330 train_time:184233ms step_avg:126.79ms
step:1454/2330 train_time:184360ms step_avg:126.80ms
step:1455/2330 train_time:184487ms step_avg:126.79ms
step:1456/2330 train_time:184613ms step_avg:126.79ms
step:1457/2330 train_time:184736ms step_avg:126.79ms
step:1458/2330 train_time:184865ms step_avg:126.79ms
step:1459/2330 train_time:184992ms step_avg:126.79ms
step:1460/2330 train_time:185116ms step_avg:126.79ms
step:1461/2330 train_time:185242ms step_avg:126.79ms
step:1462/2330 train_time:185368ms step_avg:126.79ms
step:1463/2330 train_time:185496ms step_avg:126.79ms
step:1464/2330 train_time:185623ms step_avg:126.79ms
step:1465/2330 train_time:185749ms step_avg:126.79ms
step:1466/2330 train_time:185877ms step_avg:126.79ms
step:1467/2330 train_time:186004ms step_avg:126.79ms
step:1468/2330 train_time:186131ms step_avg:126.79ms
step:1469/2330 train_time:186257ms step_avg:126.79ms
step:1470/2330 train_time:186388ms step_avg:126.79ms
step:1471/2330 train_time:186516ms step_avg:126.80ms
step:1472/2330 train_time:186643ms step_avg:126.80ms
step:1473/2330 train_time:186768ms step_avg:126.79ms
step:1474/2330 train_time:186895ms step_avg:126.79ms
step:1475/2330 train_time:187021ms step_avg:126.79ms
step:1476/2330 train_time:187151ms step_avg:126.80ms
step:1477/2330 train_time:187277ms step_avg:126.80ms
step:1478/2330 train_time:187401ms step_avg:126.79ms
step:1479/2330 train_time:187530ms step_avg:126.80ms
step:1480/2330 train_time:187656ms step_avg:126.79ms
step:1481/2330 train_time:187781ms step_avg:126.79ms
step:1482/2330 train_time:187909ms step_avg:126.79ms
step:1483/2330 train_time:188034ms step_avg:126.79ms
step:1484/2330 train_time:188163ms step_avg:126.79ms
step:1485/2330 train_time:188290ms step_avg:126.79ms
step:1486/2330 train_time:188413ms step_avg:126.79ms
step:1487/2330 train_time:188540ms step_avg:126.79ms
step:1488/2330 train_time:188666ms step_avg:126.79ms
step:1489/2330 train_time:188792ms step_avg:126.79ms
step:1490/2330 train_time:188920ms step_avg:126.79ms
step:1491/2330 train_time:189045ms step_avg:126.79ms
step:1492/2330 train_time:189172ms step_avg:126.79ms
step:1493/2330 train_time:189298ms step_avg:126.79ms
step:1494/2330 train_time:189424ms step_avg:126.79ms
step:1495/2330 train_time:189550ms step_avg:126.79ms
step:1496/2330 train_time:189676ms step_avg:126.79ms
step:1497/2330 train_time:189802ms step_avg:126.79ms
step:1498/2330 train_time:189930ms step_avg:126.79ms
step:1499/2330 train_time:190055ms step_avg:126.79ms
step:1500/2330 train_time:190183ms step_avg:126.79ms
step:1500/2330 val_loss:3.4486 train_time:190262ms step_avg:126.84ms
step:1501/2330 train_time:190376ms step_avg:126.83ms
step:1502/2330 train_time:190504ms step_avg:126.83ms
step:1503/2330 train_time:190630ms step_avg:126.83ms
step:1504/2330 train_time:190756ms step_avg:126.83ms
step:1505/2330 train_time:190882ms step_avg:126.83ms
step:1506/2330 train_time:191009ms step_avg:126.83ms
step:1507/2330 train_time:191135ms step_avg:126.83ms
step:1508/2330 train_time:191263ms step_avg:126.83ms
step:1509/2330 train_time:191387ms step_avg:126.83ms
step:1510/2330 train_time:191514ms step_avg:126.83ms
step:1511/2330 train_time:191643ms step_avg:126.83ms
step:1512/2330 train_time:191770ms step_avg:126.83ms
step:1513/2330 train_time:191895ms step_avg:126.83ms
step:1514/2330 train_time:192020ms step_avg:126.83ms
step:1515/2330 train_time:192145ms step_avg:126.83ms
step:1516/2330 train_time:192272ms step_avg:126.83ms
step:1517/2330 train_time:192399ms step_avg:126.83ms
step:1518/2330 train_time:192526ms step_avg:126.83ms
step:1519/2330 train_time:192652ms step_avg:126.83ms
step:1520/2330 train_time:192778ms step_avg:126.83ms
step:1521/2330 train_time:192908ms step_avg:126.83ms
step:1522/2330 train_time:193036ms step_avg:126.83ms
step:1523/2330 train_time:193161ms step_avg:126.83ms
step:1524/2330 train_time:193286ms step_avg:126.83ms
step:1525/2330 train_time:193411ms step_avg:126.83ms
step:1526/2330 train_time:193540ms step_avg:126.83ms
step:1527/2330 train_time:193668ms step_avg:126.83ms
step:1528/2330 train_time:193795ms step_avg:126.83ms
step:1529/2330 train_time:193920ms step_avg:126.83ms
step:1530/2330 train_time:194051ms step_avg:126.83ms
step:1531/2330 train_time:194178ms step_avg:126.83ms
step:1532/2330 train_time:194303ms step_avg:126.83ms
step:1533/2330 train_time:194433ms step_avg:126.83ms
step:1534/2330 train_time:194561ms step_avg:126.83ms
step:1535/2330 train_time:194691ms step_avg:126.83ms
step:1536/2330 train_time:194817ms step_avg:126.83ms
step:1537/2330 train_time:194947ms step_avg:126.84ms
step:1538/2330 train_time:195075ms step_avg:126.84ms
step:1539/2330 train_time:195202ms step_avg:126.84ms
step:1540/2330 train_time:195331ms step_avg:126.84ms
step:1541/2330 train_time:195459ms step_avg:126.84ms
step:1542/2330 train_time:195583ms step_avg:126.84ms
step:1543/2330 train_time:195714ms step_avg:126.84ms
step:1544/2330 train_time:195840ms step_avg:126.84ms
step:1545/2330 train_time:195971ms step_avg:126.84ms
step:1546/2330 train_time:196099ms step_avg:126.84ms
step:1547/2330 train_time:196226ms step_avg:126.84ms
step:1548/2330 train_time:196354ms step_avg:126.84ms
step:1549/2330 train_time:196482ms step_avg:126.84ms
step:1550/2330 train_time:196610ms step_avg:126.85ms
step:1551/2330 train_time:196737ms step_avg:126.85ms
step:1552/2330 train_time:196866ms step_avg:126.85ms
step:1553/2330 train_time:196991ms step_avg:126.85ms
step:1554/2330 train_time:197119ms step_avg:126.85ms
step:1555/2330 train_time:197245ms step_avg:126.85ms
step:1556/2330 train_time:197374ms step_avg:126.85ms
step:1557/2330 train_time:197500ms step_avg:126.85ms
step:1558/2330 train_time:197628ms step_avg:126.85ms
step:1559/2330 train_time:197755ms step_avg:126.85ms
step:1560/2330 train_time:197887ms step_avg:126.85ms
step:1561/2330 train_time:198011ms step_avg:126.85ms
step:1562/2330 train_time:198139ms step_avg:126.85ms
step:1563/2330 train_time:198267ms step_avg:126.85ms
step:1564/2330 train_time:198398ms step_avg:126.85ms
step:1565/2330 train_time:198529ms step_avg:126.86ms
step:1566/2330 train_time:198655ms step_avg:126.85ms
step:1567/2330 train_time:198781ms step_avg:126.85ms
step:1568/2330 train_time:198914ms step_avg:126.86ms
step:1569/2330 train_time:199039ms step_avg:126.86ms
step:1570/2330 train_time:199168ms step_avg:126.86ms
step:1571/2330 train_time:199294ms step_avg:126.86ms
step:1572/2330 train_time:199421ms step_avg:126.86ms
step:1573/2330 train_time:199548ms step_avg:126.86ms
step:1574/2330 train_time:199675ms step_avg:126.86ms
step:1575/2330 train_time:199802ms step_avg:126.86ms
step:1576/2330 train_time:199929ms step_avg:126.86ms
step:1577/2330 train_time:200055ms step_avg:126.86ms
step:1578/2330 train_time:200182ms step_avg:126.86ms
step:1579/2330 train_time:200309ms step_avg:126.86ms
step:1580/2330 train_time:200438ms step_avg:126.86ms
step:1581/2330 train_time:200569ms step_avg:126.86ms
step:1582/2330 train_time:200696ms step_avg:126.86ms
step:1583/2330 train_time:200823ms step_avg:126.86ms
step:1584/2330 train_time:200951ms step_avg:126.86ms
step:1585/2330 train_time:201078ms step_avg:126.86ms
step:1586/2330 train_time:201207ms step_avg:126.86ms
step:1587/2330 train_time:201334ms step_avg:126.86ms
step:1588/2330 train_time:201461ms step_avg:126.86ms
step:1589/2330 train_time:201597ms step_avg:126.87ms
step:1590/2330 train_time:201725ms step_avg:126.87ms
step:1591/2330 train_time:201852ms step_avg:126.87ms
step:1592/2330 train_time:201980ms step_avg:126.87ms
step:1593/2330 train_time:202107ms step_avg:126.87ms
step:1594/2330 train_time:202235ms step_avg:126.87ms
step:1595/2330 train_time:202363ms step_avg:126.87ms
step:1596/2330 train_time:202490ms step_avg:126.87ms
step:1597/2330 train_time:202613ms step_avg:126.87ms
step:1598/2330 train_time:202741ms step_avg:126.87ms
step:1599/2330 train_time:202869ms step_avg:126.87ms
step:1600/2330 train_time:202995ms step_avg:126.87ms
step:1601/2330 train_time:203121ms step_avg:126.87ms
step:1602/2330 train_time:203248ms step_avg:126.87ms
step:1603/2330 train_time:203375ms step_avg:126.87ms
step:1604/2330 train_time:203503ms step_avg:126.87ms
step:1605/2330 train_time:203630ms step_avg:126.87ms
step:1606/2330 train_time:203758ms step_avg:126.87ms
step:1607/2330 train_time:203886ms step_avg:126.87ms
step:1608/2330 train_time:204013ms step_avg:126.87ms
step:1609/2330 train_time:204141ms step_avg:126.87ms
step:1610/2330 train_time:204269ms step_avg:126.88ms
step:1611/2330 train_time:204396ms step_avg:126.88ms
step:1612/2330 train_time:204525ms step_avg:126.88ms
step:1613/2330 train_time:204653ms step_avg:126.88ms
step:1614/2330 train_time:204781ms step_avg:126.88ms
step:1615/2330 train_time:204909ms step_avg:126.88ms
step:1616/2330 train_time:205037ms step_avg:126.88ms
step:1617/2330 train_time:205165ms step_avg:126.88ms
step:1618/2330 train_time:205297ms step_avg:126.88ms
step:1619/2330 train_time:205424ms step_avg:126.88ms
step:1620/2330 train_time:205552ms step_avg:126.88ms
step:1621/2330 train_time:205679ms step_avg:126.88ms
step:1622/2330 train_time:205812ms step_avg:126.89ms
step:1623/2330 train_time:205931ms step_avg:126.88ms
step:1624/2330 train_time:206063ms step_avg:126.89ms
step:1625/2330 train_time:206188ms step_avg:126.88ms
step:1626/2330 train_time:206322ms step_avg:126.89ms
step:1627/2330 train_time:206448ms step_avg:126.89ms
step:1628/2330 train_time:206570ms step_avg:126.89ms
step:1629/2330 train_time:206699ms step_avg:126.89ms
step:1630/2330 train_time:206825ms step_avg:126.89ms
step:1631/2330 train_time:206955ms step_avg:126.89ms
step:1632/2330 train_time:207083ms step_avg:126.89ms
step:1633/2330 train_time:207210ms step_avg:126.89ms
step:1634/2330 train_time:207339ms step_avg:126.89ms
step:1635/2330 train_time:207465ms step_avg:126.89ms
step:1636/2330 train_time:207593ms step_avg:126.89ms
step:1637/2330 train_time:207719ms step_avg:126.89ms
step:1638/2330 train_time:207849ms step_avg:126.89ms
step:1639/2330 train_time:207975ms step_avg:126.89ms
step:1640/2330 train_time:208103ms step_avg:126.89ms
step:1641/2330 train_time:208230ms step_avg:126.89ms
step:1642/2330 train_time:208357ms step_avg:126.89ms
step:1643/2330 train_time:208485ms step_avg:126.89ms
step:1644/2330 train_time:208613ms step_avg:126.89ms
step:1645/2330 train_time:208740ms step_avg:126.89ms
step:1646/2330 train_time:208868ms step_avg:126.89ms
step:1647/2330 train_time:208995ms step_avg:126.89ms
step:1648/2330 train_time:209124ms step_avg:126.90ms
step:1649/2330 train_time:209251ms step_avg:126.90ms
step:1650/2330 train_time:209378ms step_avg:126.90ms
step:1651/2330 train_time:209505ms step_avg:126.90ms
step:1652/2330 train_time:209633ms step_avg:126.90ms
step:1653/2330 train_time:209760ms step_avg:126.90ms
step:1654/2330 train_time:209889ms step_avg:126.90ms
step:1655/2330 train_time:210016ms step_avg:126.90ms
step:1656/2330 train_time:210143ms step_avg:126.90ms
step:1657/2330 train_time:210271ms step_avg:126.90ms
step:1658/2330 train_time:210399ms step_avg:126.90ms
step:1659/2330 train_time:210526ms step_avg:126.90ms
step:1660/2330 train_time:210658ms step_avg:126.90ms
step:1661/2330 train_time:210786ms step_avg:126.90ms
step:1662/2330 train_time:210909ms step_avg:126.90ms
step:1663/2330 train_time:211035ms step_avg:126.90ms
step:1664/2330 train_time:211163ms step_avg:126.90ms
step:1665/2330 train_time:211291ms step_avg:126.90ms
step:1666/2330 train_time:211418ms step_avg:126.90ms
step:1667/2330 train_time:211545ms step_avg:126.90ms
step:1668/2330 train_time:211674ms step_avg:126.90ms
step:1669/2330 train_time:211802ms step_avg:126.90ms
step:1670/2330 train_time:211929ms step_avg:126.90ms
step:1671/2330 train_time:212055ms step_avg:126.90ms
step:1672/2330 train_time:212184ms step_avg:126.90ms
step:1673/2330 train_time:212310ms step_avg:126.90ms
step:1674/2330 train_time:212440ms step_avg:126.91ms
step:1675/2330 train_time:212566ms step_avg:126.90ms
step:1676/2330 train_time:212694ms step_avg:126.91ms
step:1677/2330 train_time:212822ms step_avg:126.91ms
step:1678/2330 train_time:212950ms step_avg:126.91ms
step:1679/2330 train_time:213077ms step_avg:126.91ms
step:1680/2330 train_time:213206ms step_avg:126.91ms
step:1681/2330 train_time:213335ms step_avg:126.91ms
step:1682/2330 train_time:213464ms step_avg:126.91ms
step:1683/2330 train_time:213590ms step_avg:126.91ms
step:1684/2330 train_time:213718ms step_avg:126.91ms
step:1685/2330 train_time:213848ms step_avg:126.91ms
step:1686/2330 train_time:213977ms step_avg:126.91ms
step:1687/2330 train_time:214107ms step_avg:126.92ms
step:1688/2330 train_time:214236ms step_avg:126.92ms
step:1689/2330 train_time:214362ms step_avg:126.92ms
step:1690/2330 train_time:214491ms step_avg:126.92ms
step:1691/2330 train_time:214617ms step_avg:126.92ms
step:1692/2330 train_time:214745ms step_avg:126.92ms
step:1693/2330 train_time:214871ms step_avg:126.92ms
step:1694/2330 train_time:215000ms step_avg:126.92ms
step:1695/2330 train_time:215126ms step_avg:126.92ms
step:1696/2330 train_time:215254ms step_avg:126.92ms
step:1697/2330 train_time:215381ms step_avg:126.92ms
step:1698/2330 train_time:215510ms step_avg:126.92ms
step:1699/2330 train_time:215637ms step_avg:126.92ms
step:1700/2330 train_time:215765ms step_avg:126.92ms
step:1701/2330 train_time:215893ms step_avg:126.92ms
step:1702/2330 train_time:216018ms step_avg:126.92ms
step:1703/2330 train_time:216145ms step_avg:126.92ms
step:1704/2330 train_time:216274ms step_avg:126.92ms
step:1705/2330 train_time:216401ms step_avg:126.92ms
step:1706/2330 train_time:216529ms step_avg:126.92ms
step:1707/2330 train_time:216656ms step_avg:126.92ms
step:1708/2330 train_time:216785ms step_avg:126.92ms
step:1709/2330 train_time:216913ms step_avg:126.92ms
step:1710/2330 train_time:217041ms step_avg:126.92ms
step:1711/2330 train_time:217168ms step_avg:126.92ms
step:1712/2330 train_time:217297ms step_avg:126.93ms
step:1713/2330 train_time:217424ms step_avg:126.93ms
step:1714/2330 train_time:217552ms step_avg:126.93ms
step:1715/2330 train_time:217687ms step_avg:126.93ms
step:1716/2330 train_time:217815ms step_avg:126.93ms
step:1717/2330 train_time:217935ms step_avg:126.93ms
step:1718/2330 train_time:218063ms step_avg:126.93ms
step:1719/2330 train_time:218190ms step_avg:126.93ms
step:1720/2330 train_time:218321ms step_avg:126.93ms
step:1721/2330 train_time:218448ms step_avg:126.93ms
step:1722/2330 train_time:218576ms step_avg:126.93ms
step:1723/2330 train_time:218703ms step_avg:126.93ms
step:1724/2330 train_time:218831ms step_avg:126.93ms
step:1725/2330 train_time:218959ms step_avg:126.93ms
step:1726/2330 train_time:219087ms step_avg:126.93ms
step:1727/2330 train_time:219214ms step_avg:126.93ms
step:1728/2330 train_time:219342ms step_avg:126.93ms
step:1729/2330 train_time:219470ms step_avg:126.93ms
step:1730/2330 train_time:219597ms step_avg:126.93ms
step:1731/2330 train_time:219724ms step_avg:126.93ms
step:1732/2330 train_time:219853ms step_avg:126.94ms
step:1733/2330 train_time:219981ms step_avg:126.94ms
step:1734/2330 train_time:220109ms step_avg:126.94ms
step:1735/2330 train_time:220235ms step_avg:126.94ms
step:1736/2330 train_time:220365ms step_avg:126.94ms
step:1737/2330 train_time:220492ms step_avg:126.94ms
step:1738/2330 train_time:220619ms step_avg:126.94ms
step:1739/2330 train_time:220747ms step_avg:126.94ms
step:1740/2330 train_time:220875ms step_avg:126.94ms
step:1741/2330 train_time:221003ms step_avg:126.94ms
step:1742/2330 train_time:221131ms step_avg:126.94ms
step:1743/2330 train_time:221257ms step_avg:126.94ms
step:1744/2330 train_time:221385ms step_avg:126.94ms
step:1745/2330 train_time:221512ms step_avg:126.94ms
step:1746/2330 train_time:221640ms step_avg:126.94ms
step:1747/2330 train_time:221770ms step_avg:126.94ms
step:1748/2330 train_time:221900ms step_avg:126.94ms
step:1749/2330 train_time:222027ms step_avg:126.95ms
step:1750/2330 train_time:222155ms step_avg:126.95ms
step:1750/2330 val_loss:3.3780 train_time:222231ms step_avg:126.99ms
step:1751/2330 train_time:222348ms step_avg:126.98ms
step:1752/2330 train_time:222465ms step_avg:126.98ms
step:1753/2330 train_time:222588ms step_avg:126.98ms
step:1754/2330 train_time:222715ms step_avg:126.98ms
step:1755/2330 train_time:222840ms step_avg:126.97ms
step:1756/2330 train_time:222967ms step_avg:126.97ms
step:1757/2330 train_time:223094ms step_avg:126.97ms
step:1758/2330 train_time:223225ms step_avg:126.98ms
step:1759/2330 train_time:223351ms step_avg:126.98ms
step:1760/2330 train_time:223477ms step_avg:126.98ms
step:1761/2330 train_time:223604ms step_avg:126.98ms
step:1762/2330 train_time:223731ms step_avg:126.98ms
step:1763/2330 train_time:223857ms step_avg:126.98ms
step:1764/2330 train_time:223986ms step_avg:126.98ms
step:1765/2330 train_time:224113ms step_avg:126.98ms
step:1766/2330 train_time:224244ms step_avg:126.98ms
step:1767/2330 train_time:224374ms step_avg:126.98ms
step:1768/2330 train_time:224498ms step_avg:126.98ms
step:1769/2330 train_time:224624ms step_avg:126.98ms
step:1770/2330 train_time:224749ms step_avg:126.98ms
step:1771/2330 train_time:224879ms step_avg:126.98ms
step:1772/2330 train_time:225004ms step_avg:126.98ms
step:1773/2330 train_time:225132ms step_avg:126.98ms
step:1774/2330 train_time:225261ms step_avg:126.98ms
step:1775/2330 train_time:225388ms step_avg:126.98ms
step:1776/2330 train_time:225518ms step_avg:126.98ms
step:1777/2330 train_time:225645ms step_avg:126.98ms
step:1778/2330 train_time:225772ms step_avg:126.98ms
step:1779/2330 train_time:225900ms step_avg:126.98ms
step:1780/2330 train_time:226027ms step_avg:126.98ms
step:1781/2330 train_time:226154ms step_avg:126.98ms
step:1782/2330 train_time:226285ms step_avg:126.98ms
step:1783/2330 train_time:226411ms step_avg:126.98ms
step:1784/2330 train_time:226534ms step_avg:126.98ms
step:1785/2330 train_time:226662ms step_avg:126.98ms
step:1786/2330 train_time:226791ms step_avg:126.98ms
step:1787/2330 train_time:226919ms step_avg:126.98ms
step:1788/2330 train_time:227049ms step_avg:126.99ms
step:1789/2330 train_time:227174ms step_avg:126.98ms
step:1790/2330 train_time:227304ms step_avg:126.99ms
step:1791/2330 train_time:227430ms step_avg:126.98ms
step:1792/2330 train_time:227557ms step_avg:126.99ms
step:1793/2330 train_time:227684ms step_avg:126.98ms
step:1794/2330 train_time:227812ms step_avg:126.99ms
step:1795/2330 train_time:227938ms step_avg:126.98ms
step:1796/2330 train_time:228066ms step_avg:126.99ms
step:1797/2330 train_time:228196ms step_avg:126.99ms
step:1798/2330 train_time:228324ms step_avg:126.99ms
step:1799/2330 train_time:228451ms step_avg:126.99ms
step:1800/2330 train_time:228581ms step_avg:126.99ms
step:1801/2330 train_time:228707ms step_avg:126.99ms
step:1802/2330 train_time:228834ms step_avg:126.99ms
step:1803/2330 train_time:228961ms step_avg:126.99ms
step:1804/2330 train_time:229088ms step_avg:126.99ms
step:1805/2330 train_time:229215ms step_avg:126.99ms
step:1806/2330 train_time:229345ms step_avg:126.99ms
step:1807/2330 train_time:229471ms step_avg:126.99ms
step:1808/2330 train_time:229599ms step_avg:126.99ms
step:1809/2330 train_time:229727ms step_avg:126.99ms
step:1810/2330 train_time:229855ms step_avg:126.99ms
step:1811/2330 train_time:229979ms step_avg:126.99ms
step:1812/2330 train_time:230108ms step_avg:126.99ms
step:1813/2330 train_time:230236ms step_avg:126.99ms
step:1814/2330 train_time:230366ms step_avg:126.99ms
step:1815/2330 train_time:230492ms step_avg:126.99ms
step:1816/2330 train_time:230620ms step_avg:126.99ms
step:1817/2330 train_time:230744ms step_avg:126.99ms
step:1818/2330 train_time:230869ms step_avg:126.99ms
step:1819/2330 train_time:230999ms step_avg:126.99ms
step:1820/2330 train_time:231125ms step_avg:126.99ms
step:1821/2330 train_time:231253ms step_avg:126.99ms
step:1822/2330 train_time:231382ms step_avg:126.99ms
step:1823/2330 train_time:231510ms step_avg:126.99ms
step:1824/2330 train_time:231638ms step_avg:126.99ms
step:1825/2330 train_time:231764ms step_avg:126.99ms
step:1826/2330 train_time:231893ms step_avg:126.99ms
step:1827/2330 train_time:232018ms step_avg:126.99ms
step:1828/2330 train_time:232145ms step_avg:126.99ms
step:1829/2330 train_time:232275ms step_avg:127.00ms
step:1830/2330 train_time:232405ms step_avg:127.00ms
step:1831/2330 train_time:232530ms step_avg:127.00ms
step:1832/2330 train_time:232657ms step_avg:127.00ms
step:1833/2330 train_time:232786ms step_avg:127.00ms
step:1834/2330 train_time:232915ms step_avg:127.00ms
step:1835/2330 train_time:233039ms step_avg:127.00ms
step:1836/2330 train_time:233170ms step_avg:127.00ms
step:1837/2330 train_time:233294ms step_avg:127.00ms
step:1838/2330 train_time:233426ms step_avg:127.00ms
step:1839/2330 train_time:233551ms step_avg:127.00ms
step:1840/2330 train_time:233681ms step_avg:127.00ms
step:1841/2330 train_time:233808ms step_avg:127.00ms
step:1842/2330 train_time:233938ms step_avg:127.00ms
step:1843/2330 train_time:234061ms step_avg:127.00ms
step:1844/2330 train_time:234189ms step_avg:127.00ms
step:1845/2330 train_time:234317ms step_avg:127.00ms
step:1846/2330 train_time:234446ms step_avg:127.00ms
step:1847/2330 train_time:234572ms step_avg:127.00ms
step:1848/2330 train_time:234703ms step_avg:127.00ms
step:1849/2330 train_time:234830ms step_avg:127.00ms
step:1850/2330 train_time:234959ms step_avg:127.00ms
step:1851/2330 train_time:235084ms step_avg:127.00ms
step:1852/2330 train_time:235213ms step_avg:127.00ms
step:1853/2330 train_time:235340ms step_avg:127.00ms
step:1854/2330 train_time:235468ms step_avg:127.01ms
step:1855/2330 train_time:235592ms step_avg:127.00ms
step:1856/2330 train_time:235720ms step_avg:127.00ms
step:1857/2330 train_time:235846ms step_avg:127.00ms
step:1858/2330 train_time:235975ms step_avg:127.00ms
step:1859/2330 train_time:236102ms step_avg:127.01ms
step:1860/2330 train_time:236228ms step_avg:127.00ms
step:1861/2330 train_time:236357ms step_avg:127.01ms
step:1862/2330 train_time:236485ms step_avg:127.01ms
step:1863/2330 train_time:236611ms step_avg:127.01ms
step:1864/2330 train_time:236739ms step_avg:127.01ms
step:1865/2330 train_time:236866ms step_avg:127.01ms
step:1866/2330 train_time:236992ms step_avg:127.01ms
step:1867/2330 train_time:237120ms step_avg:127.01ms
step:1868/2330 train_time:237248ms step_avg:127.01ms
step:1869/2330 train_time:237376ms step_avg:127.01ms
step:1870/2330 train_time:237503ms step_avg:127.01ms
step:1871/2330 train_time:237635ms step_avg:127.01ms
step:1872/2330 train_time:237764ms step_avg:127.01ms
step:1873/2330 train_time:237896ms step_avg:127.01ms
step:1874/2330 train_time:238021ms step_avg:127.01ms
step:1875/2330 train_time:238144ms step_avg:127.01ms
step:1876/2330 train_time:238274ms step_avg:127.01ms
step:1877/2330 train_time:238402ms step_avg:127.01ms
step:1878/2330 train_time:238528ms step_avg:127.01ms
step:1879/2330 train_time:238657ms step_avg:127.01ms
step:1880/2330 train_time:238784ms step_avg:127.01ms
step:1881/2330 train_time:238910ms step_avg:127.01ms
step:1882/2330 train_time:239039ms step_avg:127.01ms
step:1883/2330 train_time:239166ms step_avg:127.01ms
step:1884/2330 train_time:239294ms step_avg:127.01ms
step:1885/2330 train_time:239422ms step_avg:127.01ms
step:1886/2330 train_time:239550ms step_avg:127.02ms
step:1887/2330 train_time:239673ms step_avg:127.01ms
step:1888/2330 train_time:239800ms step_avg:127.01ms
step:1889/2330 train_time:239926ms step_avg:127.01ms
step:1890/2330 train_time:240054ms step_avg:127.01ms
step:1891/2330 train_time:240182ms step_avg:127.01ms
step:1892/2330 train_time:240309ms step_avg:127.01ms
step:1893/2330 train_time:240437ms step_avg:127.01ms
step:1894/2330 train_time:240566ms step_avg:127.01ms
step:1895/2330 train_time:240695ms step_avg:127.02ms
step:1896/2330 train_time:240823ms step_avg:127.02ms
step:1897/2330 train_time:240950ms step_avg:127.02ms
step:1898/2330 train_time:241077ms step_avg:127.02ms
step:1899/2330 train_time:241203ms step_avg:127.02ms
step:1900/2330 train_time:241332ms step_avg:127.02ms
step:1901/2330 train_time:241464ms step_avg:127.02ms
step:1902/2330 train_time:241591ms step_avg:127.02ms
step:1903/2330 train_time:241716ms step_avg:127.02ms
step:1904/2330 train_time:241848ms step_avg:127.02ms
step:1905/2330 train_time:241974ms step_avg:127.02ms
step:1906/2330 train_time:242104ms step_avg:127.02ms
step:1907/2330 train_time:242230ms step_avg:127.02ms
step:1908/2330 train_time:242360ms step_avg:127.02ms
step:1909/2330 train_time:242487ms step_avg:127.02ms
step:1910/2330 train_time:242615ms step_avg:127.02ms
step:1911/2330 train_time:242741ms step_avg:127.02ms
step:1912/2330 train_time:242870ms step_avg:127.02ms
step:1913/2330 train_time:242996ms step_avg:127.02ms
step:1914/2330 train_time:243124ms step_avg:127.02ms
step:1915/2330 train_time:243252ms step_avg:127.02ms
step:1916/2330 train_time:243378ms step_avg:127.02ms
step:1917/2330 train_time:243503ms step_avg:127.02ms
step:1918/2330 train_time:243632ms step_avg:127.02ms
step:1919/2330 train_time:243758ms step_avg:127.02ms
step:1920/2330 train_time:243886ms step_avg:127.02ms
step:1921/2330 train_time:244013ms step_avg:127.02ms
step:1922/2330 train_time:244142ms step_avg:127.03ms
step:1923/2330 train_time:244269ms step_avg:127.02ms
step:1924/2330 train_time:244397ms step_avg:127.03ms
step:1925/2330 train_time:244523ms step_avg:127.02ms
step:1926/2330 train_time:244649ms step_avg:127.02ms
step:1927/2330 train_time:244779ms step_avg:127.03ms
step:1928/2330 train_time:244905ms step_avg:127.03ms
step:1929/2330 train_time:245034ms step_avg:127.03ms
step:1930/2330 train_time:245160ms step_avg:127.03ms
step:1931/2330 train_time:245289ms step_avg:127.03ms
step:1932/2330 train_time:245415ms step_avg:127.03ms
step:1933/2330 train_time:245549ms step_avg:127.03ms
step:1934/2330 train_time:245682ms step_avg:127.03ms
step:1935/2330 train_time:245807ms step_avg:127.03ms
step:1936/2330 train_time:245934ms step_avg:127.03ms
step:1937/2330 train_time:246060ms step_avg:127.03ms
step:1938/2330 train_time:246190ms step_avg:127.03ms
step:1939/2330 train_time:246320ms step_avg:127.03ms
step:1940/2330 train_time:246441ms step_avg:127.03ms
step:1941/2330 train_time:246566ms step_avg:127.03ms
step:1942/2330 train_time:246693ms step_avg:127.03ms
step:1943/2330 train_time:246820ms step_avg:127.03ms
step:1944/2330 train_time:246949ms step_avg:127.03ms
step:1945/2330 train_time:247075ms step_avg:127.03ms
step:1946/2330 train_time:247203ms step_avg:127.03ms
step:1947/2330 train_time:247330ms step_avg:127.03ms
step:1948/2330 train_time:247457ms step_avg:127.03ms
step:1949/2330 train_time:247583ms step_avg:127.03ms
step:1950/2330 train_time:247710ms step_avg:127.03ms
step:1951/2330 train_time:247837ms step_avg:127.03ms
step:1952/2330 train_time:247965ms step_avg:127.03ms
step:1953/2330 train_time:248096ms step_avg:127.03ms
step:1954/2330 train_time:248223ms step_avg:127.03ms
step:1955/2330 train_time:248349ms step_avg:127.03ms
step:1956/2330 train_time:248478ms step_avg:127.03ms
step:1957/2330 train_time:248605ms step_avg:127.03ms
step:1958/2330 train_time:248731ms step_avg:127.03ms
step:1959/2330 train_time:248859ms step_avg:127.03ms
step:1960/2330 train_time:248990ms step_avg:127.04ms
step:1961/2330 train_time:249117ms step_avg:127.04ms
step:1962/2330 train_time:249245ms step_avg:127.04ms
step:1963/2330 train_time:249373ms step_avg:127.04ms
step:1964/2330 train_time:249499ms step_avg:127.04ms
step:1965/2330 train_time:249627ms step_avg:127.04ms
step:1966/2330 train_time:249755ms step_avg:127.04ms
step:1967/2330 train_time:249882ms step_avg:127.04ms
step:1968/2330 train_time:250011ms step_avg:127.04ms
step:1969/2330 train_time:250138ms step_avg:127.04ms
step:1970/2330 train_time:250264ms step_avg:127.04ms
step:1971/2330 train_time:250392ms step_avg:127.04ms
step:1972/2330 train_time:250519ms step_avg:127.04ms
step:1973/2330 train_time:250646ms step_avg:127.04ms
step:1974/2330 train_time:250778ms step_avg:127.04ms
step:1975/2330 train_time:250903ms step_avg:127.04ms
step:1976/2330 train_time:251031ms step_avg:127.04ms
step:1977/2330 train_time:251159ms step_avg:127.04ms
step:1978/2330 train_time:251287ms step_avg:127.04ms
step:1979/2330 train_time:251415ms step_avg:127.04ms
step:1980/2330 train_time:251542ms step_avg:127.04ms
step:1981/2330 train_time:251670ms step_avg:127.04ms
step:1982/2330 train_time:251797ms step_avg:127.04ms
step:1983/2330 train_time:251926ms step_avg:127.04ms
step:1984/2330 train_time:252054ms step_avg:127.04ms
step:1985/2330 train_time:252181ms step_avg:127.04ms
step:1986/2330 train_time:252309ms step_avg:127.04ms
step:1987/2330 train_time:252435ms step_avg:127.04ms
step:1988/2330 train_time:252567ms step_avg:127.05ms
step:1989/2330 train_time:252691ms step_avg:127.04ms
step:1990/2330 train_time:252819ms step_avg:127.04ms
step:1991/2330 train_time:252950ms step_avg:127.05ms
step:1992/2330 train_time:253078ms step_avg:127.05ms
step:1993/2330 train_time:253204ms step_avg:127.05ms
step:1994/2330 train_time:253333ms step_avg:127.05ms
step:1995/2330 train_time:253460ms step_avg:127.05ms
step:1996/2330 train_time:253588ms step_avg:127.05ms
step:1997/2330 train_time:253715ms step_avg:127.05ms
step:1998/2330 train_time:253844ms step_avg:127.05ms
step:1999/2330 train_time:253971ms step_avg:127.05ms
step:2000/2330 train_time:254098ms step_avg:127.05ms
step:2000/2330 val_loss:3.3274 train_time:254173ms step_avg:127.09ms
step:2001/2330 train_time:254299ms step_avg:127.09ms
step:2002/2330 train_time:254416ms step_avg:127.08ms
step:2003/2330 train_time:254536ms step_avg:127.08ms
step:2004/2330 train_time:254665ms step_avg:127.08ms
step:2005/2330 train_time:254795ms step_avg:127.08ms
step:2006/2330 train_time:254925ms step_avg:127.08ms
step:2007/2330 train_time:255052ms step_avg:127.08ms
step:2008/2330 train_time:255181ms step_avg:127.08ms
step:2009/2330 train_time:255309ms step_avg:127.08ms
step:2010/2330 train_time:255438ms step_avg:127.08ms
step:2011/2330 train_time:255565ms step_avg:127.08ms
step:2012/2330 train_time:255692ms step_avg:127.08ms
step:2013/2330 train_time:255821ms step_avg:127.08ms
step:2014/2330 train_time:255947ms step_avg:127.08ms
step:2015/2330 train_time:256074ms step_avg:127.08ms
step:2016/2330 train_time:256206ms step_avg:127.09ms
step:2017/2330 train_time:256332ms step_avg:127.09ms
step:2018/2330 train_time:256459ms step_avg:127.09ms
step:2019/2330 train_time:256585ms step_avg:127.09ms
step:2020/2330 train_time:256715ms step_avg:127.09ms
step:2021/2330 train_time:256840ms step_avg:127.09ms
step:2022/2330 train_time:256968ms step_avg:127.09ms
step:2023/2330 train_time:257095ms step_avg:127.09ms
step:2024/2330 train_time:257224ms step_avg:127.09ms
step:2025/2330 train_time:257353ms step_avg:127.09ms
step:2026/2330 train_time:257480ms step_avg:127.09ms
step:2027/2330 train_time:257608ms step_avg:127.09ms
step:2028/2330 train_time:257737ms step_avg:127.09ms
step:2029/2330 train_time:257864ms step_avg:127.09ms
step:2030/2330 train_time:257992ms step_avg:127.09ms
step:2031/2330 train_time:258125ms step_avg:127.09ms
step:2032/2330 train_time:258250ms step_avg:127.09ms
step:2033/2330 train_time:258384ms step_avg:127.09ms
step:2034/2330 train_time:258512ms step_avg:127.10ms
step:2035/2330 train_time:258642ms step_avg:127.10ms
step:2036/2330 train_time:258767ms step_avg:127.10ms
step:2037/2330 train_time:258895ms step_avg:127.10ms
step:2038/2330 train_time:259022ms step_avg:127.10ms
step:2039/2330 train_time:259149ms step_avg:127.10ms
step:2040/2330 train_time:259281ms step_avg:127.10ms
step:2041/2330 train_time:259407ms step_avg:127.10ms
step:2042/2330 train_time:259535ms step_avg:127.10ms
step:2043/2330 train_time:259661ms step_avg:127.10ms
step:2044/2330 train_time:259789ms step_avg:127.10ms
step:2045/2330 train_time:259913ms step_avg:127.10ms
step:2046/2330 train_time:260042ms step_avg:127.10ms
step:2047/2330 train_time:260168ms step_avg:127.10ms
step:2048/2330 train_time:260299ms step_avg:127.10ms
step:2049/2330 train_time:260426ms step_avg:127.10ms
step:2050/2330 train_time:260552ms step_avg:127.10ms
step:2051/2330 train_time:260679ms step_avg:127.10ms
step:2052/2330 train_time:260806ms step_avg:127.10ms
step:2053/2330 train_time:260934ms step_avg:127.10ms
step:2054/2330 train_time:261061ms step_avg:127.10ms
step:2055/2330 train_time:261189ms step_avg:127.10ms
step:2056/2330 train_time:261316ms step_avg:127.10ms
step:2057/2330 train_time:261443ms step_avg:127.10ms
step:2058/2330 train_time:261572ms step_avg:127.10ms
step:2059/2330 train_time:261698ms step_avg:127.10ms
step:2060/2330 train_time:261827ms step_avg:127.10ms
step:2061/2330 train_time:261952ms step_avg:127.10ms
step:2062/2330 train_time:262081ms step_avg:127.10ms
step:2063/2330 train_time:262211ms step_avg:127.10ms
step:2064/2330 train_time:262342ms step_avg:127.10ms
step:2065/2330 train_time:262467ms step_avg:127.10ms
step:2066/2330 train_time:262596ms step_avg:127.10ms
step:2067/2330 train_time:262725ms step_avg:127.10ms
step:2068/2330 train_time:262854ms step_avg:127.11ms
step:2069/2330 train_time:262978ms step_avg:127.10ms
step:2070/2330 train_time:263105ms step_avg:127.10ms
step:2071/2330 train_time:263232ms step_avg:127.10ms
step:2072/2330 train_time:263360ms step_avg:127.10ms
step:2073/2330 train_time:263486ms step_avg:127.10ms
step:2074/2330 train_time:263614ms step_avg:127.10ms
step:2075/2330 train_time:263740ms step_avg:127.10ms
step:2076/2330 train_time:263866ms step_avg:127.10ms
step:2077/2330 train_time:263993ms step_avg:127.10ms
step:2078/2330 train_time:264121ms step_avg:127.10ms
step:2079/2330 train_time:264247ms step_avg:127.10ms
step:2080/2330 train_time:264375ms step_avg:127.10ms
step:2081/2330 train_time:264501ms step_avg:127.10ms
step:2082/2330 train_time:264630ms step_avg:127.10ms
step:2083/2330 train_time:264756ms step_avg:127.10ms
step:2084/2330 train_time:264884ms step_avg:127.10ms
step:2085/2330 train_time:265012ms step_avg:127.10ms
step:2086/2330 train_time:265139ms step_avg:127.10ms
step:2087/2330 train_time:265267ms step_avg:127.10ms
step:2088/2330 train_time:265394ms step_avg:127.10ms
step:2089/2330 train_time:265522ms step_avg:127.10ms
step:2090/2330 train_time:265650ms step_avg:127.11ms
step:2091/2330 train_time:265777ms step_avg:127.11ms
step:2092/2330 train_time:265905ms step_avg:127.11ms
step:2093/2330 train_time:266032ms step_avg:127.11ms
step:2094/2330 train_time:266159ms step_avg:127.11ms
step:2095/2330 train_time:266287ms step_avg:127.11ms
step:2096/2330 train_time:266414ms step_avg:127.11ms
step:2097/2330 train_time:266542ms step_avg:127.11ms
step:2098/2330 train_time:266672ms step_avg:127.11ms
step:2099/2330 train_time:266797ms step_avg:127.11ms
step:2100/2330 train_time:266924ms step_avg:127.11ms
step:2101/2330 train_time:267051ms step_avg:127.11ms
step:2102/2330 train_time:267179ms step_avg:127.11ms
step:2103/2330 train_time:267307ms step_avg:127.11ms
step:2104/2330 train_time:267438ms step_avg:127.11ms
step:2105/2330 train_time:267565ms step_avg:127.11ms
step:2106/2330 train_time:267690ms step_avg:127.11ms
step:2107/2330 train_time:267819ms step_avg:127.11ms
step:2108/2330 train_time:267946ms step_avg:127.11ms
step:2109/2330 train_time:268073ms step_avg:127.11ms
step:2110/2330 train_time:268202ms step_avg:127.11ms
step:2111/2330 train_time:268328ms step_avg:127.11ms
step:2112/2330 train_time:268456ms step_avg:127.11ms
step:2113/2330 train_time:268584ms step_avg:127.11ms
step:2114/2330 train_time:268712ms step_avg:127.11ms
step:2115/2330 train_time:268839ms step_avg:127.11ms
step:2116/2330 train_time:268969ms step_avg:127.11ms
step:2117/2330 train_time:269095ms step_avg:127.11ms
step:2118/2330 train_time:269225ms step_avg:127.11ms
step:2119/2330 train_time:269351ms step_avg:127.11ms
step:2120/2330 train_time:269480ms step_avg:127.11ms
step:2121/2330 train_time:269606ms step_avg:127.11ms
step:2122/2330 train_time:269734ms step_avg:127.11ms
step:2123/2330 train_time:269861ms step_avg:127.11ms
step:2124/2330 train_time:269990ms step_avg:127.11ms
step:2125/2330 train_time:270115ms step_avg:127.11ms
step:2126/2330 train_time:270243ms step_avg:127.11ms
step:2127/2330 train_time:270370ms step_avg:127.11ms
step:2128/2330 train_time:270499ms step_avg:127.11ms
step:2129/2330 train_time:270626ms step_avg:127.11ms
step:2130/2330 train_time:270761ms step_avg:127.12ms
step:2131/2330 train_time:270883ms step_avg:127.12ms
step:2132/2330 train_time:271011ms step_avg:127.12ms
step:2133/2330 train_time:271140ms step_avg:127.12ms
step:2134/2330 train_time:271268ms step_avg:127.12ms
step:2135/2330 train_time:271395ms step_avg:127.12ms
step:2136/2330 train_time:271524ms step_avg:127.12ms
step:2137/2330 train_time:271651ms step_avg:127.12ms
step:2138/2330 train_time:271782ms step_avg:127.12ms
step:2139/2330 train_time:271909ms step_avg:127.12ms
step:2140/2330 train_time:272034ms step_avg:127.12ms
step:2141/2330 train_time:272164ms step_avg:127.12ms
step:2142/2330 train_time:272291ms step_avg:127.12ms
step:2143/2330 train_time:272418ms step_avg:127.12ms
step:2144/2330 train_time:272547ms step_avg:127.12ms
step:2145/2330 train_time:272674ms step_avg:127.12ms
step:2146/2330 train_time:272803ms step_avg:127.12ms
step:2147/2330 train_time:272933ms step_avg:127.12ms
step:2148/2330 train_time:273061ms step_avg:127.12ms
step:2149/2330 train_time:273203ms step_avg:127.13ms
step:2150/2330 train_time:273332ms step_avg:127.13ms
step:2151/2330 train_time:273458ms step_avg:127.13ms
step:2152/2330 train_time:273587ms step_avg:127.13ms
step:2153/2330 train_time:273714ms step_avg:127.13ms
step:2154/2330 train_time:273839ms step_avg:127.13ms
step:2155/2330 train_time:273966ms step_avg:127.13ms
step:2156/2330 train_time:274094ms step_avg:127.13ms
step:2157/2330 train_time:274221ms step_avg:127.13ms
step:2158/2330 train_time:274351ms step_avg:127.13ms
step:2159/2330 train_time:274478ms step_avg:127.13ms
step:2160/2330 train_time:274607ms step_avg:127.13ms
step:2161/2330 train_time:274730ms step_avg:127.13ms
step:2162/2330 train_time:274859ms step_avg:127.13ms
step:2163/2330 train_time:274985ms step_avg:127.13ms
step:2164/2330 train_time:275114ms step_avg:127.13ms
step:2165/2330 train_time:275241ms step_avg:127.13ms
step:2166/2330 train_time:275372ms step_avg:127.13ms
step:2167/2330 train_time:275500ms step_avg:127.13ms
step:2168/2330 train_time:275628ms step_avg:127.13ms
step:2169/2330 train_time:275754ms step_avg:127.13ms
step:2170/2330 train_time:275883ms step_avg:127.14ms
step:2171/2330 train_time:276008ms step_avg:127.13ms
step:2172/2330 train_time:276139ms step_avg:127.14ms
step:2173/2330 train_time:276268ms step_avg:127.14ms
step:2174/2330 train_time:276394ms step_avg:127.14ms
step:2175/2330 train_time:276518ms step_avg:127.13ms
step:2176/2330 train_time:276646ms step_avg:127.14ms
step:2177/2330 train_time:276775ms step_avg:127.14ms
step:2178/2330 train_time:276903ms step_avg:127.14ms
step:2179/2330 train_time:277030ms step_avg:127.14ms
step:2180/2330 train_time:277158ms step_avg:127.14ms
step:2181/2330 train_time:277285ms step_avg:127.14ms
step:2182/2330 train_time:277413ms step_avg:127.14ms
step:2183/2330 train_time:277541ms step_avg:127.14ms
step:2184/2330 train_time:277673ms step_avg:127.14ms
step:2185/2330 train_time:277797ms step_avg:127.14ms
step:2186/2330 train_time:277930ms step_avg:127.14ms
step:2187/2330 train_time:278056ms step_avg:127.14ms
step:2188/2330 train_time:278191ms step_avg:127.14ms
step:2189/2330 train_time:278324ms step_avg:127.15ms
step:2190/2330 train_time:278451ms step_avg:127.15ms
step:2191/2330 train_time:278575ms step_avg:127.14ms
step:2192/2330 train_time:278705ms step_avg:127.15ms
step:2193/2330 train_time:278830ms step_avg:127.15ms
step:2194/2330 train_time:278959ms step_avg:127.15ms
step:2195/2330 train_time:279085ms step_avg:127.15ms
step:2196/2330 train_time:279211ms step_avg:127.15ms
step:2197/2330 train_time:279338ms step_avg:127.15ms
step:2198/2330 train_time:279468ms step_avg:127.15ms
step:2199/2330 train_time:279595ms step_avg:127.15ms
step:2200/2330 train_time:279723ms step_avg:127.15ms
step:2201/2330 train_time:279851ms step_avg:127.15ms
step:2202/2330 train_time:279979ms step_avg:127.15ms
step:2203/2330 train_time:280107ms step_avg:127.15ms
step:2204/2330 train_time:280236ms step_avg:127.15ms
step:2205/2330 train_time:280362ms step_avg:127.15ms
step:2206/2330 train_time:280497ms step_avg:127.15ms
step:2207/2330 train_time:280617ms step_avg:127.15ms
step:2208/2330 train_time:280745ms step_avg:127.15ms
step:2209/2330 train_time:280878ms step_avg:127.15ms
step:2210/2330 train_time:281006ms step_avg:127.15ms
step:2211/2330 train_time:281134ms step_avg:127.15ms
step:2212/2330 train_time:281261ms step_avg:127.15ms
step:2213/2330 train_time:281389ms step_avg:127.15ms
step:2214/2330 train_time:281518ms step_avg:127.15ms
step:2215/2330 train_time:281643ms step_avg:127.15ms
step:2216/2330 train_time:281773ms step_avg:127.15ms
step:2217/2330 train_time:281899ms step_avg:127.15ms
step:2218/2330 train_time:282028ms step_avg:127.15ms
step:2219/2330 train_time:282154ms step_avg:127.15ms
step:2220/2330 train_time:282283ms step_avg:127.15ms
step:2221/2330 train_time:282409ms step_avg:127.15ms
step:2222/2330 train_time:282538ms step_avg:127.15ms
step:2223/2330 train_time:282665ms step_avg:127.15ms
step:2224/2330 train_time:282792ms step_avg:127.15ms
step:2225/2330 train_time:282919ms step_avg:127.15ms
step:2226/2330 train_time:283047ms step_avg:127.15ms
step:2227/2330 train_time:283175ms step_avg:127.16ms
step:2228/2330 train_time:283304ms step_avg:127.16ms
step:2229/2330 train_time:283430ms step_avg:127.16ms
step:2230/2330 train_time:283559ms step_avg:127.16ms
step:2231/2330 train_time:283686ms step_avg:127.16ms
step:2232/2330 train_time:283812ms step_avg:127.16ms
step:2233/2330 train_time:283939ms step_avg:127.16ms
step:2234/2330 train_time:284067ms step_avg:127.16ms
step:2235/2330 train_time:284194ms step_avg:127.16ms
step:2236/2330 train_time:284323ms step_avg:127.16ms
step:2237/2330 train_time:284450ms step_avg:127.16ms
step:2238/2330 train_time:284580ms step_avg:127.16ms
step:2239/2330 train_time:284705ms step_avg:127.16ms
step:2240/2330 train_time:284832ms step_avg:127.16ms
step:2241/2330 train_time:284962ms step_avg:127.16ms
step:2242/2330 train_time:285091ms step_avg:127.16ms
step:2243/2330 train_time:285218ms step_avg:127.16ms
step:2244/2330 train_time:285346ms step_avg:127.16ms
step:2245/2330 train_time:285472ms step_avg:127.16ms
step:2246/2330 train_time:285601ms step_avg:127.16ms
step:2247/2330 train_time:285725ms step_avg:127.16ms
step:2248/2330 train_time:285854ms step_avg:127.16ms
step:2249/2330 train_time:285981ms step_avg:127.16ms
step:2250/2330 train_time:286109ms step_avg:127.16ms
step:2250/2330 val_loss:3.2872 train_time:286189ms step_avg:127.20ms
step:2251/2330 train_time:286305ms step_avg:127.19ms
step:2252/2330 train_time:286422ms step_avg:127.19ms
step:2253/2330 train_time:286548ms step_avg:127.18ms
step:2254/2330 train_time:286676ms step_avg:127.19ms
step:2255/2330 train_time:286803ms step_avg:127.19ms
step:2256/2330 train_time:286932ms step_avg:127.19ms
step:2257/2330 train_time:287060ms step_avg:127.19ms
step:2258/2330 train_time:287189ms step_avg:127.19ms
step:2259/2330 train_time:287317ms step_avg:127.19ms
step:2260/2330 train_time:287450ms step_avg:127.19ms
step:2261/2330 train_time:287581ms step_avg:127.19ms
step:2262/2330 train_time:287706ms step_avg:127.19ms
step:2263/2330 train_time:287833ms step_avg:127.19ms
step:2264/2330 train_time:287961ms step_avg:127.19ms
step:2265/2330 train_time:288088ms step_avg:127.19ms
step:2266/2330 train_time:288215ms step_avg:127.19ms
step:2267/2330 train_time:288342ms step_avg:127.19ms
step:2268/2330 train_time:288470ms step_avg:127.19ms
step:2269/2330 train_time:288597ms step_avg:127.19ms
step:2270/2330 train_time:288724ms step_avg:127.19ms
step:2271/2330 train_time:288852ms step_avg:127.19ms
step:2272/2330 train_time:288979ms step_avg:127.19ms
step:2273/2330 train_time:289106ms step_avg:127.19ms
step:2274/2330 train_time:289234ms step_avg:127.19ms
step:2275/2330 train_time:289361ms step_avg:127.19ms
step:2276/2330 train_time:289489ms step_avg:127.19ms
step:2277/2330 train_time:289620ms step_avg:127.19ms
step:2278/2330 train_time:289748ms step_avg:127.19ms
step:2279/2330 train_time:289874ms step_avg:127.19ms
step:2280/2330 train_time:289997ms step_avg:127.19ms
step:2281/2330 train_time:290125ms step_avg:127.19ms
step:2282/2330 train_time:290253ms step_avg:127.19ms
step:2283/2330 train_time:290380ms step_avg:127.19ms
step:2284/2330 train_time:290508ms step_avg:127.19ms
step:2285/2330 train_time:290636ms step_avg:127.19ms
step:2286/2330 train_time:290763ms step_avg:127.19ms
step:2287/2330 train_time:290890ms step_avg:127.19ms
step:2288/2330 train_time:291018ms step_avg:127.19ms
step:2289/2330 train_time:291146ms step_avg:127.19ms
step:2290/2330 train_time:291276ms step_avg:127.19ms
step:2291/2330 train_time:291403ms step_avg:127.19ms
step:2292/2330 train_time:291530ms step_avg:127.19ms
step:2293/2330 train_time:291657ms step_avg:127.19ms
step:2294/2330 train_time:291787ms step_avg:127.20ms
step:2295/2330 train_time:291916ms step_avg:127.20ms
step:2296/2330 train_time:292043ms step_avg:127.20ms
step:2297/2330 train_time:292173ms step_avg:127.20ms
step:2298/2330 train_time:292302ms step_avg:127.20ms
step:2299/2330 train_time:292428ms step_avg:127.20ms
step:2300/2330 train_time:292556ms step_avg:127.20ms
step:2301/2330 train_time:292683ms step_avg:127.20ms
step:2302/2330 train_time:292811ms step_avg:127.20ms
step:2303/2330 train_time:292938ms step_avg:127.20ms
step:2304/2330 train_time:293066ms step_avg:127.20ms
step:2305/2330 train_time:293192ms step_avg:127.20ms
step:2306/2330 train_time:293317ms step_avg:127.20ms
step:2307/2330 train_time:293444ms step_avg:127.20ms
step:2308/2330 train_time:293572ms step_avg:127.20ms
step:2309/2330 train_time:293698ms step_avg:127.20ms
step:2310/2330 train_time:293826ms step_avg:127.20ms
step:2311/2330 train_time:293953ms step_avg:127.20ms
step:2312/2330 train_time:294081ms step_avg:127.20ms
step:2313/2330 train_time:294208ms step_avg:127.20ms
step:2314/2330 train_time:294369ms step_avg:127.21ms
step:2315/2330 train_time:294495ms step_avg:127.21ms
step:2316/2330 train_time:294625ms step_avg:127.21ms
step:2317/2330 train_time:294751ms step_avg:127.21ms
step:2318/2330 train_time:294878ms step_avg:127.21ms
step:2319/2330 train_time:295004ms step_avg:127.21ms
step:2320/2330 train_time:295133ms step_avg:127.21ms
step:2321/2330 train_time:295259ms step_avg:127.21ms
step:2322/2330 train_time:295388ms step_avg:127.21ms
step:2323/2330 train_time:295515ms step_avg:127.21ms
step:2324/2330 train_time:295642ms step_avg:127.21ms
step:2325/2330 train_time:295770ms step_avg:127.21ms
step:2326/2330 train_time:295898ms step_avg:127.21ms
step:2327/2330 train_time:296026ms step_avg:127.21ms
step:2328/2330 train_time:296160ms step_avg:127.22ms
step:2329/2330 train_time:296286ms step_avg:127.22ms
step:2330/2330 train_time:296416ms step_avg:127.22ms
step:2330/2330 val_loss:3.2746 train_time:296489ms step_avg:127.25ms
peak memory allocated: 12556 MiB reserved: 14034 MiB
total training time: 296.49s (296489ms)
