====================================================================================================
Running Python 3.10.19 (main, Oct 21 2025, 16:38:01) [GCC 11.2.0]
Running PyTorch 2.7.1+cpu
+------------------------------------------------------------------------------------------------+
| npu-smi 25.5.2                   Version: 25.5.2                                               |
+---------------------------+---------------+----------------------------------------------------+
| NPU   Name                | Health        | Power(W)    Temp(C)           Hugepages-Usage(page)|
| Chip  Phy-ID              | Bus-Id        | AICore(%)   Memory-Usage(MB)  HBM-Usage(MB)        |
+===========================+===============+====================================================+
| 0     Ascend910           | OK            | 163.9       41                0    / 0             |
| 0     0                   | 0000:9D:00.0  | 0           0    / 0          4617 / 65536         |
+------------------------------------------------------------------------------------------------+
| 0     Ascend910           | OK            | -           41                0    / 0             |
| 1     1                   | 0000:9F:00.0  | 0           0    / 0          3435 / 65536         |
+===========================+===============+====================================================+
| 1     Ascend910           | OK            | 163.9       41                0    / 0             |
| 0     2                   | 0000:99:00.0  | 0           0    / 0          3671 / 65536         |
+------------------------------------------------------------------------------------------------+
| 1     Ascend910           | OK            | -           42                0    / 0             |
| 1     3                   | 0000:9B:00.0  | 0           0    / 0          3437 / 65536         |
+===========================+===============+====================================================+
| 2     Ascend910           | OK            | 160.3       43                0    / 0             |
| 0     4                   | 0000:95:00.0  | 0           0    / 0          3683 / 65536         |
+------------------------------------------------------------------------------------------------+
| 2     Ascend910           | OK            | -           42                0    / 0             |
| 1     5                   | 0000:97:00.0  | 0           0    / 0          3425 / 65536         |
+===========================+===============+====================================================+
| 3     Ascend910           | OK            | 159.5       41                0    / 0             |
| 0     6                   | 0000:91:00.0  | 0           0    / 0          3670 / 65536         |
+------------------------------------------------------------------------------------------------+
| 3     Ascend910           | OK            | -           42                0    / 0             |
| 1     7                   | 0000:93:00.0  | 0           0    / 0          3437 / 65536         |
+===========================+===============+====================================================+
| 4     Ascend910           | OK            | 166.3       40                0    / 0             |
| 0     8                   | 0000:8D:00.0  | 0           0    / 0          3681 / 65536         |
+------------------------------------------------------------------------------------------------+
| 4     Ascend910           | OK            | -           40                0    / 0             |
| 1     9                   | 0000:8F:00.0  | 0           0    / 0          3426 / 65536         |
+===========================+===============+====================================================+
| 5     Ascend910           | OK            | 167.7       41                0    / 0             |
| 0     10                  | 0000:89:00.0  | 0           0    / 0          3683 / 65536         |
+------------------------------------------------------------------------------------------------+
| 5     Ascend910           | OK            | -           40                0    / 0             |
| 1     11                  | 0000:8B:00.0  | 0           0    / 0          3426 / 65536         |
+===========================+===============+====================================================+
| 6     Ascend910           | OK            | 165.5       42                0    / 0             |
| 0     12                  | 0000:85:00.0  | 0           0    / 0          3683 / 65536         |
+------------------------------------------------------------------------------------------------+
| 6     Ascend910           | OK            | -           43                0    / 0             |
| 1     13                  | 0000:87:00.0  | 0           0    / 0          3426 / 65536         |
+===========================+===============+====================================================+
| 7     Ascend910           | OK            | 168.0       44                0    / 0             |
| 0     14                  | 0000:81:00.0  | 0           0    / 0          3680 / 65536         |
+------------------------------------------------------------------------------------------------+
| 7     Ascend910           | OK            | -           43                0    / 0             |
| 1     15                  | 0000:83:00.0  | 0           0    / 0          3426 / 65536         |
+===========================+===============+====================================================+
+---------------------------+---------------+----------------------------------------------------+
| NPU     Chip              | Process id    | Process name             | Process memory(MB)      |
+===========================+===============+====================================================+
| 0       0                 | 153734        | python3.10               | 116                     |
| 0       0                 | 153725        | python3.10               | 116                     |
| 0       0                 | 153727        | python3.10               | 116                     |
| 0       0                 | 153728        | python3.10               | 116                     |
| 0       0                 | 153729        | python3.10               | 116                     |
| 0       0                 | 153730        | python3.10               | 116                     |
| 0       0                 | 153731        | python3.10               | 116                     |
| 0       0                 | 153732        | python3.10               | 116                     |
| 0       1                 | 153720        | python3.10               | 599                     |
+===========================+===============+====================================================+
| 1       0                 | 153721        | python3.10               | 599                     |
| 1       1                 | 153722        | python3.10               | 599                     |
+===========================+===============+====================================================+
| 2       0                 | 153723        | python3.10               | 599                     |
| 2       1                 | 153724        | python3.10               | 599                     |
+===========================+===============+====================================================+
| 3       0                 | 153725        | python3.10               | 599                     |
| 3       1                 | 153726        | python3.10               | 599                     |
+===========================+===============+====================================================+
| 4       0                 | 153727        | python3.10               | 599                     |
| 4       1                 | 153728        | python3.10               | 599                     |
+===========================+===============+====================================================+
| 5       0                 | 153729        | python3.10               | 599                     |
| 5       1                 | 153730        | python3.10               | 599                     |
+===========================+===============+====================================================+
| 6       0                 | 153731        | python3.10               | 599                     |
| 6       1                 | 153732        | python3.10               | 599                     |
+===========================+===============+====================================================+
| 7       0                 | 153733        | python3.10               | 599                     |
| 7       1                 | 153734        | python3.10               | 599                     |
+===========================+===============+====================================================+

====================================================================================================
step:0/2315 val_loss:10.8258 train_time:0ms step_avg:0.06ms
step:1/2315 train_time:232ms step_avg:232.18ms
step:2/2315 train_time:290ms step_avg:145.22ms
step:3/2315 train_time:599ms step_avg:199.79ms
step:4/2315 train_time:863ms step_avg:215.87ms
step:5/2315 train_time:920ms step_avg:183.97ms
step:6/2315 train_time:1160ms step_avg:193.37ms
step:7/2315 train_time:1278ms step_avg:182.57ms
step:8/2315 train_time:1420ms step_avg:177.51ms
step:9/2315 train_time:1546ms step_avg:171.77ms
step:10/2315 train_time:1686ms step_avg:168.55ms
step:11/2315 train_time:1815ms step_avg:164.98ms
step:12/2315 train_time:1956ms step_avg:163.03ms
step:13/2315 train_time:2085ms step_avg:160.37ms
step:14/2315 train_time:2223ms step_avg:158.77ms
step:15/2315 train_time:2349ms step_avg:156.63ms
step:16/2315 train_time:2487ms step_avg:155.46ms
step:17/2315 train_time:2615ms step_avg:153.81ms
step:18/2315 train_time:2753ms step_avg:152.96ms
step:19/2315 train_time:2881ms step_avg:151.64ms
step:20/2315 train_time:3020ms step_avg:151.00ms
step:21/2315 train_time:3148ms step_avg:149.91ms
step:22/2315 train_time:3288ms step_avg:149.43ms
step:23/2315 train_time:3415ms step_avg:148.46ms
step:24/2315 train_time:3553ms step_avg:148.04ms
step:25/2315 train_time:3682ms step_avg:147.29ms
step:26/2315 train_time:3820ms step_avg:146.93ms
step:27/2315 train_time:3949ms step_avg:146.27ms
step:28/2315 train_time:4086ms step_avg:145.93ms
step:29/2315 train_time:4215ms step_avg:145.35ms
step:30/2315 train_time:4356ms step_avg:145.18ms
step:31/2315 train_time:4485ms step_avg:144.68ms
step:32/2315 train_time:4624ms step_avg:144.49ms
step:33/2315 train_time:4749ms step_avg:143.89ms
step:34/2315 train_time:4886ms step_avg:143.72ms
step:35/2315 train_time:5016ms step_avg:143.30ms
step:36/2315 train_time:5156ms step_avg:143.21ms
step:37/2315 train_time:5282ms step_avg:142.76ms
step:38/2315 train_time:5421ms step_avg:142.65ms
step:39/2315 train_time:5551ms step_avg:142.35ms
step:40/2315 train_time:5686ms step_avg:142.16ms
step:41/2315 train_time:5815ms step_avg:141.83ms
step:42/2315 train_time:5954ms step_avg:141.76ms
step:43/2315 train_time:6083ms step_avg:141.46ms
step:44/2315 train_time:6221ms step_avg:141.38ms
step:45/2315 train_time:6349ms step_avg:141.08ms
step:46/2315 train_time:6487ms step_avg:141.02ms
step:47/2315 train_time:6616ms step_avg:140.77ms
step:48/2315 train_time:6753ms step_avg:140.70ms
step:49/2315 train_time:6883ms step_avg:140.46ms
step:50/2315 train_time:7021ms step_avg:140.43ms
step:51/2315 train_time:7150ms step_avg:140.20ms
step:52/2315 train_time:7288ms step_avg:140.15ms
step:53/2315 train_time:7416ms step_avg:139.92ms
step:54/2315 train_time:7556ms step_avg:139.93ms
step:55/2315 train_time:7684ms step_avg:139.70ms
step:56/2315 train_time:7822ms step_avg:139.67ms
step:57/2315 train_time:7951ms step_avg:139.49ms
step:58/2315 train_time:8090ms step_avg:139.49ms
step:59/2315 train_time:8219ms step_avg:139.30ms
step:60/2315 train_time:8356ms step_avg:139.27ms
step:61/2315 train_time:8484ms step_avg:139.08ms
step:62/2315 train_time:8623ms step_avg:139.08ms
step:63/2315 train_time:8751ms step_avg:138.91ms
step:64/2315 train_time:8890ms step_avg:138.90ms
step:65/2315 train_time:9022ms step_avg:138.80ms
step:66/2315 train_time:9160ms step_avg:138.78ms
step:67/2315 train_time:9287ms step_avg:138.60ms
step:68/2315 train_time:9428ms step_avg:138.65ms
step:69/2315 train_time:9554ms step_avg:138.46ms
step:70/2315 train_time:9692ms step_avg:138.45ms
step:71/2315 train_time:9820ms step_avg:138.31ms
step:72/2315 train_time:9959ms step_avg:138.32ms
step:73/2315 train_time:10090ms step_avg:138.22ms
step:74/2315 train_time:10228ms step_avg:138.21ms
step:75/2315 train_time:10356ms step_avg:138.08ms
step:76/2315 train_time:10497ms step_avg:138.12ms
step:77/2315 train_time:10625ms step_avg:137.99ms
step:78/2315 train_time:10764ms step_avg:138.00ms
step:79/2315 train_time:10892ms step_avg:137.88ms
step:80/2315 train_time:11031ms step_avg:137.89ms
step:81/2315 train_time:11160ms step_avg:137.78ms
step:82/2315 train_time:11299ms step_avg:137.80ms
step:83/2315 train_time:11427ms step_avg:137.68ms
step:84/2315 train_time:11565ms step_avg:137.68ms
step:85/2315 train_time:11695ms step_avg:137.58ms
step:86/2315 train_time:11834ms step_avg:137.61ms
step:87/2315 train_time:11962ms step_avg:137.50ms
step:88/2315 train_time:12099ms step_avg:137.49ms
step:89/2315 train_time:12229ms step_avg:137.40ms
step:90/2315 train_time:12369ms step_avg:137.43ms
step:91/2315 train_time:12497ms step_avg:137.33ms
step:92/2315 train_time:12635ms step_avg:137.34ms
step:93/2315 train_time:12763ms step_avg:137.24ms
step:94/2315 train_time:12901ms step_avg:137.25ms
step:95/2315 train_time:13031ms step_avg:137.16ms
step:96/2315 train_time:13169ms step_avg:137.17ms
step:97/2315 train_time:13298ms step_avg:137.09ms
step:98/2315 train_time:13436ms step_avg:137.10ms
step:99/2315 train_time:13565ms step_avg:137.02ms
step:100/2315 train_time:13704ms step_avg:137.04ms
step:101/2315 train_time:13832ms step_avg:136.95ms
step:102/2315 train_time:13972ms step_avg:136.98ms
step:103/2315 train_time:14099ms step_avg:136.89ms
step:104/2315 train_time:14239ms step_avg:136.91ms
step:105/2315 train_time:14366ms step_avg:136.82ms
step:106/2315 train_time:14505ms step_avg:136.84ms
step:107/2315 train_time:14635ms step_avg:136.78ms
step:108/2315 train_time:14773ms step_avg:136.79ms
step:109/2315 train_time:14902ms step_avg:136.71ms
step:110/2315 train_time:15039ms step_avg:136.72ms
step:111/2315 train_time:15171ms step_avg:136.68ms
step:112/2315 train_time:15310ms step_avg:136.70ms
step:113/2315 train_time:15440ms step_avg:136.63ms
step:114/2315 train_time:15578ms step_avg:136.65ms
step:115/2315 train_time:15705ms step_avg:136.57ms
step:116/2315 train_time:15843ms step_avg:136.58ms
step:117/2315 train_time:15972ms step_avg:136.51ms
step:118/2315 train_time:16111ms step_avg:136.53ms
step:119/2315 train_time:16239ms step_avg:136.46ms
step:120/2315 train_time:16377ms step_avg:136.48ms
step:121/2315 train_time:16506ms step_avg:136.42ms
step:122/2315 train_time:16645ms step_avg:136.44ms
step:123/2315 train_time:16774ms step_avg:136.37ms
step:124/2315 train_time:16913ms step_avg:136.39ms
step:125/2315 train_time:17042ms step_avg:136.34ms
step:126/2315 train_time:17181ms step_avg:136.36ms
step:127/2315 train_time:17310ms step_avg:136.30ms
step:128/2315 train_time:17448ms step_avg:136.31ms
step:129/2315 train_time:17576ms step_avg:136.25ms
step:130/2315 train_time:17716ms step_avg:136.28ms
step:131/2315 train_time:17844ms step_avg:136.21ms
step:132/2315 train_time:17982ms step_avg:136.23ms
step:133/2315 train_time:18110ms step_avg:136.16ms
step:134/2315 train_time:18249ms step_avg:136.18ms
step:135/2315 train_time:18378ms step_avg:136.13ms
step:136/2315 train_time:18519ms step_avg:136.17ms
step:137/2315 train_time:18649ms step_avg:136.13ms
step:138/2315 train_time:18790ms step_avg:136.16ms
step:139/2315 train_time:18916ms step_avg:136.08ms
step:140/2315 train_time:19055ms step_avg:136.11ms
step:141/2315 train_time:19184ms step_avg:136.06ms
step:142/2315 train_time:19323ms step_avg:136.08ms
step:143/2315 train_time:19451ms step_avg:136.02ms
step:144/2315 train_time:19589ms step_avg:136.03ms
step:145/2315 train_time:19718ms step_avg:135.98ms
step:146/2315 train_time:19857ms step_avg:136.00ms
step:147/2315 train_time:19987ms step_avg:135.96ms
step:148/2315 train_time:20124ms step_avg:135.98ms
step:149/2315 train_time:20251ms step_avg:135.92ms
step:150/2315 train_time:20392ms step_avg:135.95ms
step:151/2315 train_time:20520ms step_avg:135.89ms
step:152/2315 train_time:20659ms step_avg:135.91ms
step:153/2315 train_time:20787ms step_avg:135.87ms
step:154/2315 train_time:20926ms step_avg:135.89ms
step:155/2315 train_time:21056ms step_avg:135.84ms
step:156/2315 train_time:21195ms step_avg:135.87ms
step:157/2315 train_time:21323ms step_avg:135.82ms
step:158/2315 train_time:21461ms step_avg:135.83ms
step:159/2315 train_time:21590ms step_avg:135.79ms
step:160/2315 train_time:21728ms step_avg:135.80ms
step:161/2315 train_time:21859ms step_avg:135.77ms
step:162/2315 train_time:21998ms step_avg:135.79ms
step:163/2315 train_time:22125ms step_avg:135.74ms
step:164/2315 train_time:22263ms step_avg:135.75ms
step:165/2315 train_time:22391ms step_avg:135.70ms
step:166/2315 train_time:22528ms step_avg:135.71ms
step:167/2315 train_time:22657ms step_avg:135.67ms
step:168/2315 train_time:22796ms step_avg:135.69ms
step:169/2315 train_time:22925ms step_avg:135.65ms
step:170/2315 train_time:23065ms step_avg:135.68ms
step:171/2315 train_time:23192ms step_avg:135.63ms
step:172/2315 train_time:23332ms step_avg:135.65ms
step:173/2315 train_time:23460ms step_avg:135.61ms
step:174/2315 train_time:23599ms step_avg:135.63ms
step:175/2315 train_time:23727ms step_avg:135.58ms
step:176/2315 train_time:23867ms step_avg:135.61ms
step:177/2315 train_time:23994ms step_avg:135.56ms
step:178/2315 train_time:24133ms step_avg:135.58ms
step:179/2315 train_time:24262ms step_avg:135.54ms
step:180/2315 train_time:24399ms step_avg:135.55ms
step:181/2315 train_time:24527ms step_avg:135.51ms
step:182/2315 train_time:24666ms step_avg:135.53ms
step:183/2315 train_time:24795ms step_avg:135.49ms
step:184/2315 train_time:24933ms step_avg:135.51ms
step:185/2315 train_time:25063ms step_avg:135.47ms
step:186/2315 train_time:25201ms step_avg:135.49ms
step:187/2315 train_time:25330ms step_avg:135.46ms
step:188/2315 train_time:25468ms step_avg:135.47ms
step:189/2315 train_time:25597ms step_avg:135.44ms
step:190/2315 train_time:25736ms step_avg:135.45ms
step:191/2315 train_time:25863ms step_avg:135.41ms
step:192/2315 train_time:26002ms step_avg:135.43ms
step:193/2315 train_time:26132ms step_avg:135.40ms
step:194/2315 train_time:26269ms step_avg:135.41ms
step:195/2315 train_time:26398ms step_avg:135.37ms
step:196/2315 train_time:26537ms step_avg:135.39ms
step:197/2315 train_time:26665ms step_avg:135.36ms
step:198/2315 train_time:26804ms step_avg:135.37ms
step:199/2315 train_time:26933ms step_avg:135.34ms
step:200/2315 train_time:27070ms step_avg:135.35ms
step:201/2315 train_time:27200ms step_avg:135.32ms
step:202/2315 train_time:27337ms step_avg:135.33ms
step:203/2315 train_time:27466ms step_avg:135.30ms
step:204/2315 train_time:27605ms step_avg:135.32ms
step:205/2315 train_time:27734ms step_avg:135.29ms
step:206/2315 train_time:27872ms step_avg:135.30ms
step:207/2315 train_time:27999ms step_avg:135.26ms
step:208/2315 train_time:28138ms step_avg:135.28ms
step:209/2315 train_time:28266ms step_avg:135.25ms
step:210/2315 train_time:28406ms step_avg:135.27ms
step:211/2315 train_time:28534ms step_avg:135.23ms
step:212/2315 train_time:28671ms step_avg:135.24ms
step:213/2315 train_time:28800ms step_avg:135.21ms
step:214/2315 train_time:28939ms step_avg:135.23ms
step:215/2315 train_time:29068ms step_avg:135.20ms
step:216/2315 train_time:29207ms step_avg:135.22ms
step:217/2315 train_time:29335ms step_avg:135.18ms
step:218/2315 train_time:29473ms step_avg:135.20ms
step:219/2315 train_time:29602ms step_avg:135.17ms
step:220/2315 train_time:29740ms step_avg:135.18ms
step:221/2315 train_time:29869ms step_avg:135.15ms
step:222/2315 train_time:30006ms step_avg:135.16ms
step:223/2315 train_time:30134ms step_avg:135.13ms
step:224/2315 train_time:30274ms step_avg:135.15ms
step:225/2315 train_time:30402ms step_avg:135.12ms
step:226/2315 train_time:30540ms step_avg:135.13ms
step:227/2315 train_time:30670ms step_avg:135.11ms
step:228/2315 train_time:30809ms step_avg:135.13ms
step:229/2315 train_time:30936ms step_avg:135.09ms
step:230/2315 train_time:31073ms step_avg:135.10ms
step:231/2315 train_time:31202ms step_avg:135.07ms
step:232/2315 train_time:31339ms step_avg:135.08ms
step:233/2315 train_time:31468ms step_avg:135.05ms
step:234/2315 train_time:31607ms step_avg:135.07ms
step:235/2315 train_time:31736ms step_avg:135.05ms
step:236/2315 train_time:31874ms step_avg:135.06ms
step:237/2315 train_time:32002ms step_avg:135.03ms
step:238/2315 train_time:32141ms step_avg:135.05ms
step:239/2315 train_time:32270ms step_avg:135.02ms
step:240/2315 train_time:32407ms step_avg:135.03ms
step:241/2315 train_time:32536ms step_avg:135.01ms
step:242/2315 train_time:32674ms step_avg:135.02ms
step:243/2315 train_time:32803ms step_avg:134.99ms
step:244/2315 train_time:32941ms step_avg:135.01ms
step:245/2315 train_time:33069ms step_avg:134.98ms
step:246/2315 train_time:33209ms step_avg:135.00ms
step:247/2315 train_time:33336ms step_avg:134.96ms
step:248/2315 train_time:33475ms step_avg:134.98ms
step:249/2315 train_time:33603ms step_avg:134.95ms
step:250/2315 train_time:33743ms step_avg:134.97ms
step:250/2315 val_loss:4.0689 train_time:33909ms step_avg:135.64ms
step:251/2315 train_time:33981ms step_avg:135.38ms
step:252/2315 train_time:34031ms step_avg:135.04ms
step:253/2315 train_time:34157ms step_avg:135.01ms
step:254/2315 train_time:34296ms step_avg:135.02ms
step:255/2315 train_time:34423ms step_avg:134.99ms
step:256/2315 train_time:34564ms step_avg:135.02ms
step:257/2315 train_time:34691ms step_avg:134.99ms
step:258/2315 train_time:34830ms step_avg:135.00ms
step:259/2315 train_time:34959ms step_avg:134.98ms
step:260/2315 train_time:35097ms step_avg:134.99ms
step:261/2315 train_time:35225ms step_avg:134.96ms
step:262/2315 train_time:35364ms step_avg:134.98ms
step:263/2315 train_time:35494ms step_avg:134.96ms
step:264/2315 train_time:35633ms step_avg:134.97ms
step:265/2315 train_time:35760ms step_avg:134.94ms
step:266/2315 train_time:35898ms step_avg:134.95ms
step:267/2315 train_time:36027ms step_avg:134.93ms
step:268/2315 train_time:36165ms step_avg:134.94ms
step:269/2315 train_time:36293ms step_avg:134.92ms
step:270/2315 train_time:36433ms step_avg:134.94ms
step:271/2315 train_time:36563ms step_avg:134.92ms
step:272/2315 train_time:36700ms step_avg:134.92ms
step:273/2315 train_time:36827ms step_avg:134.90ms
step:274/2315 train_time:36968ms step_avg:134.92ms
step:275/2315 train_time:37096ms step_avg:134.89ms
step:276/2315 train_time:37235ms step_avg:134.91ms
step:277/2315 train_time:37363ms step_avg:134.88ms
step:278/2315 train_time:37500ms step_avg:134.89ms
step:279/2315 train_time:37631ms step_avg:134.88ms
step:280/2315 train_time:37764ms step_avg:134.87ms
step:281/2315 train_time:37893ms step_avg:134.85ms
step:282/2315 train_time:38030ms step_avg:134.86ms
step:283/2315 train_time:38160ms step_avg:134.84ms
step:284/2315 train_time:38299ms step_avg:134.85ms
step:285/2315 train_time:38427ms step_avg:134.83ms
step:286/2315 train_time:38567ms step_avg:134.85ms
step:287/2315 train_time:38694ms step_avg:134.82ms
step:288/2315 train_time:38831ms step_avg:134.83ms
step:289/2315 train_time:38960ms step_avg:134.81ms
step:290/2315 train_time:39099ms step_avg:134.82ms
step:291/2315 train_time:39228ms step_avg:134.80ms
step:292/2315 train_time:39367ms step_avg:134.82ms
step:293/2315 train_time:39495ms step_avg:134.80ms
step:294/2315 train_time:39634ms step_avg:134.81ms
step:295/2315 train_time:39762ms step_avg:134.79ms
step:296/2315 train_time:39900ms step_avg:134.80ms
step:297/2315 train_time:40029ms step_avg:134.78ms
step:298/2315 train_time:40170ms step_avg:134.80ms
step:299/2315 train_time:40298ms step_avg:134.78ms
step:300/2315 train_time:40436ms step_avg:134.79ms
step:301/2315 train_time:40564ms step_avg:134.76ms
step:302/2315 train_time:40706ms step_avg:134.79ms
step:303/2315 train_time:40834ms step_avg:134.76ms
step:304/2315 train_time:40969ms step_avg:134.76ms
step:305/2315 train_time:41097ms step_avg:134.74ms
step:306/2315 train_time:41239ms step_avg:134.77ms
step:307/2315 train_time:41367ms step_avg:134.75ms
step:308/2315 train_time:41505ms step_avg:134.76ms
step:309/2315 train_time:41637ms step_avg:134.75ms
step:310/2315 train_time:41771ms step_avg:134.75ms
step:311/2315 train_time:41901ms step_avg:134.73ms
step:312/2315 train_time:42040ms step_avg:134.74ms
step:313/2315 train_time:42167ms step_avg:134.72ms
step:314/2315 train_time:42308ms step_avg:134.74ms
step:315/2315 train_time:42437ms step_avg:134.72ms
step:316/2315 train_time:42572ms step_avg:134.72ms
step:317/2315 train_time:42701ms step_avg:134.70ms
step:318/2315 train_time:42839ms step_avg:134.71ms
step:319/2315 train_time:42967ms step_avg:134.69ms
step:320/2315 train_time:43106ms step_avg:134.71ms
step:321/2315 train_time:43234ms step_avg:134.69ms
step:322/2315 train_time:43373ms step_avg:134.70ms
step:323/2315 train_time:43501ms step_avg:134.68ms
step:324/2315 train_time:43638ms step_avg:134.68ms
step:325/2315 train_time:43767ms step_avg:134.67ms
step:326/2315 train_time:43906ms step_avg:134.68ms
step:327/2315 train_time:44034ms step_avg:134.66ms
step:328/2315 train_time:44171ms step_avg:134.67ms
step:329/2315 train_time:44300ms step_avg:134.65ms
step:330/2315 train_time:44438ms step_avg:134.66ms
step:331/2315 train_time:44567ms step_avg:134.64ms
step:332/2315 train_time:44706ms step_avg:134.66ms
step:333/2315 train_time:44834ms step_avg:134.64ms
step:334/2315 train_time:44972ms step_avg:134.65ms
step:335/2315 train_time:45101ms step_avg:134.63ms
step:336/2315 train_time:45239ms step_avg:134.64ms
step:337/2315 train_time:45368ms step_avg:134.62ms
step:338/2315 train_time:45508ms step_avg:134.64ms
step:339/2315 train_time:45636ms step_avg:134.62ms
step:340/2315 train_time:45774ms step_avg:134.63ms
step:341/2315 train_time:45902ms step_avg:134.61ms
step:342/2315 train_time:46044ms step_avg:134.63ms
step:343/2315 train_time:46169ms step_avg:134.60ms
step:344/2315 train_time:46307ms step_avg:134.61ms
step:345/2315 train_time:46436ms step_avg:134.60ms
step:346/2315 train_time:46574ms step_avg:134.61ms
step:347/2315 train_time:46704ms step_avg:134.59ms
step:348/2315 train_time:46842ms step_avg:134.60ms
step:349/2315 train_time:46969ms step_avg:134.58ms
step:350/2315 train_time:47109ms step_avg:134.60ms
step:351/2315 train_time:47237ms step_avg:134.58ms
step:352/2315 train_time:47374ms step_avg:134.59ms
step:353/2315 train_time:47503ms step_avg:134.57ms
step:354/2315 train_time:47641ms step_avg:134.58ms
step:355/2315 train_time:47770ms step_avg:134.56ms
step:356/2315 train_time:47908ms step_avg:134.57ms
step:357/2315 train_time:48038ms step_avg:134.56ms
step:358/2315 train_time:48176ms step_avg:134.57ms
step:359/2315 train_time:48304ms step_avg:134.55ms
step:360/2315 train_time:48444ms step_avg:134.57ms
step:361/2315 train_time:48571ms step_avg:134.55ms
step:362/2315 train_time:48709ms step_avg:134.55ms
step:363/2315 train_time:48838ms step_avg:134.54ms
step:364/2315 train_time:48976ms step_avg:134.55ms
step:365/2315 train_time:49104ms step_avg:134.53ms
step:366/2315 train_time:49243ms step_avg:134.54ms
step:367/2315 train_time:49373ms step_avg:134.53ms
step:368/2315 train_time:49509ms step_avg:134.54ms
step:369/2315 train_time:49638ms step_avg:134.52ms
step:370/2315 train_time:49775ms step_avg:134.53ms
step:371/2315 train_time:49904ms step_avg:134.51ms
step:372/2315 train_time:50042ms step_avg:134.52ms
step:373/2315 train_time:50171ms step_avg:134.51ms
step:374/2315 train_time:50310ms step_avg:134.52ms
step:375/2315 train_time:50438ms step_avg:134.50ms
step:376/2315 train_time:50576ms step_avg:134.51ms
step:377/2315 train_time:50704ms step_avg:134.49ms
step:378/2315 train_time:50842ms step_avg:134.50ms
step:379/2315 train_time:50971ms step_avg:134.49ms
step:380/2315 train_time:51109ms step_avg:134.50ms
step:381/2315 train_time:51238ms step_avg:134.48ms
step:382/2315 train_time:51376ms step_avg:134.49ms
step:383/2315 train_time:51504ms step_avg:134.47ms
step:384/2315 train_time:51642ms step_avg:134.49ms
step:385/2315 train_time:51772ms step_avg:134.47ms
step:386/2315 train_time:51910ms step_avg:134.48ms
step:387/2315 train_time:52037ms step_avg:134.46ms
step:388/2315 train_time:52176ms step_avg:134.47ms
step:389/2315 train_time:52305ms step_avg:134.46ms
step:390/2315 train_time:52443ms step_avg:134.47ms
step:391/2315 train_time:52571ms step_avg:134.45ms
step:392/2315 train_time:52710ms step_avg:134.46ms
step:393/2315 train_time:52838ms step_avg:134.45ms
step:394/2315 train_time:52976ms step_avg:134.46ms
step:395/2315 train_time:53104ms step_avg:134.44ms
step:396/2315 train_time:53244ms step_avg:134.45ms
step:397/2315 train_time:53372ms step_avg:134.44ms
step:398/2315 train_time:53510ms step_avg:134.45ms
step:399/2315 train_time:53639ms step_avg:134.43ms
step:400/2315 train_time:53777ms step_avg:134.44ms
step:401/2315 train_time:53906ms step_avg:134.43ms
step:402/2315 train_time:54043ms step_avg:134.44ms
step:403/2315 train_time:54174ms step_avg:134.43ms
step:404/2315 train_time:54313ms step_avg:134.44ms
step:405/2315 train_time:54442ms step_avg:134.42ms
step:406/2315 train_time:54581ms step_avg:134.44ms
step:407/2315 train_time:54711ms step_avg:134.43ms
step:408/2315 train_time:54850ms step_avg:134.44ms
step:409/2315 train_time:54982ms step_avg:134.43ms
step:410/2315 train_time:55121ms step_avg:134.44ms
step:411/2315 train_time:55249ms step_avg:134.43ms
step:412/2315 train_time:55387ms step_avg:134.44ms
step:413/2315 train_time:55515ms step_avg:134.42ms
step:414/2315 train_time:55654ms step_avg:134.43ms
step:415/2315 train_time:55782ms step_avg:134.41ms
step:416/2315 train_time:55922ms step_avg:134.43ms
step:417/2315 train_time:56049ms step_avg:134.41ms
step:418/2315 train_time:56189ms step_avg:134.42ms
step:419/2315 train_time:56317ms step_avg:134.41ms
step:420/2315 train_time:56456ms step_avg:134.42ms
step:421/2315 train_time:56583ms step_avg:134.40ms
step:422/2315 train_time:56722ms step_avg:134.41ms
step:423/2315 train_time:56850ms step_avg:134.40ms
step:424/2315 train_time:56988ms step_avg:134.41ms
step:425/2315 train_time:57117ms step_avg:134.39ms
step:426/2315 train_time:57255ms step_avg:134.40ms
step:427/2315 train_time:57384ms step_avg:134.39ms
step:428/2315 train_time:57522ms step_avg:134.40ms
step:429/2315 train_time:57650ms step_avg:134.38ms
step:430/2315 train_time:57789ms step_avg:134.39ms
step:431/2315 train_time:57918ms step_avg:134.38ms
step:432/2315 train_time:58058ms step_avg:134.39ms
step:433/2315 train_time:58187ms step_avg:134.38ms
step:434/2315 train_time:58325ms step_avg:134.39ms
step:435/2315 train_time:58454ms step_avg:134.38ms
step:436/2315 train_time:58592ms step_avg:134.39ms
step:437/2315 train_time:58719ms step_avg:134.37ms
step:438/2315 train_time:58857ms step_avg:134.38ms
step:439/2315 train_time:58985ms step_avg:134.36ms
step:440/2315 train_time:59127ms step_avg:134.38ms
step:441/2315 train_time:59255ms step_avg:134.37ms
step:442/2315 train_time:59396ms step_avg:134.38ms
step:443/2315 train_time:59521ms step_avg:134.36ms
step:444/2315 train_time:59661ms step_avg:134.37ms
step:445/2315 train_time:59788ms step_avg:134.36ms
step:446/2315 train_time:59928ms step_avg:134.37ms
step:447/2315 train_time:60054ms step_avg:134.35ms
step:448/2315 train_time:60195ms step_avg:134.36ms
step:449/2315 train_time:60323ms step_avg:134.35ms
step:450/2315 train_time:60463ms step_avg:134.36ms
step:451/2315 train_time:60588ms step_avg:134.34ms
step:452/2315 train_time:60727ms step_avg:134.35ms
step:453/2315 train_time:60854ms step_avg:134.34ms
step:454/2315 train_time:60993ms step_avg:134.35ms
step:455/2315 train_time:61122ms step_avg:134.33ms
step:456/2315 train_time:61261ms step_avg:134.34ms
step:457/2315 train_time:61388ms step_avg:134.33ms
step:458/2315 train_time:61525ms step_avg:134.33ms
step:459/2315 train_time:61653ms step_avg:134.32ms
step:460/2315 train_time:61792ms step_avg:134.33ms
step:461/2315 train_time:61920ms step_avg:134.32ms
step:462/2315 train_time:62059ms step_avg:134.33ms
step:463/2315 train_time:62187ms step_avg:134.31ms
step:464/2315 train_time:62327ms step_avg:134.33ms
step:465/2315 train_time:62457ms step_avg:134.32ms
step:466/2315 train_time:62594ms step_avg:134.32ms
step:467/2315 train_time:62723ms step_avg:134.31ms
step:468/2315 train_time:62861ms step_avg:134.32ms
step:469/2315 train_time:62989ms step_avg:134.30ms
step:470/2315 train_time:63127ms step_avg:134.31ms
step:471/2315 train_time:63256ms step_avg:134.30ms
step:472/2315 train_time:63395ms step_avg:134.31ms
step:473/2315 train_time:63525ms step_avg:134.30ms
step:474/2315 train_time:63664ms step_avg:134.31ms
step:475/2315 train_time:63792ms step_avg:134.30ms
step:476/2315 train_time:63930ms step_avg:134.31ms
step:477/2315 train_time:64059ms step_avg:134.30ms
step:478/2315 train_time:64197ms step_avg:134.30ms
step:479/2315 train_time:64327ms step_avg:134.29ms
step:480/2315 train_time:64466ms step_avg:134.30ms
step:481/2315 train_time:64594ms step_avg:134.29ms
step:482/2315 train_time:64732ms step_avg:134.30ms
step:483/2315 train_time:64861ms step_avg:134.29ms
step:484/2315 train_time:64999ms step_avg:134.30ms
step:485/2315 train_time:65128ms step_avg:134.29ms
step:486/2315 train_time:65265ms step_avg:134.29ms
step:487/2315 train_time:65395ms step_avg:134.28ms
step:488/2315 train_time:65533ms step_avg:134.29ms
step:489/2315 train_time:65661ms step_avg:134.28ms
step:490/2315 train_time:65800ms step_avg:134.28ms
step:491/2315 train_time:65928ms step_avg:134.27ms
step:492/2315 train_time:66066ms step_avg:134.28ms
step:493/2315 train_time:66194ms step_avg:134.27ms
step:494/2315 train_time:66333ms step_avg:134.28ms
step:495/2315 train_time:66463ms step_avg:134.27ms
step:496/2315 train_time:66600ms step_avg:134.27ms
step:497/2315 train_time:66727ms step_avg:134.26ms
step:498/2315 train_time:66866ms step_avg:134.27ms
step:499/2315 train_time:66997ms step_avg:134.26ms
step:500/2315 train_time:67135ms step_avg:134.27ms
step:500/2315 val_loss:3.8113 train_time:67304ms step_avg:134.61ms
step:501/2315 train_time:67374ms step_avg:134.48ms
step:502/2315 train_time:67427ms step_avg:134.32ms
step:503/2315 train_time:67550ms step_avg:134.29ms
step:504/2315 train_time:67689ms step_avg:134.30ms
step:505/2315 train_time:67817ms step_avg:134.29ms
step:506/2315 train_time:67956ms step_avg:134.30ms
step:507/2315 train_time:68085ms step_avg:134.29ms
step:508/2315 train_time:68225ms step_avg:134.30ms
step:509/2315 train_time:68353ms step_avg:134.29ms
step:510/2315 train_time:68491ms step_avg:134.30ms
step:511/2315 train_time:68619ms step_avg:134.28ms
step:512/2315 train_time:68758ms step_avg:134.29ms
step:513/2315 train_time:68885ms step_avg:134.28ms
step:514/2315 train_time:69025ms step_avg:134.29ms
step:515/2315 train_time:69153ms step_avg:134.28ms
step:516/2315 train_time:69293ms step_avg:134.29ms
step:517/2315 train_time:69421ms step_avg:134.28ms
step:518/2315 train_time:69559ms step_avg:134.28ms
step:519/2315 train_time:69686ms step_avg:134.27ms
step:520/2315 train_time:69825ms step_avg:134.28ms
step:521/2315 train_time:69953ms step_avg:134.27ms
step:522/2315 train_time:70091ms step_avg:134.27ms
step:523/2315 train_time:70222ms step_avg:134.27ms
step:524/2315 train_time:70360ms step_avg:134.28ms
step:525/2315 train_time:70486ms step_avg:134.26ms
step:526/2315 train_time:70625ms step_avg:134.27ms
step:527/2315 train_time:70754ms step_avg:134.26ms
step:528/2315 train_time:70892ms step_avg:134.27ms
step:529/2315 train_time:71022ms step_avg:134.26ms
step:530/2315 train_time:71159ms step_avg:134.26ms
step:531/2315 train_time:71288ms step_avg:134.25ms
step:532/2315 train_time:71426ms step_avg:134.26ms
step:533/2315 train_time:71554ms step_avg:134.25ms
step:534/2315 train_time:71692ms step_avg:134.25ms
step:535/2315 train_time:71821ms step_avg:134.24ms
step:536/2315 train_time:71959ms step_avg:134.25ms
step:537/2315 train_time:72087ms step_avg:134.24ms
step:538/2315 train_time:72225ms step_avg:134.25ms
step:539/2315 train_time:72353ms step_avg:134.24ms
step:540/2315 train_time:72493ms step_avg:134.25ms
step:541/2315 train_time:72621ms step_avg:134.23ms
step:542/2315 train_time:72760ms step_avg:134.24ms
step:543/2315 train_time:72888ms step_avg:134.23ms
step:544/2315 train_time:73028ms step_avg:134.24ms
step:545/2315 train_time:73155ms step_avg:134.23ms
step:546/2315 train_time:73292ms step_avg:134.23ms
step:547/2315 train_time:73421ms step_avg:134.22ms
step:548/2315 train_time:73560ms step_avg:134.23ms
step:549/2315 train_time:73688ms step_avg:134.22ms
step:550/2315 train_time:73827ms step_avg:134.23ms
step:551/2315 train_time:73955ms step_avg:134.22ms
step:552/2315 train_time:74094ms step_avg:134.23ms
step:553/2315 train_time:74223ms step_avg:134.22ms
step:554/2315 train_time:74360ms step_avg:134.22ms
step:555/2315 train_time:74488ms step_avg:134.21ms
step:556/2315 train_time:74627ms step_avg:134.22ms
step:557/2315 train_time:74754ms step_avg:134.21ms
step:558/2315 train_time:74895ms step_avg:134.22ms
step:559/2315 train_time:75023ms step_avg:134.21ms
step:560/2315 train_time:75162ms step_avg:134.22ms
step:561/2315 train_time:75290ms step_avg:134.21ms
step:562/2315 train_time:75428ms step_avg:134.21ms
step:563/2315 train_time:75557ms step_avg:134.21ms
step:564/2315 train_time:75697ms step_avg:134.21ms
step:565/2315 train_time:75823ms step_avg:134.20ms
step:566/2315 train_time:75962ms step_avg:134.21ms
step:567/2315 train_time:76090ms step_avg:134.20ms
step:568/2315 train_time:76231ms step_avg:134.21ms
step:569/2315 train_time:76357ms step_avg:134.19ms
step:570/2315 train_time:76495ms step_avg:134.20ms
step:571/2315 train_time:76624ms step_avg:134.19ms
step:572/2315 train_time:76763ms step_avg:134.20ms
step:573/2315 train_time:76891ms step_avg:134.19ms
step:574/2315 train_time:77031ms step_avg:134.20ms
step:575/2315 train_time:77157ms step_avg:134.19ms
step:576/2315 train_time:77296ms step_avg:134.19ms
step:577/2315 train_time:77425ms step_avg:134.19ms
step:578/2315 train_time:77563ms step_avg:134.19ms
step:579/2315 train_time:77691ms step_avg:134.18ms
step:580/2315 train_time:77830ms step_avg:134.19ms
step:581/2315 train_time:77958ms step_avg:134.18ms
step:582/2315 train_time:78099ms step_avg:134.19ms
step:583/2315 train_time:78226ms step_avg:134.18ms
step:584/2315 train_time:78364ms step_avg:134.18ms
step:585/2315 train_time:78493ms step_avg:134.18ms
step:586/2315 train_time:78631ms step_avg:134.18ms
step:587/2315 train_time:78757ms step_avg:134.17ms
step:588/2315 train_time:78896ms step_avg:134.18ms
step:589/2315 train_time:79026ms step_avg:134.17ms
step:590/2315 train_time:79163ms step_avg:134.18ms
step:591/2315 train_time:79291ms step_avg:134.16ms
step:592/2315 train_time:79431ms step_avg:134.17ms
step:593/2315 train_time:79559ms step_avg:134.16ms
step:594/2315 train_time:79697ms step_avg:134.17ms
step:595/2315 train_time:79826ms step_avg:134.16ms
step:596/2315 train_time:79966ms step_avg:134.17ms
step:597/2315 train_time:80094ms step_avg:134.16ms
step:598/2315 train_time:80233ms step_avg:134.17ms
step:599/2315 train_time:80361ms step_avg:134.16ms
step:600/2315 train_time:80500ms step_avg:134.17ms
step:601/2315 train_time:80628ms step_avg:134.16ms
step:602/2315 train_time:80766ms step_avg:134.16ms
step:603/2315 train_time:80894ms step_avg:134.15ms
step:604/2315 train_time:81034ms step_avg:134.16ms
step:605/2315 train_time:81162ms step_avg:134.15ms
step:606/2315 train_time:81301ms step_avg:134.16ms
step:607/2315 train_time:81430ms step_avg:134.15ms
step:608/2315 train_time:81567ms step_avg:134.16ms
step:609/2315 train_time:81696ms step_avg:134.15ms
step:610/2315 train_time:81838ms step_avg:134.16ms
step:611/2315 train_time:81965ms step_avg:134.15ms
step:612/2315 train_time:82104ms step_avg:134.16ms
step:613/2315 train_time:82232ms step_avg:134.15ms
step:614/2315 train_time:82372ms step_avg:134.16ms
step:615/2315 train_time:82500ms step_avg:134.15ms
step:616/2315 train_time:82638ms step_avg:134.15ms
step:617/2315 train_time:82767ms step_avg:134.14ms
step:618/2315 train_time:82904ms step_avg:134.15ms
step:619/2315 train_time:83032ms step_avg:134.14ms
step:620/2315 train_time:83171ms step_avg:134.15ms
step:621/2315 train_time:83299ms step_avg:134.14ms
step:622/2315 train_time:83438ms step_avg:134.15ms
step:623/2315 train_time:83567ms step_avg:134.14ms
step:624/2315 train_time:83707ms step_avg:134.15ms
step:625/2315 train_time:83834ms step_avg:134.13ms
step:626/2315 train_time:83972ms step_avg:134.14ms
step:627/2315 train_time:84100ms step_avg:134.13ms
step:628/2315 train_time:84239ms step_avg:134.14ms
step:629/2315 train_time:84367ms step_avg:134.13ms
step:630/2315 train_time:84506ms step_avg:134.14ms
step:631/2315 train_time:84636ms step_avg:134.13ms
step:632/2315 train_time:84775ms step_avg:134.14ms
step:633/2315 train_time:84902ms step_avg:134.13ms
step:634/2315 train_time:85041ms step_avg:134.13ms
step:635/2315 train_time:85170ms step_avg:134.13ms
step:636/2315 train_time:85308ms step_avg:134.13ms
step:637/2315 train_time:85436ms step_avg:134.12ms
step:638/2315 train_time:85576ms step_avg:134.13ms
step:639/2315 train_time:85704ms step_avg:134.12ms
step:640/2315 train_time:85843ms step_avg:134.13ms
step:641/2315 train_time:85971ms step_avg:134.12ms
step:642/2315 train_time:86109ms step_avg:134.13ms
step:643/2315 train_time:86237ms step_avg:134.12ms
step:644/2315 train_time:86376ms step_avg:134.12ms
step:645/2315 train_time:86504ms step_avg:134.12ms
step:646/2315 train_time:86643ms step_avg:134.12ms
step:647/2315 train_time:86771ms step_avg:134.11ms
step:648/2315 train_time:86911ms step_avg:134.12ms
step:649/2315 train_time:87039ms step_avg:134.11ms
step:650/2315 train_time:87177ms step_avg:134.12ms
step:651/2315 train_time:87305ms step_avg:134.11ms
step:652/2315 train_time:87443ms step_avg:134.12ms
step:653/2315 train_time:87572ms step_avg:134.11ms
step:654/2315 train_time:87711ms step_avg:134.11ms
step:655/2315 train_time:87839ms step_avg:134.11ms
step:656/2315 train_time:87978ms step_avg:134.11ms
step:657/2315 train_time:88106ms step_avg:134.10ms
step:658/2315 train_time:88245ms step_avg:134.11ms
step:659/2315 train_time:88375ms step_avg:134.10ms
step:660/2315 train_time:88513ms step_avg:134.11ms
step:661/2315 train_time:88641ms step_avg:134.10ms
step:662/2315 train_time:88778ms step_avg:134.11ms
step:663/2315 train_time:88906ms step_avg:134.10ms
step:664/2315 train_time:89046ms step_avg:134.11ms
step:665/2315 train_time:89174ms step_avg:134.10ms
step:666/2315 train_time:89313ms step_avg:134.10ms
step:667/2315 train_time:89441ms step_avg:134.09ms
step:668/2315 train_time:89579ms step_avg:134.10ms
step:669/2315 train_time:89708ms step_avg:134.09ms
step:670/2315 train_time:89846ms step_avg:134.10ms
step:671/2315 train_time:89975ms step_avg:134.09ms
step:672/2315 train_time:90114ms step_avg:134.10ms
step:673/2315 train_time:90242ms step_avg:134.09ms
step:674/2315 train_time:90380ms step_avg:134.10ms
step:675/2315 train_time:90509ms step_avg:134.09ms
step:676/2315 train_time:90647ms step_avg:134.09ms
step:677/2315 train_time:90775ms step_avg:134.08ms
step:678/2315 train_time:90914ms step_avg:134.09ms
step:679/2315 train_time:91043ms step_avg:134.08ms
step:680/2315 train_time:91181ms step_avg:134.09ms
step:681/2315 train_time:91309ms step_avg:134.08ms
step:682/2315 train_time:91448ms step_avg:134.09ms
step:683/2315 train_time:91576ms step_avg:134.08ms
step:684/2315 train_time:91715ms step_avg:134.09ms
step:685/2315 train_time:91844ms step_avg:134.08ms
step:686/2315 train_time:91983ms step_avg:134.09ms
step:687/2315 train_time:92110ms step_avg:134.08ms
step:688/2315 train_time:92248ms step_avg:134.08ms
step:689/2315 train_time:92377ms step_avg:134.07ms
step:690/2315 train_time:92516ms step_avg:134.08ms
step:691/2315 train_time:92644ms step_avg:134.07ms
step:692/2315 train_time:92782ms step_avg:134.08ms
step:693/2315 train_time:92911ms step_avg:134.07ms
step:694/2315 train_time:93049ms step_avg:134.08ms
step:695/2315 train_time:93177ms step_avg:134.07ms
step:696/2315 train_time:93316ms step_avg:134.08ms
step:697/2315 train_time:93445ms step_avg:134.07ms
step:698/2315 train_time:93583ms step_avg:134.07ms
step:699/2315 train_time:93711ms step_avg:134.06ms
step:700/2315 train_time:93850ms step_avg:134.07ms
step:701/2315 train_time:93979ms step_avg:134.06ms
step:702/2315 train_time:94116ms step_avg:134.07ms
step:703/2315 train_time:94245ms step_avg:134.06ms
step:704/2315 train_time:94383ms step_avg:134.07ms
step:705/2315 train_time:94511ms step_avg:134.06ms
step:706/2315 train_time:94649ms step_avg:134.06ms
step:707/2315 train_time:94779ms step_avg:134.06ms
step:708/2315 train_time:94917ms step_avg:134.06ms
step:709/2315 train_time:95044ms step_avg:134.05ms
step:710/2315 train_time:95183ms step_avg:134.06ms
step:711/2315 train_time:95311ms step_avg:134.05ms
step:712/2315 train_time:95451ms step_avg:134.06ms
step:713/2315 train_time:95579ms step_avg:134.05ms
step:714/2315 train_time:95718ms step_avg:134.06ms
step:715/2315 train_time:95846ms step_avg:134.05ms
step:716/2315 train_time:95987ms step_avg:134.06ms
step:717/2315 train_time:96113ms step_avg:134.05ms
step:718/2315 train_time:96253ms step_avg:134.06ms
step:719/2315 train_time:96380ms step_avg:134.05ms
step:720/2315 train_time:96518ms step_avg:134.05ms
step:721/2315 train_time:96647ms step_avg:134.05ms
step:722/2315 train_time:96786ms step_avg:134.05ms
step:723/2315 train_time:96915ms step_avg:134.05ms
step:724/2315 train_time:97052ms step_avg:134.05ms
step:725/2315 train_time:97181ms step_avg:134.04ms
step:726/2315 train_time:97319ms step_avg:134.05ms
step:727/2315 train_time:97447ms step_avg:134.04ms
step:728/2315 train_time:97586ms step_avg:134.05ms
step:729/2315 train_time:97714ms step_avg:134.04ms
step:730/2315 train_time:97852ms step_avg:134.04ms
step:731/2315 train_time:97981ms step_avg:134.04ms
step:732/2315 train_time:98120ms step_avg:134.04ms
step:733/2315 train_time:98249ms step_avg:134.04ms
step:734/2315 train_time:98387ms step_avg:134.04ms
step:735/2315 train_time:98516ms step_avg:134.03ms
step:736/2315 train_time:98655ms step_avg:134.04ms
step:737/2315 train_time:98782ms step_avg:134.03ms
step:738/2315 train_time:98920ms step_avg:134.04ms
step:739/2315 train_time:99048ms step_avg:134.03ms
step:740/2315 train_time:99188ms step_avg:134.04ms
step:741/2315 train_time:99317ms step_avg:134.03ms
step:742/2315 train_time:99454ms step_avg:134.03ms
step:743/2315 train_time:99581ms step_avg:134.03ms
step:744/2315 train_time:99724ms step_avg:134.04ms
step:745/2315 train_time:99852ms step_avg:134.03ms
step:746/2315 train_time:99993ms step_avg:134.04ms
step:747/2315 train_time:100122ms step_avg:134.03ms
step:748/2315 train_time:100260ms step_avg:134.04ms
step:749/2315 train_time:100388ms step_avg:134.03ms
step:750/2315 train_time:100526ms step_avg:134.04ms
step:750/2315 val_loss:3.6799 train_time:100693ms step_avg:134.26ms
step:751/2315 train_time:100775ms step_avg:134.19ms
step:752/2315 train_time:100839ms step_avg:134.09ms
step:753/2315 train_time:100941ms step_avg:134.05ms
step:754/2315 train_time:101076ms step_avg:134.05ms
step:755/2315 train_time:101206ms step_avg:134.05ms
step:756/2315 train_time:101346ms step_avg:134.06ms
step:757/2315 train_time:101475ms step_avg:134.05ms
step:758/2315 train_time:101613ms step_avg:134.05ms
step:759/2315 train_time:101742ms step_avg:134.05ms
step:760/2315 train_time:101880ms step_avg:134.05ms
step:761/2315 train_time:102012ms step_avg:134.05ms
step:762/2315 train_time:102151ms step_avg:134.06ms
step:763/2315 train_time:102281ms step_avg:134.05ms
step:764/2315 train_time:102421ms step_avg:134.06ms
step:765/2315 train_time:102551ms step_avg:134.05ms
step:766/2315 train_time:102692ms step_avg:134.06ms
step:767/2315 train_time:102822ms step_avg:134.06ms
step:768/2315 train_time:102964ms step_avg:134.07ms
step:769/2315 train_time:103092ms step_avg:134.06ms
step:770/2315 train_time:103232ms step_avg:134.07ms
step:771/2315 train_time:103364ms step_avg:134.06ms
step:772/2315 train_time:103504ms step_avg:134.07ms
step:773/2315 train_time:103635ms step_avg:134.07ms
step:774/2315 train_time:103775ms step_avg:134.08ms
step:775/2315 train_time:103905ms step_avg:134.07ms
step:776/2315 train_time:104046ms step_avg:134.08ms
step:777/2315 train_time:104177ms step_avg:134.08ms
step:778/2315 train_time:104316ms step_avg:134.08ms
step:779/2315 train_time:104447ms step_avg:134.08ms
step:780/2315 train_time:104587ms step_avg:134.09ms
step:781/2315 train_time:104718ms step_avg:134.08ms
step:782/2315 train_time:104859ms step_avg:134.09ms
step:783/2315 train_time:104989ms step_avg:134.09ms
step:784/2315 train_time:105130ms step_avg:134.09ms
step:785/2315 train_time:105260ms step_avg:134.09ms
step:786/2315 train_time:105400ms step_avg:134.10ms
step:787/2315 train_time:105530ms step_avg:134.09ms
step:788/2315 train_time:105669ms step_avg:134.10ms
step:789/2315 train_time:105800ms step_avg:134.09ms
step:790/2315 train_time:105940ms step_avg:134.10ms
step:791/2315 train_time:106070ms step_avg:134.10ms
step:792/2315 train_time:106210ms step_avg:134.10ms
step:793/2315 train_time:106341ms step_avg:134.10ms
step:794/2315 train_time:106481ms step_avg:134.11ms
step:795/2315 train_time:106611ms step_avg:134.10ms
step:796/2315 train_time:106751ms step_avg:134.11ms
step:797/2315 train_time:106883ms step_avg:134.11ms
step:798/2315 train_time:107024ms step_avg:134.11ms
step:799/2315 train_time:107155ms step_avg:134.11ms
step:800/2315 train_time:107294ms step_avg:134.12ms
step:801/2315 train_time:107424ms step_avg:134.11ms
step:802/2315 train_time:107565ms step_avg:134.12ms
step:803/2315 train_time:107695ms step_avg:134.12ms
step:804/2315 train_time:107835ms step_avg:134.12ms
step:805/2315 train_time:107966ms step_avg:134.12ms
step:806/2315 train_time:108106ms step_avg:134.13ms
step:807/2315 train_time:108237ms step_avg:134.12ms
step:808/2315 train_time:108377ms step_avg:134.13ms
step:809/2315 train_time:108507ms step_avg:134.12ms
step:810/2315 train_time:108647ms step_avg:134.13ms
step:811/2315 train_time:108778ms step_avg:134.13ms
step:812/2315 train_time:108918ms step_avg:134.14ms
step:813/2315 train_time:109048ms step_avg:134.13ms
step:814/2315 train_time:109188ms step_avg:134.14ms
step:815/2315 train_time:109317ms step_avg:134.13ms
step:816/2315 train_time:109457ms step_avg:134.14ms
step:817/2315 train_time:109589ms step_avg:134.14ms
step:818/2315 train_time:109729ms step_avg:134.14ms
step:819/2315 train_time:109858ms step_avg:134.14ms
step:820/2315 train_time:110000ms step_avg:134.15ms
step:821/2315 train_time:110128ms step_avg:134.14ms
step:822/2315 train_time:110269ms step_avg:134.15ms
step:823/2315 train_time:110400ms step_avg:134.14ms
step:824/2315 train_time:110541ms step_avg:134.15ms
step:825/2315 train_time:110670ms step_avg:134.15ms
step:826/2315 train_time:110812ms step_avg:134.15ms
step:827/2315 train_time:110942ms step_avg:134.15ms
step:828/2315 train_time:111082ms step_avg:134.16ms
step:829/2315 train_time:111211ms step_avg:134.15ms
step:830/2315 train_time:111352ms step_avg:134.16ms
step:831/2315 train_time:111481ms step_avg:134.15ms
step:832/2315 train_time:111623ms step_avg:134.16ms
step:833/2315 train_time:111753ms step_avg:134.16ms
step:834/2315 train_time:111893ms step_avg:134.16ms
step:835/2315 train_time:112023ms step_avg:134.16ms
step:836/2315 train_time:112163ms step_avg:134.17ms
step:837/2315 train_time:112293ms step_avg:134.16ms
step:838/2315 train_time:112434ms step_avg:134.17ms
step:839/2315 train_time:112565ms step_avg:134.17ms
step:840/2315 train_time:112704ms step_avg:134.17ms
step:841/2315 train_time:112834ms step_avg:134.17ms
step:842/2315 train_time:112974ms step_avg:134.17ms
step:843/2315 train_time:113104ms step_avg:134.17ms
step:844/2315 train_time:113244ms step_avg:134.17ms
step:845/2315 train_time:113374ms step_avg:134.17ms
step:846/2315 train_time:113515ms step_avg:134.18ms
step:847/2315 train_time:113644ms step_avg:134.17ms
step:848/2315 train_time:113787ms step_avg:134.18ms
step:849/2315 train_time:113916ms step_avg:134.18ms
step:850/2315 train_time:114056ms step_avg:134.18ms
step:851/2315 train_time:114187ms step_avg:134.18ms
step:852/2315 train_time:114327ms step_avg:134.19ms
step:853/2315 train_time:114457ms step_avg:134.18ms
step:854/2315 train_time:114597ms step_avg:134.19ms
step:855/2315 train_time:114727ms step_avg:134.18ms
step:856/2315 train_time:114867ms step_avg:134.19ms
step:857/2315 train_time:114997ms step_avg:134.19ms
step:858/2315 train_time:115139ms step_avg:134.19ms
step:859/2315 train_time:115268ms step_avg:134.19ms
step:860/2315 train_time:115408ms step_avg:134.20ms
step:861/2315 train_time:115537ms step_avg:134.19ms
step:862/2315 train_time:115678ms step_avg:134.20ms
step:863/2315 train_time:115807ms step_avg:134.19ms
step:864/2315 train_time:115948ms step_avg:134.20ms
step:865/2315 train_time:116078ms step_avg:134.19ms
step:866/2315 train_time:116219ms step_avg:134.20ms
step:867/2315 train_time:116349ms step_avg:134.20ms
step:868/2315 train_time:116489ms step_avg:134.20ms
step:869/2315 train_time:116619ms step_avg:134.20ms
step:870/2315 train_time:116761ms step_avg:134.21ms
step:871/2315 train_time:116890ms step_avg:134.20ms
step:872/2315 train_time:117030ms step_avg:134.21ms
step:873/2315 train_time:117160ms step_avg:134.20ms
step:874/2315 train_time:117301ms step_avg:134.21ms
step:875/2315 train_time:117431ms step_avg:134.21ms
step:876/2315 train_time:117572ms step_avg:134.21ms
step:877/2315 train_time:117701ms step_avg:134.21ms
step:878/2315 train_time:117843ms step_avg:134.22ms
step:879/2315 train_time:117972ms step_avg:134.21ms
step:880/2315 train_time:118114ms step_avg:134.22ms
step:881/2315 train_time:118243ms step_avg:134.21ms
step:882/2315 train_time:118383ms step_avg:134.22ms
step:883/2315 train_time:118514ms step_avg:134.22ms
step:884/2315 train_time:118653ms step_avg:134.22ms
step:885/2315 train_time:118783ms step_avg:134.22ms
step:886/2315 train_time:118923ms step_avg:134.23ms
step:887/2315 train_time:119055ms step_avg:134.22ms
step:888/2315 train_time:119194ms step_avg:134.23ms
step:889/2315 train_time:119325ms step_avg:134.22ms
step:890/2315 train_time:119464ms step_avg:134.23ms
step:891/2315 train_time:119594ms step_avg:134.22ms
step:892/2315 train_time:119735ms step_avg:134.23ms
step:893/2315 train_time:119865ms step_avg:134.23ms
step:894/2315 train_time:120005ms step_avg:134.23ms
step:895/2315 train_time:120135ms step_avg:134.23ms
step:896/2315 train_time:120276ms step_avg:134.24ms
step:897/2315 train_time:120406ms step_avg:134.23ms
step:898/2315 train_time:120547ms step_avg:134.24ms
step:899/2315 train_time:120677ms step_avg:134.23ms
step:900/2315 train_time:120818ms step_avg:134.24ms
step:901/2315 train_time:120948ms step_avg:134.24ms
step:902/2315 train_time:121090ms step_avg:134.25ms
step:903/2315 train_time:121219ms step_avg:134.24ms
step:904/2315 train_time:121357ms step_avg:134.24ms
step:905/2315 train_time:121487ms step_avg:134.24ms
step:906/2315 train_time:121627ms step_avg:134.25ms
step:907/2315 train_time:121758ms step_avg:134.24ms
step:908/2315 train_time:121898ms step_avg:134.25ms
step:909/2315 train_time:122029ms step_avg:134.25ms
step:910/2315 train_time:122169ms step_avg:134.25ms
step:911/2315 train_time:122300ms step_avg:134.25ms
step:912/2315 train_time:122440ms step_avg:134.25ms
step:913/2315 train_time:122570ms step_avg:134.25ms
step:914/2315 train_time:122711ms step_avg:134.26ms
step:915/2315 train_time:122841ms step_avg:134.25ms
step:916/2315 train_time:122982ms step_avg:134.26ms
step:917/2315 train_time:123112ms step_avg:134.25ms
step:918/2315 train_time:123252ms step_avg:134.26ms
step:919/2315 train_time:123383ms step_avg:134.26ms
step:920/2315 train_time:123522ms step_avg:134.26ms
step:921/2315 train_time:123653ms step_avg:134.26ms
step:922/2315 train_time:123792ms step_avg:134.27ms
step:923/2315 train_time:123922ms step_avg:134.26ms
step:924/2315 train_time:124062ms step_avg:134.27ms
step:925/2315 train_time:124193ms step_avg:134.26ms
step:926/2315 train_time:124333ms step_avg:134.27ms
step:927/2315 train_time:124463ms step_avg:134.26ms
step:928/2315 train_time:124606ms step_avg:134.27ms
step:929/2315 train_time:124736ms step_avg:134.27ms
step:930/2315 train_time:124876ms step_avg:134.28ms
step:931/2315 train_time:125007ms step_avg:134.27ms
step:932/2315 train_time:125147ms step_avg:134.28ms
step:933/2315 train_time:125276ms step_avg:134.27ms
step:934/2315 train_time:125415ms step_avg:134.28ms
step:935/2315 train_time:125545ms step_avg:134.27ms
step:936/2315 train_time:125685ms step_avg:134.28ms
step:937/2315 train_time:125815ms step_avg:134.27ms
step:938/2315 train_time:125957ms step_avg:134.28ms
step:939/2315 train_time:126086ms step_avg:134.28ms
step:940/2315 train_time:126227ms step_avg:134.28ms
step:941/2315 train_time:126356ms step_avg:134.28ms
step:942/2315 train_time:126497ms step_avg:134.29ms
step:943/2315 train_time:126626ms step_avg:134.28ms
step:944/2315 train_time:126768ms step_avg:134.29ms
step:945/2315 train_time:126897ms step_avg:134.28ms
step:946/2315 train_time:127038ms step_avg:134.29ms
step:947/2315 train_time:127168ms step_avg:134.29ms
step:948/2315 train_time:127308ms step_avg:134.29ms
step:949/2315 train_time:127438ms step_avg:134.29ms
step:950/2315 train_time:127578ms step_avg:134.29ms
step:951/2315 train_time:127708ms step_avg:134.29ms
step:952/2315 train_time:127848ms step_avg:134.29ms
step:953/2315 train_time:127978ms step_avg:134.29ms
step:954/2315 train_time:128119ms step_avg:134.30ms
step:955/2315 train_time:128248ms step_avg:134.29ms
step:956/2315 train_time:128387ms step_avg:134.30ms
step:957/2315 train_time:128519ms step_avg:134.29ms
step:958/2315 train_time:128660ms step_avg:134.30ms
step:959/2315 train_time:128791ms step_avg:134.30ms
step:960/2315 train_time:128931ms step_avg:134.30ms
step:961/2315 train_time:129061ms step_avg:134.30ms
step:962/2315 train_time:129201ms step_avg:134.30ms
step:963/2315 train_time:129331ms step_avg:134.30ms
step:964/2315 train_time:129472ms step_avg:134.31ms
step:965/2315 train_time:129602ms step_avg:134.30ms
step:966/2315 train_time:129741ms step_avg:134.31ms
step:967/2315 train_time:129872ms step_avg:134.30ms
step:968/2315 train_time:130012ms step_avg:134.31ms
step:969/2315 train_time:130143ms step_avg:134.31ms
step:970/2315 train_time:130284ms step_avg:134.31ms
step:971/2315 train_time:130414ms step_avg:134.31ms
step:972/2315 train_time:130555ms step_avg:134.32ms
step:973/2315 train_time:130683ms step_avg:134.31ms
step:974/2315 train_time:130824ms step_avg:134.32ms
step:975/2315 train_time:130953ms step_avg:134.31ms
step:976/2315 train_time:131093ms step_avg:134.32ms
step:977/2315 train_time:131222ms step_avg:134.31ms
step:978/2315 train_time:131363ms step_avg:134.32ms
step:979/2315 train_time:131494ms step_avg:134.31ms
step:980/2315 train_time:131634ms step_avg:134.32ms
step:981/2315 train_time:131766ms step_avg:134.32ms
step:982/2315 train_time:131905ms step_avg:134.32ms
step:983/2315 train_time:132036ms step_avg:134.32ms
step:984/2315 train_time:132176ms step_avg:134.32ms
step:985/2315 train_time:132305ms step_avg:134.32ms
step:986/2315 train_time:132446ms step_avg:134.33ms
step:987/2315 train_time:132574ms step_avg:134.32ms
step:988/2315 train_time:132715ms step_avg:134.33ms
step:989/2315 train_time:132844ms step_avg:134.32ms
step:990/2315 train_time:132985ms step_avg:134.33ms
step:991/2315 train_time:133115ms step_avg:134.32ms
step:992/2315 train_time:133256ms step_avg:134.33ms
step:993/2315 train_time:133386ms step_avg:134.33ms
step:994/2315 train_time:133527ms step_avg:134.33ms
step:995/2315 train_time:133657ms step_avg:134.33ms
step:996/2315 train_time:133796ms step_avg:134.33ms
step:997/2315 train_time:133930ms step_avg:134.33ms
step:998/2315 train_time:134071ms step_avg:134.34ms
step:999/2315 train_time:134200ms step_avg:134.33ms
step:1000/2315 train_time:134340ms step_avg:134.34ms
step:1000/2315 val_loss:3.5786 train_time:134509ms step_avg:134.51ms
step:1001/2315 train_time:134583ms step_avg:134.45ms
step:1002/2315 train_time:134640ms step_avg:134.37ms
step:1003/2315 train_time:134756ms step_avg:134.35ms
step:1004/2315 train_time:134898ms step_avg:134.36ms
step:1005/2315 train_time:135026ms step_avg:134.35ms
step:1006/2315 train_time:135167ms step_avg:134.36ms
step:1007/2315 train_time:135296ms step_avg:134.36ms
step:1008/2315 train_time:135436ms step_avg:134.36ms
step:1009/2315 train_time:135566ms step_avg:134.36ms
step:1010/2315 train_time:135705ms step_avg:134.36ms
step:1011/2315 train_time:135836ms step_avg:134.36ms
step:1012/2315 train_time:135976ms step_avg:134.36ms
step:1013/2315 train_time:136108ms step_avg:134.36ms
step:1014/2315 train_time:136249ms step_avg:134.37ms
step:1015/2315 train_time:136379ms step_avg:134.36ms
step:1016/2315 train_time:136520ms step_avg:134.37ms
step:1017/2315 train_time:136650ms step_avg:134.37ms
step:1018/2315 train_time:136792ms step_avg:134.37ms
step:1019/2315 train_time:136922ms step_avg:134.37ms
step:1020/2315 train_time:137062ms step_avg:134.37ms
step:1021/2315 train_time:137194ms step_avg:134.37ms
step:1022/2315 train_time:137334ms step_avg:134.38ms
step:1023/2315 train_time:137463ms step_avg:134.37ms
step:1024/2315 train_time:137603ms step_avg:134.38ms
step:1025/2315 train_time:137733ms step_avg:134.37ms
step:1026/2315 train_time:137875ms step_avg:134.38ms
step:1027/2315 train_time:138003ms step_avg:134.38ms
step:1028/2315 train_time:138145ms step_avg:134.38ms
step:1029/2315 train_time:138276ms step_avg:134.38ms
step:1030/2315 train_time:138416ms step_avg:134.38ms
step:1031/2315 train_time:138545ms step_avg:134.38ms
step:1032/2315 train_time:138687ms step_avg:134.39ms
step:1033/2315 train_time:138815ms step_avg:134.38ms
step:1034/2315 train_time:138956ms step_avg:134.39ms
step:1035/2315 train_time:139086ms step_avg:134.38ms
step:1036/2315 train_time:139226ms step_avg:134.39ms
step:1037/2315 train_time:139357ms step_avg:134.38ms
step:1038/2315 train_time:139498ms step_avg:134.39ms
step:1039/2315 train_time:139628ms step_avg:134.39ms
step:1040/2315 train_time:139768ms step_avg:134.39ms
step:1041/2315 train_time:139898ms step_avg:134.39ms
step:1042/2315 train_time:140040ms step_avg:134.40ms
step:1043/2315 train_time:140169ms step_avg:134.39ms
step:1044/2315 train_time:140309ms step_avg:134.40ms
step:1045/2315 train_time:140440ms step_avg:134.39ms
step:1046/2315 train_time:140580ms step_avg:134.40ms
step:1047/2315 train_time:140711ms step_avg:134.39ms
step:1048/2315 train_time:140851ms step_avg:134.40ms
step:1049/2315 train_time:140981ms step_avg:134.40ms
step:1050/2315 train_time:141124ms step_avg:134.40ms
step:1051/2315 train_time:141252ms step_avg:134.40ms
step:1052/2315 train_time:141392ms step_avg:134.40ms
step:1053/2315 train_time:141522ms step_avg:134.40ms
step:1054/2315 train_time:141665ms step_avg:134.41ms
step:1055/2315 train_time:141793ms step_avg:134.40ms
step:1056/2315 train_time:141932ms step_avg:134.41ms
step:1057/2315 train_time:142064ms step_avg:134.40ms
step:1058/2315 train_time:142204ms step_avg:134.41ms
step:1059/2315 train_time:142334ms step_avg:134.40ms
step:1060/2315 train_time:142474ms step_avg:134.41ms
step:1061/2315 train_time:142604ms step_avg:134.41ms
step:1062/2315 train_time:142746ms step_avg:134.41ms
step:1063/2315 train_time:142875ms step_avg:134.41ms
step:1064/2315 train_time:143017ms step_avg:134.41ms
step:1065/2315 train_time:143146ms step_avg:134.41ms
step:1066/2315 train_time:143287ms step_avg:134.42ms
step:1067/2315 train_time:143417ms step_avg:134.41ms
step:1068/2315 train_time:143558ms step_avg:134.42ms
step:1069/2315 train_time:143688ms step_avg:134.41ms
step:1070/2315 train_time:143830ms step_avg:134.42ms
step:1071/2315 train_time:143959ms step_avg:134.42ms
step:1072/2315 train_time:144099ms step_avg:134.42ms
step:1073/2315 train_time:144228ms step_avg:134.42ms
step:1074/2315 train_time:144370ms step_avg:134.42ms
step:1075/2315 train_time:144501ms step_avg:134.42ms
step:1076/2315 train_time:144640ms step_avg:134.42ms
step:1077/2315 train_time:144770ms step_avg:134.42ms
step:1078/2315 train_time:144910ms step_avg:134.42ms
step:1079/2315 train_time:145040ms step_avg:134.42ms
step:1080/2315 train_time:145181ms step_avg:134.43ms
step:1081/2315 train_time:145313ms step_avg:134.42ms
step:1082/2315 train_time:145451ms step_avg:134.43ms
step:1083/2315 train_time:145582ms step_avg:134.42ms
step:1084/2315 train_time:145722ms step_avg:134.43ms
step:1085/2315 train_time:145852ms step_avg:134.43ms
step:1086/2315 train_time:145992ms step_avg:134.43ms
step:1087/2315 train_time:146122ms step_avg:134.43ms
step:1088/2315 train_time:146263ms step_avg:134.43ms
step:1089/2315 train_time:146393ms step_avg:134.43ms
step:1090/2315 train_time:146532ms step_avg:134.43ms
step:1091/2315 train_time:146663ms step_avg:134.43ms
step:1092/2315 train_time:146802ms step_avg:134.43ms
step:1093/2315 train_time:146932ms step_avg:134.43ms
step:1094/2315 train_time:147072ms step_avg:134.44ms
step:1095/2315 train_time:147203ms step_avg:134.43ms
step:1096/2315 train_time:147346ms step_avg:134.44ms
step:1097/2315 train_time:147474ms step_avg:134.43ms
step:1098/2315 train_time:147614ms step_avg:134.44ms
step:1099/2315 train_time:147743ms step_avg:134.43ms
step:1100/2315 train_time:147884ms step_avg:134.44ms
step:1101/2315 train_time:148014ms step_avg:134.44ms
step:1102/2315 train_time:148156ms step_avg:134.44ms
step:1103/2315 train_time:148285ms step_avg:134.44ms
step:1104/2315 train_time:148425ms step_avg:134.44ms
step:1105/2315 train_time:148555ms step_avg:134.44ms
step:1106/2315 train_time:148696ms step_avg:134.44ms
step:1107/2315 train_time:148826ms step_avg:134.44ms
step:1108/2315 train_time:148964ms step_avg:134.44ms
step:1109/2315 train_time:149095ms step_avg:134.44ms
step:1110/2315 train_time:149236ms step_avg:134.45ms
step:1111/2315 train_time:149367ms step_avg:134.44ms
step:1112/2315 train_time:149508ms step_avg:134.45ms
step:1113/2315 train_time:149638ms step_avg:134.45ms
step:1114/2315 train_time:149778ms step_avg:134.45ms
step:1115/2315 train_time:149909ms step_avg:134.45ms
step:1116/2315 train_time:150049ms step_avg:134.45ms
step:1117/2315 train_time:150179ms step_avg:134.45ms
step:1118/2315 train_time:150319ms step_avg:134.45ms
step:1119/2315 train_time:150450ms step_avg:134.45ms
step:1120/2315 train_time:150591ms step_avg:134.46ms
step:1121/2315 train_time:150721ms step_avg:134.45ms
step:1122/2315 train_time:150862ms step_avg:134.46ms
step:1123/2315 train_time:150991ms step_avg:134.45ms
step:1124/2315 train_time:151134ms step_avg:134.46ms
step:1125/2315 train_time:151263ms step_avg:134.46ms
step:1126/2315 train_time:151404ms step_avg:134.46ms
step:1127/2315 train_time:151533ms step_avg:134.46ms
step:1128/2315 train_time:151674ms step_avg:134.46ms
step:1129/2315 train_time:151806ms step_avg:134.46ms
step:1130/2315 train_time:151946ms step_avg:134.47ms
step:1131/2315 train_time:152076ms step_avg:134.46ms
step:1132/2315 train_time:152217ms step_avg:134.47ms
step:1133/2315 train_time:152348ms step_avg:134.46ms
step:1134/2315 train_time:152489ms step_avg:134.47ms
step:1135/2315 train_time:152619ms step_avg:134.47ms
step:1136/2315 train_time:152759ms step_avg:134.47ms
step:1137/2315 train_time:152890ms step_avg:134.47ms
step:1138/2315 train_time:153029ms step_avg:134.47ms
step:1139/2315 train_time:153160ms step_avg:134.47ms
step:1140/2315 train_time:153299ms step_avg:134.47ms
step:1141/2315 train_time:153429ms step_avg:134.47ms
step:1142/2315 train_time:153569ms step_avg:134.47ms
step:1143/2315 train_time:153700ms step_avg:134.47ms
step:1144/2315 train_time:153840ms step_avg:134.48ms
step:1145/2315 train_time:153970ms step_avg:134.47ms
step:1146/2315 train_time:154111ms step_avg:134.48ms
step:1147/2315 train_time:154241ms step_avg:134.47ms
step:1148/2315 train_time:154381ms step_avg:134.48ms
step:1149/2315 train_time:154512ms step_avg:134.48ms
step:1150/2315 train_time:154652ms step_avg:134.48ms
step:1151/2315 train_time:154784ms step_avg:134.48ms
step:1152/2315 train_time:154923ms step_avg:134.48ms
step:1153/2315 train_time:155054ms step_avg:134.48ms
step:1154/2315 train_time:155197ms step_avg:134.49ms
step:1155/2315 train_time:155328ms step_avg:134.48ms
step:1156/2315 train_time:155468ms step_avg:134.49ms
step:1157/2315 train_time:155597ms step_avg:134.48ms
step:1158/2315 train_time:155739ms step_avg:134.49ms
step:1159/2315 train_time:155869ms step_avg:134.49ms
step:1160/2315 train_time:156011ms step_avg:134.49ms
step:1161/2315 train_time:156142ms step_avg:134.49ms
step:1162/2315 train_time:156283ms step_avg:134.50ms
step:1163/2315 train_time:156414ms step_avg:134.49ms
step:1164/2315 train_time:156552ms step_avg:134.49ms
step:1165/2315 train_time:156683ms step_avg:134.49ms
step:1166/2315 train_time:156824ms step_avg:134.50ms
step:1167/2315 train_time:156956ms step_avg:134.50ms
step:1168/2315 train_time:157094ms step_avg:134.50ms
step:1169/2315 train_time:157223ms step_avg:134.49ms
step:1170/2315 train_time:157365ms step_avg:134.50ms
step:1171/2315 train_time:157494ms step_avg:134.50ms
step:1172/2315 train_time:157636ms step_avg:134.50ms
step:1173/2315 train_time:157768ms step_avg:134.50ms
step:1174/2315 train_time:157908ms step_avg:134.50ms
step:1175/2315 train_time:158038ms step_avg:134.50ms
step:1176/2315 train_time:158180ms step_avg:134.51ms
step:1177/2315 train_time:158309ms step_avg:134.50ms
step:1178/2315 train_time:158450ms step_avg:134.51ms
step:1179/2315 train_time:158578ms step_avg:134.50ms
step:1180/2315 train_time:158719ms step_avg:134.51ms
step:1181/2315 train_time:158850ms step_avg:134.50ms
step:1182/2315 train_time:158991ms step_avg:134.51ms
step:1183/2315 train_time:159121ms step_avg:134.51ms
step:1184/2315 train_time:159260ms step_avg:134.51ms
step:1185/2315 train_time:159389ms step_avg:134.51ms
step:1186/2315 train_time:159530ms step_avg:134.51ms
step:1187/2315 train_time:159660ms step_avg:134.51ms
step:1188/2315 train_time:159800ms step_avg:134.51ms
step:1189/2315 train_time:159929ms step_avg:134.51ms
step:1190/2315 train_time:160071ms step_avg:134.51ms
step:1191/2315 train_time:160201ms step_avg:134.51ms
step:1192/2315 train_time:160342ms step_avg:134.52ms
step:1193/2315 train_time:160472ms step_avg:134.51ms
step:1194/2315 train_time:160614ms step_avg:134.52ms
step:1195/2315 train_time:160743ms step_avg:134.51ms
step:1196/2315 train_time:160882ms step_avg:134.52ms
step:1197/2315 train_time:161012ms step_avg:134.51ms
step:1198/2315 train_time:161153ms step_avg:134.52ms
step:1199/2315 train_time:161283ms step_avg:134.51ms
step:1200/2315 train_time:161423ms step_avg:134.52ms
step:1201/2315 train_time:161554ms step_avg:134.52ms
step:1202/2315 train_time:161694ms step_avg:134.52ms
step:1203/2315 train_time:161824ms step_avg:134.52ms
step:1204/2315 train_time:161963ms step_avg:134.52ms
step:1205/2315 train_time:162093ms step_avg:134.52ms
step:1206/2315 train_time:162234ms step_avg:134.52ms
step:1207/2315 train_time:162364ms step_avg:134.52ms
step:1208/2315 train_time:162504ms step_avg:134.52ms
step:1209/2315 train_time:162635ms step_avg:134.52ms
step:1210/2315 train_time:162775ms step_avg:134.52ms
step:1211/2315 train_time:162906ms step_avg:134.52ms
step:1212/2315 train_time:163046ms step_avg:134.53ms
step:1213/2315 train_time:163175ms step_avg:134.52ms
step:1214/2315 train_time:163316ms step_avg:134.53ms
step:1215/2315 train_time:163446ms step_avg:134.52ms
step:1216/2315 train_time:163587ms step_avg:134.53ms
step:1217/2315 train_time:163717ms step_avg:134.52ms
step:1218/2315 train_time:163857ms step_avg:134.53ms
step:1219/2315 train_time:163988ms step_avg:134.53ms
step:1220/2315 train_time:164127ms step_avg:134.53ms
step:1221/2315 train_time:164258ms step_avg:134.53ms
step:1222/2315 train_time:164399ms step_avg:134.53ms
step:1223/2315 train_time:164529ms step_avg:134.53ms
step:1224/2315 train_time:164670ms step_avg:134.53ms
step:1225/2315 train_time:164801ms step_avg:134.53ms
step:1226/2315 train_time:164941ms step_avg:134.54ms
step:1227/2315 train_time:165072ms step_avg:134.53ms
step:1228/2315 train_time:165213ms step_avg:134.54ms
step:1229/2315 train_time:165342ms step_avg:134.53ms
step:1230/2315 train_time:165482ms step_avg:134.54ms
step:1231/2315 train_time:165612ms step_avg:134.53ms
step:1232/2315 train_time:165752ms step_avg:134.54ms
step:1233/2315 train_time:165882ms step_avg:134.54ms
step:1234/2315 train_time:166022ms step_avg:134.54ms
step:1235/2315 train_time:166153ms step_avg:134.54ms
step:1236/2315 train_time:166293ms step_avg:134.54ms
step:1237/2315 train_time:166424ms step_avg:134.54ms
step:1238/2315 train_time:166565ms step_avg:134.54ms
step:1239/2315 train_time:166694ms step_avg:134.54ms
step:1240/2315 train_time:166835ms step_avg:134.54ms
step:1241/2315 train_time:166965ms step_avg:134.54ms
step:1242/2315 train_time:167105ms step_avg:134.55ms
step:1243/2315 train_time:167236ms step_avg:134.54ms
step:1244/2315 train_time:167378ms step_avg:134.55ms
step:1245/2315 train_time:167508ms step_avg:134.54ms
step:1246/2315 train_time:167649ms step_avg:134.55ms
step:1247/2315 train_time:167778ms step_avg:134.55ms
step:1248/2315 train_time:167918ms step_avg:134.55ms
step:1249/2315 train_time:168050ms step_avg:134.55ms
step:1250/2315 train_time:168191ms step_avg:134.55ms
step:1250/2315 val_loss:3.5109 train_time:168359ms step_avg:134.69ms
step:1251/2315 train_time:168432ms step_avg:134.64ms
step:1252/2315 train_time:168485ms step_avg:134.57ms
step:1253/2315 train_time:168610ms step_avg:134.56ms
step:1254/2315 train_time:168750ms step_avg:134.57ms
step:1255/2315 train_time:168880ms step_avg:134.57ms
step:1256/2315 train_time:169022ms step_avg:134.57ms
step:1257/2315 train_time:169151ms step_avg:134.57ms
step:1258/2315 train_time:169293ms step_avg:134.57ms
step:1259/2315 train_time:169423ms step_avg:134.57ms
step:1260/2315 train_time:169562ms step_avg:134.57ms
step:1261/2315 train_time:169694ms step_avg:134.57ms
step:1262/2315 train_time:169833ms step_avg:134.57ms
step:1263/2315 train_time:169963ms step_avg:134.57ms
step:1264/2315 train_time:170103ms step_avg:134.58ms
step:1265/2315 train_time:170234ms step_avg:134.57ms
step:1266/2315 train_time:170373ms step_avg:134.58ms
step:1267/2315 train_time:170504ms step_avg:134.57ms
step:1268/2315 train_time:170643ms step_avg:134.58ms
step:1269/2315 train_time:170774ms step_avg:134.57ms
step:1270/2315 train_time:170915ms step_avg:134.58ms
step:1271/2315 train_time:171045ms step_avg:134.58ms
step:1272/2315 train_time:171184ms step_avg:134.58ms
step:1273/2315 train_time:171314ms step_avg:134.58ms
step:1274/2315 train_time:171455ms step_avg:134.58ms
step:1275/2315 train_time:171586ms step_avg:134.58ms
step:1276/2315 train_time:171726ms step_avg:134.58ms
step:1277/2315 train_time:171856ms step_avg:134.58ms
step:1278/2315 train_time:171997ms step_avg:134.58ms
step:1279/2315 train_time:172126ms step_avg:134.58ms
step:1280/2315 train_time:172268ms step_avg:134.58ms
step:1281/2315 train_time:172398ms step_avg:134.58ms
step:1282/2315 train_time:172539ms step_avg:134.59ms
step:1283/2315 train_time:172669ms step_avg:134.58ms
step:1284/2315 train_time:172810ms step_avg:134.59ms
step:1285/2315 train_time:172940ms step_avg:134.58ms
step:1286/2315 train_time:173081ms step_avg:134.59ms
step:1287/2315 train_time:173211ms step_avg:134.58ms
step:1288/2315 train_time:173351ms step_avg:134.59ms
step:1289/2315 train_time:173481ms step_avg:134.59ms
step:1290/2315 train_time:173621ms step_avg:134.59ms
step:1291/2315 train_time:173751ms step_avg:134.59ms
step:1292/2315 train_time:173891ms step_avg:134.59ms
step:1293/2315 train_time:174023ms step_avg:134.59ms
step:1294/2315 train_time:174161ms step_avg:134.59ms
step:1295/2315 train_time:174291ms step_avg:134.59ms
step:1296/2315 train_time:174433ms step_avg:134.59ms
step:1297/2315 train_time:174563ms step_avg:134.59ms
step:1298/2315 train_time:174703ms step_avg:134.59ms
step:1299/2315 train_time:174833ms step_avg:134.59ms
step:1300/2315 train_time:174976ms step_avg:134.60ms
step:1301/2315 train_time:175105ms step_avg:134.59ms
step:1302/2315 train_time:175245ms step_avg:134.60ms
step:1303/2315 train_time:175375ms step_avg:134.59ms
step:1304/2315 train_time:175515ms step_avg:134.60ms
step:1305/2315 train_time:175645ms step_avg:134.59ms
step:1306/2315 train_time:175786ms step_avg:134.60ms
step:1307/2315 train_time:175916ms step_avg:134.60ms
step:1308/2315 train_time:176056ms step_avg:134.60ms
step:1309/2315 train_time:176186ms step_avg:134.60ms
step:1310/2315 train_time:176327ms step_avg:134.60ms
step:1311/2315 train_time:176457ms step_avg:134.60ms
step:1312/2315 train_time:176597ms step_avg:134.60ms
step:1313/2315 train_time:176727ms step_avg:134.60ms
step:1314/2315 train_time:176869ms step_avg:134.60ms
step:1315/2315 train_time:176998ms step_avg:134.60ms
step:1316/2315 train_time:177138ms step_avg:134.60ms
step:1317/2315 train_time:177268ms step_avg:134.60ms
step:1318/2315 train_time:177409ms step_avg:134.60ms
step:1319/2315 train_time:177539ms step_avg:134.60ms
step:1320/2315 train_time:177679ms step_avg:134.61ms
step:1321/2315 train_time:177809ms step_avg:134.60ms
step:1322/2315 train_time:177952ms step_avg:134.61ms
step:1323/2315 train_time:178082ms step_avg:134.60ms
step:1324/2315 train_time:178222ms step_avg:134.61ms
step:1325/2315 train_time:178352ms step_avg:134.61ms
step:1326/2315 train_time:178492ms step_avg:134.61ms
step:1327/2315 train_time:178623ms step_avg:134.61ms
step:1328/2315 train_time:178763ms step_avg:134.61ms
step:1329/2315 train_time:178895ms step_avg:134.61ms
step:1330/2315 train_time:179034ms step_avg:134.61ms
step:1331/2315 train_time:179164ms step_avg:134.61ms
step:1332/2315 train_time:179305ms step_avg:134.61ms
step:1333/2315 train_time:179436ms step_avg:134.61ms
step:1334/2315 train_time:179575ms step_avg:134.61ms
step:1335/2315 train_time:179706ms step_avg:134.61ms
step:1336/2315 train_time:179847ms step_avg:134.62ms
step:1337/2315 train_time:179977ms step_avg:134.61ms
step:1338/2315 train_time:180117ms step_avg:134.62ms
step:1339/2315 train_time:180247ms step_avg:134.61ms
step:1340/2315 train_time:180387ms step_avg:134.62ms
step:1341/2315 train_time:180519ms step_avg:134.61ms
step:1342/2315 train_time:180659ms step_avg:134.62ms
step:1343/2315 train_time:180790ms step_avg:134.62ms
step:1344/2315 train_time:180930ms step_avg:134.62ms
step:1345/2315 train_time:181060ms step_avg:134.62ms
step:1346/2315 train_time:181200ms step_avg:134.62ms
step:1347/2315 train_time:181330ms step_avg:134.62ms
step:1348/2315 train_time:181472ms step_avg:134.62ms
step:1349/2315 train_time:181601ms step_avg:134.62ms
step:1350/2315 train_time:181741ms step_avg:134.62ms
step:1351/2315 train_time:181872ms step_avg:134.62ms
step:1352/2315 train_time:182014ms step_avg:134.63ms
step:1353/2315 train_time:182142ms step_avg:134.62ms
step:1354/2315 train_time:182284ms step_avg:134.63ms
step:1355/2315 train_time:182414ms step_avg:134.62ms
step:1356/2315 train_time:182555ms step_avg:134.63ms
step:1357/2315 train_time:182683ms step_avg:134.62ms
step:1358/2315 train_time:182824ms step_avg:134.63ms
step:1359/2315 train_time:182953ms step_avg:134.62ms
step:1360/2315 train_time:183094ms step_avg:134.63ms
step:1361/2315 train_time:183225ms step_avg:134.62ms
step:1362/2315 train_time:183367ms step_avg:134.63ms
step:1363/2315 train_time:183495ms step_avg:134.63ms
step:1364/2315 train_time:183636ms step_avg:134.63ms
step:1365/2315 train_time:183765ms step_avg:134.63ms
step:1366/2315 train_time:183906ms step_avg:134.63ms
step:1367/2315 train_time:184037ms step_avg:134.63ms
step:1368/2315 train_time:184178ms step_avg:134.63ms
step:1369/2315 train_time:184308ms step_avg:134.63ms
step:1370/2315 train_time:184448ms step_avg:134.63ms
step:1371/2315 train_time:184578ms step_avg:134.63ms
step:1372/2315 train_time:184718ms step_avg:134.63ms
step:1373/2315 train_time:184848ms step_avg:134.63ms
step:1374/2315 train_time:184988ms step_avg:134.63ms
step:1375/2315 train_time:185118ms step_avg:134.63ms
step:1376/2315 train_time:185259ms step_avg:134.64ms
step:1377/2315 train_time:185390ms step_avg:134.63ms
step:1378/2315 train_time:185531ms step_avg:134.64ms
step:1379/2315 train_time:185661ms step_avg:134.63ms
step:1380/2315 train_time:185801ms step_avg:134.64ms
step:1381/2315 train_time:185931ms step_avg:134.64ms
step:1382/2315 train_time:186072ms step_avg:134.64ms
step:1383/2315 train_time:186203ms step_avg:134.64ms
step:1384/2315 train_time:186343ms step_avg:134.64ms
step:1385/2315 train_time:186473ms step_avg:134.64ms
step:1386/2315 train_time:186613ms step_avg:134.64ms
step:1387/2315 train_time:186743ms step_avg:134.64ms
step:1388/2315 train_time:186883ms step_avg:134.64ms
step:1389/2315 train_time:187013ms step_avg:134.64ms
step:1390/2315 train_time:187155ms step_avg:134.64ms
step:1391/2315 train_time:187284ms step_avg:134.64ms
step:1392/2315 train_time:187425ms step_avg:134.64ms
step:1393/2315 train_time:187553ms step_avg:134.64ms
step:1394/2315 train_time:187696ms step_avg:134.65ms
step:1395/2315 train_time:187825ms step_avg:134.64ms
step:1396/2315 train_time:187965ms step_avg:134.65ms
step:1397/2315 train_time:188098ms step_avg:134.64ms
step:1398/2315 train_time:188238ms step_avg:134.65ms
step:1399/2315 train_time:188367ms step_avg:134.64ms
step:1400/2315 train_time:188508ms step_avg:134.65ms
step:1401/2315 train_time:188638ms step_avg:134.65ms
step:1402/2315 train_time:188780ms step_avg:134.65ms
step:1403/2315 train_time:188909ms step_avg:134.65ms
step:1404/2315 train_time:189050ms step_avg:134.65ms
step:1405/2315 train_time:189184ms step_avg:134.65ms
step:1406/2315 train_time:189321ms step_avg:134.65ms
step:1407/2315 train_time:189450ms step_avg:134.65ms
step:1408/2315 train_time:189589ms step_avg:134.65ms
step:1409/2315 train_time:189720ms step_avg:134.65ms
step:1410/2315 train_time:189860ms step_avg:134.65ms
step:1411/2315 train_time:189990ms step_avg:134.65ms
step:1412/2315 train_time:190132ms step_avg:134.65ms
step:1413/2315 train_time:190262ms step_avg:134.65ms
step:1414/2315 train_time:190401ms step_avg:134.65ms
step:1415/2315 train_time:190532ms step_avg:134.65ms
step:1416/2315 train_time:190673ms step_avg:134.66ms
step:1417/2315 train_time:190802ms step_avg:134.65ms
step:1418/2315 train_time:190942ms step_avg:134.66ms
step:1419/2315 train_time:191074ms step_avg:134.65ms
step:1420/2315 train_time:191213ms step_avg:134.66ms
step:1421/2315 train_time:191343ms step_avg:134.65ms
step:1422/2315 train_time:191484ms step_avg:134.66ms
step:1423/2315 train_time:191614ms step_avg:134.66ms
step:1424/2315 train_time:191754ms step_avg:134.66ms
step:1425/2315 train_time:191886ms step_avg:134.66ms
step:1426/2315 train_time:192026ms step_avg:134.66ms
step:1427/2315 train_time:192156ms step_avg:134.66ms
step:1428/2315 train_time:192295ms step_avg:134.66ms
step:1429/2315 train_time:192425ms step_avg:134.66ms
step:1430/2315 train_time:192566ms step_avg:134.66ms
step:1431/2315 train_time:192695ms step_avg:134.66ms
step:1432/2315 train_time:192836ms step_avg:134.66ms
step:1433/2315 train_time:192966ms step_avg:134.66ms
step:1434/2315 train_time:193106ms step_avg:134.66ms
step:1435/2315 train_time:193236ms step_avg:134.66ms
step:1436/2315 train_time:193377ms step_avg:134.66ms
step:1437/2315 train_time:193508ms step_avg:134.66ms
step:1438/2315 train_time:193648ms step_avg:134.66ms
step:1439/2315 train_time:193778ms step_avg:134.66ms
step:1440/2315 train_time:193918ms step_avg:134.66ms
step:1441/2315 train_time:194048ms step_avg:134.66ms
step:1442/2315 train_time:194187ms step_avg:134.67ms
step:1443/2315 train_time:194318ms step_avg:134.66ms
step:1444/2315 train_time:194459ms step_avg:134.67ms
step:1445/2315 train_time:194589ms step_avg:134.66ms
step:1446/2315 train_time:194729ms step_avg:134.67ms
step:1447/2315 train_time:194858ms step_avg:134.66ms
step:1448/2315 train_time:195000ms step_avg:134.67ms
step:1449/2315 train_time:195130ms step_avg:134.67ms
step:1450/2315 train_time:195269ms step_avg:134.67ms
step:1451/2315 train_time:195399ms step_avg:134.67ms
step:1452/2315 train_time:195540ms step_avg:134.67ms
step:1453/2315 train_time:195672ms step_avg:134.67ms
step:1454/2315 train_time:195810ms step_avg:134.67ms
step:1455/2315 train_time:195940ms step_avg:134.67ms
step:1456/2315 train_time:196080ms step_avg:134.67ms
step:1457/2315 train_time:196209ms step_avg:134.67ms
step:1458/2315 train_time:196348ms step_avg:134.67ms
step:1459/2315 train_time:196479ms step_avg:134.67ms
step:1460/2315 train_time:196619ms step_avg:134.67ms
step:1461/2315 train_time:196750ms step_avg:134.67ms
step:1462/2315 train_time:196890ms step_avg:134.67ms
step:1463/2315 train_time:197020ms step_avg:134.67ms
step:1464/2315 train_time:197161ms step_avg:134.67ms
step:1465/2315 train_time:197292ms step_avg:134.67ms
step:1466/2315 train_time:197431ms step_avg:134.67ms
step:1467/2315 train_time:197561ms step_avg:134.67ms
step:1468/2315 train_time:197701ms step_avg:134.67ms
step:1469/2315 train_time:197832ms step_avg:134.67ms
step:1470/2315 train_time:197971ms step_avg:134.67ms
step:1471/2315 train_time:198102ms step_avg:134.67ms
step:1472/2315 train_time:198241ms step_avg:134.67ms
step:1473/2315 train_time:198371ms step_avg:134.67ms
step:1474/2315 train_time:198511ms step_avg:134.67ms
step:1475/2315 train_time:198642ms step_avg:134.67ms
step:1476/2315 train_time:198782ms step_avg:134.68ms
step:1477/2315 train_time:198912ms step_avg:134.67ms
step:1478/2315 train_time:199052ms step_avg:134.68ms
step:1479/2315 train_time:199183ms step_avg:134.67ms
step:1480/2315 train_time:199323ms step_avg:134.68ms
step:1481/2315 train_time:199454ms step_avg:134.67ms
step:1482/2315 train_time:199594ms step_avg:134.68ms
step:1483/2315 train_time:199724ms step_avg:134.68ms
step:1484/2315 train_time:199864ms step_avg:134.68ms
step:1485/2315 train_time:199993ms step_avg:134.68ms
step:1486/2315 train_time:200134ms step_avg:134.68ms
step:1487/2315 train_time:200263ms step_avg:134.68ms
step:1488/2315 train_time:200404ms step_avg:134.68ms
step:1489/2315 train_time:200535ms step_avg:134.68ms
step:1490/2315 train_time:200675ms step_avg:134.68ms
step:1491/2315 train_time:200805ms step_avg:134.68ms
step:1492/2315 train_time:200946ms step_avg:134.68ms
step:1493/2315 train_time:201075ms step_avg:134.68ms
step:1494/2315 train_time:201216ms step_avg:134.68ms
step:1495/2315 train_time:201346ms step_avg:134.68ms
step:1496/2315 train_time:201486ms step_avg:134.68ms
step:1497/2315 train_time:201616ms step_avg:134.68ms
step:1498/2315 train_time:201757ms step_avg:134.68ms
step:1499/2315 train_time:201887ms step_avg:134.68ms
step:1500/2315 train_time:202027ms step_avg:134.68ms
step:1500/2315 val_loss:3.4462 train_time:202197ms step_avg:134.80ms
step:1501/2315 train_time:202266ms step_avg:134.75ms
step:1502/2315 train_time:202315ms step_avg:134.70ms
step:1503/2315 train_time:202442ms step_avg:134.69ms
step:1504/2315 train_time:202582ms step_avg:134.70ms
step:1505/2315 train_time:202713ms step_avg:134.69ms
step:1506/2315 train_time:202853ms step_avg:134.70ms
step:1507/2315 train_time:202984ms step_avg:134.69ms
step:1508/2315 train_time:203125ms step_avg:134.70ms
step:1509/2315 train_time:203256ms step_avg:134.70ms
step:1510/2315 train_time:203397ms step_avg:134.70ms
step:1511/2315 train_time:203527ms step_avg:134.70ms
step:1512/2315 train_time:203668ms step_avg:134.70ms
step:1513/2315 train_time:203798ms step_avg:134.70ms
step:1514/2315 train_time:203938ms step_avg:134.70ms
step:1515/2315 train_time:204068ms step_avg:134.70ms
step:1516/2315 train_time:204210ms step_avg:134.70ms
step:1517/2315 train_time:204340ms step_avg:134.70ms
step:1518/2315 train_time:204481ms step_avg:134.70ms
step:1519/2315 train_time:204613ms step_avg:134.70ms
step:1520/2315 train_time:204753ms step_avg:134.71ms
step:1521/2315 train_time:204882ms step_avg:134.70ms
step:1522/2315 train_time:205024ms step_avg:134.71ms
step:1523/2315 train_time:205156ms step_avg:134.71ms
step:1524/2315 train_time:205297ms step_avg:134.71ms
step:1525/2315 train_time:205428ms step_avg:134.71ms
step:1526/2315 train_time:205569ms step_avg:134.71ms
step:1527/2315 train_time:205702ms step_avg:134.71ms
step:1528/2315 train_time:205843ms step_avg:134.71ms
step:1529/2315 train_time:205974ms step_avg:134.71ms
step:1530/2315 train_time:206116ms step_avg:134.72ms
step:1531/2315 train_time:206246ms step_avg:134.71ms
step:1532/2315 train_time:206390ms step_avg:134.72ms
step:1533/2315 train_time:206520ms step_avg:134.72ms
step:1534/2315 train_time:206661ms step_avg:134.72ms
step:1535/2315 train_time:206793ms step_avg:134.72ms
step:1536/2315 train_time:206935ms step_avg:134.72ms
step:1537/2315 train_time:207066ms step_avg:134.72ms
step:1538/2315 train_time:207208ms step_avg:134.73ms
step:1539/2315 train_time:207339ms step_avg:134.72ms
step:1540/2315 train_time:207479ms step_avg:134.73ms
step:1541/2315 train_time:207613ms step_avg:134.73ms
step:1542/2315 train_time:207756ms step_avg:134.73ms
step:1543/2315 train_time:207886ms step_avg:134.73ms
step:1544/2315 train_time:208027ms step_avg:134.73ms
step:1545/2315 train_time:208159ms step_avg:134.73ms
step:1546/2315 train_time:208301ms step_avg:134.74ms
step:1547/2315 train_time:208431ms step_avg:134.73ms
step:1548/2315 train_time:208571ms step_avg:134.74ms
step:1549/2315 train_time:208704ms step_avg:134.73ms
step:1550/2315 train_time:208846ms step_avg:134.74ms
step:1551/2315 train_time:208977ms step_avg:134.74ms
step:1552/2315 train_time:209117ms step_avg:134.74ms
step:1553/2315 train_time:209249ms step_avg:134.74ms
step:1554/2315 train_time:209394ms step_avg:134.75ms
step:1555/2315 train_time:209524ms step_avg:134.74ms
step:1556/2315 train_time:209667ms step_avg:134.75ms
step:1557/2315 train_time:209796ms step_avg:134.74ms
step:1558/2315 train_time:209938ms step_avg:134.75ms
step:1559/2315 train_time:210070ms step_avg:134.75ms
step:1560/2315 train_time:210211ms step_avg:134.75ms
step:1561/2315 train_time:210341ms step_avg:134.75ms
step:1562/2315 train_time:210484ms step_avg:134.75ms
step:1563/2315 train_time:210616ms step_avg:134.75ms
step:1564/2315 train_time:210757ms step_avg:134.76ms
step:1565/2315 train_time:210889ms step_avg:134.75ms
step:1566/2315 train_time:211029ms step_avg:134.76ms
step:1567/2315 train_time:211159ms step_avg:134.75ms
step:1568/2315 train_time:211300ms step_avg:134.76ms
step:1569/2315 train_time:211433ms step_avg:134.76ms
step:1570/2315 train_time:211574ms step_avg:134.76ms
step:1571/2315 train_time:211705ms step_avg:134.76ms
step:1572/2315 train_time:211846ms step_avg:134.76ms
step:1573/2315 train_time:211977ms step_avg:134.76ms
step:1574/2315 train_time:212120ms step_avg:134.76ms
step:1575/2315 train_time:212250ms step_avg:134.76ms
step:1576/2315 train_time:212392ms step_avg:134.77ms
step:1577/2315 train_time:212522ms step_avg:134.76ms
step:1578/2315 train_time:212663ms step_avg:134.77ms
step:1579/2315 train_time:212794ms step_avg:134.77ms
step:1580/2315 train_time:212937ms step_avg:134.77ms
step:1581/2315 train_time:213068ms step_avg:134.77ms
step:1582/2315 train_time:213212ms step_avg:134.77ms
step:1583/2315 train_time:213340ms step_avg:134.77ms
step:1584/2315 train_time:213482ms step_avg:134.77ms
step:1585/2315 train_time:213613ms step_avg:134.77ms
step:1586/2315 train_time:213755ms step_avg:134.78ms
step:1587/2315 train_time:213886ms step_avg:134.77ms
step:1588/2315 train_time:214029ms step_avg:134.78ms
step:1589/2315 train_time:214160ms step_avg:134.78ms
step:1590/2315 train_time:214304ms step_avg:134.78ms
step:1591/2315 train_time:214434ms step_avg:134.78ms
step:1592/2315 train_time:214576ms step_avg:134.78ms
step:1593/2315 train_time:214707ms step_avg:134.78ms
step:1594/2315 train_time:214848ms step_avg:134.79ms
step:1595/2315 train_time:214980ms step_avg:134.78ms
step:1596/2315 train_time:215121ms step_avg:134.79ms
step:1597/2315 train_time:215253ms step_avg:134.79ms
step:1598/2315 train_time:215393ms step_avg:134.79ms
step:1599/2315 train_time:215525ms step_avg:134.79ms
step:1600/2315 train_time:215667ms step_avg:134.79ms
step:1601/2315 train_time:215798ms step_avg:134.79ms
step:1602/2315 train_time:215938ms step_avg:134.79ms
step:1603/2315 train_time:216070ms step_avg:134.79ms
step:1604/2315 train_time:216210ms step_avg:134.79ms
step:1605/2315 train_time:216341ms step_avg:134.79ms
step:1606/2315 train_time:216484ms step_avg:134.80ms
step:1607/2315 train_time:216616ms step_avg:134.80ms
step:1608/2315 train_time:216757ms step_avg:134.80ms
step:1609/2315 train_time:216888ms step_avg:134.80ms
step:1610/2315 train_time:217028ms step_avg:134.80ms
step:1611/2315 train_time:217161ms step_avg:134.80ms
step:1612/2315 train_time:217303ms step_avg:134.80ms
step:1613/2315 train_time:217435ms step_avg:134.80ms
step:1614/2315 train_time:217575ms step_avg:134.80ms
step:1615/2315 train_time:217706ms step_avg:134.80ms
step:1616/2315 train_time:217848ms step_avg:134.81ms
step:1617/2315 train_time:217979ms step_avg:134.80ms
step:1618/2315 train_time:218122ms step_avg:134.81ms
step:1619/2315 train_time:218253ms step_avg:134.81ms
step:1620/2315 train_time:218394ms step_avg:134.81ms
step:1621/2315 train_time:218526ms step_avg:134.81ms
step:1622/2315 train_time:218666ms step_avg:134.81ms
step:1623/2315 train_time:218799ms step_avg:134.81ms
step:1624/2315 train_time:218941ms step_avg:134.82ms
step:1625/2315 train_time:219071ms step_avg:134.81ms
step:1626/2315 train_time:219212ms step_avg:134.82ms
step:1627/2315 train_time:219344ms step_avg:134.81ms
step:1628/2315 train_time:219486ms step_avg:134.82ms
step:1629/2315 train_time:219616ms step_avg:134.82ms
step:1630/2315 train_time:219756ms step_avg:134.82ms
step:1631/2315 train_time:219888ms step_avg:134.82ms
step:1632/2315 train_time:220031ms step_avg:134.82ms
step:1633/2315 train_time:220161ms step_avg:134.82ms
step:1634/2315 train_time:220304ms step_avg:134.82ms
step:1635/2315 train_time:220433ms step_avg:134.82ms
step:1636/2315 train_time:220574ms step_avg:134.83ms
step:1637/2315 train_time:220706ms step_avg:134.82ms
step:1638/2315 train_time:220848ms step_avg:134.83ms
step:1639/2315 train_time:220977ms step_avg:134.82ms
step:1640/2315 train_time:221120ms step_avg:134.83ms
step:1641/2315 train_time:221250ms step_avg:134.83ms
step:1642/2315 train_time:221392ms step_avg:134.83ms
step:1643/2315 train_time:221523ms step_avg:134.83ms
step:1644/2315 train_time:221664ms step_avg:134.83ms
step:1645/2315 train_time:221796ms step_avg:134.83ms
step:1646/2315 train_time:221937ms step_avg:134.83ms
step:1647/2315 train_time:222068ms step_avg:134.83ms
step:1648/2315 train_time:222210ms step_avg:134.84ms
step:1649/2315 train_time:222341ms step_avg:134.83ms
step:1650/2315 train_time:222483ms step_avg:134.84ms
step:1651/2315 train_time:222614ms step_avg:134.84ms
step:1652/2315 train_time:222755ms step_avg:134.84ms
step:1653/2315 train_time:222885ms step_avg:134.84ms
step:1654/2315 train_time:223029ms step_avg:134.84ms
step:1655/2315 train_time:223161ms step_avg:134.84ms
step:1656/2315 train_time:223301ms step_avg:134.84ms
step:1657/2315 train_time:223433ms step_avg:134.84ms
step:1658/2315 train_time:223574ms step_avg:134.85ms
step:1659/2315 train_time:223705ms step_avg:134.84ms
step:1660/2315 train_time:223847ms step_avg:134.85ms
step:1661/2315 train_time:223977ms step_avg:134.84ms
step:1662/2315 train_time:224119ms step_avg:134.85ms
step:1663/2315 train_time:224250ms step_avg:134.85ms
step:1664/2315 train_time:224392ms step_avg:134.85ms
step:1665/2315 train_time:224523ms step_avg:134.85ms
step:1666/2315 train_time:224665ms step_avg:134.85ms
step:1667/2315 train_time:224796ms step_avg:134.85ms
step:1668/2315 train_time:224938ms step_avg:134.85ms
step:1669/2315 train_time:225069ms step_avg:134.85ms
step:1670/2315 train_time:225211ms step_avg:134.86ms
step:1671/2315 train_time:225342ms step_avg:134.85ms
step:1672/2315 train_time:225483ms step_avg:134.86ms
step:1673/2315 train_time:225614ms step_avg:134.86ms
step:1674/2315 train_time:225754ms step_avg:134.86ms
step:1675/2315 train_time:225887ms step_avg:134.86ms
step:1676/2315 train_time:226028ms step_avg:134.86ms
step:1677/2315 train_time:226158ms step_avg:134.86ms
step:1678/2315 train_time:226302ms step_avg:134.86ms
step:1679/2315 train_time:226433ms step_avg:134.86ms
step:1680/2315 train_time:226575ms step_avg:134.87ms
step:1681/2315 train_time:226706ms step_avg:134.86ms
step:1682/2315 train_time:226850ms step_avg:134.87ms
step:1683/2315 train_time:226982ms step_avg:134.87ms
step:1684/2315 train_time:227122ms step_avg:134.87ms
step:1685/2315 train_time:227253ms step_avg:134.87ms
step:1686/2315 train_time:227395ms step_avg:134.87ms
step:1687/2315 train_time:227526ms step_avg:134.87ms
step:1688/2315 train_time:227668ms step_avg:134.87ms
step:1689/2315 train_time:227800ms step_avg:134.87ms
step:1690/2315 train_time:227942ms step_avg:134.88ms
step:1691/2315 train_time:228073ms step_avg:134.87ms
step:1692/2315 train_time:228215ms step_avg:134.88ms
step:1693/2315 train_time:228345ms step_avg:134.88ms
step:1694/2315 train_time:228486ms step_avg:134.88ms
step:1695/2315 train_time:228617ms step_avg:134.88ms
step:1696/2315 train_time:228759ms step_avg:134.88ms
step:1697/2315 train_time:228889ms step_avg:134.88ms
step:1698/2315 train_time:229031ms step_avg:134.88ms
step:1699/2315 train_time:229161ms step_avg:134.88ms
step:1700/2315 train_time:229303ms step_avg:134.88ms
step:1701/2315 train_time:229435ms step_avg:134.88ms
step:1702/2315 train_time:229577ms step_avg:134.89ms
step:1703/2315 train_time:229708ms step_avg:134.88ms
step:1704/2315 train_time:229850ms step_avg:134.89ms
step:1705/2315 train_time:229981ms step_avg:134.89ms
step:1706/2315 train_time:230122ms step_avg:134.89ms
step:1707/2315 train_time:230254ms step_avg:134.89ms
step:1708/2315 train_time:230395ms step_avg:134.89ms
step:1709/2315 train_time:230526ms step_avg:134.89ms
step:1710/2315 train_time:230669ms step_avg:134.89ms
step:1711/2315 train_time:230800ms step_avg:134.89ms
step:1712/2315 train_time:230942ms step_avg:134.90ms
step:1713/2315 train_time:231073ms step_avg:134.89ms
step:1714/2315 train_time:231214ms step_avg:134.90ms
step:1715/2315 train_time:231345ms step_avg:134.90ms
step:1716/2315 train_time:231487ms step_avg:134.90ms
step:1717/2315 train_time:231618ms step_avg:134.90ms
step:1718/2315 train_time:231761ms step_avg:134.90ms
step:1719/2315 train_time:231891ms step_avg:134.90ms
step:1720/2315 train_time:232034ms step_avg:134.90ms
step:1721/2315 train_time:232163ms step_avg:134.90ms
step:1722/2315 train_time:232305ms step_avg:134.90ms
step:1723/2315 train_time:232436ms step_avg:134.90ms
step:1724/2315 train_time:232578ms step_avg:134.91ms
step:1725/2315 train_time:232711ms step_avg:134.90ms
step:1726/2315 train_time:232853ms step_avg:134.91ms
step:1727/2315 train_time:232983ms step_avg:134.91ms
step:1728/2315 train_time:233125ms step_avg:134.91ms
step:1729/2315 train_time:233255ms step_avg:134.91ms
step:1730/2315 train_time:233399ms step_avg:134.91ms
step:1731/2315 train_time:233529ms step_avg:134.91ms
step:1732/2315 train_time:233673ms step_avg:134.91ms
step:1733/2315 train_time:233802ms step_avg:134.91ms
step:1734/2315 train_time:233945ms step_avg:134.92ms
step:1735/2315 train_time:234075ms step_avg:134.91ms
step:1736/2315 train_time:234218ms step_avg:134.92ms
step:1737/2315 train_time:234350ms step_avg:134.92ms
step:1738/2315 train_time:234490ms step_avg:134.92ms
step:1739/2315 train_time:234622ms step_avg:134.92ms
step:1740/2315 train_time:234763ms step_avg:134.92ms
step:1741/2315 train_time:234894ms step_avg:134.92ms
step:1742/2315 train_time:235035ms step_avg:134.92ms
step:1743/2315 train_time:235166ms step_avg:134.92ms
step:1744/2315 train_time:235307ms step_avg:134.92ms
step:1745/2315 train_time:235437ms step_avg:134.92ms
step:1746/2315 train_time:235579ms step_avg:134.93ms
step:1747/2315 train_time:235709ms step_avg:134.92ms
step:1748/2315 train_time:235851ms step_avg:134.93ms
step:1749/2315 train_time:235985ms step_avg:134.93ms
step:1750/2315 train_time:236126ms step_avg:134.93ms
step:1750/2315 val_loss:3.3781 train_time:236295ms step_avg:135.03ms
step:1751/2315 train_time:236367ms step_avg:134.99ms
step:1752/2315 train_time:236423ms step_avg:134.94ms
step:1753/2315 train_time:236547ms step_avg:134.94ms
step:1754/2315 train_time:236689ms step_avg:134.94ms
step:1755/2315 train_time:236822ms step_avg:134.94ms
step:1756/2315 train_time:236964ms step_avg:134.95ms
step:1757/2315 train_time:237094ms step_avg:134.94ms
step:1758/2315 train_time:237235ms step_avg:134.95ms
step:1759/2315 train_time:237367ms step_avg:134.94ms
step:1760/2315 train_time:237508ms step_avg:134.95ms
step:1761/2315 train_time:237640ms step_avg:134.95ms
step:1762/2315 train_time:237781ms step_avg:134.95ms
step:1763/2315 train_time:237912ms step_avg:134.95ms
step:1764/2315 train_time:238052ms step_avg:134.95ms
step:1765/2315 train_time:238184ms step_avg:134.95ms
step:1766/2315 train_time:238326ms step_avg:134.95ms
step:1767/2315 train_time:238457ms step_avg:134.95ms
step:1768/2315 train_time:238599ms step_avg:134.95ms
step:1769/2315 train_time:238732ms step_avg:134.95ms
step:1770/2315 train_time:238872ms step_avg:134.96ms
step:1771/2315 train_time:239004ms step_avg:134.95ms
step:1772/2315 train_time:239145ms step_avg:134.96ms
step:1773/2315 train_time:239276ms step_avg:134.96ms
step:1774/2315 train_time:239418ms step_avg:134.96ms
step:1775/2315 train_time:239550ms step_avg:134.96ms
step:1776/2315 train_time:239691ms step_avg:134.96ms
step:1777/2315 train_time:239823ms step_avg:134.96ms
step:1778/2315 train_time:239963ms step_avg:134.96ms
step:1779/2315 train_time:240094ms step_avg:134.96ms
step:1780/2315 train_time:240237ms step_avg:134.96ms
step:1781/2315 train_time:240369ms step_avg:134.96ms
step:1782/2315 train_time:240509ms step_avg:134.97ms
step:1783/2315 train_time:240640ms step_avg:134.96ms
step:1784/2315 train_time:240783ms step_avg:134.97ms
step:1785/2315 train_time:240914ms step_avg:134.97ms
step:1786/2315 train_time:241055ms step_avg:134.97ms
step:1787/2315 train_time:241188ms step_avg:134.97ms
step:1788/2315 train_time:241329ms step_avg:134.97ms
step:1789/2315 train_time:241460ms step_avg:134.97ms
step:1790/2315 train_time:241601ms step_avg:134.97ms
step:1791/2315 train_time:241731ms step_avg:134.97ms
step:1792/2315 train_time:241875ms step_avg:134.97ms
step:1793/2315 train_time:242005ms step_avg:134.97ms
step:1794/2315 train_time:242146ms step_avg:134.98ms
step:1795/2315 train_time:242276ms step_avg:134.97ms
step:1796/2315 train_time:242418ms step_avg:134.98ms
step:1797/2315 train_time:242548ms step_avg:134.97ms
step:1798/2315 train_time:242690ms step_avg:134.98ms
step:1799/2315 train_time:242822ms step_avg:134.98ms
step:1800/2315 train_time:242963ms step_avg:134.98ms
step:1801/2315 train_time:243095ms step_avg:134.98ms
step:1802/2315 train_time:243236ms step_avg:134.98ms
step:1803/2315 train_time:243366ms step_avg:134.98ms
step:1804/2315 train_time:243509ms step_avg:134.98ms
step:1805/2315 train_time:243640ms step_avg:134.98ms
step:1806/2315 train_time:243782ms step_avg:134.98ms
step:1807/2315 train_time:243913ms step_avg:134.98ms
step:1808/2315 train_time:244055ms step_avg:134.99ms
step:1809/2315 train_time:244185ms step_avg:134.98ms
step:1810/2315 train_time:244326ms step_avg:134.99ms
step:1811/2315 train_time:244458ms step_avg:134.99ms
step:1812/2315 train_time:244599ms step_avg:134.99ms
step:1813/2315 train_time:244731ms step_avg:134.99ms
step:1814/2315 train_time:244872ms step_avg:134.99ms
step:1815/2315 train_time:245003ms step_avg:134.99ms
step:1816/2315 train_time:245146ms step_avg:134.99ms
step:1817/2315 train_time:245277ms step_avg:134.99ms
step:1818/2315 train_time:245419ms step_avg:134.99ms
step:1819/2315 train_time:245550ms step_avg:134.99ms
step:1820/2315 train_time:245692ms step_avg:135.00ms
step:1821/2315 train_time:245823ms step_avg:134.99ms
step:1822/2315 train_time:245966ms step_avg:135.00ms
step:1823/2315 train_time:246095ms step_avg:134.99ms
step:1824/2315 train_time:246237ms step_avg:135.00ms
step:1825/2315 train_time:246368ms step_avg:135.00ms
step:1826/2315 train_time:246509ms step_avg:135.00ms
step:1827/2315 train_time:246639ms step_avg:135.00ms
step:1828/2315 train_time:246783ms step_avg:135.00ms
step:1829/2315 train_time:246914ms step_avg:135.00ms
step:1830/2315 train_time:247056ms step_avg:135.00ms
step:1831/2315 train_time:247188ms step_avg:135.00ms
step:1832/2315 train_time:247328ms step_avg:135.00ms
step:1833/2315 train_time:247459ms step_avg:135.00ms
step:1834/2315 train_time:247601ms step_avg:135.01ms
step:1835/2315 train_time:247732ms step_avg:135.00ms
step:1836/2315 train_time:247874ms step_avg:135.01ms
step:1837/2315 train_time:248006ms step_avg:135.01ms
step:1838/2315 train_time:248146ms step_avg:135.01ms
step:1839/2315 train_time:248278ms step_avg:135.01ms
step:1840/2315 train_time:248420ms step_avg:135.01ms
step:1841/2315 train_time:248550ms step_avg:135.01ms
step:1842/2315 train_time:248695ms step_avg:135.01ms
step:1843/2315 train_time:248823ms step_avg:135.01ms
step:1844/2315 train_time:248966ms step_avg:135.01ms
step:1845/2315 train_time:249098ms step_avg:135.01ms
step:1846/2315 train_time:249240ms step_avg:135.02ms
step:1847/2315 train_time:249371ms step_avg:135.01ms
step:1848/2315 train_time:249512ms step_avg:135.02ms
step:1849/2315 train_time:249644ms step_avg:135.02ms
step:1850/2315 train_time:249785ms step_avg:135.02ms
step:1851/2315 train_time:249916ms step_avg:135.02ms
step:1852/2315 train_time:250058ms step_avg:135.02ms
step:1853/2315 train_time:250188ms step_avg:135.02ms
step:1854/2315 train_time:250330ms step_avg:135.02ms
step:1855/2315 train_time:250461ms step_avg:135.02ms
step:1856/2315 train_time:250602ms step_avg:135.02ms
step:1857/2315 train_time:250733ms step_avg:135.02ms
step:1858/2315 train_time:250874ms step_avg:135.02ms
step:1859/2315 train_time:251006ms step_avg:135.02ms
step:1860/2315 train_time:251148ms step_avg:135.03ms
step:1861/2315 train_time:251278ms step_avg:135.02ms
step:1862/2315 train_time:251420ms step_avg:135.03ms
step:1863/2315 train_time:251551ms step_avg:135.02ms
step:1864/2315 train_time:251693ms step_avg:135.03ms
step:1865/2315 train_time:251823ms step_avg:135.03ms
step:1866/2315 train_time:251964ms step_avg:135.03ms
step:1867/2315 train_time:252095ms step_avg:135.03ms
step:1868/2315 train_time:252236ms step_avg:135.03ms
step:1869/2315 train_time:252367ms step_avg:135.03ms
step:1870/2315 train_time:252509ms step_avg:135.03ms
step:1871/2315 train_time:252639ms step_avg:135.03ms
step:1872/2315 train_time:252781ms step_avg:135.03ms
step:1873/2315 train_time:252912ms step_avg:135.03ms
step:1874/2315 train_time:253058ms step_avg:135.04ms
step:1875/2315 train_time:253186ms step_avg:135.03ms
step:1876/2315 train_time:253330ms step_avg:135.04ms
step:1877/2315 train_time:253459ms step_avg:135.03ms
step:1878/2315 train_time:253602ms step_avg:135.04ms
step:1879/2315 train_time:253729ms step_avg:135.03ms
step:1880/2315 train_time:253872ms step_avg:135.04ms
step:1881/2315 train_time:254002ms step_avg:135.04ms
step:1882/2315 train_time:254144ms step_avg:135.04ms
step:1883/2315 train_time:254276ms step_avg:135.04ms
step:1884/2315 train_time:254419ms step_avg:135.04ms
step:1885/2315 train_time:254548ms step_avg:135.04ms
step:1886/2315 train_time:254691ms step_avg:135.04ms
step:1887/2315 train_time:254822ms step_avg:135.04ms
step:1888/2315 train_time:254963ms step_avg:135.04ms
step:1889/2315 train_time:255094ms step_avg:135.04ms
step:1890/2315 train_time:255235ms step_avg:135.04ms
step:1891/2315 train_time:255366ms step_avg:135.04ms
step:1892/2315 train_time:255508ms step_avg:135.05ms
step:1893/2315 train_time:255638ms step_avg:135.04ms
step:1894/2315 train_time:255782ms step_avg:135.05ms
step:1895/2315 train_time:255911ms step_avg:135.05ms
step:1896/2315 train_time:256053ms step_avg:135.05ms
step:1897/2315 train_time:256186ms step_avg:135.05ms
step:1898/2315 train_time:256327ms step_avg:135.05ms
step:1899/2315 train_time:256458ms step_avg:135.05ms
step:1900/2315 train_time:256600ms step_avg:135.05ms
step:1901/2315 train_time:256732ms step_avg:135.05ms
step:1902/2315 train_time:256872ms step_avg:135.05ms
step:1903/2315 train_time:257004ms step_avg:135.05ms
step:1904/2315 train_time:257146ms step_avg:135.06ms
step:1905/2315 train_time:257275ms step_avg:135.05ms
step:1906/2315 train_time:257418ms step_avg:135.06ms
step:1907/2315 train_time:257549ms step_avg:135.05ms
step:1908/2315 train_time:257690ms step_avg:135.06ms
step:1909/2315 train_time:257823ms step_avg:135.06ms
step:1910/2315 train_time:257963ms step_avg:135.06ms
step:1911/2315 train_time:258094ms step_avg:135.06ms
step:1912/2315 train_time:258237ms step_avg:135.06ms
step:1913/2315 train_time:258370ms step_avg:135.06ms
step:1914/2315 train_time:258509ms step_avg:135.06ms
step:1915/2315 train_time:258640ms step_avg:135.06ms
step:1916/2315 train_time:258781ms step_avg:135.06ms
step:1917/2315 train_time:258913ms step_avg:135.06ms
step:1918/2315 train_time:259053ms step_avg:135.06ms
step:1919/2315 train_time:259186ms step_avg:135.06ms
step:1920/2315 train_time:259328ms step_avg:135.07ms
step:1921/2315 train_time:259461ms step_avg:135.07ms
step:1922/2315 train_time:259603ms step_avg:135.07ms
step:1923/2315 train_time:259735ms step_avg:135.07ms
step:1924/2315 train_time:259872ms step_avg:135.07ms
step:1925/2315 train_time:260003ms step_avg:135.07ms
step:1926/2315 train_time:260144ms step_avg:135.07ms
step:1927/2315 train_time:260276ms step_avg:135.07ms
step:1928/2315 train_time:260417ms step_avg:135.07ms
step:1929/2315 train_time:260549ms step_avg:135.07ms
step:1930/2315 train_time:260690ms step_avg:135.07ms
step:1931/2315 train_time:260820ms step_avg:135.07ms
step:1932/2315 train_time:260962ms step_avg:135.07ms
step:1933/2315 train_time:261093ms step_avg:135.07ms
step:1934/2315 train_time:261235ms step_avg:135.08ms
step:1935/2315 train_time:261366ms step_avg:135.07ms
step:1936/2315 train_time:261507ms step_avg:135.08ms
step:1937/2315 train_time:261639ms step_avg:135.07ms
step:1938/2315 train_time:261781ms step_avg:135.08ms
step:1939/2315 train_time:261912ms step_avg:135.08ms
step:1940/2315 train_time:262053ms step_avg:135.08ms
step:1941/2315 train_time:262185ms step_avg:135.08ms
step:1942/2315 train_time:262326ms step_avg:135.08ms
step:1943/2315 train_time:262457ms step_avg:135.08ms
step:1944/2315 train_time:262598ms step_avg:135.08ms
step:1945/2315 train_time:262730ms step_avg:135.08ms
step:1946/2315 train_time:262870ms step_avg:135.08ms
step:1947/2315 train_time:263002ms step_avg:135.08ms
step:1948/2315 train_time:263144ms step_avg:135.08ms
step:1949/2315 train_time:263275ms step_avg:135.08ms
step:1950/2315 train_time:263416ms step_avg:135.09ms
step:1951/2315 train_time:263547ms step_avg:135.08ms
step:1952/2315 train_time:263689ms step_avg:135.09ms
step:1953/2315 train_time:263820ms step_avg:135.08ms
step:1954/2315 train_time:263962ms step_avg:135.09ms
step:1955/2315 train_time:264093ms step_avg:135.09ms
step:1956/2315 train_time:264235ms step_avg:135.09ms
step:1957/2315 train_time:264366ms step_avg:135.09ms
step:1958/2315 train_time:264507ms step_avg:135.09ms
step:1959/2315 train_time:264640ms step_avg:135.09ms
step:1960/2315 train_time:264781ms step_avg:135.09ms
step:1961/2315 train_time:264912ms step_avg:135.09ms
step:1962/2315 train_time:265053ms step_avg:135.09ms
step:1963/2315 train_time:265184ms step_avg:135.09ms
step:1964/2315 train_time:265328ms step_avg:135.10ms
step:1965/2315 train_time:265459ms step_avg:135.09ms
step:1966/2315 train_time:265600ms step_avg:135.10ms
step:1967/2315 train_time:265730ms step_avg:135.09ms
step:1968/2315 train_time:265873ms step_avg:135.10ms
step:1969/2315 train_time:266001ms step_avg:135.09ms
step:1970/2315 train_time:266141ms step_avg:135.10ms
step:1971/2315 train_time:266272ms step_avg:135.09ms
step:1972/2315 train_time:266414ms step_avg:135.10ms
step:1973/2315 train_time:266547ms step_avg:135.10ms
step:1974/2315 train_time:266687ms step_avg:135.10ms
step:1975/2315 train_time:266818ms step_avg:135.10ms
step:1976/2315 train_time:266961ms step_avg:135.10ms
step:1977/2315 train_time:267092ms step_avg:135.10ms
step:1978/2315 train_time:267233ms step_avg:135.10ms
step:1979/2315 train_time:267363ms step_avg:135.10ms
step:1980/2315 train_time:267505ms step_avg:135.10ms
step:1981/2315 train_time:267637ms step_avg:135.10ms
step:1982/2315 train_time:267778ms step_avg:135.10ms
step:1983/2315 train_time:267907ms step_avg:135.10ms
step:1984/2315 train_time:268052ms step_avg:135.11ms
step:1985/2315 train_time:268182ms step_avg:135.10ms
step:1986/2315 train_time:268324ms step_avg:135.11ms
step:1987/2315 train_time:268455ms step_avg:135.11ms
step:1988/2315 train_time:268595ms step_avg:135.11ms
step:1989/2315 train_time:268727ms step_avg:135.11ms
step:1990/2315 train_time:268868ms step_avg:135.11ms
step:1991/2315 train_time:269000ms step_avg:135.11ms
step:1992/2315 train_time:269142ms step_avg:135.11ms
step:1993/2315 train_time:269272ms step_avg:135.11ms
step:1994/2315 train_time:269415ms step_avg:135.11ms
step:1995/2315 train_time:269545ms step_avg:135.11ms
step:1996/2315 train_time:269686ms step_avg:135.11ms
step:1997/2315 train_time:269817ms step_avg:135.11ms
step:1998/2315 train_time:269959ms step_avg:135.11ms
step:1999/2315 train_time:270090ms step_avg:135.11ms
step:2000/2315 train_time:270232ms step_avg:135.12ms
step:2000/2315 val_loss:3.3269 train_time:270403ms step_avg:135.20ms
step:2001/2315 train_time:270470ms step_avg:135.17ms
step:2002/2315 train_time:270524ms step_avg:135.13ms
step:2003/2315 train_time:270647ms step_avg:135.12ms
step:2004/2315 train_time:270790ms step_avg:135.12ms
step:2005/2315 train_time:270921ms step_avg:135.12ms
step:2006/2315 train_time:271063ms step_avg:135.13ms
step:2007/2315 train_time:271194ms step_avg:135.12ms
step:2008/2315 train_time:271338ms step_avg:135.13ms
step:2009/2315 train_time:271470ms step_avg:135.13ms
step:2010/2315 train_time:271609ms step_avg:135.13ms
step:2011/2315 train_time:271741ms step_avg:135.13ms
step:2012/2315 train_time:271882ms step_avg:135.13ms
step:2013/2315 train_time:272012ms step_avg:135.13ms
step:2014/2315 train_time:272154ms step_avg:135.13ms
step:2015/2315 train_time:272285ms step_avg:135.13ms
step:2016/2315 train_time:272427ms step_avg:135.13ms
step:2017/2315 train_time:272560ms step_avg:135.13ms
step:2018/2315 train_time:272701ms step_avg:135.13ms
step:2019/2315 train_time:272834ms step_avg:135.13ms
step:2020/2315 train_time:272974ms step_avg:135.14ms
step:2021/2315 train_time:273106ms step_avg:135.13ms
step:2022/2315 train_time:273248ms step_avg:135.14ms
step:2023/2315 train_time:273378ms step_avg:135.14ms
step:2024/2315 train_time:273521ms step_avg:135.14ms
step:2025/2315 train_time:273652ms step_avg:135.14ms
step:2026/2315 train_time:273793ms step_avg:135.14ms
step:2027/2315 train_time:273924ms step_avg:135.14ms
step:2028/2315 train_time:274067ms step_avg:135.14ms
step:2029/2315 train_time:274198ms step_avg:135.14ms
step:2030/2315 train_time:274338ms step_avg:135.14ms
step:2031/2315 train_time:274471ms step_avg:135.14ms
step:2032/2315 train_time:274612ms step_avg:135.14ms
step:2033/2315 train_time:274745ms step_avg:135.14ms
step:2034/2315 train_time:274887ms step_avg:135.15ms
step:2035/2315 train_time:275020ms step_avg:135.15ms
step:2036/2315 train_time:275160ms step_avg:135.15ms
step:2037/2315 train_time:275291ms step_avg:135.15ms
step:2038/2315 train_time:275433ms step_avg:135.15ms
step:2039/2315 train_time:275564ms step_avg:135.15ms
step:2040/2315 train_time:275705ms step_avg:135.15ms
step:2041/2315 train_time:275837ms step_avg:135.15ms
step:2042/2315 train_time:275978ms step_avg:135.15ms
step:2043/2315 train_time:276110ms step_avg:135.15ms
step:2044/2315 train_time:276251ms step_avg:135.15ms
step:2045/2315 train_time:276382ms step_avg:135.15ms
step:2046/2315 train_time:276524ms step_avg:135.15ms
step:2047/2315 train_time:276656ms step_avg:135.15ms
step:2048/2315 train_time:276796ms step_avg:135.15ms
step:2049/2315 train_time:276927ms step_avg:135.15ms
step:2050/2315 train_time:277068ms step_avg:135.16ms
step:2051/2315 train_time:277199ms step_avg:135.15ms
step:2052/2315 train_time:277342ms step_avg:135.16ms
step:2053/2315 train_time:277474ms step_avg:135.16ms
step:2054/2315 train_time:277617ms step_avg:135.16ms
step:2055/2315 train_time:277748ms step_avg:135.16ms
step:2056/2315 train_time:277891ms step_avg:135.16ms
step:2057/2315 train_time:278020ms step_avg:135.16ms
step:2058/2315 train_time:278164ms step_avg:135.16ms
step:2059/2315 train_time:278295ms step_avg:135.16ms
step:2060/2315 train_time:278437ms step_avg:135.16ms
step:2061/2315 train_time:278568ms step_avg:135.16ms
step:2062/2315 train_time:278710ms step_avg:135.16ms
step:2063/2315 train_time:278840ms step_avg:135.16ms
step:2064/2315 train_time:278981ms step_avg:135.17ms
step:2065/2315 train_time:279112ms step_avg:135.16ms
step:2066/2315 train_time:279253ms step_avg:135.17ms
step:2067/2315 train_time:279384ms step_avg:135.16ms
step:2068/2315 train_time:279528ms step_avg:135.17ms
step:2069/2315 train_time:279657ms step_avg:135.17ms
step:2070/2315 train_time:279799ms step_avg:135.17ms
step:2071/2315 train_time:279929ms step_avg:135.17ms
step:2072/2315 train_time:280071ms step_avg:135.17ms
step:2073/2315 train_time:280203ms step_avg:135.17ms
step:2074/2315 train_time:280344ms step_avg:135.17ms
step:2075/2315 train_time:280475ms step_avg:135.17ms
step:2076/2315 train_time:280617ms step_avg:135.17ms
step:2077/2315 train_time:280747ms step_avg:135.17ms
step:2078/2315 train_time:280887ms step_avg:135.17ms
step:2079/2315 train_time:281019ms step_avg:135.17ms
step:2080/2315 train_time:281161ms step_avg:135.17ms
step:2081/2315 train_time:281292ms step_avg:135.17ms
step:2082/2315 train_time:281434ms step_avg:135.17ms
step:2083/2315 train_time:281564ms step_avg:135.17ms
step:2084/2315 train_time:281707ms step_avg:135.18ms
step:2085/2315 train_time:281837ms step_avg:135.17ms
step:2086/2315 train_time:281978ms step_avg:135.18ms
step:2087/2315 train_time:282111ms step_avg:135.18ms
step:2088/2315 train_time:282253ms step_avg:135.18ms
step:2089/2315 train_time:282383ms step_avg:135.18ms
step:2090/2315 train_time:282525ms step_avg:135.18ms
step:2091/2315 train_time:282657ms step_avg:135.18ms
step:2092/2315 train_time:282797ms step_avg:135.18ms
step:2093/2315 train_time:282930ms step_avg:135.18ms
step:2094/2315 train_time:283068ms step_avg:135.18ms
step:2095/2315 train_time:283200ms step_avg:135.18ms
step:2096/2315 train_time:283342ms step_avg:135.18ms
step:2097/2315 train_time:283474ms step_avg:135.18ms
step:2098/2315 train_time:283615ms step_avg:135.18ms
step:2099/2315 train_time:283744ms step_avg:135.18ms
step:2100/2315 train_time:283887ms step_avg:135.18ms
step:2101/2315 train_time:284018ms step_avg:135.18ms
step:2102/2315 train_time:284159ms step_avg:135.19ms
step:2103/2315 train_time:284289ms step_avg:135.18ms
step:2104/2315 train_time:284430ms step_avg:135.19ms
step:2105/2315 train_time:284563ms step_avg:135.18ms
step:2106/2315 train_time:284703ms step_avg:135.19ms
step:2107/2315 train_time:284835ms step_avg:135.19ms
step:2108/2315 train_time:284976ms step_avg:135.19ms
step:2109/2315 train_time:285108ms step_avg:135.19ms
step:2110/2315 train_time:285250ms step_avg:135.19ms
step:2111/2315 train_time:285382ms step_avg:135.19ms
step:2112/2315 train_time:285522ms step_avg:135.19ms
step:2113/2315 train_time:285653ms step_avg:135.19ms
step:2114/2315 train_time:285795ms step_avg:135.19ms
step:2115/2315 train_time:285924ms step_avg:135.19ms
step:2116/2315 train_time:286066ms step_avg:135.19ms
step:2117/2315 train_time:286197ms step_avg:135.19ms
step:2118/2315 train_time:286339ms step_avg:135.19ms
step:2119/2315 train_time:286471ms step_avg:135.19ms
step:2120/2315 train_time:286614ms step_avg:135.20ms
step:2121/2315 train_time:286744ms step_avg:135.19ms
step:2122/2315 train_time:286886ms step_avg:135.20ms
step:2123/2315 train_time:287018ms step_avg:135.19ms
step:2124/2315 train_time:287160ms step_avg:135.20ms
step:2125/2315 train_time:287290ms step_avg:135.20ms
step:2126/2315 train_time:287432ms step_avg:135.20ms
step:2127/2315 train_time:287563ms step_avg:135.20ms
step:2128/2315 train_time:287705ms step_avg:135.20ms
step:2129/2315 train_time:287836ms step_avg:135.20ms
step:2130/2315 train_time:287979ms step_avg:135.20ms
step:2131/2315 train_time:288112ms step_avg:135.20ms
step:2132/2315 train_time:288254ms step_avg:135.20ms
step:2133/2315 train_time:288384ms step_avg:135.20ms
step:2134/2315 train_time:288529ms step_avg:135.21ms
step:2135/2315 train_time:288658ms step_avg:135.20ms
step:2136/2315 train_time:288799ms step_avg:135.21ms
step:2137/2315 train_time:288932ms step_avg:135.20ms
step:2138/2315 train_time:289073ms step_avg:135.21ms
step:2139/2315 train_time:289204ms step_avg:135.21ms
step:2140/2315 train_time:289346ms step_avg:135.21ms
step:2141/2315 train_time:289476ms step_avg:135.21ms
step:2142/2315 train_time:289618ms step_avg:135.21ms
step:2143/2315 train_time:289750ms step_avg:135.21ms
step:2144/2315 train_time:289891ms step_avg:135.21ms
step:2145/2315 train_time:290022ms step_avg:135.21ms
step:2146/2315 train_time:290163ms step_avg:135.21ms
step:2147/2315 train_time:290295ms step_avg:135.21ms
step:2148/2315 train_time:290438ms step_avg:135.21ms
step:2149/2315 train_time:290568ms step_avg:135.21ms
step:2150/2315 train_time:290711ms step_avg:135.21ms
step:2151/2315 train_time:290842ms step_avg:135.21ms
step:2152/2315 train_time:290985ms step_avg:135.22ms
step:2153/2315 train_time:291118ms step_avg:135.22ms
step:2154/2315 train_time:291260ms step_avg:135.22ms
step:2155/2315 train_time:291391ms step_avg:135.22ms
step:2156/2315 train_time:291532ms step_avg:135.22ms
step:2157/2315 train_time:291664ms step_avg:135.22ms
step:2158/2315 train_time:291807ms step_avg:135.22ms
step:2159/2315 train_time:291935ms step_avg:135.22ms
step:2160/2315 train_time:292079ms step_avg:135.22ms
step:2161/2315 train_time:292207ms step_avg:135.22ms
step:2162/2315 train_time:292350ms step_avg:135.22ms
step:2163/2315 train_time:292481ms step_avg:135.22ms
step:2164/2315 train_time:292623ms step_avg:135.22ms
step:2165/2315 train_time:292752ms step_avg:135.22ms
step:2166/2315 train_time:292896ms step_avg:135.22ms
step:2167/2315 train_time:293027ms step_avg:135.22ms
step:2168/2315 train_time:293169ms step_avg:135.23ms
step:2169/2315 train_time:293299ms step_avg:135.22ms
step:2170/2315 train_time:293441ms step_avg:135.23ms
step:2171/2315 train_time:293573ms step_avg:135.22ms
step:2172/2315 train_time:293715ms step_avg:135.23ms
step:2173/2315 train_time:293845ms step_avg:135.23ms
step:2174/2315 train_time:293986ms step_avg:135.23ms
step:2175/2315 train_time:294116ms step_avg:135.23ms
step:2176/2315 train_time:294258ms step_avg:135.23ms
step:2177/2315 train_time:294390ms step_avg:135.23ms
step:2178/2315 train_time:294530ms step_avg:135.23ms
step:2179/2315 train_time:294662ms step_avg:135.23ms
step:2180/2315 train_time:294802ms step_avg:135.23ms
step:2181/2315 train_time:294934ms step_avg:135.23ms
step:2182/2315 train_time:295075ms step_avg:135.23ms
step:2183/2315 train_time:295207ms step_avg:135.23ms
step:2184/2315 train_time:295347ms step_avg:135.23ms
step:2185/2315 train_time:295479ms step_avg:135.23ms
step:2186/2315 train_time:295623ms step_avg:135.23ms
step:2187/2315 train_time:295754ms step_avg:135.23ms
step:2188/2315 train_time:295894ms step_avg:135.23ms
step:2189/2315 train_time:296025ms step_avg:135.23ms
step:2190/2315 train_time:296166ms step_avg:135.24ms
step:2191/2315 train_time:296296ms step_avg:135.23ms
step:2192/2315 train_time:296437ms step_avg:135.24ms
step:2193/2315 train_time:296569ms step_avg:135.23ms
step:2194/2315 train_time:296711ms step_avg:135.24ms
step:2195/2315 train_time:296842ms step_avg:135.24ms
step:2196/2315 train_time:296983ms step_avg:135.24ms
step:2197/2315 train_time:297113ms step_avg:135.24ms
step:2198/2315 train_time:297256ms step_avg:135.24ms
step:2199/2315 train_time:297387ms step_avg:135.24ms
step:2200/2315 train_time:297529ms step_avg:135.24ms
step:2201/2315 train_time:297660ms step_avg:135.24ms
step:2202/2315 train_time:297801ms step_avg:135.24ms
step:2203/2315 train_time:297934ms step_avg:135.24ms
step:2204/2315 train_time:298078ms step_avg:135.24ms
step:2205/2315 train_time:298208ms step_avg:135.24ms
step:2206/2315 train_time:298349ms step_avg:135.24ms
step:2207/2315 train_time:298478ms step_avg:135.24ms
step:2208/2315 train_time:298617ms step_avg:135.24ms
step:2209/2315 train_time:298750ms step_avg:135.24ms
step:2210/2315 train_time:298892ms step_avg:135.25ms
step:2211/2315 train_time:299023ms step_avg:135.24ms
step:2212/2315 train_time:299167ms step_avg:135.25ms
step:2213/2315 train_time:299298ms step_avg:135.25ms
step:2214/2315 train_time:299440ms step_avg:135.25ms
step:2215/2315 train_time:299570ms step_avg:135.25ms
step:2216/2315 train_time:299711ms step_avg:135.25ms
step:2217/2315 train_time:299844ms step_avg:135.25ms
step:2218/2315 train_time:299987ms step_avg:135.25ms
step:2219/2315 train_time:300117ms step_avg:135.25ms
step:2220/2315 train_time:300258ms step_avg:135.25ms
step:2221/2315 train_time:300390ms step_avg:135.25ms
step:2222/2315 train_time:300530ms step_avg:135.25ms
step:2223/2315 train_time:300662ms step_avg:135.25ms
step:2224/2315 train_time:300804ms step_avg:135.25ms
step:2225/2315 train_time:300936ms step_avg:135.25ms
step:2226/2315 train_time:301077ms step_avg:135.25ms
step:2227/2315 train_time:301208ms step_avg:135.25ms
step:2228/2315 train_time:301352ms step_avg:135.26ms
step:2229/2315 train_time:301484ms step_avg:135.26ms
step:2230/2315 train_time:301623ms step_avg:135.26ms
step:2231/2315 train_time:301755ms step_avg:135.26ms
step:2232/2315 train_time:301896ms step_avg:135.26ms
step:2233/2315 train_time:302027ms step_avg:135.26ms
step:2234/2315 train_time:302168ms step_avg:135.26ms
step:2235/2315 train_time:302299ms step_avg:135.26ms
step:2236/2315 train_time:302443ms step_avg:135.26ms
step:2237/2315 train_time:302574ms step_avg:135.26ms
step:2238/2315 train_time:302714ms step_avg:135.26ms
step:2239/2315 train_time:302845ms step_avg:135.26ms
step:2240/2315 train_time:302986ms step_avg:135.26ms
step:2241/2315 train_time:303117ms step_avg:135.26ms
step:2242/2315 train_time:303259ms step_avg:135.26ms
step:2243/2315 train_time:303390ms step_avg:135.26ms
step:2244/2315 train_time:303532ms step_avg:135.26ms
step:2245/2315 train_time:303663ms step_avg:135.26ms
step:2246/2315 train_time:303805ms step_avg:135.26ms
step:2247/2315 train_time:303935ms step_avg:135.26ms
step:2248/2315 train_time:304077ms step_avg:135.27ms
step:2249/2315 train_time:304210ms step_avg:135.26ms
step:2250/2315 train_time:304351ms step_avg:135.27ms
step:2250/2315 val_loss:3.2871 train_time:304522ms step_avg:135.34ms
step:2251/2315 train_time:304598ms step_avg:135.32ms
step:2252/2315 train_time:304655ms step_avg:135.28ms
step:2253/2315 train_time:304776ms step_avg:135.28ms
step:2254/2315 train_time:304920ms step_avg:135.28ms
step:2255/2315 train_time:305050ms step_avg:135.28ms
step:2256/2315 train_time:305191ms step_avg:135.28ms
step:2257/2315 train_time:305322ms step_avg:135.28ms
step:2258/2315 train_time:305468ms step_avg:135.28ms
step:2259/2315 train_time:305599ms step_avg:135.28ms
step:2260/2315 train_time:305744ms step_avg:135.29ms
step:2261/2315 train_time:305876ms step_avg:135.28ms
step:2262/2315 train_time:306015ms step_avg:135.29ms
step:2263/2315 train_time:306146ms step_avg:135.28ms
step:2264/2315 train_time:306288ms step_avg:135.29ms
step:2265/2315 train_time:306419ms step_avg:135.28ms
step:2266/2315 train_time:306562ms step_avg:135.29ms
step:2267/2315 train_time:306693ms step_avg:135.29ms
step:2268/2315 train_time:306833ms step_avg:135.29ms
step:2269/2315 train_time:306964ms step_avg:135.29ms
step:2270/2315 train_time:307104ms step_avg:135.29ms
step:2271/2315 train_time:307237ms step_avg:135.29ms
step:2272/2315 train_time:307379ms step_avg:135.29ms
step:2273/2315 train_time:307509ms step_avg:135.29ms
step:2274/2315 train_time:307650ms step_avg:135.29ms
step:2275/2315 train_time:307782ms step_avg:135.29ms
step:2276/2315 train_time:307923ms step_avg:135.29ms
step:2277/2315 train_time:308055ms step_avg:135.29ms
step:2278/2315 train_time:308199ms step_avg:135.29ms
step:2279/2315 train_time:308329ms step_avg:135.29ms
step:2280/2315 train_time:308471ms step_avg:135.29ms
step:2281/2315 train_time:308602ms step_avg:135.29ms
step:2282/2315 train_time:308743ms step_avg:135.30ms
step:2283/2315 train_time:308875ms step_avg:135.29ms
step:2284/2315 train_time:309016ms step_avg:135.30ms
step:2285/2315 train_time:309146ms step_avg:135.29ms
step:2286/2315 train_time:309290ms step_avg:135.30ms
step:2287/2315 train_time:309420ms step_avg:135.30ms
step:2288/2315 train_time:309561ms step_avg:135.30ms
step:2289/2315 train_time:309693ms step_avg:135.30ms
step:2290/2315 train_time:309834ms step_avg:135.30ms
step:2291/2315 train_time:309965ms step_avg:135.30ms
step:2292/2315 train_time:310108ms step_avg:135.30ms
step:2293/2315 train_time:310238ms step_avg:135.30ms
step:2294/2315 train_time:310381ms step_avg:135.30ms
step:2295/2315 train_time:310511ms step_avg:135.30ms
step:2296/2315 train_time:310653ms step_avg:135.30ms
step:2297/2315 train_time:310784ms step_avg:135.30ms
step:2298/2315 train_time:310927ms step_avg:135.30ms
step:2299/2315 train_time:311058ms step_avg:135.30ms
step:2300/2315 train_time:311198ms step_avg:135.30ms
step:2301/2315 train_time:311330ms step_avg:135.30ms
step:2302/2315 train_time:311473ms step_avg:135.31ms
step:2303/2315 train_time:311604ms step_avg:135.30ms
step:2304/2315 train_time:311746ms step_avg:135.31ms
step:2305/2315 train_time:311877ms step_avg:135.30ms
step:2306/2315 train_time:312019ms step_avg:135.31ms
step:2307/2315 train_time:312150ms step_avg:135.31ms
step:2308/2315 train_time:312290ms step_avg:135.31ms
step:2309/2315 train_time:312422ms step_avg:135.31ms
step:2310/2315 train_time:312564ms step_avg:135.31ms
step:2311/2315 train_time:312694ms step_avg:135.31ms
step:2312/2315 train_time:312837ms step_avg:135.31ms
step:2313/2315 train_time:312968ms step_avg:135.31ms
step:2314/2315 train_time:313110ms step_avg:135.31ms
step:2315/2315 train_time:313241ms step_avg:135.31ms
step:2315/2315 val_loss:3.2744 train_time:313414ms step_avg:135.38ms
peak memory allocated: 15487 MiB reserved: 17362 MiB
total training time: 313.41s (313414ms)
