/SharePath/chenyupeng/cyp-testtest/llm_test_migrated/lib/python3.10/site-packages/torch_npu/utils/collect_env.py:58: UserWarning: Warning: The /usr/local/Ascend/cann-8.5.0 owner does not match the current owner.
  warnings.warn(f"Warning: The {path} owner does not match the current owner.")
/SharePath/chenyupeng/cyp-testtest/llm_test_migrated/lib/python3.10/site-packages/torch_npu/utils/collect_env.py:58: UserWarning: Warning: The /usr/local/Ascend/cann-8.5.0/aarch64-linux/ascend_ops_install.info owner does not match the current owner.
  warnings.warn(f"Warning: The {path} owner does not match the current owner.")
/SharePath/chenyupeng/cyp-testtest/llm_test_migrated/lib/python3.10/site-packages/torch_npu/utils/collect_env.py:58: UserWarning: Warning: The /usr/local/Ascend/cann-8.5.0 owner does not match the current owner.
  warnings.warn(f"Warning: The {path} owner does not match the current owner.")
/SharePath/chenyupeng/cyp-testtest/llm_test_migrated/lib/python3.10/site-packages/torch_npu/utils/collect_env.py:58: UserWarning: Warning: The /usr/local/Ascend/cann-8.5.0/aarch64-linux/ascend_ops_install.info owner does not match the current owner.
  warnings.warn(f"Warning: The {path} owner does not match the current owner.")
W0927 23:03:53.309000 212213 site-packages/torch/distributed/run.py:766] 
W0927 23:03:53.309000 212213 site-packages/torch/distributed/run.py:766] *****************************************
W0927 23:03:53.309000 212213 site-packages/torch/distributed/run.py:766] Setting OMP_NUM_THREADS environment variable for each process to be 1 in default, to avoid your system being overloaded, please further tune the variable for optimal performance in your application as needed. 
W0927 23:03:53.309000 212213 site-packages/torch/distributed/run.py:766] *****************************************
/SharePath/chenyupeng/cyp-testtest/llm_test_migrated/lib/python3.10/site-packages/torch_npu/utils/collect_env.py:58: UserWarning: Warning: The /usr/local/Ascend/cann-8.5.0 owner does not match the current owner.
  warnings.warn(f"Warning: The {path} owner does not match the current owner.")
/SharePath/chenyupeng/cyp-testtest/llm_test_migrated/lib/python3.10/site-packages/torch_npu/utils/collect_env.py:58: UserWarning: Warning: The /usr/local/Ascend/cann-8.5.0/aarch64-linux/ascend_ops_install.info owner does not match the current owner.
  warnings.warn(f"Warning: The {path} owner does not match the current owner.")
/SharePath/chenyupeng/cyp-testtest/llm_test_migrated/lib/python3.10/site-packages/torch_npu/utils/collect_env.py:58: UserWarning: Warning: The /usr/local/Ascend/cann-8.5.0 owner does not match the current owner.
  warnings.warn(f"Warning: The {path} owner does not match the current owner.")
/SharePath/chenyupeng/cyp-testtest/llm_test_migrated/lib/python3.10/site-packages/torch_npu/utils/collect_env.py:58: UserWarning: Warning: The /usr/local/Ascend/cann-8.5.0 owner does not match the current owner.
  warnings.warn(f"Warning: The {path} owner does not match the current owner.")
/SharePath/chenyupeng/cyp-testtest/llm_test_migrated/lib/python3.10/site-packages/torch_npu/utils/collect_env.py:58: UserWarning: Warning: The /usr/local/Ascend/cann-8.5.0/aarch64-linux/ascend_ops_install.info owner does not match the current owner.
  warnings.warn(f"Warning: The {path} owner does not match the current owner.")
/SharePath/chenyupeng/cyp-testtest/llm_test_migrated/lib/python3.10/site-packages/torch_npu/utils/collect_env.py:58: UserWarning: Warning: The /usr/local/Ascend/cann-8.5.0/aarch64-linux/ascend_ops_install.info owner does not match the current owner.
  warnings.warn(f"Warning: The {path} owner does not match the current owner.")
/SharePath/chenyupeng/cyp-testtest/llm_test_migrated/lib/python3.10/site-packages/torch_npu/utils/collect_env.py:58: UserWarning: Warning: The /usr/local/Ascend/cann-8.5.0 owner does not match the current owner.
  warnings.warn(f"Warning: The {path} owner does not match the current owner.")
/SharePath/chenyupeng/cyp-testtest/llm_test_migrated/lib/python3.10/site-packages/torch_npu/utils/collect_env.py:58: UserWarning: Warning: The /usr/local/Ascend/cann-8.5.0/aarch64-linux/ascend_ops_install.info owner does not match the current owner.
  warnings.warn(f"Warning: The {path} owner does not match the current owner.")
/SharePath/chenyupeng/cyp-testtest/llm_test_migrated/lib/python3.10/site-packages/torch_npu/utils/collect_env.py:58: UserWarning: Warning: The /usr/local/Ascend/cann-8.5.0 owner does not match the current owner.
  warnings.warn(f"Warning: The {path} owner does not match the current owner.")
/SharePath/chenyupeng/cyp-testtest/llm_test_migrated/lib/python3.10/site-packages/torch_npu/utils/collect_env.py:58: UserWarning: Warning: The /usr/local/Ascend/cann-8.5.0/aarch64-linux/ascend_ops_install.info owner does not match the current owner.
  warnings.warn(f"Warning: The {path} owner does not match the current owner.")
/SharePath/chenyupeng/cyp-testtest/llm_test_migrated/lib/python3.10/site-packages/torch_npu/utils/collect_env.py:58: UserWarning: Warning: The /usr/local/Ascend/cann-8.5.0 owner does not match the current owner.
  warnings.warn(f"Warning: The {path} owner does not match the current owner.")
/SharePath/chenyupeng/cyp-testtest/llm_test_migrated/lib/python3.10/site-packages/torch_npu/utils/collect_env.py:58: UserWarning: Warning: The /usr/local/Ascend/cann-8.5.0/aarch64-linux/ascend_ops_install.info owner does not match the current owner.
  warnings.warn(f"Warning: The {path} owner does not match the current owner.")
/SharePath/chenyupeng/cyp-testtest/llm_test_migrated/lib/python3.10/site-packages/torch_npu/utils/collect_env.py:58: UserWarning: Warning: The /usr/local/Ascend/cann-8.5.0 owner does not match the current owner.
  warnings.warn(f"Warning: The {path} owner does not match the current owner.")
/SharePath/chenyupeng/cyp-testtest/llm_test_migrated/lib/python3.10/site-packages/torch_npu/utils/collect_env.py:58: UserWarning: Warning: The /usr/local/Ascend/cann-8.5.0/aarch64-linux/ascend_ops_install.info owner does not match the current owner.
  warnings.warn(f"Warning: The {path} owner does not match the current owner.")
/SharePath/chenyupeng/cyp-testtest/llm_test_migrated/lib/python3.10/site-packages/torch_npu/utils/collect_env.py:58: UserWarning: Warning: The /usr/local/Ascend/cann-8.5.0 owner does not match the current owner.
  warnings.warn(f"Warning: The {path} owner does not match the current owner.")
/SharePath/chenyupeng/cyp-testtest/llm_test_migrated/lib/python3.10/site-packages/torch_npu/utils/collect_env.py:58: UserWarning: Warning: The /usr/local/Ascend/cann-8.5.0 owner does not match the current owner.
  warnings.warn(f"Warning: The {path} owner does not match the current owner.")
/SharePath/chenyupeng/cyp-testtest/llm_test_migrated/lib/python3.10/site-packages/torch_npu/utils/collect_env.py:58: UserWarning: Warning: The /usr/local/Ascend/cann-8.5.0/aarch64-linux/ascend_ops_install.info owner does not match the current owner.
  warnings.warn(f"Warning: The {path} owner does not match the current owner.")
/SharePath/chenyupeng/cyp-testtest/llm_test_migrated/lib/python3.10/site-packages/torch_npu/utils/collect_env.py:58: UserWarning: Warning: The /usr/local/Ascend/cann-8.5.0/aarch64-linux/ascend_ops_install.info owner does not match the current owner.
  warnings.warn(f"Warning: The {path} owner does not match the current owner.")
/SharePath/chenyupeng/cyp-testtest/llm_test_migrated/lib/python3.10/site-packages/torch_npu/utils/collect_env.py:58: UserWarning: Warning: The /usr/local/Ascend/cann-8.5.0 owner does not match the current owner.
  warnings.warn(f"Warning: The {path} owner does not match the current owner.")
/SharePath/chenyupeng/cyp-testtest/llm_test_migrated/lib/python3.10/site-packages/torch_npu/utils/collect_env.py:58: UserWarning: Warning: The /usr/local/Ascend/cann-8.5.0 owner does not match the current owner.
  warnings.warn(f"Warning: The {path} owner does not match the current owner.")
/SharePath/chenyupeng/cyp-testtest/llm_test_migrated/lib/python3.10/site-packages/torch_npu/utils/collect_env.py:58: UserWarning: Warning: The /usr/local/Ascend/cann-8.5.0/aarch64-linux/ascend_ops_install.info owner does not match the current owner.
  warnings.warn(f"Warning: The {path} owner does not match the current owner.")
/SharePath/chenyupeng/cyp-testtest/llm_test_migrated/lib/python3.10/site-packages/torch_npu/utils/collect_env.py:58: UserWarning: Warning: The /usr/local/Ascend/cann-8.5.0/aarch64-linux/ascend_ops_install.info owner does not match the current owner.
  warnings.warn(f"Warning: The {path} owner does not match the current owner.")
/SharePath/chenyupeng/cyp-testtest/llm_test_migrated/lib/python3.10/site-packages/torch_npu/utils/collect_env.py:58: UserWarning: Warning: The /usr/local/Ascend/cann-8.5.0 owner does not match the current owner.
  warnings.warn(f"Warning: The {path} owner does not match the current owner.")
/SharePath/chenyupeng/cyp-testtest/llm_test_migrated/lib/python3.10/site-packages/torch_npu/utils/collect_env.py:58: UserWarning: Warning: The /usr/local/Ascend/cann-8.5.0/aarch64-linux/ascend_ops_install.info owner does not match the current owner.
  warnings.warn(f"Warning: The {path} owner does not match the current owner.")
/SharePath/chenyupeng/cyp-testtest/llm_test_migrated/lib/python3.10/site-packages/torch_npu/utils/collect_env.py:58: UserWarning: Warning: The /usr/local/Ascend/cann-8.5.0 owner does not match the current owner.
  warnings.warn(f"Warning: The {path} owner does not match the current owner.")
/SharePath/chenyupeng/cyp-testtest/llm_test_migrated/lib/python3.10/site-packages/torch_npu/utils/collect_env.py:58: UserWarning: Warning: The /usr/local/Ascend/cann-8.5.0/aarch64-linux/ascend_ops_install.info owner does not match the current owner.
  warnings.warn(f"Warning: The {path} owner does not match the current owner.")
/SharePath/chenyupeng/cyp-testtest/llm_test_migrated/lib/python3.10/site-packages/torch_npu/utils/collect_env.py:58: UserWarning: Warning: The /usr/local/Ascend/cann-8.5.0 owner does not match the current owner.
  warnings.warn(f"Warning: The {path} owner does not match the current owner.")
/SharePath/chenyupeng/cyp-testtest/llm_test_migrated/lib/python3.10/site-packages/torch_npu/utils/collect_env.py:58: UserWarning: Warning: The /usr/local/Ascend/cann-8.5.0/aarch64-linux/ascend_ops_install.info owner does not match the current owner.
  warnings.warn(f"Warning: The {path} owner does not match the current owner.")
/SharePath/chenyupeng/cyp-testtest/llm_test_migrated/lib/python3.10/site-packages/torch_npu/utils/collect_env.py:58: UserWarning: Warning: The /usr/local/Ascend/cann-8.5.0 owner does not match the current owner.
  warnings.warn(f"Warning: The {path} owner does not match the current owner.")
/SharePath/chenyupeng/cyp-testtest/llm_test_migrated/lib/python3.10/site-packages/torch_npu/utils/collect_env.py:58: UserWarning: Warning: The /usr/local/Ascend/cann-8.5.0/aarch64-linux/ascend_ops_install.info owner does not match the current owner.
  warnings.warn(f"Warning: The {path} owner does not match the current owner.")
/SharePath/chenyupeng/cyp-testtest/llm_test_migrated/lib/python3.10/site-packages/torch_npu/utils/collect_env.py:58: UserWarning: Warning: The /usr/local/Ascend/cann-8.5.0 owner does not match the current owner.
  warnings.warn(f"Warning: The {path} owner does not match the current owner.")
/SharePath/chenyupeng/cyp-testtest/llm_test_migrated/lib/python3.10/site-packages/torch_npu/utils/collect_env.py:58: UserWarning: Warning: The /usr/local/Ascend/cann-8.5.0/aarch64-linux/ascend_ops_install.info owner does not match the current owner.
  warnings.warn(f"Warning: The {path} owner does not match the current owner.")
/SharePath/chenyupeng/cyp-testtest/llm_test_migrated/lib/python3.10/site-packages/torch_npu/utils/collect_env.py:58: UserWarning: Warning: The /usr/local/Ascend/cann-8.5.0 owner does not match the current owner.
  warnings.warn(f"Warning: The {path} owner does not match the current owner.")
/SharePath/chenyupeng/cyp-testtest/llm_test_migrated/lib/python3.10/site-packages/torch_npu/utils/collect_env.py:58: UserWarning: Warning: The /usr/local/Ascend/cann-8.5.0/aarch64-linux/ascend_ops_install.info owner does not match the current owner.
  warnings.warn(f"Warning: The {path} owner does not match the current owner.")
/SharePath/chenyupeng/cyp-testtest/llm_test_migrated/lib/python3.10/site-packages/torch_npu/utils/collect_env.py:58: UserWarning: Warning: The /usr/local/Ascend/cann-8.5.0 owner does not match the current owner.
  warnings.warn(f"Warning: The {path} owner does not match the current owner.")
/SharePath/chenyupeng/cyp-testtest/llm_test_migrated/lib/python3.10/site-packages/torch_npu/utils/collect_env.py:58: UserWarning: Warning: The /usr/local/Ascend/cann-8.5.0/aarch64-linux/ascend_ops_install.info owner does not match the current owner.
  warnings.warn(f"Warning: The {path} owner does not match the current owner.")
/SharePath/chenyupeng/cyp-testtest/llm_test_migrated/lib/python3.10/site-packages/torch_npu/utils/collect_env.py:58: UserWarning: Warning: The /usr/local/Ascend/cann-8.5.0 owner does not match the current owner.
  warnings.warn(f"Warning: The {path} owner does not match the current owner.")
/SharePath/chenyupeng/cyp-testtest/llm_test_migrated/lib/python3.10/site-packages/torch_npu/utils/collect_env.py:58: UserWarning: Warning: The /usr/local/Ascend/cann-8.5.0/aarch64-linux/ascend_ops_install.info owner does not match the current owner.
  warnings.warn(f"Warning: The {path} owner does not match the current owner.")
/SharePath/chenyupeng/cyp-testtest/llm_test_migrated/lib/python3.10/site-packages/torch_npu/utils/collect_env.py:58: UserWarning: Warning: The /usr/local/Ascend/cann-8.5.0 owner does not match the current owner.
  warnings.warn(f"Warning: The {path} owner does not match the current owner.")
/SharePath/chenyupeng/cyp-testtest/llm_test_migrated/lib/python3.10/site-packages/torch_npu/utils/collect_env.py:58: UserWarning: Warning: The /usr/local/Ascend/cann-8.5.0/aarch64-linux/ascend_ops_install.info owner does not match the current owner.
  warnings.warn(f"Warning: The {path} owner does not match the current owner.")
/SharePath/chenyupeng/cyp-testtest/llm_test_migrated/lib/python3.10/site-packages/torch_npu/utils/collect_env.py:58: UserWarning: Warning: The /usr/local/Ascend/cann-8.5.0 owner does not match the current owner.
  warnings.warn(f"Warning: The {path} owner does not match the current owner.")
/SharePath/chenyupeng/cyp-testtest/llm_test_migrated/lib/python3.10/site-packages/torch_npu/utils/collect_env.py:58: UserWarning: Warning: The /usr/local/Ascend/cann-8.5.0/aarch64-linux/ascend_ops_install.info owner does not match the current owner.
  warnings.warn(f"Warning: The {path} owner does not match the current owner.")
/SharePath/chenyupeng/cyp-testtest/llm_test_migrated/lib/python3.10/site-packages/torch_npu/utils/collect_env.py:58: UserWarning: Warning: The /usr/local/Ascend/cann-8.5.0 owner does not match the current owner.
  warnings.warn(f"Warning: The {path} owner does not match the current owner.")
/SharePath/chenyupeng/cyp-testtest/llm_test_migrated/lib/python3.10/site-packages/torch_npu/utils/collect_env.py:58: UserWarning: Warning: The /usr/local/Ascend/cann-8.5.0/aarch64-linux/ascend_ops_install.info owner does not match the current owner.
  warnings.warn(f"Warning: The {path} owner does not match the current owner.")
/SharePath/chenyupeng/cyp-testtest/llm_test_migrated/lib/python3.10/site-packages/torch_npu/utils/collect_env.py:58: UserWarning: Warning: The /usr/local/Ascend/cann-8.5.0 owner does not match the current owner.
  warnings.warn(f"Warning: The {path} owner does not match the current owner.")
/SharePath/chenyupeng/cyp-testtest/llm_test_migrated/lib/python3.10/site-packages/torch_npu/utils/collect_env.py:58: UserWarning: Warning: The /usr/local/Ascend/cann-8.5.0/aarch64-linux/ascend_ops_install.info owner does not match the current owner.
  warnings.warn(f"Warning: The {path} owner does not match the current owner.")
/SharePath/chenyupeng/cyp-testtest/llm_test_migrated/lib/python3.10/site-packages/torch_npu/utils/collect_env.py:58: UserWarning: Warning: The /usr/local/Ascend/cann-8.5.0 owner does not match the current owner.
  warnings.warn(f"Warning: The {path} owner does not match the current owner.")
/SharePath/chenyupeng/cyp-testtest/llm_test_migrated/lib/python3.10/site-packages/torch_npu/utils/collect_env.py:58: UserWarning: Warning: The /usr/local/Ascend/cann-8.5.0/aarch64-linux/ascend_ops_install.info owner does not match the current owner.
  warnings.warn(f"Warning: The {path} owner does not match the current owner.")
/SharePath/chenyupeng/cyp-testtest/llm_test_migrated/lib/python3.10/site-packages/torch_npu/utils/collect_env.py:58: UserWarning: Warning: The /usr/local/Ascend/cann-8.5.0 owner does not match the current owner.
  warnings.warn(f"Warning: The {path} owner does not match the current owner.")
/SharePath/chenyupeng/cyp-testtest/llm_test_migrated/lib/python3.10/site-packages/torch_npu/utils/collect_env.py:58: UserWarning: Warning: The /usr/local/Ascend/cann-8.5.0/aarch64-linux/ascend_ops_install.info owner does not match the current owner.
  warnings.warn(f"Warning: The {path} owner does not match the current owner.")
/SharePath/chenyupeng/cyp-testtest/llm_test_migrated/lib/python3.10/site-packages/torch_npu/utils/collect_env.py:58: UserWarning: Warning: The /usr/local/Ascend/cann-8.5.0 owner does not match the current owner.
  warnings.warn(f"Warning: The {path} owner does not match the current owner.")
/SharePath/chenyupeng/cyp-testtest/llm_test_migrated/lib/python3.10/site-packages/torch_npu/utils/collect_env.py:58: UserWarning: Warning: The /usr/local/Ascend/cann-8.5.0/aarch64-linux/ascend_ops_install.info owner does not match the current owner.
  warnings.warn(f"Warning: The {path} owner does not match the current owner.")
/SharePath/chenyupeng/cyp-testtest/llm_test_migrated/lib/python3.10/site-packages/torch_npu/utils/collect_env.py:58: UserWarning: Warning: The /usr/local/Ascend/cann-8.5.0 owner does not match the current owner.
  warnings.warn(f"Warning: The {path} owner does not match the current owner.")
/SharePath/chenyupeng/cyp-testtest/llm_test_migrated/lib/python3.10/site-packages/torch_npu/utils/collect_env.py:58: UserWarning: Warning: The /usr/local/Ascend/cann-8.5.0/aarch64-linux/ascend_ops_install.info owner does not match the current owner.
  warnings.warn(f"Warning: The {path} owner does not match the current owner.")
/SharePath/chenyupeng/cyp-testtest/llm_test_migrated/lib/python3.10/site-packages/torch_npu/utils/collect_env.py:58: UserWarning: Warning: The /usr/local/Ascend/cann-8.5.0 owner does not match the current owner.
  warnings.warn(f"Warning: The {path} owner does not match the current owner.")
/SharePath/chenyupeng/cyp-testtest/llm_test_migrated/lib/python3.10/site-packages/torch_npu/utils/collect_env.py:58: UserWarning: Warning: The /usr/local/Ascend/cann-8.5.0/aarch64-linux/ascend_ops_install.info owner does not match the current owner.
  warnings.warn(f"Warning: The {path} owner does not match the current owner.")
/SharePath/chenyupeng/cyp-testtest/llm_test_migrated/lib/python3.10/site-packages/torch_npu/utils/collect_env.py:58: UserWarning: Warning: The /usr/local/Ascend/cann-8.5.0 owner does not match the current owner.
  warnings.warn(f"Warning: The {path} owner does not match the current owner.")
/SharePath/chenyupeng/cyp-testtest/llm_test_migrated/lib/python3.10/site-packages/torch_npu/utils/collect_env.py:58: UserWarning: Warning: The /usr/local/Ascend/cann-8.5.0 owner does not match the current owner.
  warnings.warn(f"Warning: The {path} owner does not match the current owner.")
/SharePath/chenyupeng/cyp-testtest/llm_test_migrated/lib/python3.10/site-packages/torch_npu/utils/collect_env.py:58: UserWarning: Warning: The /usr/local/Ascend/cann-8.5.0/aarch64-linux/ascend_ops_install.info owner does not match the current owner.
  warnings.warn(f"Warning: The {path} owner does not match the current owner.")
/SharePath/chenyupeng/cyp-testtest/llm_test_migrated/lib/python3.10/site-packages/torch_npu/utils/collect_env.py:58: UserWarning: Warning: The /usr/local/Ascend/cann-8.5.0/aarch64-linux/ascend_ops_install.info owner does not match the current owner.
  warnings.warn(f"Warning: The {path} owner does not match the current owner.")
/SharePath/chenyupeng/cyp-testtest/llm_test_migrated/lib/python3.10/site-packages/torch_npu/utils/collect_env.py:58: UserWarning: Warning: The /usr/local/Ascend/cann-8.5.0 owner does not match the current owner.
  warnings.warn(f"Warning: The {path} owner does not match the current owner.")
/SharePath/chenyupeng/cyp-testtest/llm_test_migrated/lib/python3.10/site-packages/torch_npu/utils/collect_env.py:58: UserWarning: Warning: The /usr/local/Ascend/cann-8.5.0/aarch64-linux/ascend_ops_install.info owner does not match the current owner.
  warnings.warn(f"Warning: The {path} owner does not match the current owner.")
/SharePath/chenyupeng/cyp-testtest/llm_test_migrated/lib/python3.10/site-packages/torch_npu/utils/collect_env.py:58: UserWarning: Warning: The /usr/local/Ascend/cann-8.5.0 owner does not match the current owner.
  warnings.warn(f"Warning: The {path} owner does not match the current owner.")
/SharePath/chenyupeng/cyp-testtest/llm_test_migrated/lib/python3.10/site-packages/torch_npu/utils/collect_env.py:58: UserWarning: Warning: The /usr/local/Ascend/cann-8.5.0/aarch64-linux/ascend_ops_install.info owner does not match the current owner.
  warnings.warn(f"Warning: The {path} owner does not match the current owner.")
/SharePath/chenyupeng/cyp-testtest/llm_test_migrated/lib/python3.10/site-packages/torch/autograd/__init__.py:221: UserWarning: Cannot create tensor with interal format while allow_internel_format=False, tensor will be created with base format. (Triggered internally at build/CMakeFiles/torch_npu.dir/compiler_depend.ts:338.)
  torch.ones_like(out, memory_format=torch.preserve_format)
/SharePath/chenyupeng/cyp-testtest/llm_test_migrated/lib/python3.10/site-packages/torch_npu/dynamo/torchair/__init__.py:8: UserWarning: pkg_resources is deprecated as an API. See https://setuptools.pypa.io/en/latest/pkg_resources.html. The pkg_resources package is slated for removal as early as 2025-11-30. Refrain from using this package or pin to Setuptools<81.
  import pkg_resources
/SharePath/chenyupeng/cyp-testtest/llm_test_migrated/lib/python3.10/site-packages/torch/autograd/__init__.py:221: UserWarning: Cannot create tensor with interal format while allow_internel_format=False, tensor will be created with base format. (Triggered internally at build/CMakeFiles/torch_npu.dir/compiler_depend.ts:338.)
  torch.ones_like(out, memory_format=torch.preserve_format)
/SharePath/chenyupeng/cyp-testtest/llm_test_migrated/lib/python3.10/site-packages/torch/autograd/__init__.py:221: UserWarning: Cannot create tensor with interal format while allow_internel_format=False, tensor will be created with base format. (Triggered internally at build/CMakeFiles/torch_npu.dir/compiler_depend.ts:338.)
  torch.ones_like(out, memory_format=torch.preserve_format)
/SharePath/chenyupeng/cyp-testtest/llm_test_migrated/lib/python3.10/site-packages/torch/autograd/__init__.py:221: UserWarning: Cannot create tensor with interal format while allow_internel_format=False, tensor will be created with base format. (Triggered internally at build/CMakeFiles/torch_npu.dir/compiler_depend.ts:338.)
  torch.ones_like(out, memory_format=torch.preserve_format)
/SharePath/chenyupeng/cyp-testtest/llm_test_migrated/lib/python3.10/site-packages/torch/autograd/__init__.py:221: UserWarning: Cannot create tensor with interal format while allow_internel_format=False, tensor will be created with base format. (Triggered internally at build/CMakeFiles/torch_npu.dir/compiler_depend.ts:338.)
  torch.ones_like(out, memory_format=torch.preserve_format)
/SharePath/chenyupeng/cyp-testtest/llm_test_migrated/lib/python3.10/site-packages/torch/autograd/__init__.py:221: UserWarning: Cannot create tensor with interal format while allow_internel_format=False, tensor will be created with base format. (Triggered internally at build/CMakeFiles/torch_npu.dir/compiler_depend.ts:338.)
  torch.ones_like(out, memory_format=torch.preserve_format)
/SharePath/chenyupeng/cyp-testtest/llm_test_migrated/lib/python3.10/site-packages/torch/autograd/__init__.py:221: UserWarning: Cannot create tensor with interal format while allow_internel_format=False, tensor will be created with base format. (Triggered internally at build/CMakeFiles/torch_npu.dir/compiler_depend.ts:338.)
  torch.ones_like(out, memory_format=torch.preserve_format)
/SharePath/chenyupeng/cyp-testtest/llm_test_migrated/lib/python3.10/site-packages/torch/autograd/__init__.py:221: UserWarning: Cannot create tensor with interal format while allow_internel_format=False, tensor will be created with base format. (Triggered internally at build/CMakeFiles/torch_npu.dir/compiler_depend.ts:338.)
  torch.ones_like(out, memory_format=torch.preserve_format)
/SharePath/chenyupeng/cyp-testtest/llm_test_migrated/lib/python3.10/site-packages/torch/autograd/__init__.py:221: UserWarning: Cannot create tensor with interal format while allow_internel_format=False, tensor will be created with base format. (Triggered internally at build/CMakeFiles/torch_npu.dir/compiler_depend.ts:338.)
  torch.ones_like(out, memory_format=torch.preserve_format)
/SharePath/chenyupeng/cyp-testtest/llm_test_migrated/lib/python3.10/site-packages/torch/autograd/__init__.py:221: UserWarning: Cannot create tensor with interal format while allow_internel_format=False, tensor will be created with base format. (Triggered internally at build/CMakeFiles/torch_npu.dir/compiler_depend.ts:338.)
  torch.ones_like(out, memory_format=torch.preserve_format)
/SharePath/chenyupeng/cyp-testtest/llm_test_migrated/lib/python3.10/site-packages/torch/autograd/__init__.py:221: UserWarning: Cannot create tensor with interal format while allow_internel_format=False, tensor will be created with base format. (Triggered internally at build/CMakeFiles/torch_npu.dir/compiler_depend.ts:338.)
  torch.ones_like(out, memory_format=torch.preserve_format)
/SharePath/chenyupeng/cyp-testtest/llm_test_migrated/lib/python3.10/site-packages/torch/autograd/__init__.py:221: UserWarning: Cannot create tensor with interal format while allow_internel_format=False, tensor will be created with base format. (Triggered internally at build/CMakeFiles/torch_npu.dir/compiler_depend.ts:338.)
  torch.ones_like(out, memory_format=torch.preserve_format)
/SharePath/chenyupeng/cyp-testtest/llm_test_migrated/lib/python3.10/site-packages/torch/autograd/__init__.py:221: UserWarning: Cannot create tensor with interal format while allow_internel_format=False, tensor will be created with base format. (Triggered internally at build/CMakeFiles/torch_npu.dir/compiler_depend.ts:338.)
  torch.ones_like(out, memory_format=torch.preserve_format)
/SharePath/chenyupeng/cyp-testtest/llm_test_migrated/lib/python3.10/site-packages/torch/autograd/__init__.py:221: UserWarning: Cannot create tensor with interal format while allow_internel_format=False, tensor will be created with base format. (Triggered internally at build/CMakeFiles/torch_npu.dir/compiler_depend.ts:338.)
  torch.ones_like(out, memory_format=torch.preserve_format)
/SharePath/chenyupeng/cyp-testtest/llm_test_migrated/lib/python3.10/site-packages/torch/autograd/__init__.py:221: UserWarning: Cannot create tensor with interal format while allow_internel_format=False, tensor will be created with base format. (Triggered internally at build/CMakeFiles/torch_npu.dir/compiler_depend.ts:338.)
  torch.ones_like(out, memory_format=torch.preserve_format)
/SharePath/chenyupeng/cyp-testtest/llm_test_migrated/lib/python3.10/site-packages/torch/autograd/__init__.py:221: UserWarning: Cannot create tensor with interal format while allow_internel_format=False, tensor will be created with base format. (Triggered internally at build/CMakeFiles/torch_npu.dir/compiler_depend.ts:338.)
  torch.ones_like(out, memory_format=torch.preserve_format)
[rank 0] Starting init, world_size=16, grad_accum=1
[rank 0] Device set to npu:0, calling init_process_group
[rank 0] init_process_group done, calling barrier
/SharePath/chenyupeng/cyp-testtest/llm_test_migrated/lib/python3.10/site-packages/torch/distributed/distributed_c10d.py:4631: UserWarning: No device id is provided via `init_process_group` or `barrier `. Using the current device set by the user. 
  warnings.warn(  # warn only once
[rank 3] Starting init, world_size=16, grad_accum=1
[rank 15] Starting init, world_size=16, grad_accum=1
[rank 6] Starting init, world_size=16, grad_accum=1
[rank 2] Starting init, world_size=16, grad_accum=1
[rank 10] Starting init, world_size=16, grad_accum=1
[rank 1] Starting init, world_size=16, grad_accum=1
[rank 9] Starting init, world_size=16, grad_accum=1
[rank 5] Starting init, world_size=16, grad_accum=1
[rank 7] Starting init, world_size=16, grad_accum=1
[rank 4] Starting init, world_size=16, grad_accum=1
[rank 12] Starting init, world_size=16, grad_accum=1
[rank 8] Starting init, world_size=16, grad_accum=1
[rank 13] Starting init, world_size=16, grad_accum=1
[rank 11] Starting init, world_size=16, grad_accum=1
[rank 14] Starting init, world_size=16, grad_accum=1
[rank 2] Device set to npu:2, calling init_process_group
[rank 2] init_process_group done, calling barrier
/SharePath/chenyupeng/cyp-testtest/llm_test_migrated/lib/python3.10/site-packages/torch/distributed/distributed_c10d.py:4631: UserWarning: No device id is provided via `init_process_group` or `barrier `. Using the current device set by the user. 
  warnings.warn(  # warn only once
[rank 3] Device set to npu:3, calling init_process_group
[rank 3] init_process_group done, calling barrier
/SharePath/chenyupeng/cyp-testtest/llm_test_migrated/lib/python3.10/site-packages/torch/distributed/distributed_c10d.py:4631: UserWarning: No device id is provided via `init_process_group` or `barrier `. Using the current device set by the user. 
  warnings.warn(  # warn only once
[rank 6] Device set to npu:6, calling init_process_group
[rank 6] init_process_group done, calling barrier
/SharePath/chenyupeng/cyp-testtest/llm_test_migrated/lib/python3.10/site-packages/torch/distributed/distributed_c10d.py:4631: UserWarning: No device id is provided via `init_process_group` or `barrier `. Using the current device set by the user. 
  warnings.warn(  # warn only once
[rank 15] Device set to npu:15, calling init_process_group
[rank 15] init_process_group done, calling barrier
[rank 7] Device set to npu:7, calling init_process_group
/SharePath/chenyupeng/cyp-testtest/llm_test_migrated/lib/python3.10/site-packages/torch/distributed/distributed_c10d.py:4631: UserWarning: No device id is provided via `init_process_group` or `barrier `. Using the current device set by the user. 
  warnings.warn(  # warn only once
[rank 7] init_process_group done, calling barrier
/SharePath/chenyupeng/cyp-testtest/llm_test_migrated/lib/python3.10/site-packages/torch/distributed/distributed_c10d.py:4631: UserWarning: No device id is provided via `init_process_group` or `barrier `. Using the current device set by the user. 
  warnings.warn(  # warn only once
[rank 10] Device set to npu:10, calling init_process_group
[rank 10] init_process_group done, calling barrier
/SharePath/chenyupeng/cyp-testtest/llm_test_migrated/lib/python3.10/site-packages/torch/distributed/distributed_c10d.py:4631: UserWarning: No device id is provided via `init_process_group` or `barrier `. Using the current device set by the user. 
  warnings.warn(  # warn only once
[rank 5] Device set to npu:5, calling init_process_group
[rank 5] init_process_group done, calling barrier
/SharePath/chenyupeng/cyp-testtest/llm_test_migrated/lib/python3.10/site-packages/torch/distributed/distributed_c10d.py:4631: UserWarning: No device id is provided via `init_process_group` or `barrier `. Using the current device set by the user. 
  warnings.warn(  # warn only once
[rank 4] Device set to npu:4, calling init_process_group
[rank 1] Device set to npu:1, calling init_process_group
[rank 8] Device set to npu:8, calling init_process_group
[rank 4] init_process_group done, calling barrier
[rank 8] init_process_group done, calling barrier
/SharePath/chenyupeng/cyp-testtest/llm_test_migrated/lib/python3.10/site-packages/torch/distributed/distributed_c10d.py:4631: UserWarning: No device id is provided via `init_process_group` or `barrier `. Using the current device set by the user. 
  warnings.warn(  # warn only once
/SharePath/chenyupeng/cyp-testtest/llm_test_migrated/lib/python3.10/site-packages/torch/distributed/distributed_c10d.py:4631: UserWarning: No device id is provided via `init_process_group` or `barrier `. Using the current device set by the user. 
  warnings.warn(  # warn only once
[rank 1] init_process_group done, calling barrier
/SharePath/chenyupeng/cyp-testtest/llm_test_migrated/lib/python3.10/site-packages/torch/distributed/distributed_c10d.py:4631: UserWarning: No device id is provided via `init_process_group` or `barrier `. Using the current device set by the user. 
  warnings.warn(  # warn only once
[rank 9] Device set to npu:9, calling init_process_group
[rank 9] init_process_group done, calling barrier
/SharePath/chenyupeng/cyp-testtest/llm_test_migrated/lib/python3.10/site-packages/torch/distributed/distributed_c10d.py:4631: UserWarning: No device id is provided via `init_process_group` or `barrier `. Using the current device set by the user. 
  warnings.warn(  # warn only once
[rank 12] Device set to npu:12, calling init_process_group
[rank 12] init_process_group done, calling barrier
/SharePath/chenyupeng/cyp-testtest/llm_test_migrated/lib/python3.10/site-packages/torch/distributed/distributed_c10d.py:4631: UserWarning: No device id is provided via `init_process_group` or `barrier `. Using the current device set by the user. 
  warnings.warn(  # warn only once
[rank 13] Device set to npu:13, calling init_process_group
[rank 13] init_process_group done, calling barrier
/SharePath/chenyupeng/cyp-testtest/llm_test_migrated/lib/python3.10/site-packages/torch/distributed/distributed_c10d.py:4631: UserWarning: No device id is provided via `init_process_group` or `barrier `. Using the current device set by the user. 
  warnings.warn(  # warn only once
[rank 11] Device set to npu:11, calling init_process_group
[rank 11] init_process_group done, calling barrier
/SharePath/chenyupeng/cyp-testtest/llm_test_migrated/lib/python3.10/site-packages/torch/distributed/distributed_c10d.py:4631: UserWarning: No device id is provided via `init_process_group` or `barrier `. Using the current device set by the user. 
  warnings.warn(  # warn only once
[rank 14] Device set to npu:14, calling init_process_group
[rank 14] init_process_group done, calling barrier
/SharePath/chenyupeng/cyp-testtest/llm_test_migrated/lib/python3.10/site-packages/torch/distributed/distributed_c10d.py:4631: UserWarning: No device id is provided via `init_process_group` or `barrier `. Using the current device set by the user. 
  warnings.warn(  # warn only once
[rank 10] barrier done[rank 9] barrier done[rank 8] barrier done[rank 4] barrier done[rank 5] barrier done

[rank 14] barrier done[rank 1] barrier done
[rank 13] barrier done[rank 11] barrier done
[rank 12] barrier done
[rank 7] barrier done[rank 6] barrier done
[rank 15] barrier done






[rank 3] barrier done
[rank 0] barrier done
[rank 2] barrier done
logs/cbbec0e6-068d-44de-a60a-7f7019ab8250
[rank 4] Creating model...
[rank 11] Creating model...
[rank 10] Creating model...
[rank 7] Creating model...
[rank 6] Creating model...
[rank 5] Creating model...
[rank 8] Creating model...
[rank 9] Creating model...
[rank 13] Creating model...
[rank 4] Model created, max_seq_len=131072
[rank 12] Creating model...
[rank 14] Creating model...
[rank 2] Creating model...
[rank 15] Creating model...
[rank 11] Model created, max_seq_len=131072
[rank 3] Creating model...
[rank 10] Model created, max_seq_len=131072
[rank 7] Model created, max_seq_len=131072
[rank 0] Creating model...
[rank 1] Creating model...
[rank 6] Model created, max_seq_len=131072
[rank 5] Model created, max_seq_len=131072
[rank 8] Model created, max_seq_len=131072
[rank 9] Model created, max_seq_len=131072
[rank 13] Model created, max_seq_len=131072
[rank 12] Model created, max_seq_len=131072
[rank 14] Model created, max_seq_len=131072
[rank 2] Model created, max_seq_len=131072
[rank 15] Model created, max_seq_len=131072
[rank 3] Model created, max_seq_len=131072
[rank 0] Model created, max_seq_len=131072
/SharePath/chenyupeng/cyp-testtest/llm_test_migrated/lib/python3.10/site-packages/torch_npu/utils/storage.py:89: UserWarning: TypedStorage is deprecated. It will be removed in the future and UntypedStorage will be the only storage class. This should only matter to you if you are using storages directly.  To access UntypedStorage directly, use tensor.untyped_storage() instead of tensor.storage()
  if self.device.type != 'cpu':
[rank 1] Model created, max_seq_len=131072
/SharePath/chenyupeng/cyp-testtest/llm_test_migrated/lib/python3.10/site-packages/torch/_functorch/_aot_autograd/utils.py:130: UserWarning: Your compiler for AOTAutograd is returning a function that doesn't take boxed arguments. Please wrap it with functorch.compile.make_boxed_func or handle the boxed arguments yourself. See https://github.com/pytorch/pytorch/pull/83137#issuecomment-1211320670 for rationale.
  warnings.warn(
/SharePath/chenyupeng/cyp-testtest/llm_test_migrated/lib/python3.10/site-packages/torch/_functorch/_aot_autograd/utils.py:130: UserWarning: Your compiler for AOTAutograd is returning a function that doesn't take boxed arguments. Please wrap it with functorch.compile.make_boxed_func or handle the boxed arguments yourself. See https://github.com/pytorch/pytorch/pull/83137#issuecomment-1211320670 for rationale.
  warnings.warn(
/SharePath/chenyupeng/cyp-testtest/llm_test_migrated/lib/python3.10/site-packages/torch/_functorch/_aot_autograd/utils.py:130: UserWarning: Your compiler for AOTAutograd is returning a function that doesn't take boxed arguments. Please wrap it with functorch.compile.make_boxed_func or handle the boxed arguments yourself. See https://github.com/pytorch/pytorch/pull/83137#issuecomment-1211320670 for rationale.
  warnings.warn(
/SharePath/chenyupeng/cyp-testtest/llm_test_migrated/lib/python3.10/site-packages/torch/_functorch/_aot_autograd/utils.py:130: UserWarning: Your compiler for AOTAutograd is returning a function that doesn't take boxed arguments. Please wrap it with functorch.compile.make_boxed_func or handle the boxed arguments yourself. See https://github.com/pytorch/pytorch/pull/83137#issuecomment-1211320670 for rationale.
  warnings.warn(
/SharePath/chenyupeng/cyp-testtest/llm_test_migrated/lib/python3.10/site-packages/torch/_functorch/_aot_autograd/utils.py:130: UserWarning: Your compiler for AOTAutograd is returning a function that doesn't take boxed arguments. Please wrap it with functorch.compile.make_boxed_func or handle the boxed arguments yourself. See https://github.com/pytorch/pytorch/pull/83137#issuecomment-1211320670 for rationale.
  warnings.warn(
/SharePath/chenyupeng/cyp-testtest/llm_test_migrated/lib/python3.10/site-packages/torch/_functorch/_aot_autograd/utils.py:130: UserWarning: Your compiler for AOTAutograd is returning a function that doesn't take boxed arguments. Please wrap it with functorch.compile.make_boxed_func or handle the boxed arguments yourself. See https://github.com/pytorch/pytorch/pull/83137#issuecomment-1211320670 for rationale.
  warnings.warn(
/SharePath/chenyupeng/cyp-testtest/llm_test_migrated/lib/python3.10/site-packages/torch/_functorch/_aot_autograd/utils.py:130: UserWarning: Your compiler for AOTAutograd is returning a function that doesn't take boxed arguments. Please wrap it with functorch.compile.make_boxed_func or handle the boxed arguments yourself. See https://github.com/pytorch/pytorch/pull/83137#issuecomment-1211320670 for rationale.
  warnings.warn(
/SharePath/chenyupeng/cyp-testtest/llm_test_migrated/lib/python3.10/site-packages/torch/_functorch/_aot_autograd/utils.py:130: UserWarning: Your compiler for AOTAutograd is returning a function that doesn't take boxed arguments. Please wrap it with functorch.compile.make_boxed_func or handle the boxed arguments yourself. See https://github.com/pytorch/pytorch/pull/83137#issuecomment-1211320670 for rationale.
  warnings.warn(
/SharePath/chenyupeng/cyp-testtest/llm_test_migrated/lib/python3.10/site-packages/torch/_functorch/_aot_autograd/utils.py:130: UserWarning: Your compiler for AOTAutograd is returning a function that doesn't take boxed arguments. Please wrap it with functorch.compile.make_boxed_func or handle the boxed arguments yourself. See https://github.com/pytorch/pytorch/pull/83137#issuecomment-1211320670 for rationale.
  warnings.warn(
/SharePath/chenyupeng/cyp-testtest/llm_test_migrated/lib/python3.10/site-packages/torch/_functorch/_aot_autograd/utils.py:130: UserWarning: Your compiler for AOTAutograd is returning a function that doesn't take boxed arguments. Please wrap it with functorch.compile.make_boxed_func or handle the boxed arguments yourself. See https://github.com/pytorch/pytorch/pull/83137#issuecomment-1211320670 for rationale.
  warnings.warn(
/SharePath/chenyupeng/cyp-testtest/llm_test_migrated/lib/python3.10/site-packages/torch/_functorch/_aot_autograd/utils.py:130: UserWarning: Your compiler for AOTAutograd is returning a function that doesn't take boxed arguments. Please wrap it with functorch.compile.make_boxed_func or handle the boxed arguments yourself. See https://github.com/pytorch/pytorch/pull/83137#issuecomment-1211320670 for rationale.
  warnings.warn(
/SharePath/chenyupeng/cyp-testtest/llm_test_migrated/lib/python3.10/site-packages/torch/_functorch/_aot_autograd/utils.py:130: UserWarning: Your compiler for AOTAutograd is returning a function that doesn't take boxed arguments. Please wrap it with functorch.compile.make_boxed_func or handle the boxed arguments yourself. See https://github.com/pytorch/pytorch/pull/83137#issuecomment-1211320670 for rationale.
  warnings.warn(
/SharePath/chenyupeng/cyp-testtest/llm_test_migrated/lib/python3.10/site-packages/torch/_functorch/_aot_autograd/utils.py:130: UserWarning: Your compiler for AOTAutograd is returning a function that doesn't take boxed arguments. Please wrap it with functorch.compile.make_boxed_func or handle the boxed arguments yourself. See https://github.com/pytorch/pytorch/pull/83137#issuecomment-1211320670 for rationale.
  warnings.warn(
/SharePath/chenyupeng/cyp-testtest/llm_test_migrated/lib/python3.10/site-packages/torch/_functorch/_aot_autograd/utils.py:130: UserWarning: Your compiler for AOTAutograd is returning a function that doesn't take boxed arguments. Please wrap it with functorch.compile.make_boxed_func or handle the boxed arguments yourself. See https://github.com/pytorch/pytorch/pull/83137#issuecomment-1211320670 for rationale.
  warnings.warn(
/SharePath/chenyupeng/cyp-testtest/llm_test_migrated/lib/python3.10/site-packages/torch/_functorch/_aot_autograd/utils.py:130: UserWarning: Your compiler for AOTAutograd is returning a function that doesn't take boxed arguments. Please wrap it with functorch.compile.make_boxed_func or handle the boxed arguments yourself. See https://github.com/pytorch/pytorch/pull/83137#issuecomment-1211320670 for rationale.
  warnings.warn(
/SharePath/chenyupeng/cyp-testtest/llm_test_migrated/lib/python3.10/site-packages/torch/_functorch/_aot_autograd/utils.py:130: UserWarning: Your compiler for AOTAutograd is returning a function that doesn't take boxed arguments. Please wrap it with functorch.compile.make_boxed_func or handle the boxed arguments yourself. See https://github.com/pytorch/pytorch/pull/83137#issuecomment-1211320670 for rationale.
  warnings.warn(
................step:0/2285 val_loss:10.8258 train_time:0ms step_avg:0.09ms
/SharePath/chenyupeng/cyp-testtest/llm_test_migrated/lib/python3.10/site-packages/torch/_functorch/_aot_autograd/utils.py:130: UserWarning: Your compiler for AOTAutograd is returning a function that doesn't take boxed arguments. Please wrap it with functorch.compile.make_boxed_func or handle the boxed arguments yourself. See https://github.com/pytorch/pytorch/pull/83137#issuecomment-1211320670 for rationale.
  warnings.warn(
/SharePath/chenyupeng/cyp-testtest/llm_test_migrated/lib/python3.10/site-packages/torch/_functorch/_aot_autograd/utils.py:130: UserWarning: Your compiler for AOTAutograd is returning a function that doesn't take boxed arguments. Please wrap it with functorch.compile.make_boxed_func or handle the boxed arguments yourself. See https://github.com/pytorch/pytorch/pull/83137#issuecomment-1211320670 for rationale.
  warnings.warn(
/SharePath/chenyupeng/cyp-testtest/llm_test_migrated/lib/python3.10/site-packages/torch/_functorch/_aot_autograd/utils.py:130: UserWarning: Your compiler for AOTAutograd is returning a function that doesn't take boxed arguments. Please wrap it with functorch.compile.make_boxed_func or handle the boxed arguments yourself. See https://github.com/pytorch/pytorch/pull/83137#issuecomment-1211320670 for rationale.
  warnings.warn(
/SharePath/chenyupeng/cyp-testtest/llm_test_migrated/lib/python3.10/site-packages/torch/_functorch/_aot_autograd/utils.py:130: UserWarning: Your compiler for AOTAutograd is returning a function that doesn't take boxed arguments. Please wrap it with functorch.compile.make_boxed_func or handle the boxed arguments yourself. See https://github.com/pytorch/pytorch/pull/83137#issuecomment-1211320670 for rationale.
  warnings.warn(
/SharePath/chenyupeng/cyp-testtest/llm_test_migrated/lib/python3.10/site-packages/torch/_functorch/_aot_autograd/utils.py:130: UserWarning: Your compiler for AOTAutograd is returning a function that doesn't take boxed arguments. Please wrap it with functorch.compile.make_boxed_func or handle the boxed arguments yourself. See https://github.com/pytorch/pytorch/pull/83137#issuecomment-1211320670 for rationale.
  warnings.warn(
/SharePath/chenyupeng/cyp-testtest/llm_test_migrated/lib/python3.10/site-packages/torch/_functorch/_aot_autograd/utils.py:130: UserWarning: Your compiler for AOTAutograd is returning a function that doesn't take boxed arguments. Please wrap it with functorch.compile.make_boxed_func or handle the boxed arguments yourself. See https://github.com/pytorch/pytorch/pull/83137#issuecomment-1211320670 for rationale.
  warnings.warn(
/SharePath/chenyupeng/cyp-testtest/llm_test_migrated/lib/python3.10/site-packages/torch/_functorch/_aot_autograd/utils.py:130: UserWarning: Your compiler for AOTAutograd is returning a function that doesn't take boxed arguments. Please wrap it with functorch.compile.make_boxed_func or handle the boxed arguments yourself. See https://github.com/pytorch/pytorch/pull/83137#issuecomment-1211320670 for rationale.
  warnings.warn(
/SharePath/chenyupeng/cyp-testtest/llm_test_migrated/lib/python3.10/site-packages/torch/_functorch/_aot_autograd/utils.py:130: UserWarning: Your compiler for AOTAutograd is returning a function that doesn't take boxed arguments. Please wrap it with functorch.compile.make_boxed_func or handle the boxed arguments yourself. See https://github.com/pytorch/pytorch/pull/83137#issuecomment-1211320670 for rationale.
  warnings.warn(
/SharePath/chenyupeng/cyp-testtest/llm_test_migrated/lib/python3.10/site-packages/torch/_functorch/_aot_autograd/utils.py:130: UserWarning: Your compiler for AOTAutograd is returning a function that doesn't take boxed arguments. Please wrap it with functorch.compile.make_boxed_func or handle the boxed arguments yourself. See https://github.com/pytorch/pytorch/pull/83137#issuecomment-1211320670 for rationale.
  warnings.warn(
/SharePath/chenyupeng/cyp-testtest/llm_test_migrated/lib/python3.10/site-packages/torch/_functorch/_aot_autograd/utils.py:130: UserWarning: Your compiler for AOTAutograd is returning a function that doesn't take boxed arguments. Please wrap it with functorch.compile.make_boxed_func or handle the boxed arguments yourself. See https://github.com/pytorch/pytorch/pull/83137#issuecomment-1211320670 for rationale.
  warnings.warn(
/SharePath/chenyupeng/cyp-testtest/llm_test_migrated/lib/python3.10/site-packages/torch/_functorch/_aot_autograd/utils.py:130: UserWarning: Your compiler for AOTAutograd is returning a function that doesn't take boxed arguments. Please wrap it with functorch.compile.make_boxed_func or handle the boxed arguments yourself. See https://github.com/pytorch/pytorch/pull/83137#issuecomment-1211320670 for rationale.
  warnings.warn(
/SharePath/chenyupeng/cyp-testtest/llm_test_migrated/lib/python3.10/site-packages/torch/_functorch/_aot_autograd/utils.py:130: UserWarning: Your compiler for AOTAutograd is returning a function that doesn't take boxed arguments. Please wrap it with functorch.compile.make_boxed_func or handle the boxed arguments yourself. See https://github.com/pytorch/pytorch/pull/83137#issuecomment-1211320670 for rationale.
  warnings.warn(
/SharePath/chenyupeng/cyp-testtest/llm_test_migrated/lib/python3.10/site-packages/torch/_functorch/_aot_autograd/utils.py:130: UserWarning: Your compiler for AOTAutograd is returning a function that doesn't take boxed arguments. Please wrap it with functorch.compile.make_boxed_func or handle the boxed arguments yourself. See https://github.com/pytorch/pytorch/pull/83137#issuecomment-1211320670 for rationale.
  warnings.warn(
/SharePath/chenyupeng/cyp-testtest/llm_test_migrated/lib/python3.10/site-packages/torch/_functorch/_aot_autograd/utils.py:130: UserWarning: Your compiler for AOTAutograd is returning a function that doesn't take boxed arguments. Please wrap it with functorch.compile.make_boxed_func or handle the boxed arguments yourself. See https://github.com/pytorch/pytorch/pull/83137#issuecomment-1211320670 for rationale.
  warnings.warn(
/SharePath/chenyupeng/cyp-testtest/llm_test_migrated/lib/python3.10/site-packages/torch/_functorch/_aot_autograd/utils.py:130: UserWarning: Your compiler for AOTAutograd is returning a function that doesn't take boxed arguments. Please wrap it with functorch.compile.make_boxed_func or handle the boxed arguments yourself. See https://github.com/pytorch/pytorch/pull/83137#issuecomment-1211320670 for rationale.
  warnings.warn(
/SharePath/chenyupeng/cyp-testtest/llm_test_migrated/lib/python3.10/site-packages/torch/_functorch/_aot_autograd/utils.py:130: UserWarning: Your compiler for AOTAutograd is returning a function that doesn't take boxed arguments. Please wrap it with functorch.compile.make_boxed_func or handle the boxed arguments yourself. See https://github.com/pytorch/pytorch/pull/83137#issuecomment-1211320670 for rationale.
  warnings.warn(
step:1/2285 train_time:1493ms step_avg:1492.72ms
step:2/2285 train_time:1588ms step_avg:793.90ms
step:3/2285 train_time:1695ms step_avg:564.87ms
step:4/2285 train_time:1821ms step_avg:455.36ms
step:5/2285 train_time:1952ms step_avg:390.50ms
step:6/2285 train_time:2078ms step_avg:346.38ms
step:7/2285 train_time:2207ms step_avg:315.32ms
step:8/2285 train_time:2335ms step_avg:291.82ms
step:9/2285 train_time:2464ms step_avg:273.76ms
step:10/2285 train_time:2591ms step_avg:259.10ms
step:11/2285 train_time:2720ms step_avg:247.30ms
step:12/2285 train_time:2847ms step_avg:237.27ms
step:13/2285 train_time:2976ms step_avg:228.91ms
step:14/2285 train_time:3103ms step_avg:221.63ms
step:15/2285 train_time:3231ms step_avg:215.39ms
step:16/2285 train_time:3358ms step_avg:209.88ms
step:17/2285 train_time:3487ms step_avg:205.09ms
step:18/2285 train_time:3613ms step_avg:200.71ms
step:19/2285 train_time:3742ms step_avg:196.94ms
step:20/2285 train_time:3869ms step_avg:193.47ms
step:21/2285 train_time:3998ms step_avg:190.40ms
step:22/2285 train_time:4126ms step_avg:187.53ms
step:23/2285 train_time:4255ms step_avg:185.00ms
step:24/2285 train_time:4382ms step_avg:182.56ms
step:25/2285 train_time:4511ms step_avg:180.43ms
step:26/2285 train_time:4638ms step_avg:178.40ms
step:27/2285 train_time:4766ms step_avg:176.53ms
step:28/2285 train_time:4893ms step_avg:174.74ms
step:29/2285 train_time:5022ms step_avg:173.17ms
step:30/2285 train_time:5150ms step_avg:171.65ms
step:31/2285 train_time:5278ms step_avg:170.27ms
step:32/2285 train_time:5406ms step_avg:168.95ms
step:33/2285 train_time:5534ms step_avg:167.69ms
step:34/2285 train_time:5661ms step_avg:166.51ms
step:35/2285 train_time:5790ms step_avg:165.44ms
step:36/2285 train_time:5917ms step_avg:164.36ms
step:37/2285 train_time:6046ms step_avg:163.40ms
step:38/2285 train_time:6173ms step_avg:162.44ms
step:39/2285 train_time:6302ms step_avg:161.59ms
step:40/2285 train_time:6429ms step_avg:160.72ms
step:41/2285 train_time:6558ms step_avg:159.94ms
step:42/2285 train_time:6685ms step_avg:159.17ms
step:43/2285 train_time:6813ms step_avg:158.45ms
step:44/2285 train_time:6940ms step_avg:157.72ms
step:45/2285 train_time:7069ms step_avg:157.10ms
step:46/2285 train_time:7196ms step_avg:156.44ms
step:47/2285 train_time:7325ms step_avg:155.86ms
step:48/2285 train_time:7453ms step_avg:155.28ms
step:49/2285 train_time:7581ms step_avg:154.72ms
step:50/2285 train_time:7709ms step_avg:154.19ms
step:51/2285 train_time:7838ms step_avg:153.68ms
step:52/2285 train_time:7964ms step_avg:153.16ms
step:53/2285 train_time:8094ms step_avg:152.72ms
step:54/2285 train_time:8221ms step_avg:152.24ms
step:55/2285 train_time:8350ms step_avg:151.82ms
step:56/2285 train_time:8477ms step_avg:151.37ms
step:57/2285 train_time:8606ms step_avg:150.99ms
step:58/2285 train_time:8734ms step_avg:150.59ms
step:59/2285 train_time:8864ms step_avg:150.23ms
step:60/2285 train_time:8991ms step_avg:149.86ms
step:61/2285 train_time:9120ms step_avg:149.50ms
step:62/2285 train_time:9246ms step_avg:149.12ms
step:63/2285 train_time:9377ms step_avg:148.85ms
step:64/2285 train_time:9503ms step_avg:148.49ms
step:65/2285 train_time:9632ms step_avg:148.18ms
step:66/2285 train_time:9758ms step_avg:147.84ms
step:67/2285 train_time:9887ms step_avg:147.56ms
step:68/2285 train_time:10014ms step_avg:147.26ms
step:69/2285 train_time:10143ms step_avg:147.01ms
step:70/2285 train_time:10269ms step_avg:146.70ms
step:71/2285 train_time:10398ms step_avg:146.46ms
step:72/2285 train_time:10527ms step_avg:146.21ms
step:73/2285 train_time:10657ms step_avg:145.98ms
step:74/2285 train_time:10783ms step_avg:145.71ms
step:75/2285 train_time:10913ms step_avg:145.51ms
step:76/2285 train_time:11041ms step_avg:145.28ms
step:77/2285 train_time:11169ms step_avg:145.06ms
step:78/2285 train_time:11298ms step_avg:144.84ms
step:79/2285 train_time:11427ms step_avg:144.64ms
step:80/2285 train_time:11553ms step_avg:144.41ms
step:81/2285 train_time:11684ms step_avg:144.24ms
step:82/2285 train_time:11811ms step_avg:144.03ms
step:83/2285 train_time:11940ms step_avg:143.85ms
step:84/2285 train_time:12064ms step_avg:143.62ms
step:85/2285 train_time:12194ms step_avg:143.45ms
step:86/2285 train_time:12321ms step_avg:143.26ms
step:87/2285 train_time:12450ms step_avg:143.10ms
step:88/2285 train_time:12581ms step_avg:142.96ms
step:89/2285 train_time:12707ms step_avg:142.78ms
step:90/2285 train_time:12833ms step_avg:142.59ms
step:91/2285 train_time:12962ms step_avg:142.44ms
step:92/2285 train_time:13089ms step_avg:142.27ms
step:93/2285 train_time:13218ms step_avg:142.13ms
step:94/2285 train_time:13345ms step_avg:141.97ms
step:95/2285 train_time:13475ms step_avg:141.85ms
step:96/2285 train_time:13604ms step_avg:141.70ms
step:97/2285 train_time:13733ms step_avg:141.58ms
step:98/2285 train_time:13861ms step_avg:141.44ms
step:99/2285 train_time:13989ms step_avg:141.31ms
step:100/2285 train_time:14117ms step_avg:141.17ms
step:101/2285 train_time:14247ms step_avg:141.06ms
step:102/2285 train_time:14374ms step_avg:140.92ms
step:103/2285 train_time:14502ms step_avg:140.80ms
step:104/2285 train_time:14629ms step_avg:140.66ms
step:105/2285 train_time:14756ms step_avg:140.53ms
step:106/2285 train_time:14885ms step_avg:140.42ms
step:107/2285 train_time:15013ms step_avg:140.31ms
step:108/2285 train_time:15139ms step_avg:140.17ms
step:109/2285 train_time:15267ms step_avg:140.06ms
step:110/2285 train_time:15396ms step_avg:139.97ms
step:111/2285 train_time:15524ms step_avg:139.86ms
step:112/2285 train_time:15651ms step_avg:139.74ms
step:113/2285 train_time:15781ms step_avg:139.65ms
step:114/2285 train_time:15907ms step_avg:139.54ms
step:115/2285 train_time:16037ms step_avg:139.45ms
step:116/2285 train_time:16163ms step_avg:139.33ms
step:117/2285 train_time:16292ms step_avg:139.25ms
step:118/2285 train_time:16419ms step_avg:139.15ms
step:119/2285 train_time:16548ms step_avg:139.06ms
step:120/2285 train_time:16675ms step_avg:138.96ms
step:121/2285 train_time:16803ms step_avg:138.87ms
step:122/2285 train_time:16930ms step_avg:138.77ms
step:123/2285 train_time:17060ms step_avg:138.70ms
step:124/2285 train_time:17187ms step_avg:138.61ms
step:125/2285 train_time:17317ms step_avg:138.54ms
step:126/2285 train_time:17448ms step_avg:138.48ms
step:127/2285 train_time:17576ms step_avg:138.39ms
step:128/2285 train_time:17702ms step_avg:138.30ms
step:129/2285 train_time:17831ms step_avg:138.22ms
step:130/2285 train_time:17956ms step_avg:138.13ms
step:131/2285 train_time:18086ms step_avg:138.06ms
step:132/2285 train_time:18215ms step_avg:137.99ms
step:133/2285 train_time:18342ms step_avg:137.91ms
step:134/2285 train_time:18470ms step_avg:137.83ms
step:135/2285 train_time:18601ms step_avg:137.78ms
step:136/2285 train_time:18730ms step_avg:137.72ms
step:137/2285 train_time:18859ms step_avg:137.66ms
step:138/2285 train_time:18984ms step_avg:137.57ms
step:139/2285 train_time:19112ms step_avg:137.49ms
step:140/2285 train_time:19238ms step_avg:137.42ms
step:141/2285 train_time:19368ms step_avg:137.36ms
step:142/2285 train_time:19495ms step_avg:137.29ms
step:143/2285 train_time:19624ms step_avg:137.23ms
step:144/2285 train_time:19750ms step_avg:137.15ms
step:145/2285 train_time:19879ms step_avg:137.10ms
step:146/2285 train_time:20007ms step_avg:137.04ms
step:147/2285 train_time:20136ms step_avg:136.98ms
step:148/2285 train_time:20264ms step_avg:136.92ms
step:149/2285 train_time:20393ms step_avg:136.87ms
step:150/2285 train_time:20521ms step_avg:136.81ms
step:151/2285 train_time:20650ms step_avg:136.76ms
step:152/2285 train_time:20778ms step_avg:136.70ms
step:153/2285 train_time:20906ms step_avg:136.64ms
step:154/2285 train_time:21034ms step_avg:136.58ms
step:155/2285 train_time:21162ms step_avg:136.53ms
step:156/2285 train_time:21289ms step_avg:136.47ms
step:157/2285 train_time:21418ms step_avg:136.42ms
step:158/2285 train_time:21545ms step_avg:136.36ms
step:159/2285 train_time:21675ms step_avg:136.32ms
step:160/2285 train_time:21802ms step_avg:136.26ms
step:161/2285 train_time:21932ms step_avg:136.22ms
step:162/2285 train_time:22058ms step_avg:136.16ms
step:163/2285 train_time:22188ms step_avg:136.12ms
step:164/2285 train_time:22315ms step_avg:136.06ms
step:165/2285 train_time:22444ms step_avg:136.02ms
step:166/2285 train_time:22572ms step_avg:135.97ms
step:167/2285 train_time:22700ms step_avg:135.93ms
step:168/2285 train_time:22827ms step_avg:135.87ms
step:169/2285 train_time:22956ms step_avg:135.83ms
step:170/2285 train_time:23083ms step_avg:135.78ms
step:171/2285 train_time:23213ms step_avg:135.75ms
step:172/2285 train_time:23341ms step_avg:135.70ms
step:173/2285 train_time:23470ms step_avg:135.67ms
step:174/2285 train_time:23597ms step_avg:135.62ms
step:175/2285 train_time:23726ms step_avg:135.58ms
step:176/2285 train_time:23853ms step_avg:135.53ms
step:177/2285 train_time:23983ms step_avg:135.50ms
step:178/2285 train_time:24110ms step_avg:135.45ms
step:179/2285 train_time:24239ms step_avg:135.41ms
step:180/2285 train_time:24365ms step_avg:135.36ms
step:181/2285 train_time:24495ms step_avg:135.33ms
step:182/2285 train_time:24621ms step_avg:135.28ms
step:183/2285 train_time:24750ms step_avg:135.25ms
step:184/2285 train_time:24876ms step_avg:135.20ms
step:185/2285 train_time:25007ms step_avg:135.17ms
step:186/2285 train_time:25133ms step_avg:135.12ms
step:187/2285 train_time:25262ms step_avg:135.09ms
step:188/2285 train_time:25391ms step_avg:135.06ms
step:189/2285 train_time:25519ms step_avg:135.02ms
step:190/2285 train_time:25645ms step_avg:134.97ms
step:191/2285 train_time:25774ms step_avg:134.94ms
step:192/2285 train_time:25901ms step_avg:134.90ms
step:193/2285 train_time:26030ms step_avg:134.87ms
step:194/2285 train_time:26156ms step_avg:134.83ms
step:195/2285 train_time:26285ms step_avg:134.79ms
step:196/2285 train_time:26411ms step_avg:134.75ms
step:197/2285 train_time:26540ms step_avg:134.72ms
step:198/2285 train_time:26668ms step_avg:134.69ms
step:199/2285 train_time:26797ms step_avg:134.66ms
step:200/2285 train_time:26923ms step_avg:134.62ms
step:201/2285 train_time:27052ms step_avg:134.59ms
step:202/2285 train_time:27180ms step_avg:134.55ms
step:203/2285 train_time:27309ms step_avg:134.53ms
step:204/2285 train_time:27436ms step_avg:134.49ms
step:205/2285 train_time:27565ms step_avg:134.46ms
step:206/2285 train_time:27695ms step_avg:134.44ms
step:207/2285 train_time:27822ms step_avg:134.41ms
step:208/2285 train_time:27949ms step_avg:134.37ms
step:209/2285 train_time:28077ms step_avg:134.34ms
step:210/2285 train_time:28205ms step_avg:134.31ms
step:211/2285 train_time:28333ms step_avg:134.28ms
step:212/2285 train_time:28460ms step_avg:134.25ms
step:213/2285 train_time:28590ms step_avg:134.23ms
step:214/2285 train_time:28719ms step_avg:134.20ms
step:215/2285 train_time:28848ms step_avg:134.18ms
step:216/2285 train_time:28976ms step_avg:134.15ms
step:217/2285 train_time:29106ms step_avg:134.13ms
step:218/2285 train_time:29229ms step_avg:134.08ms
step:219/2285 train_time:29358ms step_avg:134.06ms
step:220/2285 train_time:29485ms step_avg:134.02ms
step:221/2285 train_time:29614ms step_avg:134.00ms
step:222/2285 train_time:29740ms step_avg:133.97ms
step:223/2285 train_time:29870ms step_avg:133.95ms
step:224/2285 train_time:29997ms step_avg:133.91ms
step:225/2285 train_time:30126ms step_avg:133.89ms
step:226/2285 train_time:30253ms step_avg:133.86ms
step:227/2285 train_time:30383ms step_avg:133.84ms
step:228/2285 train_time:30509ms step_avg:133.81ms
step:229/2285 train_time:30639ms step_avg:133.79ms
step:230/2285 train_time:30766ms step_avg:133.77ms
step:231/2285 train_time:30895ms step_avg:133.74ms
step:232/2285 train_time:31022ms step_avg:133.71ms
step:233/2285 train_time:31153ms step_avg:133.70ms
step:234/2285 train_time:31281ms step_avg:133.68ms
step:235/2285 train_time:31409ms step_avg:133.65ms
step:236/2285 train_time:31537ms step_avg:133.63ms
step:237/2285 train_time:31665ms step_avg:133.61ms
step:238/2285 train_time:31792ms step_avg:133.58ms
step:239/2285 train_time:31921ms step_avg:133.56ms
step:240/2285 train_time:32049ms step_avg:133.54ms
step:241/2285 train_time:32176ms step_avg:133.51ms
step:242/2285 train_time:32303ms step_avg:133.49ms
step:243/2285 train_time:32434ms step_avg:133.47ms
step:244/2285 train_time:32560ms step_avg:133.44ms
step:245/2285 train_time:32689ms step_avg:133.43ms
step:246/2285 train_time:32816ms step_avg:133.40ms
step:247/2285 train_time:32943ms step_avg:133.37ms
step:248/2285 train_time:33072ms step_avg:133.36ms
step:249/2285 train_time:33202ms step_avg:133.34ms
step:250/2285 train_time:33329ms step_avg:133.32ms
step:250/2285 val_loss:4.0798 train_time:33420ms step_avg:133.68ms
step:251/2285 train_time:33559ms step_avg:133.70ms
step:252/2285 train_time:33679ms step_avg:133.65ms
step:253/2285 train_time:33805ms step_avg:133.61ms
step:254/2285 train_time:33932ms step_avg:133.59ms
step:255/2285 train_time:34072ms step_avg:133.62ms
step:256/2285 train_time:34200ms step_avg:133.60ms
step:257/2285 train_time:34329ms step_avg:133.57ms
step:258/2285 train_time:34458ms step_avg:133.56ms
step:259/2285 train_time:34585ms step_avg:133.53ms
step:260/2285 train_time:34714ms step_avg:133.51ms
step:261/2285 train_time:34841ms step_avg:133.49ms
step:262/2285 train_time:34970ms step_avg:133.47ms
step:263/2285 train_time:35089ms step_avg:133.42ms
step:264/2285 train_time:35217ms step_avg:133.40ms
step:265/2285 train_time:35345ms step_avg:133.38ms
step:266/2285 train_time:35470ms step_avg:133.35ms
step:267/2285 train_time:35601ms step_avg:133.34ms
step:268/2285 train_time:35727ms step_avg:133.31ms
step:269/2285 train_time:35858ms step_avg:133.30ms
step:270/2285 train_time:35984ms step_avg:133.27ms
step:271/2285 train_time:36113ms step_avg:133.26ms
step:272/2285 train_time:36237ms step_avg:133.22ms
step:273/2285 train_time:36367ms step_avg:133.21ms
step:274/2285 train_time:36496ms step_avg:133.20ms
step:275/2285 train_time:36624ms step_avg:133.18ms
step:276/2285 train_time:36751ms step_avg:133.16ms
step:277/2285 train_time:36880ms step_avg:133.14ms
step:278/2285 train_time:37007ms step_avg:133.12ms
step:279/2285 train_time:37135ms step_avg:133.10ms
step:280/2285 train_time:37262ms step_avg:133.08ms
step:281/2285 train_time:37391ms step_avg:133.06ms
step:282/2285 train_time:37518ms step_avg:133.04ms
step:283/2285 train_time:37646ms step_avg:133.03ms
step:284/2285 train_time:37782ms step_avg:133.04ms
step:285/2285 train_time:37902ms step_avg:132.99ms
step:286/2285 train_time:38029ms step_avg:132.97ms
step:287/2285 train_time:38158ms step_avg:132.96ms
step:288/2285 train_time:38285ms step_avg:132.93ms
step:289/2285 train_time:38413ms step_avg:132.92ms
step:290/2285 train_time:38540ms step_avg:132.90ms
step:291/2285 train_time:38669ms step_avg:132.88ms
step:292/2285 train_time:38797ms step_avg:132.87ms
step:293/2285 train_time:38927ms step_avg:132.86ms
step:294/2285 train_time:39055ms step_avg:132.84ms
step:295/2285 train_time:39183ms step_avg:132.82ms
step:296/2285 train_time:39311ms step_avg:132.81ms
step:297/2285 train_time:39440ms step_avg:132.79ms
step:298/2285 train_time:39567ms step_avg:132.78ms
step:299/2285 train_time:39695ms step_avg:132.76ms
step:300/2285 train_time:39822ms step_avg:132.74ms
step:301/2285 train_time:39951ms step_avg:132.73ms
step:302/2285 train_time:40077ms step_avg:132.71ms
step:303/2285 train_time:40206ms step_avg:132.69ms
step:304/2285 train_time:40335ms step_avg:132.68ms
step:305/2285 train_time:40465ms step_avg:132.67ms
step:306/2285 train_time:40592ms step_avg:132.65ms
step:307/2285 train_time:40720ms step_avg:132.64ms
step:308/2285 train_time:40848ms step_avg:132.62ms
step:309/2285 train_time:40976ms step_avg:132.61ms
step:310/2285 train_time:41104ms step_avg:132.59ms
step:311/2285 train_time:41233ms step_avg:132.58ms
step:312/2285 train_time:41364ms step_avg:132.58ms
step:313/2285 train_time:41490ms step_avg:132.56ms
step:314/2285 train_time:41617ms step_avg:132.54ms
step:315/2285 train_time:41746ms step_avg:132.53ms
step:316/2285 train_time:41874ms step_avg:132.51ms
step:317/2285 train_time:42003ms step_avg:132.50ms
step:318/2285 train_time:42131ms step_avg:132.49ms
step:319/2285 train_time:42259ms step_avg:132.47ms
step:320/2285 train_time:42384ms step_avg:132.45ms
step:321/2285 train_time:42512ms step_avg:132.44ms
step:322/2285 train_time:42640ms step_avg:132.42ms
step:323/2285 train_time:42769ms step_avg:132.41ms
step:324/2285 train_time:42900ms step_avg:132.41ms
step:325/2285 train_time:43025ms step_avg:132.39ms
step:326/2285 train_time:43152ms step_avg:132.37ms
step:327/2285 train_time:43281ms step_avg:132.36ms
step:328/2285 train_time:43408ms step_avg:132.34ms
step:329/2285 train_time:43537ms step_avg:132.33ms
step:330/2285 train_time:43664ms step_avg:132.32ms
step:331/2285 train_time:43793ms step_avg:132.31ms
step:332/2285 train_time:43920ms step_avg:132.29ms
step:333/2285 train_time:44049ms step_avg:132.28ms
step:334/2285 train_time:44176ms step_avg:132.26ms
step:335/2285 train_time:44305ms step_avg:132.25ms
step:336/2285 train_time:44431ms step_avg:132.23ms
step:337/2285 train_time:44560ms step_avg:132.23ms
step:338/2285 train_time:44688ms step_avg:132.21ms
step:339/2285 train_time:44816ms step_avg:132.20ms
step:340/2285 train_time:44945ms step_avg:132.19ms
step:341/2285 train_time:45075ms step_avg:132.18ms
step:342/2285 train_time:45203ms step_avg:132.17ms
step:343/2285 train_time:45331ms step_avg:132.16ms
step:344/2285 train_time:45458ms step_avg:132.14ms
step:345/2285 train_time:45587ms step_avg:132.14ms
step:346/2285 train_time:45713ms step_avg:132.12ms
step:347/2285 train_time:45842ms step_avg:132.11ms
step:348/2285 train_time:45969ms step_avg:132.10ms
step:349/2285 train_time:46098ms step_avg:132.09ms
step:350/2285 train_time:46226ms step_avg:132.08ms
step:351/2285 train_time:46355ms step_avg:132.07ms
step:352/2285 train_time:46482ms step_avg:132.05ms
step:353/2285 train_time:46610ms step_avg:132.04ms
step:354/2285 train_time:46738ms step_avg:132.03ms
step:355/2285 train_time:46866ms step_avg:132.02ms
step:356/2285 train_time:46993ms step_avg:132.00ms
step:357/2285 train_time:47122ms step_avg:132.00ms
step:358/2285 train_time:47249ms step_avg:131.98ms
step:359/2285 train_time:47379ms step_avg:131.98ms
step:360/2285 train_time:47505ms step_avg:131.96ms
step:361/2285 train_time:47634ms step_avg:131.95ms
step:362/2285 train_time:47762ms step_avg:131.94ms
step:363/2285 train_time:47890ms step_avg:131.93ms
step:364/2285 train_time:48017ms step_avg:131.92ms
step:365/2285 train_time:48146ms step_avg:131.91ms
step:366/2285 train_time:48275ms step_avg:131.90ms
step:367/2285 train_time:48404ms step_avg:131.89ms
step:368/2285 train_time:48539ms step_avg:131.90ms
step:369/2285 train_time:48668ms step_avg:131.89ms
step:370/2285 train_time:48795ms step_avg:131.88ms
step:371/2285 train_time:48923ms step_avg:131.87ms
step:372/2285 train_time:49050ms step_avg:131.86ms
step:373/2285 train_time:49179ms step_avg:131.85ms
step:374/2285 train_time:49307ms step_avg:131.84ms
step:375/2285 train_time:49435ms step_avg:131.83ms
step:376/2285 train_time:49562ms step_avg:131.81ms
step:377/2285 train_time:49691ms step_avg:131.81ms
step:378/2285 train_time:49818ms step_avg:131.79ms
step:379/2285 train_time:49946ms step_avg:131.78ms
step:380/2285 train_time:50066ms step_avg:131.75ms
step:381/2285 train_time:50193ms step_avg:131.74ms
step:382/2285 train_time:50318ms step_avg:131.72ms
step:383/2285 train_time:50448ms step_avg:131.72ms
step:384/2285 train_time:50575ms step_avg:131.70ms
step:385/2285 train_time:50703ms step_avg:131.70ms
step:386/2285 train_time:50830ms step_avg:131.68ms
step:387/2285 train_time:50959ms step_avg:131.68ms
step:388/2285 train_time:51087ms step_avg:131.67ms
step:389/2285 train_time:51216ms step_avg:131.66ms
step:390/2285 train_time:51342ms step_avg:131.65ms
step:391/2285 train_time:51472ms step_avg:131.64ms
step:392/2285 train_time:51598ms step_avg:131.63ms
step:393/2285 train_time:51727ms step_avg:131.62ms
step:394/2285 train_time:51854ms step_avg:131.61ms
step:395/2285 train_time:51984ms step_avg:131.60ms
step:396/2285 train_time:52111ms step_avg:131.59ms
step:397/2285 train_time:52240ms step_avg:131.59ms
step:398/2285 train_time:52367ms step_avg:131.58ms
step:399/2285 train_time:52496ms step_avg:131.57ms
step:400/2285 train_time:52622ms step_avg:131.55ms
step:401/2285 train_time:52751ms step_avg:131.55ms
step:402/2285 train_time:52879ms step_avg:131.54ms
step:403/2285 train_time:53008ms step_avg:131.53ms
step:404/2285 train_time:53135ms step_avg:131.52ms
step:405/2285 train_time:53264ms step_avg:131.52ms
step:406/2285 train_time:53394ms step_avg:131.51ms
step:407/2285 train_time:53524ms step_avg:131.51ms
step:408/2285 train_time:53654ms step_avg:131.50ms
step:409/2285 train_time:53783ms step_avg:131.50ms
step:410/2285 train_time:53910ms step_avg:131.49ms
step:411/2285 train_time:54039ms step_avg:131.48ms
step:412/2285 train_time:54165ms step_avg:131.47ms
step:413/2285 train_time:54295ms step_avg:131.46ms
step:414/2285 train_time:54422ms step_avg:131.46ms
step:415/2285 train_time:54551ms step_avg:131.45ms
step:416/2285 train_time:54678ms step_avg:131.44ms
step:417/2285 train_time:54807ms step_avg:131.43ms
step:418/2285 train_time:54934ms step_avg:131.42ms
step:419/2285 train_time:55063ms step_avg:131.42ms
step:420/2285 train_time:55190ms step_avg:131.40ms
step:421/2285 train_time:55319ms step_avg:131.40ms
step:422/2285 train_time:55447ms step_avg:131.39ms
step:423/2285 train_time:55576ms step_avg:131.39ms
step:424/2285 train_time:55703ms step_avg:131.38ms
step:425/2285 train_time:55833ms step_avg:131.37ms
step:426/2285 train_time:55960ms step_avg:131.36ms
step:427/2285 train_time:56089ms step_avg:131.35ms
step:428/2285 train_time:56216ms step_avg:131.35ms
step:429/2285 train_time:56344ms step_avg:131.34ms
step:430/2285 train_time:56471ms step_avg:131.33ms
step:431/2285 train_time:56600ms step_avg:131.32ms
step:432/2285 train_time:56727ms step_avg:131.31ms
step:433/2285 train_time:56855ms step_avg:131.31ms
step:434/2285 train_time:56983ms step_avg:131.30ms
step:435/2285 train_time:57112ms step_avg:131.29ms
step:436/2285 train_time:57240ms step_avg:131.29ms
step:437/2285 train_time:57368ms step_avg:131.28ms
step:438/2285 train_time:57496ms step_avg:131.27ms
step:439/2285 train_time:57624ms step_avg:131.26ms
step:440/2285 train_time:57754ms step_avg:131.26ms
step:441/2285 train_time:57880ms step_avg:131.25ms
step:442/2285 train_time:58007ms step_avg:131.24ms
step:443/2285 train_time:58136ms step_avg:131.23ms
step:444/2285 train_time:58263ms step_avg:131.22ms
step:445/2285 train_time:58392ms step_avg:131.22ms
step:446/2285 train_time:58520ms step_avg:131.21ms
step:447/2285 train_time:58648ms step_avg:131.20ms
step:448/2285 train_time:58776ms step_avg:131.20ms
step:449/2285 train_time:58904ms step_avg:131.19ms
step:450/2285 train_time:59031ms step_avg:131.18ms
step:451/2285 train_time:59159ms step_avg:131.17ms
step:452/2285 train_time:59285ms step_avg:131.16ms
step:453/2285 train_time:59415ms step_avg:131.16ms
step:454/2285 train_time:59541ms step_avg:131.15ms
step:455/2285 train_time:59670ms step_avg:131.14ms
step:456/2285 train_time:59800ms step_avg:131.14ms
step:457/2285 train_time:59928ms step_avg:131.13ms
step:458/2285 train_time:60055ms step_avg:131.12ms
step:459/2285 train_time:60183ms step_avg:131.12ms
step:460/2285 train_time:60310ms step_avg:131.11ms
step:461/2285 train_time:60439ms step_avg:131.10ms
step:462/2285 train_time:60566ms step_avg:131.09ms
step:463/2285 train_time:60696ms step_avg:131.09ms
step:464/2285 train_time:60824ms step_avg:131.09ms
step:465/2285 train_time:60952ms step_avg:131.08ms
step:466/2285 train_time:61080ms step_avg:131.07ms
step:467/2285 train_time:61208ms step_avg:131.07ms
step:468/2285 train_time:61335ms step_avg:131.06ms
step:469/2285 train_time:61463ms step_avg:131.05ms
step:470/2285 train_time:61590ms step_avg:131.04ms
step:471/2285 train_time:61719ms step_avg:131.04ms
step:472/2285 train_time:61848ms step_avg:131.03ms
step:473/2285 train_time:61977ms step_avg:131.03ms
step:474/2285 train_time:62104ms step_avg:131.02ms
step:475/2285 train_time:62232ms step_avg:131.01ms
step:476/2285 train_time:62361ms step_avg:131.01ms
step:477/2285 train_time:62489ms step_avg:131.00ms
step:478/2285 train_time:62618ms step_avg:131.00ms
step:479/2285 train_time:62747ms step_avg:130.99ms
step:480/2285 train_time:62873ms step_avg:130.99ms
step:481/2285 train_time:63002ms step_avg:130.98ms
step:482/2285 train_time:63130ms step_avg:130.98ms
step:483/2285 train_time:63259ms step_avg:130.97ms
step:484/2285 train_time:63386ms step_avg:130.96ms
step:485/2285 train_time:63516ms step_avg:130.96ms
step:486/2285 train_time:63641ms step_avg:130.95ms
step:487/2285 train_time:63770ms step_avg:130.94ms
step:488/2285 train_time:63897ms step_avg:130.94ms
step:489/2285 train_time:64025ms step_avg:130.93ms
step:490/2285 train_time:64152ms step_avg:130.92ms
step:491/2285 train_time:64281ms step_avg:130.92ms
step:492/2285 train_time:64407ms step_avg:130.91ms
step:493/2285 train_time:64536ms step_avg:130.91ms
step:494/2285 train_time:64665ms step_avg:130.90ms
step:495/2285 train_time:64792ms step_avg:130.89ms
step:496/2285 train_time:64919ms step_avg:130.88ms
step:497/2285 train_time:65049ms step_avg:130.88ms
step:498/2285 train_time:65178ms step_avg:130.88ms
step:499/2285 train_time:65307ms step_avg:130.87ms
step:500/2285 train_time:65433ms step_avg:130.87ms
step:500/2285 val_loss:3.8119 train_time:65525ms step_avg:131.05ms
step:501/2285 train_time:65655ms step_avg:131.05ms
step:502/2285 train_time:65753ms step_avg:130.98ms
step:503/2285 train_time:65879ms step_avg:130.97ms
step:504/2285 train_time:66005ms step_avg:130.96ms
step:505/2285 train_time:66133ms step_avg:130.96ms
step:506/2285 train_time:66261ms step_avg:130.95ms
step:507/2285 train_time:66390ms step_avg:130.95ms
step:508/2285 train_time:66517ms step_avg:130.94ms
step:509/2285 train_time:66647ms step_avg:130.94ms
step:510/2285 train_time:66773ms step_avg:130.93ms
step:511/2285 train_time:66903ms step_avg:130.92ms
step:512/2285 train_time:67029ms step_avg:130.92ms
step:513/2285 train_time:67158ms step_avg:130.91ms
step:514/2285 train_time:67284ms step_avg:130.90ms
step:515/2285 train_time:67414ms step_avg:130.90ms
step:516/2285 train_time:67541ms step_avg:130.89ms
step:517/2285 train_time:67670ms step_avg:130.89ms
step:518/2285 train_time:67797ms step_avg:130.88ms
step:519/2285 train_time:67926ms step_avg:130.88ms
step:520/2285 train_time:68052ms step_avg:130.87ms
step:521/2285 train_time:68181ms step_avg:130.87ms
step:522/2285 train_time:68308ms step_avg:130.86ms
step:523/2285 train_time:68438ms step_avg:130.86ms
step:524/2285 train_time:68565ms step_avg:130.85ms
step:525/2285 train_time:68694ms step_avg:130.85ms
step:526/2285 train_time:68822ms step_avg:130.84ms
step:527/2285 train_time:68950ms step_avg:130.84ms
step:528/2285 train_time:69078ms step_avg:130.83ms
step:529/2285 train_time:69207ms step_avg:130.83ms
step:530/2285 train_time:69334ms step_avg:130.82ms
step:531/2285 train_time:69463ms step_avg:130.82ms
step:532/2285 train_time:69592ms step_avg:130.81ms
step:533/2285 train_time:69719ms step_avg:130.81ms
step:534/2285 train_time:69847ms step_avg:130.80ms
step:535/2285 train_time:69975ms step_avg:130.79ms
step:536/2285 train_time:70102ms step_avg:130.79ms
step:537/2285 train_time:70230ms step_avg:130.78ms
step:538/2285 train_time:70357ms step_avg:130.78ms
step:539/2285 train_time:70486ms step_avg:130.77ms
step:540/2285 train_time:70616ms step_avg:130.77ms
step:541/2285 train_time:70744ms step_avg:130.77ms
step:542/2285 train_time:70871ms step_avg:130.76ms
step:543/2285 train_time:71000ms step_avg:130.76ms
step:544/2285 train_time:71127ms step_avg:130.75ms
step:545/2285 train_time:71256ms step_avg:130.75ms
step:546/2285 train_time:71383ms step_avg:130.74ms
step:547/2285 train_time:71511ms step_avg:130.73ms
step:548/2285 train_time:71637ms step_avg:130.73ms
step:549/2285 train_time:71767ms step_avg:130.72ms
step:550/2285 train_time:71896ms step_avg:130.72ms
step:551/2285 train_time:72024ms step_avg:130.72ms
step:552/2285 train_time:72152ms step_avg:130.71ms
step:553/2285 train_time:72281ms step_avg:130.71ms
step:554/2285 train_time:72408ms step_avg:130.70ms
step:555/2285 train_time:72536ms step_avg:130.70ms
step:556/2285 train_time:72664ms step_avg:130.69ms
step:557/2285 train_time:72792ms step_avg:130.69ms
step:558/2285 train_time:72919ms step_avg:130.68ms
step:559/2285 train_time:73048ms step_avg:130.68ms
step:560/2285 train_time:73173ms step_avg:130.67ms
step:561/2285 train_time:73309ms step_avg:130.68ms
step:562/2285 train_time:73436ms step_avg:130.67ms
step:563/2285 train_time:73566ms step_avg:130.67ms
step:564/2285 train_time:73693ms step_avg:130.66ms
step:565/2285 train_time:73822ms step_avg:130.66ms
step:566/2285 train_time:73949ms step_avg:130.65ms
step:567/2285 train_time:74078ms step_avg:130.65ms
step:568/2285 train_time:74204ms step_avg:130.64ms
step:569/2285 train_time:74336ms step_avg:130.64ms
step:570/2285 train_time:74462ms step_avg:130.63ms
step:571/2285 train_time:74591ms step_avg:130.63ms
step:572/2285 train_time:74719ms step_avg:130.63ms
step:573/2285 train_time:74846ms step_avg:130.62ms
step:574/2285 train_time:74972ms step_avg:130.61ms
step:575/2285 train_time:75103ms step_avg:130.61ms
step:576/2285 train_time:75229ms step_avg:130.61ms
step:577/2285 train_time:75358ms step_avg:130.60ms
step:578/2285 train_time:75485ms step_avg:130.60ms
step:579/2285 train_time:75615ms step_avg:130.60ms
step:580/2285 train_time:75741ms step_avg:130.59ms
step:581/2285 train_time:75870ms step_avg:130.59ms
step:582/2285 train_time:75997ms step_avg:130.58ms
step:583/2285 train_time:76125ms step_avg:130.57ms
step:584/2285 train_time:76252ms step_avg:130.57ms
step:585/2285 train_time:76382ms step_avg:130.57ms
step:586/2285 train_time:76509ms step_avg:130.56ms
step:587/2285 train_time:76638ms step_avg:130.56ms
step:588/2285 train_time:76765ms step_avg:130.55ms
step:589/2285 train_time:76895ms step_avg:130.55ms
step:590/2285 train_time:77020ms step_avg:130.54ms
step:591/2285 train_time:77150ms step_avg:130.54ms
step:592/2285 train_time:77278ms step_avg:130.54ms
step:593/2285 train_time:77407ms step_avg:130.53ms
step:594/2285 train_time:77534ms step_avg:130.53ms
step:595/2285 train_time:77665ms step_avg:130.53ms
step:596/2285 train_time:77791ms step_avg:130.52ms
step:597/2285 train_time:77919ms step_avg:130.52ms
step:598/2285 train_time:78047ms step_avg:130.51ms
step:599/2285 train_time:78175ms step_avg:130.51ms
step:600/2285 train_time:78302ms step_avg:130.50ms
step:601/2285 train_time:78432ms step_avg:130.50ms
step:602/2285 train_time:78560ms step_avg:130.50ms
step:603/2285 train_time:78690ms step_avg:130.50ms
step:604/2285 train_time:78815ms step_avg:130.49ms
step:605/2285 train_time:78945ms step_avg:130.49ms
step:606/2285 train_time:79072ms step_avg:130.48ms
step:607/2285 train_time:79201ms step_avg:130.48ms
step:608/2285 train_time:79328ms step_avg:130.47ms
step:609/2285 train_time:79460ms step_avg:130.48ms
step:610/2285 train_time:79587ms step_avg:130.47ms
step:611/2285 train_time:79715ms step_avg:130.47ms
step:612/2285 train_time:79841ms step_avg:130.46ms
step:613/2285 train_time:79973ms step_avg:130.46ms
step:614/2285 train_time:80100ms step_avg:130.46ms
step:615/2285 train_time:80229ms step_avg:130.45ms
step:616/2285 train_time:80356ms step_avg:130.45ms
step:617/2285 train_time:80485ms step_avg:130.45ms
step:618/2285 train_time:80611ms step_avg:130.44ms
step:619/2285 train_time:80743ms step_avg:130.44ms
step:620/2285 train_time:80868ms step_avg:130.43ms
step:621/2285 train_time:80996ms step_avg:130.43ms
step:622/2285 train_time:81124ms step_avg:130.42ms
step:623/2285 train_time:81253ms step_avg:130.42ms
step:624/2285 train_time:81383ms step_avg:130.42ms
step:625/2285 train_time:81511ms step_avg:130.42ms
step:626/2285 train_time:81639ms step_avg:130.41ms
step:627/2285 train_time:81770ms step_avg:130.41ms
step:628/2285 train_time:81898ms step_avg:130.41ms
step:629/2285 train_time:82027ms step_avg:130.41ms
step:630/2285 train_time:82155ms step_avg:130.41ms
step:631/2285 train_time:82284ms step_avg:130.40ms
step:632/2285 train_time:82413ms step_avg:130.40ms
step:633/2285 train_time:82542ms step_avg:130.40ms
step:634/2285 train_time:82666ms step_avg:130.39ms
step:635/2285 train_time:82795ms step_avg:130.39ms
step:636/2285 train_time:82922ms step_avg:130.38ms
step:637/2285 train_time:83051ms step_avg:130.38ms
step:638/2285 train_time:83178ms step_avg:130.37ms
step:639/2285 train_time:83309ms step_avg:130.37ms
step:640/2285 train_time:83437ms step_avg:130.37ms
step:641/2285 train_time:83565ms step_avg:130.37ms
step:642/2285 train_time:83692ms step_avg:130.36ms
step:643/2285 train_time:83821ms step_avg:130.36ms
step:644/2285 train_time:83948ms step_avg:130.35ms
step:645/2285 train_time:84077ms step_avg:130.35ms
step:646/2285 train_time:84203ms step_avg:130.35ms
step:647/2285 train_time:84334ms step_avg:130.35ms
step:648/2285 train_time:84461ms step_avg:130.34ms
step:649/2285 train_time:84590ms step_avg:130.34ms
step:650/2285 train_time:84717ms step_avg:130.33ms
step:651/2285 train_time:84846ms step_avg:130.33ms
step:652/2285 train_time:84974ms step_avg:130.33ms
step:653/2285 train_time:85103ms step_avg:130.33ms
step:654/2285 train_time:85231ms step_avg:130.32ms
step:655/2285 train_time:85360ms step_avg:130.32ms
step:656/2285 train_time:85486ms step_avg:130.31ms
step:657/2285 train_time:85616ms step_avg:130.31ms
step:658/2285 train_time:85741ms step_avg:130.31ms
step:659/2285 train_time:85870ms step_avg:130.30ms
step:660/2285 train_time:85997ms step_avg:130.30ms
step:661/2285 train_time:86126ms step_avg:130.30ms
step:662/2285 train_time:86252ms step_avg:130.29ms
step:663/2285 train_time:86382ms step_avg:130.29ms
step:664/2285 train_time:86510ms step_avg:130.29ms
step:665/2285 train_time:86639ms step_avg:130.28ms
step:666/2285 train_time:86766ms step_avg:130.28ms
step:667/2285 train_time:86895ms step_avg:130.28ms
step:668/2285 train_time:87022ms step_avg:130.27ms
step:669/2285 train_time:87152ms step_avg:130.27ms
step:670/2285 train_time:87280ms step_avg:130.27ms
step:671/2285 train_time:87409ms step_avg:130.27ms
step:672/2285 train_time:87536ms step_avg:130.26ms
step:673/2285 train_time:87665ms step_avg:130.26ms
step:674/2285 train_time:87792ms step_avg:130.26ms
step:675/2285 train_time:87922ms step_avg:130.25ms
step:676/2285 train_time:88048ms step_avg:130.25ms
step:677/2285 train_time:88177ms step_avg:130.25ms
step:678/2285 train_time:88305ms step_avg:130.24ms
step:679/2285 train_time:88434ms step_avg:130.24ms
step:680/2285 train_time:88561ms step_avg:130.24ms
step:681/2285 train_time:88690ms step_avg:130.24ms
step:682/2285 train_time:88817ms step_avg:130.23ms
step:683/2285 train_time:88946ms step_avg:130.23ms
step:684/2285 train_time:89073ms step_avg:130.22ms
step:685/2285 train_time:89203ms step_avg:130.22ms
step:686/2285 train_time:89329ms step_avg:130.22ms
step:687/2285 train_time:89459ms step_avg:130.22ms
step:688/2285 train_time:89586ms step_avg:130.21ms
step:689/2285 train_time:89715ms step_avg:130.21ms
step:690/2285 train_time:89842ms step_avg:130.21ms
step:691/2285 train_time:89971ms step_avg:130.20ms
step:692/2285 train_time:90098ms step_avg:130.20ms
step:693/2285 train_time:90227ms step_avg:130.20ms
step:694/2285 train_time:90354ms step_avg:130.19ms
step:695/2285 train_time:90484ms step_avg:130.19ms
step:696/2285 train_time:90612ms step_avg:130.19ms
step:697/2285 train_time:90739ms step_avg:130.19ms
step:698/2285 train_time:90867ms step_avg:130.18ms
step:699/2285 train_time:90995ms step_avg:130.18ms
step:700/2285 train_time:91123ms step_avg:130.18ms
step:701/2285 train_time:91252ms step_avg:130.17ms
step:702/2285 train_time:91378ms step_avg:130.17ms
step:703/2285 train_time:91509ms step_avg:130.17ms
step:704/2285 train_time:91635ms step_avg:130.16ms
step:705/2285 train_time:91763ms step_avg:130.16ms
step:706/2285 train_time:91889ms step_avg:130.16ms
step:707/2285 train_time:92019ms step_avg:130.15ms
step:708/2285 train_time:92146ms step_avg:130.15ms
step:709/2285 train_time:92275ms step_avg:130.15ms
step:710/2285 train_time:92401ms step_avg:130.14ms
step:711/2285 train_time:92531ms step_avg:130.14ms
step:712/2285 train_time:92659ms step_avg:130.14ms
step:713/2285 train_time:92786ms step_avg:130.14ms
step:714/2285 train_time:92913ms step_avg:130.13ms
step:715/2285 train_time:93041ms step_avg:130.13ms
step:716/2285 train_time:93168ms step_avg:130.12ms
step:717/2285 train_time:93297ms step_avg:130.12ms
step:718/2285 train_time:93426ms step_avg:130.12ms
step:719/2285 train_time:93554ms step_avg:130.12ms
step:720/2285 train_time:93681ms step_avg:130.11ms
step:721/2285 train_time:93812ms step_avg:130.11ms
step:722/2285 train_time:93939ms step_avg:130.11ms
step:723/2285 train_time:94068ms step_avg:130.11ms
step:724/2285 train_time:94195ms step_avg:130.10ms
step:725/2285 train_time:94325ms step_avg:130.10ms
step:726/2285 train_time:94452ms step_avg:130.10ms
step:727/2285 train_time:94580ms step_avg:130.10ms
step:728/2285 train_time:94708ms step_avg:130.09ms
step:729/2285 train_time:94837ms step_avg:130.09ms
step:730/2285 train_time:94965ms step_avg:130.09ms
step:731/2285 train_time:95094ms step_avg:130.09ms
step:732/2285 train_time:95222ms step_avg:130.08ms
step:733/2285 train_time:95350ms step_avg:130.08ms
step:734/2285 train_time:95478ms step_avg:130.08ms
step:735/2285 train_time:95607ms step_avg:130.08ms
step:736/2285 train_time:95734ms step_avg:130.07ms
step:737/2285 train_time:95863ms step_avg:130.07ms
step:738/2285 train_time:95988ms step_avg:130.07ms
step:739/2285 train_time:96118ms step_avg:130.06ms
step:740/2285 train_time:96245ms step_avg:130.06ms
step:741/2285 train_time:96373ms step_avg:130.06ms
step:742/2285 train_time:96502ms step_avg:130.06ms
step:743/2285 train_time:96635ms step_avg:130.06ms
step:744/2285 train_time:96768ms step_avg:130.06ms
step:745/2285 train_time:96899ms step_avg:130.07ms
step:746/2285 train_time:97026ms step_avg:130.06ms
step:747/2285 train_time:97156ms step_avg:130.06ms
step:748/2285 train_time:97282ms step_avg:130.06ms
step:749/2285 train_time:97403ms step_avg:130.04ms
step:750/2285 train_time:97532ms step_avg:130.04ms
step:750/2285 val_loss:3.6705 train_time:97625ms step_avg:130.17ms
step:751/2285 train_time:97758ms step_avg:130.17ms
step:752/2285 train_time:97887ms step_avg:130.17ms
step:753/2285 train_time:98015ms step_avg:130.17ms
step:754/2285 train_time:98145ms step_avg:130.17ms
step:755/2285 train_time:98276ms step_avg:130.17ms
step:756/2285 train_time:98405ms step_avg:130.16ms
step:757/2285 train_time:98534ms step_avg:130.16ms
step:758/2285 train_time:98661ms step_avg:130.16ms
step:759/2285 train_time:98791ms step_avg:130.16ms
step:760/2285 train_time:98920ms step_avg:130.16ms
step:761/2285 train_time:99051ms step_avg:130.16ms
step:762/2285 train_time:99182ms step_avg:130.16ms
step:763/2285 train_time:99311ms step_avg:130.16ms
step:764/2285 train_time:99440ms step_avg:130.16ms
step:765/2285 train_time:99572ms step_avg:130.16ms
step:766/2285 train_time:99699ms step_avg:130.16ms
step:767/2285 train_time:99830ms step_avg:130.16ms
step:768/2285 train_time:99969ms step_avg:130.17ms
step:769/2285 train_time:100098ms step_avg:130.17ms
step:770/2285 train_time:100228ms step_avg:130.17ms
step:771/2285 train_time:100358ms step_avg:130.17ms
step:772/2285 train_time:100487ms step_avg:130.17ms
step:773/2285 train_time:100618ms step_avg:130.17ms
step:774/2285 train_time:100748ms step_avg:130.16ms
step:775/2285 train_time:100877ms step_avg:130.16ms
step:776/2285 train_time:101007ms step_avg:130.16ms
step:777/2285 train_time:101138ms step_avg:130.16ms
step:778/2285 train_time:101263ms step_avg:130.16ms
step:779/2285 train_time:101390ms step_avg:130.15ms
step:780/2285 train_time:101519ms step_avg:130.15ms
step:781/2285 train_time:101652ms step_avg:130.16ms
step:782/2285 train_time:101781ms step_avg:130.15ms
step:783/2285 train_time:101911ms step_avg:130.15ms
step:784/2285 train_time:102040ms step_avg:130.15ms
step:785/2285 train_time:102170ms step_avg:130.15ms
step:786/2285 train_time:102297ms step_avg:130.15ms
step:787/2285 train_time:102426ms step_avg:130.15ms
step:788/2285 train_time:102556ms step_avg:130.15ms
step:789/2285 train_time:102686ms step_avg:130.15ms
step:790/2285 train_time:102814ms step_avg:130.14ms
step:791/2285 train_time:102945ms step_avg:130.15ms
step:792/2285 train_time:103073ms step_avg:130.14ms
step:793/2285 train_time:103204ms step_avg:130.14ms
step:794/2285 train_time:103333ms step_avg:130.14ms
step:795/2285 train_time:103463ms step_avg:130.14ms
step:796/2285 train_time:103592ms step_avg:130.14ms
step:797/2285 train_time:103722ms step_avg:130.14ms
step:798/2285 train_time:103851ms step_avg:130.14ms
step:799/2285 train_time:103982ms step_avg:130.14ms
step:800/2285 train_time:104111ms step_avg:130.14ms
step:801/2285 train_time:104243ms step_avg:130.14ms
step:802/2285 train_time:104371ms step_avg:130.14ms
step:803/2285 train_time:104504ms step_avg:130.14ms
step:804/2285 train_time:104631ms step_avg:130.14ms
step:805/2285 train_time:104762ms step_avg:130.14ms
step:806/2285 train_time:104891ms step_avg:130.14ms
step:807/2285 train_time:105021ms step_avg:130.14ms
step:808/2285 train_time:105152ms step_avg:130.14ms
step:809/2285 train_time:105282ms step_avg:130.14ms
step:810/2285 train_time:105411ms step_avg:130.14ms
step:811/2285 train_time:105542ms step_avg:130.14ms
step:812/2285 train_time:105674ms step_avg:130.14ms
step:813/2285 train_time:105803ms step_avg:130.14ms
step:814/2285 train_time:105933ms step_avg:130.14ms
step:815/2285 train_time:106063ms step_avg:130.14ms
step:816/2285 train_time:106190ms step_avg:130.13ms
step:817/2285 train_time:106322ms step_avg:130.14ms
step:818/2285 train_time:106450ms step_avg:130.14ms
step:819/2285 train_time:106582ms step_avg:130.14ms
step:820/2285 train_time:106710ms step_avg:130.13ms
step:821/2285 train_time:106840ms step_avg:130.13ms
step:822/2285 train_time:106968ms step_avg:130.13ms
step:823/2285 train_time:107100ms step_avg:130.13ms
step:824/2285 train_time:107228ms step_avg:130.13ms
step:825/2285 train_time:107360ms step_avg:130.13ms
step:826/2285 train_time:107488ms step_avg:130.13ms
step:827/2285 train_time:107620ms step_avg:130.13ms
step:828/2285 train_time:107749ms step_avg:130.13ms
step:829/2285 train_time:107880ms step_avg:130.13ms
step:830/2285 train_time:108008ms step_avg:130.13ms
step:831/2285 train_time:108139ms step_avg:130.13ms
step:832/2285 train_time:108268ms step_avg:130.13ms
step:833/2285 train_time:108398ms step_avg:130.13ms
step:834/2285 train_time:108528ms step_avg:130.13ms
step:835/2285 train_time:108657ms step_avg:130.13ms
step:836/2285 train_time:108786ms step_avg:130.13ms
step:837/2285 train_time:108916ms step_avg:130.13ms
step:838/2285 train_time:109045ms step_avg:130.13ms
step:839/2285 train_time:109176ms step_avg:130.13ms
step:840/2285 train_time:109306ms step_avg:130.13ms
step:841/2285 train_time:109436ms step_avg:130.13ms
step:842/2285 train_time:109564ms step_avg:130.12ms
step:843/2285 train_time:109703ms step_avg:130.13ms
step:844/2285 train_time:109831ms step_avg:130.13ms
step:845/2285 train_time:109964ms step_avg:130.13ms
step:846/2285 train_time:110092ms step_avg:130.13ms
step:847/2285 train_time:110224ms step_avg:130.13ms
step:848/2285 train_time:110354ms step_avg:130.13ms
step:849/2285 train_time:110483ms step_avg:130.13ms
step:850/2285 train_time:110613ms step_avg:130.13ms
step:851/2285 train_time:110742ms step_avg:130.13ms
step:852/2285 train_time:110871ms step_avg:130.13ms
step:853/2285 train_time:111000ms step_avg:130.13ms
step:854/2285 train_time:111130ms step_avg:130.13ms
step:855/2285 train_time:111262ms step_avg:130.13ms
step:856/2285 train_time:111389ms step_avg:130.13ms
step:857/2285 train_time:111521ms step_avg:130.13ms
step:858/2285 train_time:111650ms step_avg:130.13ms
step:859/2285 train_time:111781ms step_avg:130.13ms
step:860/2285 train_time:111908ms step_avg:130.13ms
step:861/2285 train_time:112039ms step_avg:130.13ms
step:862/2285 train_time:112167ms step_avg:130.12ms
step:863/2285 train_time:112298ms step_avg:130.13ms
step:864/2285 train_time:112427ms step_avg:130.12ms
step:865/2285 train_time:112560ms step_avg:130.13ms
step:866/2285 train_time:112688ms step_avg:130.13ms
step:867/2285 train_time:112819ms step_avg:130.13ms
step:868/2285 train_time:112948ms step_avg:130.12ms
step:869/2285 train_time:113079ms step_avg:130.13ms
step:870/2285 train_time:113209ms step_avg:130.13ms
step:871/2285 train_time:113340ms step_avg:130.13ms
step:872/2285 train_time:113469ms step_avg:130.12ms
step:873/2285 train_time:113598ms step_avg:130.12ms
step:874/2285 train_time:113728ms step_avg:130.12ms
step:875/2285 train_time:113859ms step_avg:130.12ms
step:876/2285 train_time:113988ms step_avg:130.12ms
step:877/2285 train_time:114119ms step_avg:130.12ms
step:878/2285 train_time:114246ms step_avg:130.12ms
step:879/2285 train_time:114381ms step_avg:130.13ms
step:880/2285 train_time:114510ms step_avg:130.12ms
step:881/2285 train_time:114645ms step_avg:130.13ms
step:882/2285 train_time:114773ms step_avg:130.13ms
step:883/2285 train_time:114904ms step_avg:130.13ms
step:884/2285 train_time:115033ms step_avg:130.13ms
step:885/2285 train_time:115163ms step_avg:130.13ms
step:886/2285 train_time:115293ms step_avg:130.13ms
step:887/2285 train_time:115422ms step_avg:130.13ms
step:888/2285 train_time:115548ms step_avg:130.12ms
step:889/2285 train_time:115679ms step_avg:130.12ms
step:890/2285 train_time:115808ms step_avg:130.12ms
step:891/2285 train_time:115939ms step_avg:130.12ms
step:892/2285 train_time:116067ms step_avg:130.12ms
step:893/2285 train_time:116197ms step_avg:130.12ms
step:894/2285 train_time:116326ms step_avg:130.12ms
step:895/2285 train_time:116457ms step_avg:130.12ms
step:896/2285 train_time:116586ms step_avg:130.12ms
step:897/2285 train_time:116717ms step_avg:130.12ms
step:898/2285 train_time:116846ms step_avg:130.12ms
step:899/2285 train_time:116975ms step_avg:130.12ms
step:900/2285 train_time:117105ms step_avg:130.12ms
step:901/2285 train_time:117236ms step_avg:130.12ms
step:902/2285 train_time:117364ms step_avg:130.12ms
step:903/2285 train_time:117494ms step_avg:130.12ms
step:904/2285 train_time:117623ms step_avg:130.11ms
step:905/2285 train_time:117754ms step_avg:130.11ms
step:906/2285 train_time:117882ms step_avg:130.11ms
step:907/2285 train_time:118013ms step_avg:130.11ms
step:908/2285 train_time:118141ms step_avg:130.11ms
step:909/2285 train_time:118273ms step_avg:130.11ms
step:910/2285 train_time:118402ms step_avg:130.11ms
step:911/2285 train_time:118533ms step_avg:130.11ms
step:912/2285 train_time:118662ms step_avg:130.11ms
step:913/2285 train_time:118793ms step_avg:130.11ms
step:914/2285 train_time:118922ms step_avg:130.11ms
step:915/2285 train_time:119053ms step_avg:130.11ms
step:916/2285 train_time:119181ms step_avg:130.11ms
step:917/2285 train_time:119313ms step_avg:130.11ms
step:918/2285 train_time:119442ms step_avg:130.11ms
step:919/2285 train_time:119572ms step_avg:130.11ms
step:920/2285 train_time:119701ms step_avg:130.11ms
step:921/2285 train_time:119831ms step_avg:130.11ms
step:922/2285 train_time:119960ms step_avg:130.11ms
step:923/2285 train_time:120090ms step_avg:130.11ms
step:924/2285 train_time:120218ms step_avg:130.11ms
step:925/2285 train_time:120349ms step_avg:130.11ms
step:926/2285 train_time:120478ms step_avg:130.11ms
step:927/2285 train_time:120609ms step_avg:130.11ms
step:928/2285 train_time:120740ms step_avg:130.11ms
step:929/2285 train_time:120870ms step_avg:130.11ms
step:930/2285 train_time:120998ms step_avg:130.11ms
step:931/2285 train_time:121129ms step_avg:130.11ms
step:932/2285 train_time:121258ms step_avg:130.11ms
step:933/2285 train_time:121389ms step_avg:130.11ms
step:934/2285 train_time:121516ms step_avg:130.10ms
step:935/2285 train_time:121647ms step_avg:130.10ms
step:936/2285 train_time:121775ms step_avg:130.10ms
step:937/2285 train_time:121906ms step_avg:130.10ms
step:938/2285 train_time:122035ms step_avg:130.10ms
step:939/2285 train_time:122168ms step_avg:130.10ms
step:940/2285 train_time:122295ms step_avg:130.10ms
step:941/2285 train_time:122425ms step_avg:130.10ms
step:942/2285 train_time:122553ms step_avg:130.10ms
step:943/2285 train_time:122687ms step_avg:130.10ms
step:944/2285 train_time:122815ms step_avg:130.10ms
step:945/2285 train_time:122945ms step_avg:130.10ms
step:946/2285 train_time:123073ms step_avg:130.10ms
step:947/2285 train_time:123203ms step_avg:130.10ms
step:948/2285 train_time:123332ms step_avg:130.10ms
step:949/2285 train_time:123463ms step_avg:130.10ms
step:950/2285 train_time:123591ms step_avg:130.10ms
step:951/2285 train_time:123721ms step_avg:130.10ms
step:952/2285 train_time:123849ms step_avg:130.09ms
step:953/2285 train_time:123980ms step_avg:130.09ms
step:954/2285 train_time:124108ms step_avg:130.09ms
step:955/2285 train_time:124240ms step_avg:130.09ms
step:956/2285 train_time:124369ms step_avg:130.09ms
step:957/2285 train_time:124499ms step_avg:130.09ms
step:958/2285 train_time:124629ms step_avg:130.09ms
step:959/2285 train_time:124758ms step_avg:130.09ms
step:960/2285 train_time:124887ms step_avg:130.09ms
step:961/2285 train_time:125018ms step_avg:130.09ms
step:962/2285 train_time:125147ms step_avg:130.09ms
step:963/2285 train_time:125278ms step_avg:130.09ms
step:964/2285 train_time:125406ms step_avg:130.09ms
step:965/2285 train_time:125537ms step_avg:130.09ms
step:966/2285 train_time:125667ms step_avg:130.09ms
step:967/2285 train_time:125797ms step_avg:130.09ms
step:968/2285 train_time:125926ms step_avg:130.09ms
step:969/2285 train_time:126056ms step_avg:130.09ms
step:970/2285 train_time:126185ms step_avg:130.09ms
step:971/2285 train_time:126315ms step_avg:130.09ms
step:972/2285 train_time:126444ms step_avg:130.09ms
step:973/2285 train_time:126575ms step_avg:130.09ms
step:974/2285 train_time:126703ms step_avg:130.09ms
step:975/2285 train_time:126834ms step_avg:130.09ms
step:976/2285 train_time:126963ms step_avg:130.09ms
step:977/2285 train_time:127093ms step_avg:130.08ms
step:978/2285 train_time:127221ms step_avg:130.08ms
step:979/2285 train_time:127353ms step_avg:130.08ms
step:980/2285 train_time:127481ms step_avg:130.08ms
step:981/2285 train_time:127611ms step_avg:130.08ms
step:982/2285 train_time:127740ms step_avg:130.08ms
step:983/2285 train_time:127872ms step_avg:130.08ms
step:984/2285 train_time:128000ms step_avg:130.08ms
step:985/2285 train_time:128130ms step_avg:130.08ms
step:986/2285 train_time:128258ms step_avg:130.08ms
step:987/2285 train_time:128391ms step_avg:130.08ms
step:988/2285 train_time:128519ms step_avg:130.08ms
step:989/2285 train_time:128650ms step_avg:130.08ms
step:990/2285 train_time:128779ms step_avg:130.08ms
step:991/2285 train_time:128910ms step_avg:130.08ms
step:992/2285 train_time:129039ms step_avg:130.08ms
step:993/2285 train_time:129169ms step_avg:130.08ms
step:994/2285 train_time:129299ms step_avg:130.08ms
step:995/2285 train_time:129430ms step_avg:130.08ms
step:996/2285 train_time:129561ms step_avg:130.08ms
step:997/2285 train_time:129699ms step_avg:130.09ms
step:998/2285 train_time:129828ms step_avg:130.09ms
step:999/2285 train_time:129958ms step_avg:130.09ms
step:1000/2285 train_time:130088ms step_avg:130.09ms
step:1000/2285 val_loss:3.5697 train_time:130175ms step_avg:130.18ms
step:1001/2285 train_time:130317ms step_avg:130.19ms
step:1002/2285 train_time:130415ms step_avg:130.15ms
step:1003/2285 train_time:130544ms step_avg:130.15ms
step:1004/2285 train_time:130674ms step_avg:130.15ms
step:1005/2285 train_time:130804ms step_avg:130.15ms
step:1006/2285 train_time:130932ms step_avg:130.15ms
step:1007/2285 train_time:131063ms step_avg:130.15ms
step:1008/2285 train_time:131192ms step_avg:130.15ms
step:1009/2285 train_time:131321ms step_avg:130.15ms
step:1010/2285 train_time:131452ms step_avg:130.15ms
step:1011/2285 train_time:131584ms step_avg:130.15ms
step:1012/2285 train_time:131712ms step_avg:130.15ms
step:1013/2285 train_time:131843ms step_avg:130.15ms
step:1014/2285 train_time:131972ms step_avg:130.15ms
step:1015/2285 train_time:132103ms step_avg:130.15ms
step:1016/2285 train_time:132232ms step_avg:130.15ms
step:1017/2285 train_time:132363ms step_avg:130.15ms
step:1018/2285 train_time:132492ms step_avg:130.15ms
step:1019/2285 train_time:132623ms step_avg:130.15ms
step:1020/2285 train_time:132759ms step_avg:130.16ms
step:1021/2285 train_time:132889ms step_avg:130.16ms
step:1022/2285 train_time:133018ms step_avg:130.15ms
step:1023/2285 train_time:133150ms step_avg:130.16ms
step:1024/2285 train_time:133282ms step_avg:130.16ms
step:1025/2285 train_time:133411ms step_avg:130.16ms
step:1026/2285 train_time:133539ms step_avg:130.16ms
step:1027/2285 train_time:133670ms step_avg:130.16ms
step:1028/2285 train_time:133799ms step_avg:130.15ms
step:1029/2285 train_time:133930ms step_avg:130.16ms
step:1030/2285 train_time:134058ms step_avg:130.15ms
step:1031/2285 train_time:134189ms step_avg:130.15ms
step:1032/2285 train_time:134318ms step_avg:130.15ms
step:1033/2285 train_time:134449ms step_avg:130.15ms
step:1034/2285 train_time:134579ms step_avg:130.15ms
step:1035/2285 train_time:134711ms step_avg:130.16ms
step:1036/2285 train_time:134840ms step_avg:130.15ms
step:1037/2285 train_time:134971ms step_avg:130.16ms
step:1038/2285 train_time:135100ms step_avg:130.15ms
step:1039/2285 train_time:135231ms step_avg:130.15ms
step:1040/2285 train_time:135359ms step_avg:130.15ms
step:1041/2285 train_time:135490ms step_avg:130.15ms
step:1042/2285 train_time:135619ms step_avg:130.15ms
step:1043/2285 train_time:135749ms step_avg:130.15ms
step:1044/2285 train_time:135877ms step_avg:130.15ms
step:1045/2285 train_time:136007ms step_avg:130.15ms
step:1046/2285 train_time:136138ms step_avg:130.15ms
step:1047/2285 train_time:136268ms step_avg:130.15ms
step:1048/2285 train_time:136396ms step_avg:130.15ms
step:1049/2285 train_time:136527ms step_avg:130.15ms
step:1050/2285 train_time:136656ms step_avg:130.15ms
step:1051/2285 train_time:136788ms step_avg:130.15ms
step:1052/2285 train_time:136918ms step_avg:130.15ms
step:1053/2285 train_time:137048ms step_avg:130.15ms
step:1054/2285 train_time:137177ms step_avg:130.15ms
step:1055/2285 train_time:137307ms step_avg:130.15ms
step:1056/2285 train_time:137438ms step_avg:130.15ms
step:1057/2285 train_time:137569ms step_avg:130.15ms
step:1058/2285 train_time:137698ms step_avg:130.15ms
step:1059/2285 train_time:137828ms step_avg:130.15ms
step:1060/2285 train_time:137957ms step_avg:130.15ms
step:1061/2285 train_time:138087ms step_avg:130.15ms
step:1062/2285 train_time:138217ms step_avg:130.15ms
step:1063/2285 train_time:138346ms step_avg:130.15ms
step:1064/2285 train_time:138475ms step_avg:130.15ms
step:1065/2285 train_time:138605ms step_avg:130.15ms
step:1066/2285 train_time:138733ms step_avg:130.14ms
step:1067/2285 train_time:138864ms step_avg:130.14ms
step:1068/2285 train_time:138993ms step_avg:130.14ms
step:1069/2285 train_time:139123ms step_avg:130.14ms
step:1070/2285 train_time:139252ms step_avg:130.14ms
step:1071/2285 train_time:139382ms step_avg:130.14ms
step:1072/2285 train_time:139511ms step_avg:130.14ms
step:1073/2285 train_time:139645ms step_avg:130.14ms
step:1074/2285 train_time:139774ms step_avg:130.14ms
step:1075/2285 train_time:139904ms step_avg:130.14ms
step:1076/2285 train_time:140033ms step_avg:130.14ms
step:1077/2285 train_time:140162ms step_avg:130.14ms
step:1078/2285 train_time:140291ms step_avg:130.14ms
step:1079/2285 train_time:140422ms step_avg:130.14ms
step:1080/2285 train_time:140551ms step_avg:130.14ms
step:1081/2285 train_time:140681ms step_avg:130.14ms
step:1082/2285 train_time:140810ms step_avg:130.14ms
step:1083/2285 train_time:140941ms step_avg:130.14ms
step:1084/2285 train_time:141070ms step_avg:130.14ms
step:1085/2285 train_time:141200ms step_avg:130.14ms
step:1086/2285 train_time:141329ms step_avg:130.14ms
step:1087/2285 train_time:141458ms step_avg:130.14ms
step:1088/2285 train_time:141586ms step_avg:130.13ms
step:1089/2285 train_time:141717ms step_avg:130.13ms
step:1090/2285 train_time:141846ms step_avg:130.13ms
step:1091/2285 train_time:141976ms step_avg:130.13ms
step:1092/2285 train_time:142105ms step_avg:130.13ms
step:1093/2285 train_time:142234ms step_avg:130.13ms
step:1094/2285 train_time:142363ms step_avg:130.13ms
step:1095/2285 train_time:142505ms step_avg:130.14ms
step:1096/2285 train_time:142633ms step_avg:130.14ms
step:1097/2285 train_time:142763ms step_avg:130.14ms
step:1098/2285 train_time:142893ms step_avg:130.14ms
step:1099/2285 train_time:143025ms step_avg:130.14ms
step:1100/2285 train_time:143152ms step_avg:130.14ms
step:1101/2285 train_time:143283ms step_avg:130.14ms
step:1102/2285 train_time:143410ms step_avg:130.14ms
step:1103/2285 train_time:143541ms step_avg:130.14ms
step:1104/2285 train_time:143670ms step_avg:130.14ms
step:1105/2285 train_time:143809ms step_avg:130.14ms
step:1106/2285 train_time:143930ms step_avg:130.14ms
step:1107/2285 train_time:144060ms step_avg:130.14ms
step:1108/2285 train_time:144190ms step_avg:130.14ms
step:1109/2285 train_time:144321ms step_avg:130.14ms
step:1110/2285 train_time:144450ms step_avg:130.14ms
step:1111/2285 train_time:144581ms step_avg:130.14ms
step:1112/2285 train_time:144709ms step_avg:130.13ms
step:1113/2285 train_time:144840ms step_avg:130.14ms
step:1114/2285 train_time:144969ms step_avg:130.13ms
step:1115/2285 train_time:145101ms step_avg:130.13ms
step:1116/2285 train_time:145230ms step_avg:130.13ms
step:1117/2285 train_time:145363ms step_avg:130.14ms
step:1118/2285 train_time:145491ms step_avg:130.13ms
step:1119/2285 train_time:145623ms step_avg:130.14ms
step:1120/2285 train_time:145751ms step_avg:130.14ms
step:1121/2285 train_time:145882ms step_avg:130.14ms
step:1122/2285 train_time:146010ms step_avg:130.13ms
step:1123/2285 train_time:146142ms step_avg:130.14ms
step:1124/2285 train_time:146271ms step_avg:130.13ms
step:1125/2285 train_time:146401ms step_avg:130.13ms
step:1126/2285 train_time:146529ms step_avg:130.13ms
step:1127/2285 train_time:146659ms step_avg:130.13ms
step:1128/2285 train_time:146789ms step_avg:130.13ms
step:1129/2285 train_time:146920ms step_avg:130.13ms
step:1130/2285 train_time:147048ms step_avg:130.13ms
step:1131/2285 train_time:147180ms step_avg:130.13ms
step:1132/2285 train_time:147309ms step_avg:130.13ms
step:1133/2285 train_time:147505ms step_avg:130.19ms
step:1134/2285 train_time:147633ms step_avg:130.19ms
step:1135/2285 train_time:147764ms step_avg:130.19ms
step:1136/2285 train_time:147893ms step_avg:130.19ms
step:1137/2285 train_time:148024ms step_avg:130.19ms
step:1138/2285 train_time:148152ms step_avg:130.19ms
step:1139/2285 train_time:148282ms step_avg:130.19ms
step:1140/2285 train_time:148410ms step_avg:130.18ms
step:1141/2285 train_time:148541ms step_avg:130.18ms
step:1142/2285 train_time:148670ms step_avg:130.18ms
step:1143/2285 train_time:148800ms step_avg:130.18ms
step:1144/2285 train_time:148931ms step_avg:130.18ms
step:1145/2285 train_time:149062ms step_avg:130.18ms
step:1146/2285 train_time:149190ms step_avg:130.18ms
step:1147/2285 train_time:149322ms step_avg:130.19ms
step:1148/2285 train_time:149452ms step_avg:130.18ms
step:1149/2285 train_time:149582ms step_avg:130.18ms
step:1150/2285 train_time:149711ms step_avg:130.18ms
step:1151/2285 train_time:149842ms step_avg:130.18ms
step:1152/2285 train_time:149973ms step_avg:130.18ms
step:1153/2285 train_time:150106ms step_avg:130.19ms
step:1154/2285 train_time:150235ms step_avg:130.19ms
step:1155/2285 train_time:150364ms step_avg:130.19ms
step:1156/2285 train_time:150495ms step_avg:130.19ms
step:1157/2285 train_time:150626ms step_avg:130.19ms
step:1158/2285 train_time:150754ms step_avg:130.19ms
step:1159/2285 train_time:150886ms step_avg:130.19ms
step:1160/2285 train_time:151015ms step_avg:130.19ms
step:1161/2285 train_time:151145ms step_avg:130.19ms
step:1162/2285 train_time:151274ms step_avg:130.18ms
step:1163/2285 train_time:151403ms step_avg:130.18ms
step:1164/2285 train_time:151532ms step_avg:130.18ms
step:1165/2285 train_time:151663ms step_avg:130.18ms
step:1166/2285 train_time:151791ms step_avg:130.18ms
step:1167/2285 train_time:151922ms step_avg:130.18ms
step:1168/2285 train_time:152050ms step_avg:130.18ms
step:1169/2285 train_time:152181ms step_avg:130.18ms
step:1170/2285 train_time:152311ms step_avg:130.18ms
step:1171/2285 train_time:152443ms step_avg:130.18ms
step:1172/2285 train_time:152572ms step_avg:130.18ms
step:1173/2285 train_time:152724ms step_avg:130.20ms
step:1174/2285 train_time:152853ms step_avg:130.20ms
step:1175/2285 train_time:152983ms step_avg:130.20ms
step:1176/2285 train_time:153111ms step_avg:130.20ms
step:1177/2285 train_time:153242ms step_avg:130.20ms
step:1178/2285 train_time:153370ms step_avg:130.20ms
step:1179/2285 train_time:153501ms step_avg:130.20ms
step:1180/2285 train_time:153630ms step_avg:130.19ms
step:1181/2285 train_time:153760ms step_avg:130.19ms
step:1182/2285 train_time:153889ms step_avg:130.19ms
step:1183/2285 train_time:154019ms step_avg:130.19ms
step:1184/2285 train_time:154148ms step_avg:130.19ms
step:1185/2285 train_time:154280ms step_avg:130.19ms
step:1186/2285 train_time:154408ms step_avg:130.19ms
step:1187/2285 train_time:154539ms step_avg:130.19ms
step:1188/2285 train_time:154667ms step_avg:130.19ms
step:1189/2285 train_time:154799ms step_avg:130.19ms
step:1190/2285 train_time:154927ms step_avg:130.19ms
step:1191/2285 train_time:155059ms step_avg:130.19ms
step:1192/2285 train_time:155186ms step_avg:130.19ms
step:1193/2285 train_time:155317ms step_avg:130.19ms
step:1194/2285 train_time:155445ms step_avg:130.19ms
step:1195/2285 train_time:155576ms step_avg:130.19ms
step:1196/2285 train_time:155704ms step_avg:130.19ms
step:1197/2285 train_time:155835ms step_avg:130.19ms
step:1198/2285 train_time:155964ms step_avg:130.19ms
step:1199/2285 train_time:156095ms step_avg:130.19ms
step:1200/2285 train_time:156223ms step_avg:130.19ms
step:1201/2285 train_time:156356ms step_avg:130.19ms
step:1202/2285 train_time:156483ms step_avg:130.19ms
step:1203/2285 train_time:156614ms step_avg:130.19ms
step:1204/2285 train_time:156743ms step_avg:130.19ms
step:1205/2285 train_time:156873ms step_avg:130.19ms
step:1206/2285 train_time:157002ms step_avg:130.18ms
step:1207/2285 train_time:157133ms step_avg:130.18ms
step:1208/2285 train_time:157262ms step_avg:130.18ms
step:1209/2285 train_time:157393ms step_avg:130.18ms
step:1210/2285 train_time:157522ms step_avg:130.18ms
step:1211/2285 train_time:157673ms step_avg:130.20ms
step:1212/2285 train_time:157801ms step_avg:130.20ms
step:1213/2285 train_time:157933ms step_avg:130.20ms
step:1214/2285 train_time:158062ms step_avg:130.20ms
step:1215/2285 train_time:158193ms step_avg:130.20ms
step:1216/2285 train_time:158321ms step_avg:130.20ms
step:1217/2285 train_time:158451ms step_avg:130.20ms
step:1218/2285 train_time:158580ms step_avg:130.20ms
step:1219/2285 train_time:158710ms step_avg:130.20ms
step:1220/2285 train_time:158839ms step_avg:130.20ms
step:1221/2285 train_time:158970ms step_avg:130.20ms
step:1222/2285 train_time:159099ms step_avg:130.20ms
step:1223/2285 train_time:159230ms step_avg:130.20ms
step:1224/2285 train_time:159359ms step_avg:130.20ms
step:1225/2285 train_time:159490ms step_avg:130.20ms
step:1226/2285 train_time:159619ms step_avg:130.19ms
step:1227/2285 train_time:159750ms step_avg:130.20ms
step:1228/2285 train_time:159878ms step_avg:130.19ms
step:1229/2285 train_time:160008ms step_avg:130.19ms
step:1230/2285 train_time:160137ms step_avg:130.19ms
step:1231/2285 train_time:160268ms step_avg:130.19ms
step:1232/2285 train_time:160396ms step_avg:130.19ms
step:1233/2285 train_time:160528ms step_avg:130.19ms
step:1234/2285 train_time:160657ms step_avg:130.19ms
step:1235/2285 train_time:160788ms step_avg:130.19ms
step:1236/2285 train_time:160917ms step_avg:130.19ms
step:1237/2285 train_time:161049ms step_avg:130.19ms
step:1238/2285 train_time:161181ms step_avg:130.19ms
step:1239/2285 train_time:161311ms step_avg:130.19ms
step:1240/2285 train_time:161438ms step_avg:130.19ms
step:1241/2285 train_time:161571ms step_avg:130.19ms
step:1242/2285 train_time:161701ms step_avg:130.19ms
step:1243/2285 train_time:161832ms step_avg:130.19ms
step:1244/2285 train_time:161964ms step_avg:130.20ms
step:1245/2285 train_time:162094ms step_avg:130.20ms
step:1246/2285 train_time:162223ms step_avg:130.19ms
step:1247/2285 train_time:162352ms step_avg:130.19ms
step:1248/2285 train_time:162482ms step_avg:130.19ms
step:1249/2285 train_time:162610ms step_avg:130.19ms
step:1250/2285 train_time:162740ms step_avg:130.19ms
step:1250/2285 val_loss:3.5009 train_time:162832ms step_avg:130.27ms
step:1251/2285 train_time:162961ms step_avg:130.26ms
step:1252/2285 train_time:163068ms step_avg:130.25ms
step:1253/2285 train_time:163197ms step_avg:130.25ms
step:1254/2285 train_time:163325ms step_avg:130.24ms
step:1255/2285 train_time:163456ms step_avg:130.24ms
step:1256/2285 train_time:163585ms step_avg:130.24ms
step:1257/2285 train_time:163716ms step_avg:130.24ms
step:1258/2285 train_time:163844ms step_avg:130.24ms
step:1259/2285 train_time:163975ms step_avg:130.24ms
step:1260/2285 train_time:164103ms step_avg:130.24ms
step:1261/2285 train_time:164234ms step_avg:130.24ms
step:1262/2285 train_time:164361ms step_avg:130.24ms
step:1263/2285 train_time:164493ms step_avg:130.24ms
step:1264/2285 train_time:164622ms step_avg:130.24ms
step:1265/2285 train_time:164754ms step_avg:130.24ms
step:1266/2285 train_time:164882ms step_avg:130.24ms
step:1267/2285 train_time:165012ms step_avg:130.24ms
step:1268/2285 train_time:165142ms step_avg:130.24ms
step:1269/2285 train_time:165288ms step_avg:130.25ms
step:1270/2285 train_time:165416ms step_avg:130.25ms
step:1271/2285 train_time:165550ms step_avg:130.25ms
step:1272/2285 train_time:165679ms step_avg:130.25ms
step:1273/2285 train_time:165810ms step_avg:130.25ms
step:1274/2285 train_time:165941ms step_avg:130.25ms
step:1275/2285 train_time:166069ms step_avg:130.25ms
step:1276/2285 train_time:166198ms step_avg:130.25ms
step:1277/2285 train_time:166328ms step_avg:130.25ms
step:1278/2285 train_time:166457ms step_avg:130.25ms
step:1279/2285 train_time:166587ms step_avg:130.25ms
step:1280/2285 train_time:166716ms step_avg:130.25ms
step:1281/2285 train_time:166847ms step_avg:130.25ms
step:1282/2285 train_time:166974ms step_avg:130.24ms
step:1283/2285 train_time:167105ms step_avg:130.25ms
step:1284/2285 train_time:167234ms step_avg:130.24ms
step:1285/2285 train_time:167364ms step_avg:130.24ms
step:1286/2285 train_time:167494ms step_avg:130.24ms
step:1287/2285 train_time:167624ms step_avg:130.24ms
step:1288/2285 train_time:167753ms step_avg:130.24ms
step:1289/2285 train_time:167887ms step_avg:130.25ms
step:1290/2285 train_time:168016ms step_avg:130.25ms
step:1291/2285 train_time:168147ms step_avg:130.25ms
step:1292/2285 train_time:168276ms step_avg:130.24ms
step:1293/2285 train_time:168406ms step_avg:130.24ms
step:1294/2285 train_time:168535ms step_avg:130.24ms
step:1295/2285 train_time:168666ms step_avg:130.24ms
step:1296/2285 train_time:168795ms step_avg:130.24ms
step:1297/2285 train_time:168927ms step_avg:130.24ms
step:1298/2285 train_time:169055ms step_avg:130.24ms
step:1299/2285 train_time:169186ms step_avg:130.24ms
step:1300/2285 train_time:169314ms step_avg:130.24ms
step:1301/2285 train_time:169445ms step_avg:130.24ms
step:1302/2285 train_time:169572ms step_avg:130.24ms
step:1303/2285 train_time:169704ms step_avg:130.24ms
step:1304/2285 train_time:169833ms step_avg:130.24ms
step:1305/2285 train_time:169963ms step_avg:130.24ms
step:1306/2285 train_time:170092ms step_avg:130.24ms
step:1307/2285 train_time:170225ms step_avg:130.24ms
step:1308/2285 train_time:170353ms step_avg:130.24ms
step:1309/2285 train_time:170483ms step_avg:130.24ms
step:1310/2285 train_time:170612ms step_avg:130.24ms
step:1311/2285 train_time:170742ms step_avg:130.24ms
step:1312/2285 train_time:170871ms step_avg:130.24ms
step:1313/2285 train_time:170999ms step_avg:130.24ms
step:1314/2285 train_time:171128ms step_avg:130.23ms
step:1315/2285 train_time:171259ms step_avg:130.23ms
step:1316/2285 train_time:171386ms step_avg:130.23ms
step:1317/2285 train_time:171518ms step_avg:130.23ms
step:1318/2285 train_time:171646ms step_avg:130.23ms
step:1319/2285 train_time:171777ms step_avg:130.23ms
step:1320/2285 train_time:171906ms step_avg:130.23ms
step:1321/2285 train_time:172038ms step_avg:130.23ms
step:1322/2285 train_time:172167ms step_avg:130.23ms
step:1323/2285 train_time:172301ms step_avg:130.24ms
step:1324/2285 train_time:172426ms step_avg:130.23ms
step:1325/2285 train_time:172556ms step_avg:130.23ms
step:1326/2285 train_time:172685ms step_avg:130.23ms
step:1327/2285 train_time:172816ms step_avg:130.23ms
step:1328/2285 train_time:172945ms step_avg:130.23ms
step:1329/2285 train_time:173076ms step_avg:130.23ms
step:1330/2285 train_time:173205ms step_avg:130.23ms
step:1331/2285 train_time:173336ms step_avg:130.23ms
step:1332/2285 train_time:173464ms step_avg:130.23ms
step:1333/2285 train_time:173595ms step_avg:130.23ms
step:1334/2285 train_time:173724ms step_avg:130.23ms
step:1335/2285 train_time:173855ms step_avg:130.23ms
step:1336/2285 train_time:173987ms step_avg:130.23ms
step:1337/2285 train_time:174114ms step_avg:130.23ms
step:1338/2285 train_time:174242ms step_avg:130.23ms
step:1339/2285 train_time:174373ms step_avg:130.23ms
step:1340/2285 train_time:174501ms step_avg:130.22ms
step:1341/2285 train_time:174632ms step_avg:130.23ms
step:1342/2285 train_time:174760ms step_avg:130.22ms
step:1343/2285 train_time:174890ms step_avg:130.22ms
step:1344/2285 train_time:175019ms step_avg:130.22ms
step:1345/2285 train_time:175150ms step_avg:130.22ms
step:1346/2285 train_time:175279ms step_avg:130.22ms
step:1347/2285 train_time:175409ms step_avg:130.22ms
step:1348/2285 train_time:175538ms step_avg:130.22ms
step:1349/2285 train_time:175670ms step_avg:130.22ms
step:1350/2285 train_time:175799ms step_avg:130.22ms
step:1351/2285 train_time:175929ms step_avg:130.22ms
step:1352/2285 train_time:176058ms step_avg:130.22ms
step:1353/2285 train_time:176187ms step_avg:130.22ms
step:1354/2285 train_time:176317ms step_avg:130.22ms
step:1355/2285 train_time:176447ms step_avg:130.22ms
step:1356/2285 train_time:176576ms step_avg:130.22ms
step:1357/2285 train_time:176705ms step_avg:130.22ms
step:1358/2285 train_time:176835ms step_avg:130.22ms
step:1359/2285 train_time:176965ms step_avg:130.22ms
step:1360/2285 train_time:177094ms step_avg:130.22ms
step:1361/2285 train_time:177224ms step_avg:130.22ms
step:1362/2285 train_time:177354ms step_avg:130.22ms
step:1363/2285 train_time:177484ms step_avg:130.22ms
step:1364/2285 train_time:177610ms step_avg:130.21ms
step:1365/2285 train_time:177741ms step_avg:130.21ms
step:1366/2285 train_time:177871ms step_avg:130.21ms
step:1367/2285 train_time:178003ms step_avg:130.21ms
step:1368/2285 train_time:178133ms step_avg:130.21ms
step:1369/2285 train_time:178263ms step_avg:130.21ms
step:1370/2285 train_time:178392ms step_avg:130.21ms
step:1371/2285 train_time:178522ms step_avg:130.21ms
step:1372/2285 train_time:178650ms step_avg:130.21ms
step:1373/2285 train_time:178783ms step_avg:130.21ms
step:1374/2285 train_time:178910ms step_avg:130.21ms
step:1375/2285 train_time:179041ms step_avg:130.21ms
step:1376/2285 train_time:179170ms step_avg:130.21ms
step:1377/2285 train_time:179300ms step_avg:130.21ms
step:1378/2285 train_time:179429ms step_avg:130.21ms
step:1379/2285 train_time:179560ms step_avg:130.21ms
step:1380/2285 train_time:179688ms step_avg:130.21ms
step:1381/2285 train_time:179819ms step_avg:130.21ms
step:1382/2285 train_time:179949ms step_avg:130.21ms
step:1383/2285 train_time:180079ms step_avg:130.21ms
step:1384/2285 train_time:180208ms step_avg:130.21ms
step:1385/2285 train_time:180338ms step_avg:130.21ms
step:1386/2285 train_time:180467ms step_avg:130.21ms
step:1387/2285 train_time:180596ms step_avg:130.21ms
step:1388/2285 train_time:180726ms step_avg:130.21ms
step:1389/2285 train_time:180858ms step_avg:130.21ms
step:1390/2285 train_time:180986ms step_avg:130.21ms
step:1391/2285 train_time:181117ms step_avg:130.21ms
step:1392/2285 train_time:181246ms step_avg:130.21ms
step:1393/2285 train_time:181377ms step_avg:130.21ms
step:1394/2285 train_time:181505ms step_avg:130.20ms
step:1395/2285 train_time:181636ms step_avg:130.21ms
step:1396/2285 train_time:181765ms step_avg:130.20ms
step:1397/2285 train_time:181895ms step_avg:130.20ms
step:1398/2285 train_time:182024ms step_avg:130.20ms
step:1399/2285 train_time:182157ms step_avg:130.20ms
step:1400/2285 train_time:182287ms step_avg:130.20ms
step:1401/2285 train_time:182417ms step_avg:130.21ms
step:1402/2285 train_time:182546ms step_avg:130.20ms
step:1403/2285 train_time:182678ms step_avg:130.21ms
step:1404/2285 train_time:182809ms step_avg:130.21ms
step:1405/2285 train_time:182940ms step_avg:130.21ms
step:1406/2285 train_time:183068ms step_avg:130.21ms
step:1407/2285 train_time:183197ms step_avg:130.20ms
step:1408/2285 train_time:183326ms step_avg:130.20ms
step:1409/2285 train_time:183456ms step_avg:130.20ms
step:1410/2285 train_time:183585ms step_avg:130.20ms
step:1411/2285 train_time:183716ms step_avg:130.20ms
step:1412/2285 train_time:183845ms step_avg:130.20ms
step:1413/2285 train_time:183974ms step_avg:130.20ms
step:1414/2285 train_time:184106ms step_avg:130.20ms
step:1415/2285 train_time:184234ms step_avg:130.20ms
step:1416/2285 train_time:184362ms step_avg:130.20ms
step:1417/2285 train_time:184494ms step_avg:130.20ms
step:1418/2285 train_time:184622ms step_avg:130.20ms
step:1419/2285 train_time:184752ms step_avg:130.20ms
step:1420/2285 train_time:184882ms step_avg:130.20ms
step:1421/2285 train_time:185013ms step_avg:130.20ms
step:1422/2285 train_time:185143ms step_avg:130.20ms
step:1423/2285 train_time:185274ms step_avg:130.20ms
step:1424/2285 train_time:185402ms step_avg:130.20ms
step:1425/2285 train_time:185532ms step_avg:130.20ms
step:1426/2285 train_time:185661ms step_avg:130.20ms
step:1427/2285 train_time:185792ms step_avg:130.20ms
step:1428/2285 train_time:185920ms step_avg:130.20ms
step:1429/2285 train_time:186050ms step_avg:130.20ms
step:1430/2285 train_time:186179ms step_avg:130.20ms
step:1431/2285 train_time:186310ms step_avg:130.20ms
step:1432/2285 train_time:186440ms step_avg:130.20ms
step:1433/2285 train_time:186572ms step_avg:130.20ms
step:1434/2285 train_time:186701ms step_avg:130.20ms
step:1435/2285 train_time:186831ms step_avg:130.20ms
step:1436/2285 train_time:186960ms step_avg:130.19ms
step:1437/2285 train_time:187090ms step_avg:130.19ms
step:1438/2285 train_time:187219ms step_avg:130.19ms
step:1439/2285 train_time:187349ms step_avg:130.19ms
step:1440/2285 train_time:187478ms step_avg:130.19ms
step:1441/2285 train_time:187609ms step_avg:130.19ms
step:1442/2285 train_time:187737ms step_avg:130.19ms
step:1443/2285 train_time:187867ms step_avg:130.19ms
step:1444/2285 train_time:187995ms step_avg:130.19ms
step:1445/2285 train_time:188127ms step_avg:130.19ms
step:1446/2285 train_time:188256ms step_avg:130.19ms
step:1447/2285 train_time:188388ms step_avg:130.19ms
step:1448/2285 train_time:188516ms step_avg:130.19ms
step:1449/2285 train_time:188647ms step_avg:130.19ms
step:1450/2285 train_time:188775ms step_avg:130.19ms
step:1451/2285 train_time:188906ms step_avg:130.19ms
step:1452/2285 train_time:189035ms step_avg:130.19ms
step:1453/2285 train_time:189166ms step_avg:130.19ms
step:1454/2285 train_time:189294ms step_avg:130.19ms
step:1455/2285 train_time:189425ms step_avg:130.19ms
step:1456/2285 train_time:189553ms step_avg:130.19ms
step:1457/2285 train_time:189685ms step_avg:130.19ms
step:1458/2285 train_time:189814ms step_avg:130.19ms
step:1459/2285 train_time:189946ms step_avg:130.19ms
step:1460/2285 train_time:190073ms step_avg:130.19ms
step:1461/2285 train_time:190204ms step_avg:130.19ms
step:1462/2285 train_time:190331ms step_avg:130.19ms
step:1463/2285 train_time:190463ms step_avg:130.19ms
step:1464/2285 train_time:190596ms step_avg:130.19ms
step:1465/2285 train_time:190726ms step_avg:130.19ms
step:1466/2285 train_time:190854ms step_avg:130.19ms
step:1467/2285 train_time:190984ms step_avg:130.19ms
step:1468/2285 train_time:191113ms step_avg:130.19ms
step:1469/2285 train_time:191243ms step_avg:130.19ms
step:1470/2285 train_time:191372ms step_avg:130.19ms
step:1471/2285 train_time:191502ms step_avg:130.18ms
step:1472/2285 train_time:191630ms step_avg:130.18ms
step:1473/2285 train_time:191760ms step_avg:130.18ms
step:1474/2285 train_time:191889ms step_avg:130.18ms
step:1475/2285 train_time:192019ms step_avg:130.18ms
step:1476/2285 train_time:192148ms step_avg:130.18ms
step:1477/2285 train_time:192279ms step_avg:130.18ms
step:1478/2285 train_time:192408ms step_avg:130.18ms
step:1479/2285 train_time:192538ms step_avg:130.18ms
step:1480/2285 train_time:192669ms step_avg:130.18ms
step:1481/2285 train_time:192799ms step_avg:130.18ms
step:1482/2285 train_time:192928ms step_avg:130.18ms
step:1483/2285 train_time:193058ms step_avg:130.18ms
step:1484/2285 train_time:193186ms step_avg:130.18ms
step:1485/2285 train_time:193317ms step_avg:130.18ms
step:1486/2285 train_time:193445ms step_avg:130.18ms
step:1487/2285 train_time:193576ms step_avg:130.18ms
step:1488/2285 train_time:193707ms step_avg:130.18ms
step:1489/2285 train_time:193866ms step_avg:130.20ms
step:1490/2285 train_time:193996ms step_avg:130.20ms
step:1491/2285 train_time:194123ms step_avg:130.20ms
step:1492/2285 train_time:194251ms step_avg:130.20ms
step:1493/2285 train_time:194382ms step_avg:130.20ms
step:1494/2285 train_time:194510ms step_avg:130.19ms
step:1495/2285 train_time:194641ms step_avg:130.19ms
step:1496/2285 train_time:194768ms step_avg:130.19ms
step:1497/2285 train_time:194899ms step_avg:130.19ms
step:1498/2285 train_time:195030ms step_avg:130.19ms
step:1499/2285 train_time:195162ms step_avg:130.19ms
step:1500/2285 train_time:195293ms step_avg:130.20ms
step:1500/2285 val_loss:3.4330 train_time:195386ms step_avg:130.26ms
step:1501/2285 train_time:195515ms step_avg:130.26ms
step:1502/2285 train_time:195622ms step_avg:130.24ms
step:1503/2285 train_time:195753ms step_avg:130.24ms
step:1504/2285 train_time:195881ms step_avg:130.24ms
step:1505/2285 train_time:196012ms step_avg:130.24ms
step:1506/2285 train_time:196142ms step_avg:130.24ms
step:1507/2285 train_time:196274ms step_avg:130.24ms
step:1508/2285 train_time:196405ms step_avg:130.24ms
step:1509/2285 train_time:196537ms step_avg:130.24ms
step:1510/2285 train_time:196667ms step_avg:130.24ms
step:1511/2285 train_time:196799ms step_avg:130.24ms
step:1512/2285 train_time:196928ms step_avg:130.24ms
step:1513/2285 train_time:197060ms step_avg:130.24ms
step:1514/2285 train_time:197190ms step_avg:130.24ms
step:1515/2285 train_time:197324ms step_avg:130.25ms
step:1516/2285 train_time:197455ms step_avg:130.25ms
step:1517/2285 train_time:197587ms step_avg:130.25ms
step:1518/2285 train_time:197715ms step_avg:130.25ms
step:1519/2285 train_time:197848ms step_avg:130.25ms
step:1520/2285 train_time:197977ms step_avg:130.25ms
step:1521/2285 train_time:198109ms step_avg:130.25ms
step:1522/2285 train_time:198239ms step_avg:130.25ms
step:1523/2285 train_time:198372ms step_avg:130.25ms
step:1524/2285 train_time:198501ms step_avg:130.25ms
step:1525/2285 train_time:198633ms step_avg:130.25ms
step:1526/2285 train_time:198764ms step_avg:130.25ms
step:1527/2285 train_time:198896ms step_avg:130.25ms
step:1528/2285 train_time:199026ms step_avg:130.25ms
step:1529/2285 train_time:199158ms step_avg:130.25ms
step:1530/2285 train_time:199288ms step_avg:130.25ms
step:1531/2285 train_time:199419ms step_avg:130.25ms
step:1532/2285 train_time:199549ms step_avg:130.25ms
step:1533/2285 train_time:199680ms step_avg:130.25ms
step:1534/2285 train_time:199809ms step_avg:130.25ms
step:1535/2285 train_time:199942ms step_avg:130.26ms
step:1536/2285 train_time:200072ms step_avg:130.26ms
step:1537/2285 train_time:200204ms step_avg:130.26ms
step:1538/2285 train_time:200335ms step_avg:130.26ms
step:1539/2285 train_time:200466ms step_avg:130.26ms
step:1540/2285 train_time:200598ms step_avg:130.26ms
step:1541/2285 train_time:200730ms step_avg:130.26ms
step:1542/2285 train_time:200859ms step_avg:130.26ms
step:1543/2285 train_time:200992ms step_avg:130.26ms
step:1544/2285 train_time:201122ms step_avg:130.26ms
step:1545/2285 train_time:201253ms step_avg:130.26ms
step:1546/2285 train_time:201382ms step_avg:130.26ms
step:1547/2285 train_time:201512ms step_avg:130.26ms
step:1548/2285 train_time:201641ms step_avg:130.26ms
step:1549/2285 train_time:201774ms step_avg:130.26ms
step:1550/2285 train_time:201904ms step_avg:130.26ms
step:1551/2285 train_time:202035ms step_avg:130.26ms
step:1552/2285 train_time:202164ms step_avg:130.26ms
step:1553/2285 train_time:202296ms step_avg:130.26ms
step:1554/2285 train_time:202426ms step_avg:130.26ms
step:1555/2285 train_time:202557ms step_avg:130.26ms
step:1556/2285 train_time:202687ms step_avg:130.26ms
step:1557/2285 train_time:202818ms step_avg:130.26ms
step:1558/2285 train_time:202950ms step_avg:130.26ms
step:1559/2285 train_time:203080ms step_avg:130.26ms
step:1560/2285 train_time:203212ms step_avg:130.26ms
step:1561/2285 train_time:203344ms step_avg:130.26ms
step:1562/2285 train_time:203473ms step_avg:130.26ms
step:1563/2285 train_time:203607ms step_avg:130.27ms
step:1564/2285 train_time:203738ms step_avg:130.27ms
step:1565/2285 train_time:203871ms step_avg:130.27ms
step:1566/2285 train_time:203999ms step_avg:130.27ms
step:1567/2285 train_time:204132ms step_avg:130.27ms
step:1568/2285 train_time:204261ms step_avg:130.27ms
step:1569/2285 train_time:204393ms step_avg:130.27ms
step:1570/2285 train_time:204522ms step_avg:130.27ms
step:1571/2285 train_time:204655ms step_avg:130.27ms
step:1572/2285 train_time:204785ms step_avg:130.27ms
step:1573/2285 train_time:204916ms step_avg:130.27ms
step:1574/2285 train_time:205045ms step_avg:130.27ms
step:1575/2285 train_time:205178ms step_avg:130.27ms
step:1576/2285 train_time:205308ms step_avg:130.27ms
step:1577/2285 train_time:205441ms step_avg:130.27ms
step:1578/2285 train_time:205570ms step_avg:130.27ms
step:1579/2285 train_time:205702ms step_avg:130.27ms
step:1580/2285 train_time:205831ms step_avg:130.27ms
step:1581/2285 train_time:205963ms step_avg:130.27ms
step:1582/2285 train_time:206094ms step_avg:130.27ms
step:1583/2285 train_time:206225ms step_avg:130.28ms
step:1584/2285 train_time:206356ms step_avg:130.28ms
step:1585/2285 train_time:206488ms step_avg:130.28ms
step:1586/2285 train_time:206618ms step_avg:130.28ms
step:1587/2285 train_time:206750ms step_avg:130.28ms
step:1588/2285 train_time:206879ms step_avg:130.28ms
step:1589/2285 train_time:207013ms step_avg:130.28ms
step:1590/2285 train_time:207143ms step_avg:130.28ms
step:1591/2285 train_time:207274ms step_avg:130.28ms
step:1592/2285 train_time:207405ms step_avg:130.28ms
step:1593/2285 train_time:207537ms step_avg:130.28ms
step:1594/2285 train_time:207666ms step_avg:130.28ms
step:1595/2285 train_time:207798ms step_avg:130.28ms
step:1596/2285 train_time:207927ms step_avg:130.28ms
step:1597/2285 train_time:208059ms step_avg:130.28ms
step:1598/2285 train_time:208189ms step_avg:130.28ms
step:1599/2285 train_time:208339ms step_avg:130.29ms
step:1600/2285 train_time:208467ms step_avg:130.29ms
step:1601/2285 train_time:208599ms step_avg:130.29ms
step:1602/2285 train_time:208729ms step_avg:130.29ms
step:1603/2285 train_time:208860ms step_avg:130.29ms
step:1604/2285 train_time:208989ms step_avg:130.29ms
step:1605/2285 train_time:209121ms step_avg:130.29ms
step:1606/2285 train_time:209252ms step_avg:130.29ms
step:1607/2285 train_time:209383ms step_avg:130.29ms
step:1608/2285 train_time:209513ms step_avg:130.29ms
step:1609/2285 train_time:209644ms step_avg:130.29ms
step:1610/2285 train_time:209775ms step_avg:130.30ms
step:1611/2285 train_time:209906ms step_avg:130.30ms
step:1612/2285 train_time:210038ms step_avg:130.30ms
step:1613/2285 train_time:210166ms step_avg:130.30ms
step:1614/2285 train_time:210296ms step_avg:130.30ms
step:1615/2285 train_time:210429ms step_avg:130.30ms
step:1616/2285 train_time:210562ms step_avg:130.30ms
step:1617/2285 train_time:210694ms step_avg:130.30ms
step:1618/2285 train_time:210824ms step_avg:130.30ms
step:1619/2285 train_time:210954ms step_avg:130.30ms
step:1620/2285 train_time:211084ms step_avg:130.30ms
step:1621/2285 train_time:211216ms step_avg:130.30ms
step:1622/2285 train_time:211346ms step_avg:130.30ms
step:1623/2285 train_time:211479ms step_avg:130.30ms
step:1624/2285 train_time:211610ms step_avg:130.30ms
step:1625/2285 train_time:211741ms step_avg:130.30ms
step:1626/2285 train_time:211871ms step_avg:130.30ms
step:1627/2285 train_time:212002ms step_avg:130.30ms
step:1628/2285 train_time:212134ms step_avg:130.30ms
step:1629/2285 train_time:212263ms step_avg:130.30ms
step:1630/2285 train_time:212391ms step_avg:130.30ms
step:1631/2285 train_time:212524ms step_avg:130.30ms
step:1632/2285 train_time:212655ms step_avg:130.30ms
step:1633/2285 train_time:212788ms step_avg:130.31ms
step:1634/2285 train_time:212947ms step_avg:130.32ms
step:1635/2285 train_time:213057ms step_avg:130.31ms
step:1636/2285 train_time:213187ms step_avg:130.31ms
step:1637/2285 train_time:213320ms step_avg:130.31ms
step:1638/2285 train_time:213449ms step_avg:130.31ms
step:1639/2285 train_time:213581ms step_avg:130.31ms
step:1640/2285 train_time:213711ms step_avg:130.31ms
step:1641/2285 train_time:213842ms step_avg:130.31ms
step:1642/2285 train_time:213972ms step_avg:130.31ms
step:1643/2285 train_time:214104ms step_avg:130.31ms
step:1644/2285 train_time:214233ms step_avg:130.31ms
step:1645/2285 train_time:214366ms step_avg:130.31ms
step:1646/2285 train_time:214495ms step_avg:130.31ms
step:1647/2285 train_time:214627ms step_avg:130.31ms
step:1648/2285 train_time:214756ms step_avg:130.31ms
step:1649/2285 train_time:214889ms step_avg:130.31ms
step:1650/2285 train_time:215019ms step_avg:130.31ms
step:1651/2285 train_time:215150ms step_avg:130.32ms
step:1652/2285 train_time:215279ms step_avg:130.31ms
step:1653/2285 train_time:215414ms step_avg:130.32ms
step:1654/2285 train_time:215543ms step_avg:130.32ms
step:1655/2285 train_time:215676ms step_avg:130.32ms
step:1656/2285 train_time:215805ms step_avg:130.32ms
step:1657/2285 train_time:215936ms step_avg:130.32ms
step:1658/2285 train_time:216063ms step_avg:130.32ms
step:1659/2285 train_time:216195ms step_avg:130.32ms
step:1660/2285 train_time:216325ms step_avg:130.32ms
step:1661/2285 train_time:216458ms step_avg:130.32ms
step:1662/2285 train_time:216588ms step_avg:130.32ms
step:1663/2285 train_time:216719ms step_avg:130.32ms
step:1664/2285 train_time:216849ms step_avg:130.32ms
step:1665/2285 train_time:216982ms step_avg:130.32ms
step:1666/2285 train_time:217111ms step_avg:130.32ms
step:1667/2285 train_time:217242ms step_avg:130.32ms
step:1668/2285 train_time:217371ms step_avg:130.32ms
step:1669/2285 train_time:217504ms step_avg:130.32ms
step:1670/2285 train_time:217633ms step_avg:130.32ms
step:1671/2285 train_time:217764ms step_avg:130.32ms
step:1672/2285 train_time:217894ms step_avg:130.32ms
step:1673/2285 train_time:218025ms step_avg:130.32ms
step:1674/2285 train_time:218157ms step_avg:130.32ms
step:1675/2285 train_time:218289ms step_avg:130.32ms
step:1676/2285 train_time:218418ms step_avg:130.32ms
step:1677/2285 train_time:218550ms step_avg:130.32ms
step:1678/2285 train_time:218680ms step_avg:130.32ms
step:1679/2285 train_time:218812ms step_avg:130.32ms
step:1680/2285 train_time:218941ms step_avg:130.32ms
step:1681/2285 train_time:219075ms step_avg:130.32ms
step:1682/2285 train_time:219205ms step_avg:130.32ms
step:1683/2285 train_time:219337ms step_avg:130.32ms
step:1684/2285 train_time:219467ms step_avg:130.32ms
step:1685/2285 train_time:219599ms step_avg:130.33ms
step:1686/2285 train_time:219729ms step_avg:130.33ms
step:1687/2285 train_time:219860ms step_avg:130.33ms
step:1688/2285 train_time:219990ms step_avg:130.33ms
step:1689/2285 train_time:220122ms step_avg:130.33ms
step:1690/2285 train_time:220252ms step_avg:130.33ms
step:1691/2285 train_time:220383ms step_avg:130.33ms
step:1692/2285 train_time:220513ms step_avg:130.33ms
step:1693/2285 train_time:220645ms step_avg:130.33ms
step:1694/2285 train_time:220773ms step_avg:130.33ms
step:1695/2285 train_time:220904ms step_avg:130.33ms
step:1696/2285 train_time:221037ms step_avg:130.33ms
step:1697/2285 train_time:221168ms step_avg:130.33ms
step:1698/2285 train_time:221297ms step_avg:130.33ms
step:1699/2285 train_time:221429ms step_avg:130.33ms
step:1700/2285 train_time:221558ms step_avg:130.33ms
step:1701/2285 train_time:221691ms step_avg:130.33ms
step:1702/2285 train_time:221820ms step_avg:130.33ms
step:1703/2285 train_time:221952ms step_avg:130.33ms
step:1704/2285 train_time:222081ms step_avg:130.33ms
step:1705/2285 train_time:222212ms step_avg:130.33ms
step:1706/2285 train_time:222342ms step_avg:130.33ms
step:1707/2285 train_time:222475ms step_avg:130.33ms
step:1708/2285 train_time:222604ms step_avg:130.33ms
step:1709/2285 train_time:222736ms step_avg:130.33ms
step:1710/2285 train_time:222864ms step_avg:130.33ms
step:1711/2285 train_time:222997ms step_avg:130.33ms
step:1712/2285 train_time:223128ms step_avg:130.33ms
step:1713/2285 train_time:223260ms step_avg:130.33ms
step:1714/2285 train_time:223389ms step_avg:130.33ms
step:1715/2285 train_time:223520ms step_avg:130.33ms
step:1716/2285 train_time:223650ms step_avg:130.33ms
step:1717/2285 train_time:223781ms step_avg:130.33ms
step:1718/2285 train_time:223912ms step_avg:130.33ms
step:1719/2285 train_time:224043ms step_avg:130.33ms
step:1720/2285 train_time:224172ms step_avg:130.33ms
step:1721/2285 train_time:224304ms step_avg:130.33ms
step:1722/2285 train_time:224434ms step_avg:130.33ms
step:1723/2285 train_time:224565ms step_avg:130.33ms
step:1724/2285 train_time:224696ms step_avg:130.33ms
step:1725/2285 train_time:224829ms step_avg:130.34ms
step:1726/2285 train_time:224959ms step_avg:130.34ms
step:1727/2285 train_time:225091ms step_avg:130.34ms
step:1728/2285 train_time:225222ms step_avg:130.34ms
step:1729/2285 train_time:225355ms step_avg:130.34ms
step:1730/2285 train_time:225484ms step_avg:130.34ms
step:1731/2285 train_time:225618ms step_avg:130.34ms
step:1732/2285 train_time:225749ms step_avg:130.34ms
step:1733/2285 train_time:225880ms step_avg:130.34ms
step:1734/2285 train_time:226009ms step_avg:130.34ms
step:1735/2285 train_time:226140ms step_avg:130.34ms
step:1736/2285 train_time:226270ms step_avg:130.34ms
step:1737/2285 train_time:226401ms step_avg:130.34ms
step:1738/2285 train_time:226531ms step_avg:130.34ms
step:1739/2285 train_time:226663ms step_avg:130.34ms
step:1740/2285 train_time:226792ms step_avg:130.34ms
step:1741/2285 train_time:226925ms step_avg:130.34ms
step:1742/2285 train_time:227051ms step_avg:130.34ms
step:1743/2285 train_time:227182ms step_avg:130.34ms
step:1744/2285 train_time:227312ms step_avg:130.34ms
step:1745/2285 train_time:227444ms step_avg:130.34ms
step:1746/2285 train_time:227574ms step_avg:130.34ms
step:1747/2285 train_time:227705ms step_avg:130.34ms
step:1748/2285 train_time:227835ms step_avg:130.34ms
step:1749/2285 train_time:227967ms step_avg:130.34ms
step:1750/2285 train_time:228097ms step_avg:130.34ms
step:1750/2285 val_loss:3.3691 train_time:228190ms step_avg:130.39ms
step:1751/2285 train_time:228321ms step_avg:130.39ms
step:1752/2285 train_time:228435ms step_avg:130.39ms
step:1753/2285 train_time:228566ms step_avg:130.39ms
step:1754/2285 train_time:228695ms step_avg:130.38ms
step:1755/2285 train_time:228827ms step_avg:130.39ms
step:1756/2285 train_time:228957ms step_avg:130.39ms
step:1757/2285 train_time:229088ms step_avg:130.39ms
step:1758/2285 train_time:229218ms step_avg:130.39ms
step:1759/2285 train_time:229350ms step_avg:130.39ms
step:1760/2285 train_time:229479ms step_avg:130.39ms
step:1761/2285 train_time:229612ms step_avg:130.39ms
step:1762/2285 train_time:229741ms step_avg:130.39ms
step:1763/2285 train_time:229872ms step_avg:130.39ms
step:1764/2285 train_time:230002ms step_avg:130.39ms
step:1765/2285 train_time:230133ms step_avg:130.39ms
step:1766/2285 train_time:230263ms step_avg:130.39ms
step:1767/2285 train_time:230395ms step_avg:130.39ms
step:1768/2285 train_time:230525ms step_avg:130.39ms
step:1769/2285 train_time:230664ms step_avg:130.39ms
step:1770/2285 train_time:230787ms step_avg:130.39ms
step:1771/2285 train_time:230918ms step_avg:130.39ms
step:1772/2285 train_time:231048ms step_avg:130.39ms
step:1773/2285 train_time:231180ms step_avg:130.39ms
step:1774/2285 train_time:231312ms step_avg:130.39ms
step:1775/2285 train_time:231444ms step_avg:130.39ms
step:1776/2285 train_time:231575ms step_avg:130.39ms
step:1777/2285 train_time:231705ms step_avg:130.39ms
step:1778/2285 train_time:231835ms step_avg:130.39ms
step:1779/2285 train_time:231966ms step_avg:130.39ms
step:1780/2285 train_time:232096ms step_avg:130.39ms
step:1781/2285 train_time:232227ms step_avg:130.39ms
step:1782/2285 train_time:232354ms step_avg:130.39ms
step:1783/2285 train_time:232487ms step_avg:130.39ms
step:1784/2285 train_time:232615ms step_avg:130.39ms
step:1785/2285 train_time:232747ms step_avg:130.39ms
step:1786/2285 train_time:232876ms step_avg:130.39ms
step:1787/2285 train_time:233010ms step_avg:130.39ms
step:1788/2285 train_time:233140ms step_avg:130.39ms
step:1789/2285 train_time:233271ms step_avg:130.39ms
step:1790/2285 train_time:233400ms step_avg:130.39ms
step:1791/2285 train_time:233532ms step_avg:130.39ms
step:1792/2285 train_time:233661ms step_avg:130.39ms
step:1793/2285 train_time:233792ms step_avg:130.39ms
step:1794/2285 train_time:233924ms step_avg:130.39ms
step:1795/2285 train_time:234056ms step_avg:130.39ms
step:1796/2285 train_time:234185ms step_avg:130.39ms
step:1797/2285 train_time:234317ms step_avg:130.39ms
step:1798/2285 train_time:234446ms step_avg:130.39ms
step:1799/2285 train_time:234578ms step_avg:130.39ms
step:1800/2285 train_time:234707ms step_avg:130.39ms
step:1801/2285 train_time:234839ms step_avg:130.39ms
step:1802/2285 train_time:234973ms step_avg:130.40ms
step:1803/2285 train_time:235101ms step_avg:130.39ms
step:1804/2285 train_time:235230ms step_avg:130.39ms
step:1805/2285 train_time:235364ms step_avg:130.40ms
step:1806/2285 train_time:235494ms step_avg:130.40ms
step:1807/2285 train_time:235626ms step_avg:130.40ms
step:1808/2285 train_time:235754ms step_avg:130.40ms
step:1809/2285 train_time:235886ms step_avg:130.40ms
step:1810/2285 train_time:236017ms step_avg:130.40ms
step:1811/2285 train_time:236148ms step_avg:130.40ms
step:1812/2285 train_time:236277ms step_avg:130.40ms
step:1813/2285 train_time:236408ms step_avg:130.40ms
step:1814/2285 train_time:236539ms step_avg:130.40ms
step:1815/2285 train_time:236672ms step_avg:130.40ms
step:1816/2285 train_time:236803ms step_avg:130.40ms
step:1817/2285 train_time:236933ms step_avg:130.40ms
step:1818/2285 train_time:237064ms step_avg:130.40ms
step:1819/2285 train_time:237196ms step_avg:130.40ms
step:1820/2285 train_time:237326ms step_avg:130.40ms
step:1821/2285 train_time:237457ms step_avg:130.40ms
step:1822/2285 train_time:237587ms step_avg:130.40ms
step:1823/2285 train_time:237717ms step_avg:130.40ms
step:1824/2285 train_time:237847ms step_avg:130.40ms
step:1825/2285 train_time:237980ms step_avg:130.40ms
step:1826/2285 train_time:238109ms step_avg:130.40ms
step:1827/2285 train_time:238241ms step_avg:130.40ms
step:1828/2285 train_time:238374ms step_avg:130.40ms
step:1829/2285 train_time:238506ms step_avg:130.40ms
step:1830/2285 train_time:238635ms step_avg:130.40ms
step:1831/2285 train_time:238767ms step_avg:130.40ms
step:1832/2285 train_time:238897ms step_avg:130.40ms
step:1833/2285 train_time:239028ms step_avg:130.40ms
step:1834/2285 train_time:239158ms step_avg:130.40ms
step:1835/2285 train_time:239288ms step_avg:130.40ms
step:1836/2285 train_time:239417ms step_avg:130.40ms
step:1837/2285 train_time:239548ms step_avg:130.40ms
step:1838/2285 train_time:239677ms step_avg:130.40ms
step:1839/2285 train_time:239811ms step_avg:130.40ms
step:1840/2285 train_time:239940ms step_avg:130.40ms
step:1841/2285 train_time:240072ms step_avg:130.40ms
step:1842/2285 train_time:240202ms step_avg:130.40ms
step:1843/2285 train_time:240334ms step_avg:130.40ms
step:1844/2285 train_time:240464ms step_avg:130.40ms
step:1845/2285 train_time:240596ms step_avg:130.40ms
step:1846/2285 train_time:240726ms step_avg:130.40ms
step:1847/2285 train_time:240859ms step_avg:130.41ms
step:1848/2285 train_time:240989ms step_avg:130.41ms
step:1849/2285 train_time:241120ms step_avg:130.41ms
step:1850/2285 train_time:241250ms step_avg:130.41ms
step:1851/2285 train_time:241382ms step_avg:130.41ms
step:1852/2285 train_time:241512ms step_avg:130.41ms
step:1853/2285 train_time:241640ms step_avg:130.40ms
step:1854/2285 train_time:241781ms step_avg:130.41ms
step:1855/2285 train_time:241912ms step_avg:130.41ms
step:1856/2285 train_time:242044ms step_avg:130.41ms
step:1857/2285 train_time:242174ms step_avg:130.41ms
step:1858/2285 train_time:242305ms step_avg:130.41ms
step:1859/2285 train_time:242435ms step_avg:130.41ms
step:1860/2285 train_time:242566ms step_avg:130.41ms
step:1861/2285 train_time:242697ms step_avg:130.41ms
step:1862/2285 train_time:242819ms step_avg:130.41ms
step:1863/2285 train_time:242951ms step_avg:130.41ms
step:1864/2285 train_time:243082ms step_avg:130.41ms
step:1865/2285 train_time:243210ms step_avg:130.41ms
step:1866/2285 train_time:243340ms step_avg:130.41ms
step:1867/2285 train_time:243472ms step_avg:130.41ms
step:1868/2285 train_time:243601ms step_avg:130.41ms
step:1869/2285 train_time:243732ms step_avg:130.41ms
step:1870/2285 train_time:243863ms step_avg:130.41ms
step:1871/2285 train_time:243995ms step_avg:130.41ms
step:1872/2285 train_time:244124ms step_avg:130.41ms
step:1873/2285 train_time:244257ms step_avg:130.41ms
step:1874/2285 train_time:244385ms step_avg:130.41ms
step:1875/2285 train_time:244516ms step_avg:130.41ms
step:1876/2285 train_time:244646ms step_avg:130.41ms
step:1877/2285 train_time:244781ms step_avg:130.41ms
step:1878/2285 train_time:244912ms step_avg:130.41ms
step:1879/2285 train_time:245043ms step_avg:130.41ms
step:1880/2285 train_time:245172ms step_avg:130.41ms
step:1881/2285 train_time:245304ms step_avg:130.41ms
step:1882/2285 train_time:245434ms step_avg:130.41ms
step:1883/2285 train_time:245568ms step_avg:130.41ms
step:1884/2285 train_time:245698ms step_avg:130.41ms
step:1885/2285 train_time:245829ms step_avg:130.41ms
step:1886/2285 train_time:245958ms step_avg:130.41ms
step:1887/2285 train_time:246090ms step_avg:130.41ms
step:1888/2285 train_time:246221ms step_avg:130.41ms
step:1889/2285 train_time:246352ms step_avg:130.41ms
step:1890/2285 train_time:246482ms step_avg:130.41ms
step:1891/2285 train_time:246613ms step_avg:130.41ms
step:1892/2285 train_time:246741ms step_avg:130.41ms
step:1893/2285 train_time:246873ms step_avg:130.41ms
step:1894/2285 train_time:247005ms step_avg:130.41ms
step:1895/2285 train_time:247136ms step_avg:130.41ms
step:1896/2285 train_time:247265ms step_avg:130.41ms
step:1897/2285 train_time:247395ms step_avg:130.41ms
step:1898/2285 train_time:247526ms step_avg:130.41ms
step:1899/2285 train_time:247658ms step_avg:130.41ms
step:1900/2285 train_time:247790ms step_avg:130.42ms
step:1901/2285 train_time:247920ms step_avg:130.42ms
step:1902/2285 train_time:248052ms step_avg:130.42ms
step:1903/2285 train_time:248183ms step_avg:130.42ms
step:1904/2285 train_time:248313ms step_avg:130.42ms
step:1905/2285 train_time:248444ms step_avg:130.42ms
step:1906/2285 train_time:248575ms step_avg:130.42ms
step:1907/2285 train_time:248705ms step_avg:130.42ms
step:1908/2285 train_time:248836ms step_avg:130.42ms
step:1909/2285 train_time:248967ms step_avg:130.42ms
step:1910/2285 train_time:249097ms step_avg:130.42ms
step:1911/2285 train_time:249229ms step_avg:130.42ms
step:1912/2285 train_time:249360ms step_avg:130.42ms
step:1913/2285 train_time:249492ms step_avg:130.42ms
step:1914/2285 train_time:249620ms step_avg:130.42ms
step:1915/2285 train_time:249751ms step_avg:130.42ms
step:1916/2285 train_time:249881ms step_avg:130.42ms
step:1917/2285 train_time:250013ms step_avg:130.42ms
step:1918/2285 train_time:250143ms step_avg:130.42ms
step:1919/2285 train_time:250274ms step_avg:130.42ms
step:1920/2285 train_time:250404ms step_avg:130.42ms
step:1921/2285 train_time:250536ms step_avg:130.42ms
step:1922/2285 train_time:250665ms step_avg:130.42ms
step:1923/2285 train_time:250797ms step_avg:130.42ms
step:1924/2285 train_time:250925ms step_avg:130.42ms
step:1925/2285 train_time:251057ms step_avg:130.42ms
step:1926/2285 train_time:251187ms step_avg:130.42ms
step:1927/2285 train_time:251319ms step_avg:130.42ms
step:1928/2285 train_time:251448ms step_avg:130.42ms
step:1929/2285 train_time:251581ms step_avg:130.42ms
step:1930/2285 train_time:251710ms step_avg:130.42ms
step:1931/2285 train_time:251843ms step_avg:130.42ms
step:1932/2285 train_time:251972ms step_avg:130.42ms
step:1933/2285 train_time:252104ms step_avg:130.42ms
step:1934/2285 train_time:252234ms step_avg:130.42ms
step:1935/2285 train_time:252365ms step_avg:130.42ms
step:1936/2285 train_time:252495ms step_avg:130.42ms
step:1937/2285 train_time:252628ms step_avg:130.42ms
step:1938/2285 train_time:252758ms step_avg:130.42ms
step:1939/2285 train_time:252890ms step_avg:130.42ms
step:1940/2285 train_time:253020ms step_avg:130.42ms
step:1941/2285 train_time:253152ms step_avg:130.42ms
step:1942/2285 train_time:253283ms step_avg:130.42ms
step:1943/2285 train_time:253415ms step_avg:130.42ms
step:1944/2285 train_time:253545ms step_avg:130.42ms
step:1945/2285 train_time:253676ms step_avg:130.42ms
step:1946/2285 train_time:253805ms step_avg:130.42ms
step:1947/2285 train_time:253936ms step_avg:130.42ms
step:1948/2285 train_time:254065ms step_avg:130.42ms
step:1949/2285 train_time:254197ms step_avg:130.42ms
step:1950/2285 train_time:254325ms step_avg:130.42ms
step:1951/2285 train_time:254457ms step_avg:130.42ms
step:1952/2285 train_time:254587ms step_avg:130.42ms
step:1953/2285 train_time:254720ms step_avg:130.42ms
step:1954/2285 train_time:254849ms step_avg:130.42ms
step:1955/2285 train_time:254981ms step_avg:130.43ms
step:1956/2285 train_time:255112ms step_avg:130.43ms
step:1957/2285 train_time:255243ms step_avg:130.43ms
step:1958/2285 train_time:255375ms step_avg:130.43ms
step:1959/2285 train_time:255507ms step_avg:130.43ms
step:1960/2285 train_time:255637ms step_avg:130.43ms
step:1961/2285 train_time:255768ms step_avg:130.43ms
step:1962/2285 train_time:255897ms step_avg:130.43ms
step:1963/2285 train_time:256060ms step_avg:130.44ms
step:1964/2285 train_time:256189ms step_avg:130.44ms
step:1965/2285 train_time:256320ms step_avg:130.44ms
step:1966/2285 train_time:256449ms step_avg:130.44ms
step:1967/2285 train_time:256581ms step_avg:130.44ms
step:1968/2285 train_time:256711ms step_avg:130.44ms
step:1969/2285 train_time:256842ms step_avg:130.44ms
step:1970/2285 train_time:256971ms step_avg:130.44ms
step:1971/2285 train_time:257103ms step_avg:130.44ms
step:1972/2285 train_time:257233ms step_avg:130.44ms
step:1973/2285 train_time:257365ms step_avg:130.44ms
step:1974/2285 train_time:257494ms step_avg:130.44ms
step:1975/2285 train_time:257626ms step_avg:130.44ms
step:1976/2285 train_time:257756ms step_avg:130.44ms
step:1977/2285 train_time:257889ms step_avg:130.44ms
step:1978/2285 train_time:258018ms step_avg:130.44ms
step:1979/2285 train_time:258150ms step_avg:130.44ms
step:1980/2285 train_time:258279ms step_avg:130.44ms
step:1981/2285 train_time:258412ms step_avg:130.45ms
step:1982/2285 train_time:258541ms step_avg:130.44ms
step:1983/2285 train_time:258674ms step_avg:130.45ms
step:1984/2285 train_time:258803ms step_avg:130.45ms
step:1985/2285 train_time:258936ms step_avg:130.45ms
step:1986/2285 train_time:259064ms step_avg:130.45ms
step:1987/2285 train_time:259195ms step_avg:130.45ms
step:1988/2285 train_time:259325ms step_avg:130.45ms
step:1989/2285 train_time:259457ms step_avg:130.45ms
step:1990/2285 train_time:259588ms step_avg:130.45ms
step:1991/2285 train_time:259719ms step_avg:130.45ms
step:1992/2285 train_time:259849ms step_avg:130.45ms
step:1993/2285 train_time:259981ms step_avg:130.45ms
step:1994/2285 train_time:260111ms step_avg:130.45ms
step:1995/2285 train_time:260242ms step_avg:130.45ms
step:1996/2285 train_time:260371ms step_avg:130.45ms
step:1997/2285 train_time:260504ms step_avg:130.45ms
step:1998/2285 train_time:260634ms step_avg:130.45ms
step:1999/2285 train_time:260767ms step_avg:130.45ms
step:2000/2285 train_time:260896ms step_avg:130.45ms
step:2000/2285 val_loss:3.3220 train_time:260990ms step_avg:130.50ms
step:2001/2285 train_time:261117ms step_avg:130.49ms
step:2002/2285 train_time:261217ms step_avg:130.48ms
step:2003/2285 train_time:261347ms step_avg:130.48ms
step:2004/2285 train_time:261477ms step_avg:130.48ms
step:2005/2285 train_time:261611ms step_avg:130.48ms
step:2006/2285 train_time:261740ms step_avg:130.48ms
step:2007/2285 train_time:261872ms step_avg:130.48ms
step:2008/2285 train_time:262001ms step_avg:130.48ms
step:2009/2285 train_time:262134ms step_avg:130.48ms
step:2010/2285 train_time:262264ms step_avg:130.48ms
step:2011/2285 train_time:262394ms step_avg:130.48ms
step:2012/2285 train_time:262524ms step_avg:130.48ms
step:2013/2285 train_time:262655ms step_avg:130.48ms
step:2014/2285 train_time:262785ms step_avg:130.48ms
step:2015/2285 train_time:262917ms step_avg:130.48ms
step:2016/2285 train_time:263047ms step_avg:130.48ms
step:2017/2285 train_time:263179ms step_avg:130.48ms
step:2018/2285 train_time:263310ms step_avg:130.48ms
step:2019/2285 train_time:263441ms step_avg:130.48ms
step:2020/2285 train_time:263571ms step_avg:130.48ms
step:2021/2285 train_time:263703ms step_avg:130.48ms
step:2022/2285 train_time:263833ms step_avg:130.48ms
step:2023/2285 train_time:263967ms step_avg:130.48ms
step:2024/2285 train_time:264095ms step_avg:130.48ms
step:2025/2285 train_time:264227ms step_avg:130.48ms
step:2026/2285 train_time:264357ms step_avg:130.48ms
step:2027/2285 train_time:264489ms step_avg:130.48ms
step:2028/2285 train_time:264619ms step_avg:130.48ms
step:2029/2285 train_time:264751ms step_avg:130.48ms
step:2030/2285 train_time:264880ms step_avg:130.48ms
step:2031/2285 train_time:265011ms step_avg:130.48ms
step:2032/2285 train_time:265141ms step_avg:130.48ms
step:2033/2285 train_time:265277ms step_avg:130.49ms
step:2034/2285 train_time:265407ms step_avg:130.49ms
step:2035/2285 train_time:265536ms step_avg:130.48ms
step:2036/2285 train_time:265665ms step_avg:130.48ms
step:2037/2285 train_time:265798ms step_avg:130.48ms
step:2038/2285 train_time:265928ms step_avg:130.49ms
step:2039/2285 train_time:266059ms step_avg:130.49ms
step:2040/2285 train_time:266189ms step_avg:130.48ms
step:2041/2285 train_time:266321ms step_avg:130.49ms
step:2042/2285 train_time:266451ms step_avg:130.49ms
step:2043/2285 train_time:266582ms step_avg:130.49ms
step:2044/2285 train_time:266711ms step_avg:130.48ms
step:2045/2285 train_time:266842ms step_avg:130.49ms
step:2046/2285 train_time:266973ms step_avg:130.49ms
step:2047/2285 train_time:267104ms step_avg:130.49ms
step:2048/2285 train_time:267234ms step_avg:130.49ms
step:2049/2285 train_time:267366ms step_avg:130.49ms
step:2050/2285 train_time:267495ms step_avg:130.49ms
step:2051/2285 train_time:267628ms step_avg:130.49ms
step:2052/2285 train_time:267757ms step_avg:130.49ms
step:2053/2285 train_time:267890ms step_avg:130.49ms
step:2054/2285 train_time:268020ms step_avg:130.49ms
step:2055/2285 train_time:268151ms step_avg:130.49ms
step:2056/2285 train_time:268281ms step_avg:130.49ms
step:2057/2285 train_time:268413ms step_avg:130.49ms
step:2058/2285 train_time:268543ms step_avg:130.49ms
step:2059/2285 train_time:268676ms step_avg:130.49ms
step:2060/2285 train_time:268809ms step_avg:130.49ms
step:2061/2285 train_time:268940ms step_avg:130.49ms
step:2062/2285 train_time:269070ms step_avg:130.49ms
step:2063/2285 train_time:269201ms step_avg:130.49ms
step:2064/2285 train_time:269331ms step_avg:130.49ms
step:2065/2285 train_time:269463ms step_avg:130.49ms
step:2066/2285 train_time:269590ms step_avg:130.49ms
step:2067/2285 train_time:269723ms step_avg:130.49ms
step:2068/2285 train_time:269852ms step_avg:130.49ms
step:2069/2285 train_time:269984ms step_avg:130.49ms
step:2070/2285 train_time:270114ms step_avg:130.49ms
step:2071/2285 train_time:270246ms step_avg:130.49ms
step:2072/2285 train_time:270376ms step_avg:130.49ms
step:2073/2285 train_time:270507ms step_avg:130.49ms
step:2074/2285 train_time:270637ms step_avg:130.49ms
step:2075/2285 train_time:270768ms step_avg:130.49ms
step:2076/2285 train_time:270898ms step_avg:130.49ms
step:2077/2285 train_time:271030ms step_avg:130.49ms
step:2078/2285 train_time:271159ms step_avg:130.49ms
step:2079/2285 train_time:271292ms step_avg:130.49ms
step:2080/2285 train_time:271422ms step_avg:130.49ms
step:2081/2285 train_time:271554ms step_avg:130.49ms
step:2082/2285 train_time:271683ms step_avg:130.49ms
step:2083/2285 train_time:271815ms step_avg:130.49ms
step:2084/2285 train_time:271945ms step_avg:130.49ms
step:2085/2285 train_time:272077ms step_avg:130.49ms
step:2086/2285 train_time:272208ms step_avg:130.49ms
step:2087/2285 train_time:272340ms step_avg:130.49ms
step:2088/2285 train_time:272469ms step_avg:130.49ms
step:2089/2285 train_time:272601ms step_avg:130.49ms
step:2090/2285 train_time:272731ms step_avg:130.49ms
step:2091/2285 train_time:272863ms step_avg:130.49ms
step:2092/2285 train_time:272993ms step_avg:130.49ms
step:2093/2285 train_time:273125ms step_avg:130.49ms
step:2094/2285 train_time:273255ms step_avg:130.49ms
step:2095/2285 train_time:273386ms step_avg:130.49ms
step:2096/2285 train_time:273515ms step_avg:130.49ms
step:2097/2285 train_time:273646ms step_avg:130.49ms
step:2098/2285 train_time:273776ms step_avg:130.49ms
step:2099/2285 train_time:273907ms step_avg:130.49ms
step:2100/2285 train_time:274037ms step_avg:130.49ms
step:2101/2285 train_time:274169ms step_avg:130.49ms
step:2102/2285 train_time:274299ms step_avg:130.49ms
step:2103/2285 train_time:274430ms step_avg:130.49ms
step:2104/2285 train_time:274560ms step_avg:130.49ms
step:2105/2285 train_time:274690ms step_avg:130.49ms
step:2106/2285 train_time:274822ms step_avg:130.49ms
step:2107/2285 train_time:274955ms step_avg:130.50ms
step:2108/2285 train_time:275084ms step_avg:130.50ms
step:2109/2285 train_time:275216ms step_avg:130.50ms
step:2110/2285 train_time:275346ms step_avg:130.50ms
step:2111/2285 train_time:275480ms step_avg:130.50ms
step:2112/2285 train_time:275608ms step_avg:130.50ms
step:2113/2285 train_time:275741ms step_avg:130.50ms
step:2114/2285 train_time:275871ms step_avg:130.50ms
step:2115/2285 train_time:276002ms step_avg:130.50ms
step:2116/2285 train_time:276141ms step_avg:130.50ms
step:2117/2285 train_time:276271ms step_avg:130.50ms
step:2118/2285 train_time:276403ms step_avg:130.50ms
step:2119/2285 train_time:276526ms step_avg:130.50ms
step:2120/2285 train_time:276656ms step_avg:130.50ms
step:2121/2285 train_time:276788ms step_avg:130.50ms
step:2122/2285 train_time:276918ms step_avg:130.50ms
step:2123/2285 train_time:277049ms step_avg:130.50ms
step:2124/2285 train_time:277179ms step_avg:130.50ms
step:2125/2285 train_time:277311ms step_avg:130.50ms
step:2126/2285 train_time:277443ms step_avg:130.50ms
step:2127/2285 train_time:277575ms step_avg:130.50ms
step:2128/2285 train_time:277705ms step_avg:130.50ms
step:2129/2285 train_time:277837ms step_avg:130.50ms
step:2130/2285 train_time:277970ms step_avg:130.50ms
step:2131/2285 train_time:278101ms step_avg:130.50ms
step:2132/2285 train_time:278231ms step_avg:130.50ms
step:2133/2285 train_time:278364ms step_avg:130.50ms
step:2134/2285 train_time:278492ms step_avg:130.50ms
step:2135/2285 train_time:278624ms step_avg:130.50ms
step:2136/2285 train_time:278754ms step_avg:130.50ms
step:2137/2285 train_time:278886ms step_avg:130.50ms
step:2138/2285 train_time:279016ms step_avg:130.50ms
step:2139/2285 train_time:279147ms step_avg:130.50ms
step:2140/2285 train_time:279277ms step_avg:130.50ms
step:2141/2285 train_time:279409ms step_avg:130.50ms
step:2142/2285 train_time:279538ms step_avg:130.50ms
step:2143/2285 train_time:279670ms step_avg:130.50ms
step:2144/2285 train_time:279800ms step_avg:130.50ms
step:2145/2285 train_time:279933ms step_avg:130.50ms
step:2146/2285 train_time:280063ms step_avg:130.50ms
step:2147/2285 train_time:280196ms step_avg:130.51ms
step:2148/2285 train_time:280325ms step_avg:130.51ms
step:2149/2285 train_time:280458ms step_avg:130.51ms
step:2150/2285 train_time:280588ms step_avg:130.51ms
step:2151/2285 train_time:280720ms step_avg:130.51ms
step:2152/2285 train_time:280850ms step_avg:130.51ms
step:2153/2285 train_time:280981ms step_avg:130.51ms
step:2154/2285 train_time:281111ms step_avg:130.51ms
step:2155/2285 train_time:281243ms step_avg:130.51ms
step:2156/2285 train_time:281373ms step_avg:130.51ms
step:2157/2285 train_time:281504ms step_avg:130.51ms
step:2158/2285 train_time:281634ms step_avg:130.51ms
step:2159/2285 train_time:281765ms step_avg:130.51ms
step:2160/2285 train_time:281895ms step_avg:130.51ms
step:2161/2285 train_time:282027ms step_avg:130.51ms
step:2162/2285 train_time:282157ms step_avg:130.51ms
step:2163/2285 train_time:282289ms step_avg:130.51ms
step:2164/2285 train_time:282418ms step_avg:130.51ms
step:2165/2285 train_time:282550ms step_avg:130.51ms
step:2166/2285 train_time:282681ms step_avg:130.51ms
step:2167/2285 train_time:282813ms step_avg:130.51ms
step:2168/2285 train_time:282943ms step_avg:130.51ms
step:2169/2285 train_time:283075ms step_avg:130.51ms
step:2170/2285 train_time:283205ms step_avg:130.51ms
step:2171/2285 train_time:283339ms step_avg:130.51ms
step:2172/2285 train_time:283467ms step_avg:130.51ms
step:2173/2285 train_time:283599ms step_avg:130.51ms
step:2174/2285 train_time:283729ms step_avg:130.51ms
step:2175/2285 train_time:283861ms step_avg:130.51ms
step:2176/2285 train_time:283991ms step_avg:130.51ms
step:2177/2285 train_time:284123ms step_avg:130.51ms
step:2178/2285 train_time:284253ms step_avg:130.51ms
step:2179/2285 train_time:284385ms step_avg:130.51ms
step:2180/2285 train_time:284513ms step_avg:130.51ms
step:2181/2285 train_time:284645ms step_avg:130.51ms
step:2182/2285 train_time:284775ms step_avg:130.51ms
step:2183/2285 train_time:284908ms step_avg:130.51ms
step:2184/2285 train_time:285042ms step_avg:130.51ms
step:2185/2285 train_time:285170ms step_avg:130.51ms
step:2186/2285 train_time:285301ms step_avg:130.51ms
step:2187/2285 train_time:285431ms step_avg:130.51ms
step:2188/2285 train_time:285566ms step_avg:130.51ms
step:2189/2285 train_time:285697ms step_avg:130.51ms
step:2190/2285 train_time:285825ms step_avg:130.51ms
step:2191/2285 train_time:285957ms step_avg:130.51ms
step:2192/2285 train_time:286089ms step_avg:130.51ms
step:2193/2285 train_time:286221ms step_avg:130.52ms
step:2194/2285 train_time:286351ms step_avg:130.52ms
step:2195/2285 train_time:286481ms step_avg:130.52ms
step:2196/2285 train_time:286612ms step_avg:130.52ms
step:2197/2285 train_time:286750ms step_avg:130.52ms
step:2198/2285 train_time:286880ms step_avg:130.52ms
step:2199/2285 train_time:287013ms step_avg:130.52ms
step:2200/2285 train_time:287144ms step_avg:130.52ms
step:2201/2285 train_time:287275ms step_avg:130.52ms
step:2202/2285 train_time:287407ms step_avg:130.52ms
step:2203/2285 train_time:287538ms step_avg:130.52ms
step:2204/2285 train_time:287668ms step_avg:130.52ms
step:2205/2285 train_time:287799ms step_avg:130.52ms
step:2206/2285 train_time:287929ms step_avg:130.52ms
step:2207/2285 train_time:288062ms step_avg:130.52ms
step:2208/2285 train_time:288200ms step_avg:130.53ms
step:2209/2285 train_time:288332ms step_avg:130.53ms
step:2210/2285 train_time:288463ms step_avg:130.53ms
step:2211/2285 train_time:288598ms step_avg:130.53ms
step:2212/2285 train_time:288727ms step_avg:130.53ms
step:2213/2285 train_time:288859ms step_avg:130.53ms
step:2214/2285 train_time:288981ms step_avg:130.52ms
step:2215/2285 train_time:289112ms step_avg:130.52ms
step:2216/2285 train_time:289243ms step_avg:130.52ms
step:2217/2285 train_time:289375ms step_avg:130.53ms
step:2218/2285 train_time:289505ms step_avg:130.53ms
step:2219/2285 train_time:289637ms step_avg:130.53ms
step:2220/2285 train_time:289767ms step_avg:130.53ms
step:2221/2285 train_time:289899ms step_avg:130.53ms
step:2222/2285 train_time:290028ms step_avg:130.53ms
step:2223/2285 train_time:290159ms step_avg:130.53ms
step:2224/2285 train_time:290290ms step_avg:130.53ms
step:2225/2285 train_time:290421ms step_avg:130.53ms
step:2226/2285 train_time:290551ms step_avg:130.53ms
step:2227/2285 train_time:290682ms step_avg:130.53ms
step:2228/2285 train_time:290812ms step_avg:130.53ms
step:2229/2285 train_time:290944ms step_avg:130.53ms
step:2230/2285 train_time:291074ms step_avg:130.53ms
step:2231/2285 train_time:291205ms step_avg:130.53ms
step:2232/2285 train_time:291337ms step_avg:130.53ms
step:2233/2285 train_time:291467ms step_avg:130.53ms
step:2234/2285 train_time:291598ms step_avg:130.53ms
step:2235/2285 train_time:291729ms step_avg:130.53ms
step:2236/2285 train_time:291859ms step_avg:130.53ms
step:2237/2285 train_time:291991ms step_avg:130.53ms
step:2238/2285 train_time:292121ms step_avg:130.53ms
step:2239/2285 train_time:292253ms step_avg:130.53ms
step:2240/2285 train_time:292383ms step_avg:130.53ms
step:2241/2285 train_time:292515ms step_avg:130.53ms
step:2242/2285 train_time:292645ms step_avg:130.53ms
step:2243/2285 train_time:292776ms step_avg:130.53ms
step:2244/2285 train_time:292905ms step_avg:130.53ms
step:2245/2285 train_time:293037ms step_avg:130.53ms
step:2246/2285 train_time:293166ms step_avg:130.53ms
step:2247/2285 train_time:293301ms step_avg:130.53ms
step:2248/2285 train_time:293434ms step_avg:130.53ms
step:2249/2285 train_time:293566ms step_avg:130.53ms
step:2250/2285 train_time:293697ms step_avg:130.53ms
step:2250/2285 val_loss:3.2848 train_time:293789ms step_avg:130.57ms
step:2251/2285 train_time:293916ms step_avg:130.57ms
step:2252/2285 train_time:294038ms step_avg:130.57ms
step:2253/2285 train_time:294169ms step_avg:130.57ms
step:2254/2285 train_time:294298ms step_avg:130.57ms
step:2255/2285 train_time:294430ms step_avg:130.57ms
step:2256/2285 train_time:294559ms step_avg:130.57ms
step:2257/2285 train_time:294693ms step_avg:130.57ms
step:2258/2285 train_time:294824ms step_avg:130.57ms
step:2259/2285 train_time:294958ms step_avg:130.57ms
step:2260/2285 train_time:295087ms step_avg:130.57ms
step:2261/2285 train_time:295219ms step_avg:130.57ms
step:2262/2285 train_time:295350ms step_avg:130.57ms
step:2263/2285 train_time:295486ms step_avg:130.57ms
step:2264/2285 train_time:295618ms step_avg:130.57ms
step:2265/2285 train_time:295749ms step_avg:130.57ms
step:2266/2285 train_time:295881ms step_avg:130.57ms
step:2267/2285 train_time:296013ms step_avg:130.57ms
step:2268/2285 train_time:296141ms step_avg:130.57ms
step:2269/2285 train_time:296274ms step_avg:130.57ms
step:2270/2285 train_time:296404ms step_avg:130.57ms
step:2271/2285 train_time:296537ms step_avg:130.58ms
step:2272/2285 train_time:296666ms step_avg:130.58ms
step:2273/2285 train_time:296798ms step_avg:130.58ms
step:2274/2285 train_time:296929ms step_avg:130.58ms
step:2275/2285 train_time:297060ms step_avg:130.58ms
step:2276/2285 train_time:297191ms step_avg:130.58ms
step:2277/2285 train_time:297324ms step_avg:130.58ms
step:2278/2285 train_time:297454ms step_avg:130.58ms
step:2279/2285 train_time:297588ms step_avg:130.58ms
step:2280/2285 train_time:297718ms step_avg:130.58ms
step:2281/2285 train_time:297852ms step_avg:130.58ms
step:2282/2285 train_time:297982ms step_avg:130.58ms
step:2283/2285 train_time:298113ms step_avg:130.58ms
step:2284/2285 train_time:298243ms step_avg:130.58ms
step:2285/2285 train_time:298375ms step_avg:130.58ms
step:2285/2285 val_loss:3.2791 train_time:298467ms step_avg:130.62ms
peak memory allocated: 14213 MiB reserved: 14474 MiB
total training time: 298.47s (298467ms)
