/SharePath/chenyupeng/cyp-testtest/llm_test_migrated/lib/python3.10/site-packages/torch_npu/utils/collect_env.py:58: UserWarning: Warning: The /usr/local/Ascend/cann-8.5.0 owner does not match the current owner.
  warnings.warn(f"Warning: The {path} owner does not match the current owner.")
/SharePath/chenyupeng/cyp-testtest/llm_test_migrated/lib/python3.10/site-packages/torch_npu/utils/collect_env.py:58: UserWarning: Warning: The /usr/local/Ascend/cann-8.5.0/aarch64-linux/ascend_ops_install.info owner does not match the current owner.
  warnings.warn(f"Warning: The {path} owner does not match the current owner.")
/SharePath/chenyupeng/cyp-testtest/llm_test_migrated/lib/python3.10/site-packages/torch_npu/utils/collect_env.py:58: UserWarning: Warning: The /usr/local/Ascend/cann-8.5.0 owner does not match the current owner.
  warnings.warn(f"Warning: The {path} owner does not match the current owner.")
/SharePath/chenyupeng/cyp-testtest/llm_test_migrated/lib/python3.10/site-packages/torch_npu/utils/collect_env.py:58: UserWarning: Warning: The /usr/local/Ascend/cann-8.5.0/aarch64-linux/ascend_ops_install.info owner does not match the current owner.
  warnings.warn(f"Warning: The {path} owner does not match the current owner.")
W0928 13:58:33.368000 1061089 site-packages/torch/distributed/run.py:766] 
W0928 13:58:33.368000 1061089 site-packages/torch/distributed/run.py:766] *****************************************
W0928 13:58:33.368000 1061089 site-packages/torch/distributed/run.py:766] Setting OMP_NUM_THREADS environment variable for each process to be 1 in default, to avoid your system being overloaded, please further tune the variable for optimal performance in your application as needed. 
W0928 13:58:33.368000 1061089 site-packages/torch/distributed/run.py:766] *****************************************
/SharePath/chenyupeng/cyp-testtest/llm_test_migrated/lib/python3.10/site-packages/torch_npu/utils/collect_env.py:58: UserWarning: Warning: The /usr/local/Ascend/cann-8.5.0 owner does not match the current owner.
  warnings.warn(f"Warning: The {path} owner does not match the current owner.")
/SharePath/chenyupeng/cyp-testtest/llm_test_migrated/lib/python3.10/site-packages/torch_npu/utils/collect_env.py:58: UserWarning: Warning: The /usr/local/Ascend/cann-8.5.0/aarch64-linux/ascend_ops_install.info owner does not match the current owner.
  warnings.warn(f"Warning: The {path} owner does not match the current owner.")
/SharePath/chenyupeng/cyp-testtest/llm_test_migrated/lib/python3.10/site-packages/torch_npu/utils/collect_env.py:58: UserWarning: Warning: The /usr/local/Ascend/cann-8.5.0 owner does not match the current owner.
  warnings.warn(f"Warning: The {path} owner does not match the current owner.")
/SharePath/chenyupeng/cyp-testtest/llm_test_migrated/lib/python3.10/site-packages/torch_npu/utils/collect_env.py:58: UserWarning: Warning: The /usr/local/Ascend/cann-8.5.0/aarch64-linux/ascend_ops_install.info owner does not match the current owner.
  warnings.warn(f"Warning: The {path} owner does not match the current owner.")
/SharePath/chenyupeng/cyp-testtest/llm_test_migrated/lib/python3.10/site-packages/torch_npu/utils/collect_env.py:58: UserWarning: Warning: The /usr/local/Ascend/cann-8.5.0 owner does not match the current owner.
  warnings.warn(f"Warning: The {path} owner does not match the current owner.")
/SharePath/chenyupeng/cyp-testtest/llm_test_migrated/lib/python3.10/site-packages/torch_npu/utils/collect_env.py:58: UserWarning: Warning: The /usr/local/Ascend/cann-8.5.0 owner does not match the current owner.
  warnings.warn(f"Warning: The {path} owner does not match the current owner.")
/SharePath/chenyupeng/cyp-testtest/llm_test_migrated/lib/python3.10/site-packages/torch_npu/utils/collect_env.py:58: UserWarning: Warning: The /usr/local/Ascend/cann-8.5.0/aarch64-linux/ascend_ops_install.info owner does not match the current owner.
  warnings.warn(f"Warning: The {path} owner does not match the current owner.")
/SharePath/chenyupeng/cyp-testtest/llm_test_migrated/lib/python3.10/site-packages/torch_npu/utils/collect_env.py:58: UserWarning: Warning: The /usr/local/Ascend/cann-8.5.0/aarch64-linux/ascend_ops_install.info owner does not match the current owner.
  warnings.warn(f"Warning: The {path} owner does not match the current owner.")
/SharePath/chenyupeng/cyp-testtest/llm_test_migrated/lib/python3.10/site-packages/torch_npu/utils/collect_env.py:58: UserWarning: Warning: The /usr/local/Ascend/cann-8.5.0 owner does not match the current owner.
  warnings.warn(f"Warning: The {path} owner does not match the current owner.")
/SharePath/chenyupeng/cyp-testtest/llm_test_migrated/lib/python3.10/site-packages/torch_npu/utils/collect_env.py:58: UserWarning: Warning: The /usr/local/Ascend/cann-8.5.0/aarch64-linux/ascend_ops_install.info owner does not match the current owner.
  warnings.warn(f"Warning: The {path} owner does not match the current owner.")
/SharePath/chenyupeng/cyp-testtest/llm_test_migrated/lib/python3.10/site-packages/torch_npu/utils/collect_env.py:58: UserWarning: Warning: The /usr/local/Ascend/cann-8.5.0 owner does not match the current owner.
  warnings.warn(f"Warning: The {path} owner does not match the current owner.")
/SharePath/chenyupeng/cyp-testtest/llm_test_migrated/lib/python3.10/site-packages/torch_npu/utils/collect_env.py:58: UserWarning: Warning: The /usr/local/Ascend/cann-8.5.0/aarch64-linux/ascend_ops_install.info owner does not match the current owner.
  warnings.warn(f"Warning: The {path} owner does not match the current owner.")
/SharePath/chenyupeng/cyp-testtest/llm_test_migrated/lib/python3.10/site-packages/torch_npu/utils/collect_env.py:58: UserWarning: Warning: The /usr/local/Ascend/cann-8.5.0 owner does not match the current owner.
  warnings.warn(f"Warning: The {path} owner does not match the current owner.")
/SharePath/chenyupeng/cyp-testtest/llm_test_migrated/lib/python3.10/site-packages/torch_npu/utils/collect_env.py:58: UserWarning: Warning: The /usr/local/Ascend/cann-8.5.0/aarch64-linux/ascend_ops_install.info owner does not match the current owner.
  warnings.warn(f"Warning: The {path} owner does not match the current owner.")
/SharePath/chenyupeng/cyp-testtest/llm_test_migrated/lib/python3.10/site-packages/torch_npu/utils/collect_env.py:58: UserWarning: Warning: The /usr/local/Ascend/cann-8.5.0 owner does not match the current owner.
  warnings.warn(f"Warning: The {path} owner does not match the current owner.")
/SharePath/chenyupeng/cyp-testtest/llm_test_migrated/lib/python3.10/site-packages/torch_npu/utils/collect_env.py:58: UserWarning: Warning: The /usr/local/Ascend/cann-8.5.0/aarch64-linux/ascend_ops_install.info owner does not match the current owner.
  warnings.warn(f"Warning: The {path} owner does not match the current owner.")
/SharePath/chenyupeng/cyp-testtest/llm_test_migrated/lib/python3.10/site-packages/torch_npu/utils/collect_env.py:58: UserWarning: Warning: The /usr/local/Ascend/cann-8.5.0 owner does not match the current owner.
  warnings.warn(f"Warning: The {path} owner does not match the current owner.")
/SharePath/chenyupeng/cyp-testtest/llm_test_migrated/lib/python3.10/site-packages/torch_npu/utils/collect_env.py:58: UserWarning: Warning: The /usr/local/Ascend/cann-8.5.0/aarch64-linux/ascend_ops_install.info owner does not match the current owner.
  warnings.warn(f"Warning: The {path} owner does not match the current owner.")
/SharePath/chenyupeng/cyp-testtest/llm_test_migrated/lib/python3.10/site-packages/torch_npu/utils/collect_env.py:58: UserWarning: Warning: The /usr/local/Ascend/cann-8.5.0 owner does not match the current owner.
  warnings.warn(f"Warning: The {path} owner does not match the current owner.")
/SharePath/chenyupeng/cyp-testtest/llm_test_migrated/lib/python3.10/site-packages/torch_npu/utils/collect_env.py:58: UserWarning: Warning: The /usr/local/Ascend/cann-8.5.0/aarch64-linux/ascend_ops_install.info owner does not match the current owner.
  warnings.warn(f"Warning: The {path} owner does not match the current owner.")
/SharePath/chenyupeng/cyp-testtest/llm_test_migrated/lib/python3.10/site-packages/torch_npu/utils/collect_env.py:58: UserWarning: Warning: The /usr/local/Ascend/cann-8.5.0 owner does not match the current owner.
  warnings.warn(f"Warning: The {path} owner does not match the current owner.")
/SharePath/chenyupeng/cyp-testtest/llm_test_migrated/lib/python3.10/site-packages/torch_npu/utils/collect_env.py:58: UserWarning: Warning: The /usr/local/Ascend/cann-8.5.0/aarch64-linux/ascend_ops_install.info owner does not match the current owner.
  warnings.warn(f"Warning: The {path} owner does not match the current owner.")
/SharePath/chenyupeng/cyp-testtest/llm_test_migrated/lib/python3.10/site-packages/torch_npu/utils/collect_env.py:58: UserWarning: Warning: The /usr/local/Ascend/cann-8.5.0 owner does not match the current owner.
  warnings.warn(f"Warning: The {path} owner does not match the current owner.")
/SharePath/chenyupeng/cyp-testtest/llm_test_migrated/lib/python3.10/site-packages/torch_npu/utils/collect_env.py:58: UserWarning: Warning: The /usr/local/Ascend/cann-8.5.0/aarch64-linux/ascend_ops_install.info owner does not match the current owner.
  warnings.warn(f"Warning: The {path} owner does not match the current owner.")
/SharePath/chenyupeng/cyp-testtest/llm_test_migrated/lib/python3.10/site-packages/torch_npu/utils/collect_env.py:58: UserWarning: Warning: The /usr/local/Ascend/cann-8.5.0 owner does not match the current owner.
  warnings.warn(f"Warning: The {path} owner does not match the current owner.")
/SharePath/chenyupeng/cyp-testtest/llm_test_migrated/lib/python3.10/site-packages/torch_npu/utils/collect_env.py:58: UserWarning: Warning: The /usr/local/Ascend/cann-8.5.0/aarch64-linux/ascend_ops_install.info owner does not match the current owner.
  warnings.warn(f"Warning: The {path} owner does not match the current owner.")
/SharePath/chenyupeng/cyp-testtest/llm_test_migrated/lib/python3.10/site-packages/torch_npu/utils/collect_env.py:58: UserWarning: Warning: The /usr/local/Ascend/cann-8.5.0 owner does not match the current owner.
  warnings.warn(f"Warning: The {path} owner does not match the current owner.")
/SharePath/chenyupeng/cyp-testtest/llm_test_migrated/lib/python3.10/site-packages/torch_npu/utils/collect_env.py:58: UserWarning: Warning: The /usr/local/Ascend/cann-8.5.0/aarch64-linux/ascend_ops_install.info owner does not match the current owner.
  warnings.warn(f"Warning: The {path} owner does not match the current owner.")
/SharePath/chenyupeng/cyp-testtest/llm_test_migrated/lib/python3.10/site-packages/torch_npu/utils/collect_env.py:58: UserWarning: Warning: The /usr/local/Ascend/cann-8.5.0 owner does not match the current owner.
  warnings.warn(f"Warning: The {path} owner does not match the current owner.")
/SharePath/chenyupeng/cyp-testtest/llm_test_migrated/lib/python3.10/site-packages/torch_npu/utils/collect_env.py:58: UserWarning: Warning: The /usr/local/Ascend/cann-8.5.0/aarch64-linux/ascend_ops_install.info owner does not match the current owner.
  warnings.warn(f"Warning: The {path} owner does not match the current owner.")
/SharePath/chenyupeng/cyp-testtest/llm_test_migrated/lib/python3.10/site-packages/torch_npu/utils/collect_env.py:58: UserWarning: Warning: The /usr/local/Ascend/cann-8.5.0 owner does not match the current owner.
  warnings.warn(f"Warning: The {path} owner does not match the current owner.")
/SharePath/chenyupeng/cyp-testtest/llm_test_migrated/lib/python3.10/site-packages/torch_npu/utils/collect_env.py:58: UserWarning: Warning: The /usr/local/Ascend/cann-8.5.0/aarch64-linux/ascend_ops_install.info owner does not match the current owner.
  warnings.warn(f"Warning: The {path} owner does not match the current owner.")
/SharePath/chenyupeng/cyp-testtest/llm_test_migrated/lib/python3.10/site-packages/torch_npu/utils/collect_env.py:58: UserWarning: Warning: The /usr/local/Ascend/cann-8.5.0 owner does not match the current owner.
  warnings.warn(f"Warning: The {path} owner does not match the current owner.")
/SharePath/chenyupeng/cyp-testtest/llm_test_migrated/lib/python3.10/site-packages/torch_npu/utils/collect_env.py:58: UserWarning: Warning: The /usr/local/Ascend/cann-8.5.0/aarch64-linux/ascend_ops_install.info owner does not match the current owner.
  warnings.warn(f"Warning: The {path} owner does not match the current owner.")
/SharePath/chenyupeng/cyp-testtest/llm_test_migrated/lib/python3.10/site-packages/torch_npu/utils/collect_env.py:58: UserWarning: Warning: The /usr/local/Ascend/cann-8.5.0 owner does not match the current owner.
  warnings.warn(f"Warning: The {path} owner does not match the current owner.")
/SharePath/chenyupeng/cyp-testtest/llm_test_migrated/lib/python3.10/site-packages/torch_npu/utils/collect_env.py:58: UserWarning: Warning: The /usr/local/Ascend/cann-8.5.0/aarch64-linux/ascend_ops_install.info owner does not match the current owner.
  warnings.warn(f"Warning: The {path} owner does not match the current owner.")
/SharePath/chenyupeng/cyp-testtest/llm_test_migrated/lib/python3.10/site-packages/torch_npu/utils/collect_env.py:58: UserWarning: Warning: The /usr/local/Ascend/cann-8.5.0 owner does not match the current owner.
  warnings.warn(f"Warning: The {path} owner does not match the current owner.")
/SharePath/chenyupeng/cyp-testtest/llm_test_migrated/lib/python3.10/site-packages/torch_npu/utils/collect_env.py:58: UserWarning: Warning: The /usr/local/Ascend/cann-8.5.0/aarch64-linux/ascend_ops_install.info owner does not match the current owner.
  warnings.warn(f"Warning: The {path} owner does not match the current owner.")
/SharePath/chenyupeng/cyp-testtest/llm_test_migrated/lib/python3.10/site-packages/torch_npu/utils/collect_env.py:58: UserWarning: Warning: The /usr/local/Ascend/cann-8.5.0 owner does not match the current owner.
  warnings.warn(f"Warning: The {path} owner does not match the current owner.")
/SharePath/chenyupeng/cyp-testtest/llm_test_migrated/lib/python3.10/site-packages/torch_npu/utils/collect_env.py:58: UserWarning: Warning: The /usr/local/Ascend/cann-8.5.0/aarch64-linux/ascend_ops_install.info owner does not match the current owner.
  warnings.warn(f"Warning: The {path} owner does not match the current owner.")
/SharePath/chenyupeng/cyp-testtest/llm_test_migrated/lib/python3.10/site-packages/torch_npu/utils/collect_env.py:58: UserWarning: Warning: The /usr/local/Ascend/cann-8.5.0 owner does not match the current owner.
  warnings.warn(f"Warning: The {path} owner does not match the current owner.")
/SharePath/chenyupeng/cyp-testtest/llm_test_migrated/lib/python3.10/site-packages/torch_npu/utils/collect_env.py:58: UserWarning: Warning: The /usr/local/Ascend/cann-8.5.0/aarch64-linux/ascend_ops_install.info owner does not match the current owner.
  warnings.warn(f"Warning: The {path} owner does not match the current owner.")
/SharePath/chenyupeng/cyp-testtest/llm_test_migrated/lib/python3.10/site-packages/torch_npu/utils/collect_env.py:58: UserWarning: Warning: The /usr/local/Ascend/cann-8.5.0 owner does not match the current owner.
  warnings.warn(f"Warning: The {path} owner does not match the current owner.")
/SharePath/chenyupeng/cyp-testtest/llm_test_migrated/lib/python3.10/site-packages/torch_npu/utils/collect_env.py:58: UserWarning: Warning: The /usr/local/Ascend/cann-8.5.0/aarch64-linux/ascend_ops_install.info owner does not match the current owner.
  warnings.warn(f"Warning: The {path} owner does not match the current owner.")
/SharePath/chenyupeng/cyp-testtest/llm_test_migrated/lib/python3.10/site-packages/torch_npu/utils/collect_env.py:58: UserWarning: Warning: The /usr/local/Ascend/cann-8.5.0 owner does not match the current owner.
  warnings.warn(f"Warning: The {path} owner does not match the current owner.")
/SharePath/chenyupeng/cyp-testtest/llm_test_migrated/lib/python3.10/site-packages/torch_npu/utils/collect_env.py:58: UserWarning: Warning: The /usr/local/Ascend/cann-8.5.0 owner does not match the current owner.
  warnings.warn(f"Warning: The {path} owner does not match the current owner.")
/SharePath/chenyupeng/cyp-testtest/llm_test_migrated/lib/python3.10/site-packages/torch_npu/utils/collect_env.py:58: UserWarning: Warning: The /usr/local/Ascend/cann-8.5.0/aarch64-linux/ascend_ops_install.info owner does not match the current owner.
  warnings.warn(f"Warning: The {path} owner does not match the current owner.")
/SharePath/chenyupeng/cyp-testtest/llm_test_migrated/lib/python3.10/site-packages/torch_npu/utils/collect_env.py:58: UserWarning: Warning: The /usr/local/Ascend/cann-8.5.0/aarch64-linux/ascend_ops_install.info owner does not match the current owner.
  warnings.warn(f"Warning: The {path} owner does not match the current owner.")
/SharePath/chenyupeng/cyp-testtest/llm_test_migrated/lib/python3.10/site-packages/torch_npu/utils/collect_env.py:58: UserWarning: Warning: The /usr/local/Ascend/cann-8.5.0 owner does not match the current owner.
  warnings.warn(f"Warning: The {path} owner does not match the current owner.")
/SharePath/chenyupeng/cyp-testtest/llm_test_migrated/lib/python3.10/site-packages/torch_npu/utils/collect_env.py:58: UserWarning: Warning: The /usr/local/Ascend/cann-8.5.0/aarch64-linux/ascend_ops_install.info owner does not match the current owner.
  warnings.warn(f"Warning: The {path} owner does not match the current owner.")
/SharePath/chenyupeng/cyp-testtest/llm_test_migrated/lib/python3.10/site-packages/torch_npu/utils/collect_env.py:58: UserWarning: Warning: The /usr/local/Ascend/cann-8.5.0 owner does not match the current owner.
  warnings.warn(f"Warning: The {path} owner does not match the current owner.")
/SharePath/chenyupeng/cyp-testtest/llm_test_migrated/lib/python3.10/site-packages/torch_npu/utils/collect_env.py:58: UserWarning: Warning: The /usr/local/Ascend/cann-8.5.0/aarch64-linux/ascend_ops_install.info owner does not match the current owner.
  warnings.warn(f"Warning: The {path} owner does not match the current owner.")
/SharePath/chenyupeng/cyp-testtest/llm_test_migrated/lib/python3.10/site-packages/torch_npu/utils/collect_env.py:58: UserWarning: Warning: The /usr/local/Ascend/cann-8.5.0 owner does not match the current owner.
  warnings.warn(f"Warning: The {path} owner does not match the current owner.")
/SharePath/chenyupeng/cyp-testtest/llm_test_migrated/lib/python3.10/site-packages/torch_npu/utils/collect_env.py:58: UserWarning: Warning: The /usr/local/Ascend/cann-8.5.0/aarch64-linux/ascend_ops_install.info owner does not match the current owner.
  warnings.warn(f"Warning: The {path} owner does not match the current owner.")
/SharePath/chenyupeng/cyp-testtest/llm_test_migrated/lib/python3.10/site-packages/torch_npu/utils/collect_env.py:58: UserWarning: Warning: The /usr/local/Ascend/cann-8.5.0 owner does not match the current owner.
  warnings.warn(f"Warning: The {path} owner does not match the current owner.")
/SharePath/chenyupeng/cyp-testtest/llm_test_migrated/lib/python3.10/site-packages/torch_npu/utils/collect_env.py:58: UserWarning: Warning: The /usr/local/Ascend/cann-8.5.0/aarch64-linux/ascend_ops_install.info owner does not match the current owner.
  warnings.warn(f"Warning: The {path} owner does not match the current owner.")
/SharePath/chenyupeng/cyp-testtest/llm_test_migrated/lib/python3.10/site-packages/torch_npu/utils/collect_env.py:58: UserWarning: Warning: The /usr/local/Ascend/cann-8.5.0 owner does not match the current owner.
  warnings.warn(f"Warning: The {path} owner does not match the current owner.")
/SharePath/chenyupeng/cyp-testtest/llm_test_migrated/lib/python3.10/site-packages/torch_npu/utils/collect_env.py:58: UserWarning: Warning: The /usr/local/Ascend/cann-8.5.0/aarch64-linux/ascend_ops_install.info owner does not match the current owner.
  warnings.warn(f"Warning: The {path} owner does not match the current owner.")
/SharePath/chenyupeng/cyp-testtest/llm_test_migrated/lib/python3.10/site-packages/torch_npu/utils/collect_env.py:58: UserWarning: Warning: The /usr/local/Ascend/cann-8.5.0 owner does not match the current owner.
  warnings.warn(f"Warning: The {path} owner does not match the current owner.")
/SharePath/chenyupeng/cyp-testtest/llm_test_migrated/lib/python3.10/site-packages/torch_npu/utils/collect_env.py:58: UserWarning: Warning: The /usr/local/Ascend/cann-8.5.0/aarch64-linux/ascend_ops_install.info owner does not match the current owner.
  warnings.warn(f"Warning: The {path} owner does not match the current owner.")
/SharePath/chenyupeng/cyp-testtest/llm_test_migrated/lib/python3.10/site-packages/torch_npu/utils/collect_env.py:58: UserWarning: Warning: The /usr/local/Ascend/cann-8.5.0 owner does not match the current owner.
  warnings.warn(f"Warning: The {path} owner does not match the current owner.")
/SharePath/chenyupeng/cyp-testtest/llm_test_migrated/lib/python3.10/site-packages/torch_npu/utils/collect_env.py:58: UserWarning: Warning: The /usr/local/Ascend/cann-8.5.0/aarch64-linux/ascend_ops_install.info owner does not match the current owner.
  warnings.warn(f"Warning: The {path} owner does not match the current owner.")
/SharePath/chenyupeng/cyp-testtest/llm_test_migrated/lib/python3.10/site-packages/torch_npu/utils/collect_env.py:58: UserWarning: Warning: The /usr/local/Ascend/cann-8.5.0 owner does not match the current owner.
  warnings.warn(f"Warning: The {path} owner does not match the current owner.")
/SharePath/chenyupeng/cyp-testtest/llm_test_migrated/lib/python3.10/site-packages/torch_npu/utils/collect_env.py:58: UserWarning: Warning: The /usr/local/Ascend/cann-8.5.0/aarch64-linux/ascend_ops_install.info owner does not match the current owner.
  warnings.warn(f"Warning: The {path} owner does not match the current owner.")
/SharePath/chenyupeng/cyp-testtest/llm_test_migrated/lib/python3.10/site-packages/torch/autograd/__init__.py:221: UserWarning: Cannot create tensor with interal format while allow_internel_format=False, tensor will be created with base format. (Triggered internally at build/CMakeFiles/torch_npu.dir/compiler_depend.ts:338.)
  torch.ones_like(out, memory_format=torch.preserve_format)
/SharePath/chenyupeng/cyp-testtest/llm_test_migrated/lib/python3.10/site-packages/torch_npu/dynamo/torchair/__init__.py:8: UserWarning: pkg_resources is deprecated as an API. See https://setuptools.pypa.io/en/latest/pkg_resources.html. The pkg_resources package is slated for removal as early as 2025-11-30. Refrain from using this package or pin to Setuptools<81.
  import pkg_resources
using device: npu:0
Training DataLoader: total number of tokens: 10255324043 across 103 files
Validation DataLoader: total number of tokens: 100000000 across 1 files
train_accumulation_steps: 1
val_steps: 20
/SharePath/chenyupeng/cyp-testtest/llm_test_migrated/lib/python3.10/site-packages/torch/autograd/__init__.py:221: UserWarning: Cannot create tensor with interal format while allow_internel_format=False, tensor will be created with base format. (Triggered internally at build/CMakeFiles/torch_npu.dir/compiler_depend.ts:338.)
  torch.ones_like(out, memory_format=torch.preserve_format)
/SharePath/chenyupeng/cyp-testtest/llm_test_migrated/lib/python3.10/site-packages/torch/autograd/__init__.py:221: UserWarning: Cannot create tensor with interal format while allow_internel_format=False, tensor will be created with base format. (Triggered internally at build/CMakeFiles/torch_npu.dir/compiler_depend.ts:338.)
  torch.ones_like(out, memory_format=torch.preserve_format)
/SharePath/chenyupeng/cyp-testtest/llm_test_migrated/lib/python3.10/site-packages/torch/autograd/__init__.py:221: UserWarning: Cannot create tensor with interal format while allow_internel_format=False, tensor will be created with base format. (Triggered internally at build/CMakeFiles/torch_npu.dir/compiler_depend.ts:338.)
  torch.ones_like(out, memory_format=torch.preserve_format)
/SharePath/chenyupeng/cyp-testtest/llm_test_migrated/lib/python3.10/site-packages/torch/autograd/__init__.py:221: UserWarning: Cannot create tensor with interal format while allow_internel_format=False, tensor will be created with base format. (Triggered internally at build/CMakeFiles/torch_npu.dir/compiler_depend.ts:338.)
  torch.ones_like(out, memory_format=torch.preserve_format)
/SharePath/chenyupeng/cyp-testtest/llm_test_migrated/lib/python3.10/site-packages/torch/autograd/__init__.py:221: UserWarning: Cannot create tensor with interal format while allow_internel_format=False, tensor will be created with base format. (Triggered internally at build/CMakeFiles/torch_npu.dir/compiler_depend.ts:338.)
  torch.ones_like(out, memory_format=torch.preserve_format)
/SharePath/chenyupeng/cyp-testtest/llm_test_migrated/lib/python3.10/site-packages/torch/autograd/__init__.py:221: UserWarning: Cannot create tensor with interal format while allow_internel_format=False, tensor will be created with base format. (Triggered internally at build/CMakeFiles/torch_npu.dir/compiler_depend.ts:338.)
  torch.ones_like(out, memory_format=torch.preserve_format)
/SharePath/chenyupeng/cyp-testtest/llm_test_migrated/lib/python3.10/site-packages/torch/autograd/__init__.py:221: UserWarning: Cannot create tensor with interal format while allow_internel_format=False, tensor will be created with base format. (Triggered internally at build/CMakeFiles/torch_npu.dir/compiler_depend.ts:338.)
  torch.ones_like(out, memory_format=torch.preserve_format)
/SharePath/chenyupeng/cyp-testtest/llm_test_migrated/lib/python3.10/site-packages/torch/autograd/__init__.py:221: UserWarning: Cannot create tensor with interal format while allow_internel_format=False, tensor will be created with base format. (Triggered internally at build/CMakeFiles/torch_npu.dir/compiler_depend.ts:338.)
  torch.ones_like(out, memory_format=torch.preserve_format)
/SharePath/chenyupeng/cyp-testtest/llm_test_migrated/lib/python3.10/site-packages/torch/autograd/__init__.py:221: UserWarning: Cannot create tensor with interal format while allow_internel_format=False, tensor will be created with base format. (Triggered internally at build/CMakeFiles/torch_npu.dir/compiler_depend.ts:338.)
  torch.ones_like(out, memory_format=torch.preserve_format)
/SharePath/chenyupeng/cyp-testtest/llm_test_migrated/lib/python3.10/site-packages/torch/autograd/__init__.py:221: UserWarning: Cannot create tensor with interal format while allow_internel_format=False, tensor will be created with base format. (Triggered internally at build/CMakeFiles/torch_npu.dir/compiler_depend.ts:338.)
  torch.ones_like(out, memory_format=torch.preserve_format)
/SharePath/chenyupeng/cyp-testtest/llm_test_migrated/lib/python3.10/site-packages/torch/autograd/__init__.py:221: UserWarning: Cannot create tensor with interal format while allow_internel_format=False, tensor will be created with base format. (Triggered internally at build/CMakeFiles/torch_npu.dir/compiler_depend.ts:338.)
  torch.ones_like(out, memory_format=torch.preserve_format)
/SharePath/chenyupeng/cyp-testtest/llm_test_migrated/lib/python3.10/site-packages/torch/autograd/__init__.py:221: UserWarning: Cannot create tensor with interal format while allow_internel_format=False, tensor will be created with base format. (Triggered internally at build/CMakeFiles/torch_npu.dir/compiler_depend.ts:338.)
  torch.ones_like(out, memory_format=torch.preserve_format)
/SharePath/chenyupeng/cyp-testtest/llm_test_migrated/lib/python3.10/site-packages/torch/autograd/__init__.py:221: UserWarning: Cannot create tensor with interal format while allow_internel_format=False, tensor will be created with base format. (Triggered internally at build/CMakeFiles/torch_npu.dir/compiler_depend.ts:338.)
  torch.ones_like(out, memory_format=torch.preserve_format)
/SharePath/chenyupeng/cyp-testtest/llm_test_migrated/lib/python3.10/site-packages/torch/autograd/__init__.py:221: UserWarning: Cannot create tensor with interal format while allow_internel_format=False, tensor will be created with base format. (Triggered internally at build/CMakeFiles/torch_npu.dir/compiler_depend.ts:338.)
  torch.ones_like(out, memory_format=torch.preserve_format)
/SharePath/chenyupeng/cyp-testtest/llm_test_migrated/lib/python3.10/site-packages/torch/autograd/__init__.py:221: UserWarning: Cannot create tensor with interal format while allow_internel_format=False, tensor will be created with base format. (Triggered internally at build/CMakeFiles/torch_npu.dir/compiler_depend.ts:338.)
  torch.ones_like(out, memory_format=torch.preserve_format)
using device: npu:12
using device: npu:1
using device: npu:4
using device: npu:8
using device: npu:14
using device: npu:2
using device: npu:13
using device: npu:5
using device: npu:11
using device: npu:9
using device: npu:6
using device: npu:3
using device: npu:7
using device: npu:10
using device: npu:15
step:0/5100 val_loss:15.9925 train_time:60ms step_avg:nanms
................step:1/5100 train_loss:16.0000 train_time:32384ms step_avg:nanms
step:2/5100 train_loss:9.5000 train_time:32552ms step_avg:nanms
step:3/5100 train_loss:8.6875 train_time:32804ms step_avg:nanms
step:4/5100 train_loss:8.1250 train_time:33054ms step_avg:nanms
step:5/5100 train_loss:7.8125 train_time:33304ms step_avg:nanms
step:6/5100 train_loss:7.6875 train_time:33552ms step_avg:nanms
step:7/5100 train_loss:7.3750 train_time:33804ms step_avg:nanms
step:8/5100 train_loss:7.3438 train_time:34058ms step_avg:nanms
step:9/5100 train_loss:7.4375 train_time:34308ms step_avg:nanms
step:10/5100 train_loss:7.0625 train_time:34560ms step_avg:nanms
step:11/5100 train_loss:7.0625 train_time:100ms step_avg:nanms
step:12/5100 train_loss:6.8125 train_time:352ms step_avg:nanms
step:13/5100 train_loss:6.8125 train_time:604ms step_avg:201.26ms
step:14/5100 train_loss:6.6250 train_time:858ms step_avg:214.39ms
step:15/5100 train_loss:6.5312 train_time:1103ms step_avg:220.65ms
step:16/5100 train_loss:6.4688 train_time:1357ms step_avg:226.25ms
step:17/5100 train_loss:6.6562 train_time:1607ms step_avg:229.63ms
step:18/5100 train_loss:6.6250 train_time:1855ms step_avg:231.93ms
step:19/5100 train_loss:6.5000 train_time:2112ms step_avg:234.66ms
step:20/5100 train_loss:6.5625 train_time:2363ms step_avg:236.35ms
step:21/5100 train_loss:6.2500 train_time:2613ms step_avg:237.55ms
step:22/5100 train_loss:6.3438 train_time:2861ms step_avg:238.44ms
step:23/5100 train_loss:6.9062 train_time:3113ms step_avg:239.50ms
step:24/5100 train_loss:6.3125 train_time:3366ms step_avg:240.41ms
step:25/5100 train_loss:6.7500 train_time:3615ms step_avg:241.03ms
step:26/5100 train_loss:6.1875 train_time:3864ms step_avg:241.51ms
step:27/5100 train_loss:6.0625 train_time:4115ms step_avg:242.07ms
step:28/5100 train_loss:6.3438 train_time:4370ms step_avg:242.79ms
step:29/5100 train_loss:5.7188 train_time:4619ms step_avg:243.12ms
step:30/5100 train_loss:6.1562 train_time:4876ms step_avg:243.80ms
step:31/5100 train_loss:6.1562 train_time:5122ms step_avg:243.92ms
step:32/5100 train_loss:5.8438 train_time:5373ms step_avg:244.24ms
step:33/5100 train_loss:6.0000 train_time:5628ms step_avg:244.70ms
step:34/5100 train_loss:6.1250 train_time:5876ms step_avg:244.82ms
step:35/5100 train_loss:6.1875 train_time:6125ms step_avg:245.02ms
step:36/5100 train_loss:6.2188 train_time:6376ms step_avg:245.24ms
step:37/5100 train_loss:6.0312 train_time:6629ms step_avg:245.52ms
step:38/5100 train_loss:6.1250 train_time:6882ms step_avg:245.77ms
step:39/5100 train_loss:5.8125 train_time:7129ms step_avg:245.82ms
step:40/5100 train_loss:5.8750 train_time:7384ms step_avg:246.14ms
step:41/5100 train_loss:5.7812 train_time:7632ms step_avg:246.18ms
step:42/5100 train_loss:5.8750 train_time:7884ms step_avg:246.38ms
step:43/5100 train_loss:5.4688 train_time:8130ms step_avg:246.35ms
step:44/5100 train_loss:5.9062 train_time:8388ms step_avg:246.70ms
step:45/5100 train_loss:5.8125 train_time:8635ms step_avg:246.72ms
step:46/5100 train_loss:5.7812 train_time:8889ms step_avg:246.91ms
step:47/5100 train_loss:5.7188 train_time:9138ms step_avg:246.97ms
step:48/5100 train_loss:5.6250 train_time:9390ms step_avg:247.11ms
step:49/5100 train_loss:5.7500 train_time:9639ms step_avg:247.16ms
step:50/5100 train_loss:5.5312 train_time:9890ms step_avg:247.25ms
step:51/5100 train_loss:5.7812 train_time:10145ms step_avg:247.44ms
step:52/5100 train_loss:5.7188 train_time:10397ms step_avg:247.54ms
step:53/5100 train_loss:5.5938 train_time:10647ms step_avg:247.61ms
step:54/5100 train_loss:5.6250 train_time:10907ms step_avg:247.89ms
step:55/5100 train_loss:5.5625 train_time:11148ms step_avg:247.73ms
step:56/5100 train_loss:5.9062 train_time:11401ms step_avg:247.85ms
step:57/5100 train_loss:5.6562 train_time:11652ms step_avg:247.92ms
step:58/5100 train_loss:5.4375 train_time:11914ms step_avg:248.20ms
step:59/5100 train_loss:5.6875 train_time:12158ms step_avg:248.13ms
step:60/5100 train_loss:5.5312 train_time:12404ms step_avg:248.08ms
step:61/5100 train_loss:5.7188 train_time:12654ms step_avg:248.12ms
step:62/5100 train_loss:5.4062 train_time:12914ms step_avg:248.34ms
step:63/5100 train_loss:5.6250 train_time:13154ms step_avg:248.20ms
step:64/5100 train_loss:5.5625 train_time:13406ms step_avg:248.25ms
step:65/5100 train_loss:4.9375 train_time:13659ms step_avg:248.35ms
step:66/5100 train_loss:5.4688 train_time:13914ms step_avg:248.47ms
step:67/5100 train_loss:5.5625 train_time:14168ms step_avg:248.56ms
step:68/5100 train_loss:5.3750 train_time:14418ms step_avg:248.58ms
step:69/5100 train_loss:5.7188 train_time:14679ms step_avg:248.80ms
step:70/5100 train_loss:5.2188 train_time:14928ms step_avg:248.80ms
step:71/5100 train_loss:5.3438 train_time:15178ms step_avg:248.81ms
step:72/5100 train_loss:5.3125 train_time:15424ms step_avg:248.77ms
step:73/5100 train_loss:5.5000 train_time:15675ms step_avg:248.80ms
step:74/5100 train_loss:5.2188 train_time:15927ms step_avg:248.86ms
step:75/5100 train_loss:5.6875 train_time:16187ms step_avg:249.03ms
step:76/5100 train_loss:5.4062 train_time:16439ms step_avg:249.07ms
step:77/5100 train_loss:5.4062 train_time:16689ms step_avg:249.09ms
step:78/5100 train_loss:5.5312 train_time:16934ms step_avg:249.03ms
step:79/5100 train_loss:5.1250 train_time:17184ms step_avg:249.04ms
step:80/5100 train_loss:5.4062 train_time:17441ms step_avg:249.16ms
step:81/5100 train_loss:5.4062 train_time:17684ms step_avg:249.07ms
step:82/5100 train_loss:5.2500 train_time:17935ms step_avg:249.09ms
step:83/5100 train_loss:5.3125 train_time:18186ms step_avg:249.12ms
step:84/5100 train_loss:5.3125 train_time:18438ms step_avg:249.16ms
step:85/5100 train_loss:5.1562 train_time:18691ms step_avg:249.21ms
step:86/5100 train_loss:5.1875 train_time:18941ms step_avg:249.23ms
step:87/5100 train_loss:5.4375 train_time:19200ms step_avg:249.36ms
step:88/5100 train_loss:5.2500 train_time:19453ms step_avg:249.40ms
step:89/5100 train_loss:5.3438 train_time:19698ms step_avg:249.34ms
step:90/5100 train_loss:5.4062 train_time:19947ms step_avg:249.34ms
step:91/5100 train_loss:5.2188 train_time:20199ms step_avg:249.37ms
step:92/5100 train_loss:5.3438 train_time:20450ms step_avg:249.39ms
step:93/5100 train_loss:5.4375 train_time:20709ms step_avg:249.51ms
step:94/5100 train_loss:5.1562 train_time:20950ms step_avg:249.40ms
step:95/5100 train_loss:5.1562 train_time:21211ms step_avg:249.54ms
step:96/5100 train_loss:5.1875 train_time:21460ms step_avg:249.53ms
step:97/5100 train_loss:5.2188 train_time:21710ms step_avg:249.54ms
step:98/5100 train_loss:5.2188 train_time:21961ms step_avg:249.56ms
step:99/5100 train_loss:5.1250 train_time:22213ms step_avg:249.58ms
step:100/5100 train_loss:5.1562 train_time:22456ms step_avg:249.51ms
step:101/5100 train_loss:5.1875 train_time:22708ms step_avg:249.54ms
step:102/5100 train_loss:5.2500 train_time:22959ms step_avg:249.55ms
step:103/5100 train_loss:5.1250 train_time:23207ms step_avg:249.54ms
step:104/5100 train_loss:5.0625 train_time:23457ms step_avg:249.54ms
step:105/5100 train_loss:4.9375 train_time:23712ms step_avg:249.60ms
step:106/5100 train_loss:5.1562 train_time:23964ms step_avg:249.62ms
step:107/5100 train_loss:4.9375 train_time:24215ms step_avg:249.64ms
step:108/5100 train_loss:5.0938 train_time:24466ms step_avg:249.65ms
step:109/5100 train_loss:5.0000 train_time:24717ms step_avg:249.67ms
step:110/5100 train_loss:5.1250 train_time:24968ms step_avg:249.68ms
step:111/5100 train_loss:5.0000 train_time:25219ms step_avg:249.70ms
step:112/5100 train_loss:5.0625 train_time:25471ms step_avg:249.71ms
step:113/5100 train_loss:5.1562 train_time:25721ms step_avg:249.72ms
step:114/5100 train_loss:5.0312 train_time:25972ms step_avg:249.73ms
step:115/5100 train_loss:4.9688 train_time:26223ms step_avg:249.74ms
step:116/5100 train_loss:5.1250 train_time:26476ms step_avg:249.78ms
step:117/5100 train_loss:5.0312 train_time:26727ms step_avg:249.78ms
step:118/5100 train_loss:4.8750 train_time:26980ms step_avg:249.81ms
step:119/5100 train_loss:5.1250 train_time:27232ms step_avg:249.84ms
step:120/5100 train_loss:5.0000 train_time:27483ms step_avg:249.84ms
step:121/5100 train_loss:5.0000 train_time:27734ms step_avg:249.86ms
step:122/5100 train_loss:4.7812 train_time:28000ms step_avg:250.00ms
step:123/5100 train_loss:5.0625 train_time:28243ms step_avg:249.93ms
step:124/5100 train_loss:4.9062 train_time:28492ms step_avg:249.93ms
step:125/5100 train_loss:5.2500 train_time:28748ms step_avg:249.98ms
step:125/5100 val_loss:4.9670 train_time:28908ms step_avg:251.37ms
step:126/5100 train_loss:5.0625 train_time:29003ms step_avg:250.02ms
step:127/5100 train_loss:5.0312 train_time:29255ms step_avg:250.04ms
step:128/5100 train_loss:5.0000 train_time:29505ms step_avg:250.04ms
step:129/5100 train_loss:4.9688 train_time:29756ms step_avg:250.05ms
step:130/5100 train_loss:5.4688 train_time:30009ms step_avg:250.07ms
step:131/5100 train_loss:5.0000 train_time:30262ms step_avg:250.10ms
step:132/5100 train_loss:4.7500 train_time:30513ms step_avg:250.10ms
step:133/5100 train_loss:4.7812 train_time:30765ms step_avg:250.12ms
step:134/5100 train_loss:4.9062 train_time:31015ms step_avg:250.12ms
step:135/5100 train_loss:4.8438 train_time:31263ms step_avg:250.10ms
step:136/5100 train_loss:4.9062 train_time:31513ms step_avg:250.11ms
step:137/5100 train_loss:4.7188 train_time:31764ms step_avg:250.11ms
step:138/5100 train_loss:4.8750 train_time:32019ms step_avg:250.15ms
step:139/5100 train_loss:4.8438 train_time:32267ms step_avg:250.13ms
step:140/5100 train_loss:4.9062 train_time:32519ms step_avg:250.14ms
step:141/5100 train_loss:5.2188 train_time:32770ms step_avg:250.15ms
step:142/5100 train_loss:4.9062 train_time:33018ms step_avg:250.14ms
step:143/5100 train_loss:4.8750 train_time:33270ms step_avg:250.15ms
step:144/5100 train_loss:4.9062 train_time:33520ms step_avg:250.15ms
step:145/5100 train_loss:4.8438 train_time:33774ms step_avg:250.18ms
step:146/5100 train_loss:4.7500 train_time:34025ms step_avg:250.19ms
step:147/5100 train_loss:4.6562 train_time:34282ms step_avg:250.24ms
step:148/5100 train_loss:4.8125 train_time:34527ms step_avg:250.19ms
step:149/5100 train_loss:4.8438 train_time:34788ms step_avg:250.27ms
step:150/5100 train_loss:5.0625 train_time:35039ms step_avg:250.28ms
step:151/5100 train_loss:4.8750 train_time:35286ms step_avg:250.25ms
step:152/5100 train_loss:4.7812 train_time:35531ms step_avg:250.22ms
step:153/5100 train_loss:4.8125 train_time:35784ms step_avg:250.24ms
step:154/5100 train_loss:4.9375 train_time:36033ms step_avg:250.23ms
step:155/5100 train_loss:5.0312 train_time:36284ms step_avg:250.23ms
step:156/5100 train_loss:4.7188 train_time:36534ms step_avg:250.23ms
step:157/5100 train_loss:4.9062 train_time:36786ms step_avg:250.24ms
step:158/5100 train_loss:4.9375 train_time:37040ms step_avg:250.27ms
step:159/5100 train_loss:4.7188 train_time:37287ms step_avg:250.25ms
step:160/5100 train_loss:4.8438 train_time:37545ms step_avg:250.30ms
step:161/5100 train_loss:4.6875 train_time:37792ms step_avg:250.28ms
step:162/5100 train_loss:4.8438 train_time:38044ms step_avg:250.29ms
step:163/5100 train_loss:4.8750 train_time:38295ms step_avg:250.29ms
step:164/5100 train_loss:4.7812 train_time:38557ms step_avg:250.37ms
step:165/5100 train_loss:4.6562 train_time:38805ms step_avg:250.35ms
step:166/5100 train_loss:4.7188 train_time:39055ms step_avg:250.35ms
step:167/5100 train_loss:4.8750 train_time:39306ms step_avg:250.36ms
step:168/5100 train_loss:4.5312 train_time:39558ms step_avg:250.37ms
step:169/5100 train_loss:5.0000 train_time:39808ms step_avg:250.37ms
step:170/5100 train_loss:4.5938 train_time:40059ms step_avg:250.37ms
step:171/5100 train_loss:4.5000 train_time:40310ms step_avg:250.37ms
step:172/5100 train_loss:4.6562 train_time:40561ms step_avg:250.38ms
step:173/5100 train_loss:4.6562 train_time:40812ms step_avg:250.38ms
step:174/5100 train_loss:4.7188 train_time:41053ms step_avg:250.32ms
step:175/5100 train_loss:4.8125 train_time:41305ms step_avg:250.33ms
step:176/5100 train_loss:4.8125 train_time:41560ms step_avg:250.36ms
step:177/5100 train_loss:4.5938 train_time:41808ms step_avg:250.35ms
step:178/5100 train_loss:4.5312 train_time:42060ms step_avg:250.35ms
step:179/5100 train_loss:4.5938 train_time:42314ms step_avg:250.38ms
step:180/5100 train_loss:4.5938 train_time:42564ms step_avg:250.38ms
step:181/5100 train_loss:4.6562 train_time:42822ms step_avg:250.42ms
step:182/5100 train_loss:4.5625 train_time:43072ms step_avg:250.42ms
step:183/5100 train_loss:4.6250 train_time:43322ms step_avg:250.42ms
step:184/5100 train_loss:4.5938 train_time:43566ms step_avg:250.38ms
step:185/5100 train_loss:4.5625 train_time:43815ms step_avg:250.37ms
step:186/5100 train_loss:4.9062 train_time:44071ms step_avg:250.40ms
step:187/5100 train_loss:4.6875 train_time:44323ms step_avg:250.41ms
step:188/5100 train_loss:4.9688 train_time:44571ms step_avg:250.40ms
step:189/5100 train_loss:4.5625 train_time:44821ms step_avg:250.40ms
step:190/5100 train_loss:4.5625 train_time:45632ms step_avg:253.51ms
step:191/5100 train_loss:4.7500 train_time:45882ms step_avg:253.49ms
step:192/5100 train_loss:4.5625 train_time:46131ms step_avg:253.47ms
step:193/5100 train_loss:4.5312 train_time:46385ms step_avg:253.47ms
step:194/5100 train_loss:4.8125 train_time:46635ms step_avg:253.45ms
step:195/5100 train_loss:4.5938 train_time:46887ms step_avg:253.44ms
step:196/5100 train_loss:4.9688 train_time:47151ms step_avg:253.50ms
step:197/5100 train_loss:4.6875 train_time:47393ms step_avg:253.44ms
step:198/5100 train_loss:4.4688 train_time:47645ms step_avg:253.43ms
step:199/5100 train_loss:4.5000 train_time:47896ms step_avg:253.42ms
step:200/5100 train_loss:4.5000 train_time:48146ms step_avg:253.40ms
step:201/5100 train_loss:4.5625 train_time:48397ms step_avg:253.39ms
step:202/5100 train_loss:4.5000 train_time:48649ms step_avg:253.38ms
step:203/5100 train_loss:4.6562 train_time:48899ms step_avg:253.36ms
step:204/5100 train_loss:4.5938 train_time:49151ms step_avg:253.35ms
step:205/5100 train_loss:4.7500 train_time:49402ms step_avg:253.34ms
step:206/5100 train_loss:4.5625 train_time:49653ms step_avg:253.33ms
step:207/5100 train_loss:4.4375 train_time:49904ms step_avg:253.32ms
step:208/5100 train_loss:4.5938 train_time:50154ms step_avg:253.30ms
step:209/5100 train_loss:4.5938 train_time:50405ms step_avg:253.29ms
step:210/5100 train_loss:4.6562 train_time:50656ms step_avg:253.28ms
step:211/5100 train_loss:4.5938 train_time:50907ms step_avg:253.27ms
step:212/5100 train_loss:4.5312 train_time:51162ms step_avg:253.27ms
step:213/5100 train_loss:4.5938 train_time:51409ms step_avg:253.25ms
step:214/5100 train_loss:4.3438 train_time:51663ms step_avg:253.25ms
step:215/5100 train_loss:4.5000 train_time:51912ms step_avg:253.23ms
step:216/5100 train_loss:4.4688 train_time:52163ms step_avg:253.22ms
step:217/5100 train_loss:4.3750 train_time:52414ms step_avg:253.21ms
step:218/5100 train_loss:4.5312 train_time:52666ms step_avg:253.20ms
step:219/5100 train_loss:4.4062 train_time:52916ms step_avg:253.19ms
step:220/5100 train_loss:4.5000 train_time:53167ms step_avg:253.18ms
step:221/5100 train_loss:4.5000 train_time:53417ms step_avg:253.16ms
step:222/5100 train_loss:4.4688 train_time:53668ms step_avg:253.15ms
step:223/5100 train_loss:4.3438 train_time:53920ms step_avg:253.14ms
step:224/5100 train_loss:4.4688 train_time:54170ms step_avg:253.13ms
step:225/5100 train_loss:4.5938 train_time:54422ms step_avg:253.13ms
step:226/5100 train_loss:4.2812 train_time:54674ms step_avg:253.12ms
step:227/5100 train_loss:4.2500 train_time:54926ms step_avg:253.11ms
step:228/5100 train_loss:4.3750 train_time:55176ms step_avg:253.10ms
step:229/5100 train_loss:4.5312 train_time:55426ms step_avg:253.09ms
step:230/5100 train_loss:4.3438 train_time:55678ms step_avg:253.08ms
step:231/5100 train_loss:4.4688 train_time:55929ms step_avg:253.07ms
step:232/5100 train_loss:4.4688 train_time:56183ms step_avg:253.08ms
step:233/5100 train_loss:4.2188 train_time:56431ms step_avg:253.06ms
step:234/5100 train_loss:4.4688 train_time:56691ms step_avg:253.09ms
step:235/5100 train_loss:4.3125 train_time:56936ms step_avg:253.05ms
step:236/5100 train_loss:4.0312 train_time:57188ms step_avg:253.04ms
step:237/5100 train_loss:4.4688 train_time:57438ms step_avg:253.03ms
step:238/5100 train_loss:4.4375 train_time:57687ms step_avg:253.01ms
step:239/5100 train_loss:4.2812 train_time:57938ms step_avg:253.00ms
step:240/5100 train_loss:4.5312 train_time:58188ms step_avg:252.99ms
step:241/5100 train_loss:4.4375 train_time:58442ms step_avg:253.00ms
step:242/5100 train_loss:4.2812 train_time:58691ms step_avg:252.98ms
step:243/5100 train_loss:4.2188 train_time:58941ms step_avg:252.97ms
step:244/5100 train_loss:4.3438 train_time:59192ms step_avg:252.96ms
step:245/5100 train_loss:4.3750 train_time:59443ms step_avg:252.95ms
step:246/5100 train_loss:4.5625 train_time:59694ms step_avg:252.94ms
step:247/5100 train_loss:4.5625 train_time:59944ms step_avg:252.93ms
step:248/5100 train_loss:4.3750 train_time:60195ms step_avg:252.92ms
step:249/5100 train_loss:4.4062 train_time:60446ms step_avg:252.91ms
step:250/5100 train_loss:4.1875 train_time:60698ms step_avg:252.91ms
step:250/5100 val_loss:4.3411 train_time:60858ms step_avg:253.58ms
step:251/5100 train_loss:4.2812 train_time:60949ms step_avg:252.90ms
step:252/5100 train_loss:4.4062 train_time:61203ms step_avg:252.91ms
step:253/5100 train_loss:4.3125 train_time:61455ms step_avg:252.90ms
step:254/5100 train_loss:4.1250 train_time:61705ms step_avg:252.89ms
step:255/5100 train_loss:4.2812 train_time:61955ms step_avg:252.88ms
step:256/5100 train_loss:4.3125 train_time:62209ms step_avg:252.88ms
step:257/5100 train_loss:4.4375 train_time:62459ms step_avg:252.87ms
step:258/5100 train_loss:4.2500 train_time:62714ms step_avg:252.88ms
step:259/5100 train_loss:4.1875 train_time:62964ms step_avg:252.87ms
step:260/5100 train_loss:4.3438 train_time:63216ms step_avg:252.86ms
step:261/5100 train_loss:4.3438 train_time:63466ms step_avg:252.85ms
step:262/5100 train_loss:4.3750 train_time:63717ms step_avg:252.85ms
step:263/5100 train_loss:4.2812 train_time:63968ms step_avg:252.84ms
step:264/5100 train_loss:4.2812 train_time:64219ms step_avg:252.83ms
step:265/5100 train_loss:4.3125 train_time:64470ms step_avg:252.82ms
step:266/5100 train_loss:4.0312 train_time:64722ms step_avg:252.82ms
step:267/5100 train_loss:4.2188 train_time:64974ms step_avg:252.82ms
step:268/5100 train_loss:4.0625 train_time:65223ms step_avg:252.80ms
step:269/5100 train_loss:4.1875 train_time:65475ms step_avg:252.80ms
step:270/5100 train_loss:4.1562 train_time:65726ms step_avg:252.79ms
step:271/5100 train_loss:4.3438 train_time:65976ms step_avg:252.78ms
step:272/5100 train_loss:4.2812 train_time:66226ms step_avg:252.77ms
step:273/5100 train_loss:4.1875 train_time:66485ms step_avg:252.80ms
step:274/5100 train_loss:4.2812 train_time:66729ms step_avg:252.76ms
step:275/5100 train_loss:4.3125 train_time:66980ms step_avg:252.75ms
step:276/5100 train_loss:4.3125 train_time:67233ms step_avg:252.76ms
step:277/5100 train_loss:4.2500 train_time:67485ms step_avg:252.75ms
step:278/5100 train_loss:4.0938 train_time:67735ms step_avg:252.74ms
step:279/5100 train_loss:4.4062 train_time:67989ms step_avg:252.75ms
step:280/5100 train_loss:4.2500 train_time:68239ms step_avg:252.74ms
step:281/5100 train_loss:4.6875 train_time:68490ms step_avg:252.73ms
step:282/5100 train_loss:4.2500 train_time:68740ms step_avg:252.72ms
step:283/5100 train_loss:4.1250 train_time:68991ms step_avg:252.72ms
step:284/5100 train_loss:4.2500 train_time:69240ms step_avg:252.70ms
step:285/5100 train_loss:4.2812 train_time:69492ms step_avg:252.70ms
step:286/5100 train_loss:4.3125 train_time:69743ms step_avg:252.69ms
step:287/5100 train_loss:4.4375 train_time:69994ms step_avg:252.69ms
step:288/5100 train_loss:4.1875 train_time:70248ms step_avg:252.69ms
step:289/5100 train_loss:4.3125 train_time:70496ms step_avg:252.67ms
step:290/5100 train_loss:4.1562 train_time:70749ms step_avg:252.68ms
step:291/5100 train_loss:4.2188 train_time:71000ms step_avg:252.67ms
step:292/5100 train_loss:4.2812 train_time:71251ms step_avg:252.66ms
step:293/5100 train_loss:4.2500 train_time:71506ms step_avg:252.67ms
step:294/5100 train_loss:4.1875 train_time:71753ms step_avg:252.65ms
step:295/5100 train_loss:4.2812 train_time:72004ms step_avg:252.65ms
step:296/5100 train_loss:4.0938 train_time:72255ms step_avg:252.64ms
step:297/5100 train_loss:4.1562 train_time:72516ms step_avg:252.67ms
step:298/5100 train_loss:4.0938 train_time:72765ms step_avg:252.66ms
step:299/5100 train_loss:4.2500 train_time:73015ms step_avg:252.65ms
step:300/5100 train_loss:4.1875 train_time:73269ms step_avg:252.65ms
step:301/5100 train_loss:4.3438 train_time:73518ms step_avg:252.64ms
step:302/5100 train_loss:4.2188 train_time:73770ms step_avg:252.64ms
step:303/5100 train_loss:4.1875 train_time:74027ms step_avg:252.65ms
step:304/5100 train_loss:4.1250 train_time:74274ms step_avg:252.63ms
step:305/5100 train_loss:4.2500 train_time:74525ms step_avg:252.63ms
step:306/5100 train_loss:5.1875 train_time:74779ms step_avg:252.63ms
step:307/5100 train_loss:4.1250 train_time:75026ms step_avg:252.61ms
step:308/5100 train_loss:4.1250 train_time:75278ms step_avg:252.61ms
step:309/5100 train_loss:4.2812 train_time:75529ms step_avg:252.60ms
step:310/5100 train_loss:4.0938 train_time:75779ms step_avg:252.60ms
step:311/5100 train_loss:4.2812 train_time:76031ms step_avg:252.59ms
step:312/5100 train_loss:4.0312 train_time:76281ms step_avg:252.59ms
step:313/5100 train_loss:4.0625 train_time:76533ms step_avg:252.58ms
step:314/5100 train_loss:4.3125 train_time:76784ms step_avg:252.58ms
step:315/5100 train_loss:4.4375 train_time:77035ms step_avg:252.57ms
step:316/5100 train_loss:4.2188 train_time:77286ms step_avg:252.57ms
step:317/5100 train_loss:4.1250 train_time:77536ms step_avg:252.56ms
step:318/5100 train_loss:4.1250 train_time:77788ms step_avg:252.56ms
step:319/5100 train_loss:4.1875 train_time:78040ms step_avg:252.56ms
step:320/5100 train_loss:4.1875 train_time:78290ms step_avg:252.55ms
step:321/5100 train_loss:4.4375 train_time:78541ms step_avg:252.54ms
step:322/5100 train_loss:4.2188 train_time:78793ms step_avg:252.54ms
step:323/5100 train_loss:4.2188 train_time:79045ms step_avg:252.54ms
step:324/5100 train_loss:4.3750 train_time:79295ms step_avg:252.53ms
step:325/5100 train_loss:4.2500 train_time:79546ms step_avg:252.53ms
step:326/5100 train_loss:4.2500 train_time:79797ms step_avg:252.52ms
step:327/5100 train_loss:4.1250 train_time:80047ms step_avg:252.51ms
step:328/5100 train_loss:5.0938 train_time:80298ms step_avg:252.51ms
step:329/5100 train_loss:4.3438 train_time:80550ms step_avg:252.51ms
step:330/5100 train_loss:4.0938 train_time:80804ms step_avg:252.51ms
step:331/5100 train_loss:4.0625 train_time:81055ms step_avg:252.51ms
step:332/5100 train_loss:4.0000 train_time:81306ms step_avg:252.50ms
step:333/5100 train_loss:4.1562 train_time:81556ms step_avg:252.50ms
step:334/5100 train_loss:4.0938 train_time:81814ms step_avg:252.51ms
step:335/5100 train_loss:4.0938 train_time:82064ms step_avg:252.50ms
step:336/5100 train_loss:4.2500 train_time:82315ms step_avg:252.50ms
step:337/5100 train_loss:4.4062 train_time:82576ms step_avg:252.53ms
step:338/5100 train_loss:5.0000 train_time:82824ms step_avg:252.51ms
step:339/5100 train_loss:4.1875 train_time:83075ms step_avg:252.51ms
step:340/5100 train_loss:4.0625 train_time:83326ms step_avg:252.50ms
step:341/5100 train_loss:4.1875 train_time:83578ms step_avg:252.50ms
step:342/5100 train_loss:4.1875 train_time:83819ms step_avg:252.47ms
step:343/5100 train_loss:4.0938 train_time:84071ms step_avg:252.47ms
step:344/5100 train_loss:3.9531 train_time:84324ms step_avg:252.47ms
step:345/5100 train_loss:4.0938 train_time:84575ms step_avg:252.46ms
step:346/5100 train_loss:4.0000 train_time:84823ms step_avg:252.45ms
step:347/5100 train_loss:3.9688 train_time:85073ms step_avg:252.44ms
step:348/5100 train_loss:4.1250 train_time:85327ms step_avg:252.45ms
step:349/5100 train_loss:4.0938 train_time:85574ms step_avg:252.43ms
step:350/5100 train_loss:4.0312 train_time:85830ms step_avg:252.44ms
step:351/5100 train_loss:3.5625 train_time:86081ms step_avg:252.44ms
step:352/5100 train_loss:3.9688 train_time:86331ms step_avg:252.43ms
step:353/5100 train_loss:4.4062 train_time:86581ms step_avg:252.42ms
step:354/5100 train_loss:4.0312 train_time:86830ms step_avg:252.41ms
step:355/5100 train_loss:4.0625 train_time:87082ms step_avg:252.41ms
step:356/5100 train_loss:4.1250 train_time:87332ms step_avg:252.41ms
step:357/5100 train_loss:4.1562 train_time:87583ms step_avg:252.40ms
step:358/5100 train_loss:4.0938 train_time:87834ms step_avg:252.40ms
step:359/5100 train_loss:3.8438 train_time:88085ms step_avg:252.39ms
step:360/5100 train_loss:4.4375 train_time:88336ms step_avg:252.39ms
step:361/5100 train_loss:3.5938 train_time:88588ms step_avg:252.39ms
step:362/5100 train_loss:4.0938 train_time:88840ms step_avg:252.39ms
step:363/5100 train_loss:4.1562 train_time:89089ms step_avg:252.38ms
step:364/5100 train_loss:3.9844 train_time:89341ms step_avg:252.38ms
step:365/5100 train_loss:3.9844 train_time:89596ms step_avg:252.38ms
step:366/5100 train_loss:4.0938 train_time:89846ms step_avg:252.38ms
step:367/5100 train_loss:4.1250 train_time:90094ms step_avg:252.36ms
step:368/5100 train_loss:4.1562 train_time:90347ms step_avg:252.36ms
step:369/5100 train_loss:4.0312 train_time:90598ms step_avg:252.36ms
step:370/5100 train_loss:3.9062 train_time:90848ms step_avg:252.36ms
step:371/5100 train_loss:4.1562 train_time:91105ms step_avg:252.37ms
step:372/5100 train_loss:3.9844 train_time:91355ms step_avg:252.36ms
step:373/5100 train_loss:3.9219 train_time:91609ms step_avg:252.37ms
step:374/5100 train_loss:4.1562 train_time:91860ms step_avg:252.36ms
step:375/5100 train_loss:4.0938 train_time:92107ms step_avg:252.35ms
step:375/5100 val_loss:4.0604 train_time:92263ms step_avg:252.77ms
step:376/5100 train_loss:4.0312 train_time:92363ms step_avg:252.36ms
step:377/5100 train_loss:4.0312 train_time:92606ms step_avg:252.33ms
step:378/5100 train_loss:4.0312 train_time:92858ms step_avg:252.33ms
step:379/5100 train_loss:4.1562 train_time:93433ms step_avg:253.21ms
step:380/5100 train_loss:4.1562 train_time:94082ms step_avg:254.27ms
step:381/5100 train_loss:4.1875 train_time:94331ms step_avg:254.26ms
step:382/5100 train_loss:4.1250 train_time:94581ms step_avg:254.25ms
step:383/5100 train_loss:4.0000 train_time:94833ms step_avg:254.24ms
step:384/5100 train_loss:3.9844 train_time:95083ms step_avg:254.23ms
step:385/5100 train_loss:4.0000 train_time:95333ms step_avg:254.22ms
step:386/5100 train_loss:3.9688 train_time:95591ms step_avg:254.23ms
step:387/5100 train_loss:4.1875 train_time:95839ms step_avg:254.22ms
step:388/5100 train_loss:4.4062 train_time:96088ms step_avg:254.20ms
step:389/5100 train_loss:4.1250 train_time:96341ms step_avg:254.20ms
step:390/5100 train_loss:3.9688 train_time:96593ms step_avg:254.19ms
step:391/5100 train_loss:4.0312 train_time:96841ms step_avg:254.17ms
step:392/5100 train_loss:4.0625 train_time:97091ms step_avg:254.16ms
step:393/5100 train_loss:4.2188 train_time:97348ms step_avg:254.17ms
step:394/5100 train_loss:4.0000 train_time:97592ms step_avg:254.15ms
step:395/5100 train_loss:3.9844 train_time:97843ms step_avg:254.14ms
step:396/5100 train_loss:3.7969 train_time:98095ms step_avg:254.13ms
step:397/5100 train_loss:4.1250 train_time:98345ms step_avg:254.12ms
step:398/5100 train_loss:4.1562 train_time:98596ms step_avg:254.11ms
step:399/5100 train_loss:4.1875 train_time:98848ms step_avg:254.11ms
step:400/5100 train_loss:4.0312 train_time:99099ms step_avg:254.10ms
step:401/5100 train_loss:4.1875 train_time:99349ms step_avg:254.09ms
step:402/5100 train_loss:4.0625 train_time:99602ms step_avg:254.09ms
step:403/5100 train_loss:4.1875 train_time:99851ms step_avg:254.07ms
step:404/5100 train_loss:4.2188 train_time:100102ms step_avg:254.07ms
step:405/5100 train_loss:4.0625 train_time:100353ms step_avg:254.06ms
step:406/5100 train_loss:4.0312 train_time:100603ms step_avg:254.05ms
step:407/5100 train_loss:4.2500 train_time:100855ms step_avg:254.04ms
step:408/5100 train_loss:4.0625 train_time:101106ms step_avg:254.04ms
step:409/5100 train_loss:4.0000 train_time:101359ms step_avg:254.03ms
step:410/5100 train_loss:4.1562 train_time:101616ms step_avg:254.04ms
step:411/5100 train_loss:4.0000 train_time:101865ms step_avg:254.03ms
step:412/5100 train_loss:3.9844 train_time:102120ms step_avg:254.03ms
step:413/5100 train_loss:4.5312 train_time:102368ms step_avg:254.01ms
step:414/5100 train_loss:3.9844 train_time:102617ms step_avg:254.00ms
step:415/5100 train_loss:4.1562 train_time:102868ms step_avg:254.00ms
step:416/5100 train_loss:3.9531 train_time:103122ms step_avg:254.00ms
step:417/5100 train_loss:4.0000 train_time:103371ms step_avg:253.98ms
step:418/5100 train_loss:4.1875 train_time:103621ms step_avg:253.97ms
step:419/5100 train_loss:3.9062 train_time:103873ms step_avg:253.97ms
step:420/5100 train_loss:3.9688 train_time:104124ms step_avg:253.96ms
step:421/5100 train_loss:3.8125 train_time:104374ms step_avg:253.95ms
step:422/5100 train_loss:3.7969 train_time:104625ms step_avg:253.94ms
step:423/5100 train_loss:4.0312 train_time:104875ms step_avg:253.93ms
step:424/5100 train_loss:3.9531 train_time:105127ms step_avg:253.93ms
step:425/5100 train_loss:3.9219 train_time:105378ms step_avg:253.92ms
step:426/5100 train_loss:3.8906 train_time:105629ms step_avg:253.91ms
step:427/5100 train_loss:3.9219 train_time:105880ms step_avg:253.91ms
step:428/5100 train_loss:3.9219 train_time:106131ms step_avg:253.90ms
step:429/5100 train_loss:3.9688 train_time:106382ms step_avg:253.90ms
step:430/5100 train_loss:3.9844 train_time:106634ms step_avg:253.89ms
step:431/5100 train_loss:4.0000 train_time:106884ms step_avg:253.88ms
step:432/5100 train_loss:3.8750 train_time:107136ms step_avg:253.88ms
step:433/5100 train_loss:4.0000 train_time:107387ms step_avg:253.87ms
step:434/5100 train_loss:4.0938 train_time:107638ms step_avg:253.86ms
step:435/5100 train_loss:4.0000 train_time:107891ms step_avg:253.86ms
step:436/5100 train_loss:4.0312 train_time:108140ms step_avg:253.85ms
step:437/5100 train_loss:3.7500 train_time:108391ms step_avg:253.84ms
step:438/5100 train_loss:3.8750 train_time:108642ms step_avg:253.84ms
step:439/5100 train_loss:3.9688 train_time:108893ms step_avg:253.83ms
step:440/5100 train_loss:3.8906 train_time:109145ms step_avg:253.83ms
step:441/5100 train_loss:4.2500 train_time:109400ms step_avg:253.83ms
step:442/5100 train_loss:3.8594 train_time:109650ms step_avg:253.82ms
step:443/5100 train_loss:3.9688 train_time:109901ms step_avg:253.81ms
step:444/5100 train_loss:3.8594 train_time:110152ms step_avg:253.81ms
step:445/5100 train_loss:3.9219 train_time:110403ms step_avg:253.80ms
step:446/5100 train_loss:3.9844 train_time:110655ms step_avg:253.80ms
step:447/5100 train_loss:3.9844 train_time:110905ms step_avg:253.79ms
step:448/5100 train_loss:4.0625 train_time:111158ms step_avg:253.79ms
step:449/5100 train_loss:4.0625 train_time:111408ms step_avg:253.78ms
step:450/5100 train_loss:3.9531 train_time:111659ms step_avg:253.77ms
step:451/5100 train_loss:3.9531 train_time:111912ms step_avg:253.77ms
step:452/5100 train_loss:3.8906 train_time:112165ms step_avg:253.77ms
step:453/5100 train_loss:3.8125 train_time:112415ms step_avg:253.76ms
step:454/5100 train_loss:3.8438 train_time:112667ms step_avg:253.75ms
step:455/5100 train_loss:3.8281 train_time:112919ms step_avg:253.75ms
step:456/5100 train_loss:4.0938 train_time:113172ms step_avg:253.75ms
step:457/5100 train_loss:3.9375 train_time:113423ms step_avg:253.74ms
step:458/5100 train_loss:3.9531 train_time:113675ms step_avg:253.74ms
step:459/5100 train_loss:4.1250 train_time:113928ms step_avg:253.74ms
step:460/5100 train_loss:3.7656 train_time:114185ms step_avg:253.74ms
step:461/5100 train_loss:4.0625 train_time:114436ms step_avg:253.74ms
step:462/5100 train_loss:3.9531 train_time:114690ms step_avg:253.74ms
step:463/5100 train_loss:4.0000 train_time:114937ms step_avg:253.72ms
step:464/5100 train_loss:4.0312 train_time:115182ms step_avg:253.70ms
step:465/5100 train_loss:3.8906 train_time:115432ms step_avg:253.70ms
step:466/5100 train_loss:3.9219 train_time:115688ms step_avg:253.70ms
step:467/5100 train_loss:4.0938 train_time:115938ms step_avg:253.69ms
step:468/5100 train_loss:4.2812 train_time:116187ms step_avg:253.68ms
step:469/5100 train_loss:3.8750 train_time:116438ms step_avg:253.68ms
step:470/5100 train_loss:3.8594 train_time:116689ms step_avg:253.67ms
step:471/5100 train_loss:3.9844 train_time:116940ms step_avg:253.67ms
step:472/5100 train_loss:3.9219 train_time:117196ms step_avg:253.67ms
step:473/5100 train_loss:4.0000 train_time:117442ms step_avg:253.66ms
step:474/5100 train_loss:3.8906 train_time:117695ms step_avg:253.65ms
step:475/5100 train_loss:3.7656 train_time:117953ms step_avg:253.66ms
step:476/5100 train_loss:4.0625 train_time:118202ms step_avg:253.65ms
step:477/5100 train_loss:3.9062 train_time:118447ms step_avg:253.63ms
step:478/5100 train_loss:3.9844 train_time:118698ms step_avg:253.63ms
step:479/5100 train_loss:4.0938 train_time:118950ms step_avg:253.62ms
step:480/5100 train_loss:3.9688 train_time:119202ms step_avg:253.62ms
step:481/5100 train_loss:3.9062 train_time:119452ms step_avg:253.61ms
step:482/5100 train_loss:3.9844 train_time:119704ms step_avg:253.61ms
step:483/5100 train_loss:3.7344 train_time:119957ms step_avg:253.61ms
step:484/5100 train_loss:3.9531 train_time:120210ms step_avg:253.61ms
step:485/5100 train_loss:3.9062 train_time:120461ms step_avg:253.60ms
step:486/5100 train_loss:3.9062 train_time:120707ms step_avg:253.59ms
step:487/5100 train_loss:3.8438 train_time:120958ms step_avg:253.58ms
step:488/5100 train_loss:3.8906 train_time:121209ms step_avg:253.58ms
step:489/5100 train_loss:4.0000 train_time:121459ms step_avg:253.57ms
step:490/5100 train_loss:4.0312 train_time:121712ms step_avg:253.57ms
step:491/5100 train_loss:3.9062 train_time:121969ms step_avg:253.57ms
step:492/5100 train_loss:3.7969 train_time:122220ms step_avg:253.57ms
step:493/5100 train_loss:4.1875 train_time:122469ms step_avg:253.56ms
step:494/5100 train_loss:3.7500 train_time:122722ms step_avg:253.56ms
step:495/5100 train_loss:3.9844 train_time:122972ms step_avg:253.55ms
step:496/5100 train_loss:4.0000 train_time:123224ms step_avg:253.55ms
step:497/5100 train_loss:3.7812 train_time:123482ms step_avg:253.56ms
step:498/5100 train_loss:3.9062 train_time:123732ms step_avg:253.55ms
step:499/5100 train_loss:4.0000 train_time:123979ms step_avg:253.54ms
step:500/5100 train_loss:4.0312 train_time:124231ms step_avg:253.53ms
step:500/5100 val_loss:3.9235 train_time:124392ms step_avg:253.86ms
step:501/5100 train_loss:4.0938 train_time:124487ms step_avg:253.54ms
step:502/5100 train_loss:3.8438 train_time:124736ms step_avg:253.53ms
step:503/5100 train_loss:4.0312 train_time:124987ms step_avg:253.52ms
step:504/5100 train_loss:3.8906 train_time:125241ms step_avg:253.52ms
step:505/5100 train_loss:3.9688 train_time:125493ms step_avg:253.52ms
step:506/5100 train_loss:3.9219 train_time:125751ms step_avg:253.53ms
step:507/5100 train_loss:3.7812 train_time:125995ms step_avg:253.51ms
step:508/5100 train_loss:4.0938 train_time:126251ms step_avg:253.52ms
step:509/5100 train_loss:4.2812 train_time:126498ms step_avg:253.50ms
step:510/5100 train_loss:3.9062 train_time:126745ms step_avg:253.49ms
step:511/5100 train_loss:3.9219 train_time:126998ms step_avg:253.49ms
step:512/5100 train_loss:3.8750 train_time:127250ms step_avg:253.49ms
step:513/5100 train_loss:4.0000 train_time:127499ms step_avg:253.48ms
step:514/5100 train_loss:3.9688 train_time:127750ms step_avg:253.47ms
step:515/5100 train_loss:3.9688 train_time:128001ms step_avg:253.47ms
step:516/5100 train_loss:3.9219 train_time:128252ms step_avg:253.46ms
step:517/5100 train_loss:4.0625 train_time:128503ms step_avg:253.46ms
step:518/5100 train_loss:3.7812 train_time:128754ms step_avg:253.45ms
step:519/5100 train_loss:4.0625 train_time:129005ms step_avg:253.45ms
step:520/5100 train_loss:4.0000 train_time:129255ms step_avg:253.44ms
step:521/5100 train_loss:3.9219 train_time:129508ms step_avg:253.44ms
step:522/5100 train_loss:3.7969 train_time:129761ms step_avg:253.44ms
step:523/5100 train_loss:3.8281 train_time:130012ms step_avg:253.43ms
step:524/5100 train_loss:5.2500 train_time:130262ms step_avg:253.43ms
step:525/5100 train_loss:3.8594 train_time:130513ms step_avg:253.42ms
step:526/5100 train_loss:3.9688 train_time:130765ms step_avg:253.42ms
step:527/5100 train_loss:3.8438 train_time:131016ms step_avg:253.42ms
step:528/5100 train_loss:3.7188 train_time:131266ms step_avg:253.41ms
step:529/5100 train_loss:3.8281 train_time:131519ms step_avg:253.41ms
step:530/5100 train_loss:4.0938 train_time:131770ms step_avg:253.40ms
step:531/5100 train_loss:3.8281 train_time:132020ms step_avg:253.40ms
step:532/5100 train_loss:4.0625 train_time:132272ms step_avg:253.40ms
step:533/5100 train_loss:3.9688 train_time:132532ms step_avg:253.41ms
step:534/5100 train_loss:3.8594 train_time:132775ms step_avg:253.39ms
step:535/5100 train_loss:3.8281 train_time:133027ms step_avg:253.39ms
step:536/5100 train_loss:3.7812 train_time:133279ms step_avg:253.38ms
step:537/5100 train_loss:3.9219 train_time:133528ms step_avg:253.37ms
step:538/5100 train_loss:3.9375 train_time:133779ms step_avg:253.37ms
step:539/5100 train_loss:3.8438 train_time:134029ms step_avg:253.36ms
step:540/5100 train_loss:4.4688 train_time:134283ms step_avg:253.36ms
step:541/5100 train_loss:3.8906 train_time:134536ms step_avg:253.36ms
step:542/5100 train_loss:4.0312 train_time:134786ms step_avg:253.36ms
step:543/5100 train_loss:3.8125 train_time:135036ms step_avg:253.35ms
step:544/5100 train_loss:3.8594 train_time:135287ms step_avg:253.35ms
step:545/5100 train_loss:3.8750 train_time:135538ms step_avg:253.34ms
step:546/5100 train_loss:3.7812 train_time:135788ms step_avg:253.34ms
step:547/5100 train_loss:3.8438 train_time:136038ms step_avg:253.33ms
step:548/5100 train_loss:3.8281 train_time:136290ms step_avg:253.33ms
step:549/5100 train_loss:3.9219 train_time:136541ms step_avg:253.32ms
step:550/5100 train_loss:3.8750 train_time:136793ms step_avg:253.32ms
step:551/5100 train_loss:3.8906 train_time:137045ms step_avg:253.32ms
step:552/5100 train_loss:3.8594 train_time:137310ms step_avg:253.34ms
step:553/5100 train_loss:3.7812 train_time:137546ms step_avg:253.31ms
step:554/5100 train_loss:4.1562 train_time:137794ms step_avg:253.30ms
step:555/5100 train_loss:3.9062 train_time:138046ms step_avg:253.30ms
step:556/5100 train_loss:3.8750 train_time:138298ms step_avg:253.29ms
step:557/5100 train_loss:3.9219 train_time:138551ms step_avg:253.29ms
step:558/5100 train_loss:3.4219 train_time:138800ms step_avg:253.28ms
step:559/5100 train_loss:3.8438 train_time:139054ms step_avg:253.29ms
step:560/5100 train_loss:3.8281 train_time:139303ms step_avg:253.28ms
step:561/5100 train_loss:4.0312 train_time:139554ms step_avg:253.27ms
step:562/5100 train_loss:3.8125 train_time:139806ms step_avg:253.27ms
step:563/5100 train_loss:3.6875 train_time:140056ms step_avg:253.27ms
step:564/5100 train_loss:3.9844 train_time:140307ms step_avg:253.26ms
step:565/5100 train_loss:3.6875 train_time:140562ms step_avg:253.26ms
step:566/5100 train_loss:3.8906 train_time:140810ms step_avg:253.25ms
step:567/5100 train_loss:3.7656 train_time:141062ms step_avg:253.25ms
step:568/5100 train_loss:3.8125 train_time:141414ms step_avg:253.43ms
step:569/5100 train_loss:3.7656 train_time:141664ms step_avg:253.42ms
step:570/5100 train_loss:3.8125 train_time:142526ms step_avg:254.51ms
step:571/5100 train_loss:3.8438 train_time:142778ms step_avg:254.51ms
step:572/5100 train_loss:3.9375 train_time:143029ms step_avg:254.50ms
step:573/5100 train_loss:3.8125 train_time:143279ms step_avg:254.49ms
step:574/5100 train_loss:3.8438 train_time:143530ms step_avg:254.49ms
step:575/5100 train_loss:4.0625 train_time:143782ms step_avg:254.48ms
step:576/5100 train_loss:3.8906 train_time:144034ms step_avg:254.48ms
step:577/5100 train_loss:3.9688 train_time:144285ms step_avg:254.47ms
step:578/5100 train_loss:3.8750 train_time:144536ms step_avg:254.46ms
step:579/5100 train_loss:3.7812 train_time:144787ms step_avg:254.46ms
step:580/5100 train_loss:3.9844 train_time:145037ms step_avg:254.45ms
step:581/5100 train_loss:3.8594 train_time:145290ms step_avg:254.45ms
step:582/5100 train_loss:3.9062 train_time:145548ms step_avg:254.45ms
step:583/5100 train_loss:3.9531 train_time:145791ms step_avg:254.44ms
step:584/5100 train_loss:3.8594 train_time:146043ms step_avg:254.43ms
step:585/5100 train_loss:3.8281 train_time:146301ms step_avg:254.44ms
step:586/5100 train_loss:4.0625 train_time:146555ms step_avg:254.44ms
step:587/5100 train_loss:3.7812 train_time:146804ms step_avg:254.43ms
step:588/5100 train_loss:3.9062 train_time:147049ms step_avg:254.41ms
step:589/5100 train_loss:3.8750 train_time:147299ms step_avg:254.40ms
step:590/5100 train_loss:4.1875 train_time:147548ms step_avg:254.39ms
step:591/5100 train_loss:3.9531 train_time:147800ms step_avg:254.39ms
step:592/5100 train_loss:3.6094 train_time:148050ms step_avg:254.38ms
step:593/5100 train_loss:3.8125 train_time:148302ms step_avg:254.38ms
step:594/5100 train_loss:3.8906 train_time:148554ms step_avg:254.37ms
step:595/5100 train_loss:3.6719 train_time:148804ms step_avg:254.37ms
step:596/5100 train_loss:4.1562 train_time:149053ms step_avg:254.36ms
step:597/5100 train_loss:4.0000 train_time:149305ms step_avg:254.35ms
step:598/5100 train_loss:3.7344 train_time:149556ms step_avg:254.35ms
step:599/5100 train_loss:3.9062 train_time:149807ms step_avg:254.34ms
step:600/5100 train_loss:3.7500 train_time:150061ms step_avg:254.34ms
step:601/5100 train_loss:3.7344 train_time:150308ms step_avg:254.33ms
step:602/5100 train_loss:3.9375 train_time:150560ms step_avg:254.32ms
step:603/5100 train_loss:3.8438 train_time:150811ms step_avg:254.32ms
step:604/5100 train_loss:4.0312 train_time:151061ms step_avg:254.31ms
step:605/5100 train_loss:3.8281 train_time:151314ms step_avg:254.31ms
step:606/5100 train_loss:3.8594 train_time:151564ms step_avg:254.30ms
step:607/5100 train_loss:3.8906 train_time:151816ms step_avg:254.30ms
step:608/5100 train_loss:4.1875 train_time:152066ms step_avg:254.29ms
step:609/5100 train_loss:3.9219 train_time:152318ms step_avg:254.29ms
step:610/5100 train_loss:3.7656 train_time:152567ms step_avg:254.28ms
step:611/5100 train_loss:4.0625 train_time:152818ms step_avg:254.27ms
step:612/5100 train_loss:3.7656 train_time:153069ms step_avg:254.27ms
step:613/5100 train_loss:3.8750 train_time:153320ms step_avg:254.26ms
step:614/5100 train_loss:3.9375 train_time:153570ms step_avg:254.26ms
step:615/5100 train_loss:3.8750 train_time:153822ms step_avg:254.25ms
step:616/5100 train_loss:3.9531 train_time:154074ms step_avg:254.25ms
step:617/5100 train_loss:3.8594 train_time:154333ms step_avg:254.25ms
step:618/5100 train_loss:3.7031 train_time:154578ms step_avg:254.24ms
step:619/5100 train_loss:3.8750 train_time:154828ms step_avg:254.23ms
step:620/5100 train_loss:3.8594 train_time:155079ms step_avg:254.23ms
step:621/5100 train_loss:3.6719 train_time:155332ms step_avg:254.23ms
step:622/5100 train_loss:4.2812 train_time:155582ms step_avg:254.22ms
step:623/5100 train_loss:3.6875 train_time:155834ms step_avg:254.22ms
step:624/5100 train_loss:3.8750 train_time:156085ms step_avg:254.21ms
step:625/5100 train_loss:3.9375 train_time:156334ms step_avg:254.20ms
step:625/5100 val_loss:3.8326 train_time:156495ms step_avg:254.46ms
step:626/5100 train_loss:3.9375 train_time:156585ms step_avg:254.20ms
step:627/5100 train_loss:4.0000 train_time:156840ms step_avg:254.20ms
step:628/5100 train_loss:3.7969 train_time:157089ms step_avg:254.19ms
step:629/5100 train_loss:3.9062 train_time:157339ms step_avg:254.18ms
step:630/5100 train_loss:3.7344 train_time:157592ms step_avg:254.18ms
step:631/5100 train_loss:3.8906 train_time:157841ms step_avg:254.17ms
step:632/5100 train_loss:3.9219 train_time:158092ms step_avg:254.17ms
step:633/5100 train_loss:3.9531 train_time:158343ms step_avg:254.16ms
step:634/5100 train_loss:3.7656 train_time:158595ms step_avg:254.16ms
step:635/5100 train_loss:3.9062 train_time:158848ms step_avg:254.16ms
step:636/5100 train_loss:4.0938 train_time:159096ms step_avg:254.15ms
step:637/5100 train_loss:3.7500 train_time:159351ms step_avg:254.15ms
step:638/5100 train_loss:3.6406 train_time:159598ms step_avg:254.14ms
step:639/5100 train_loss:3.9531 train_time:159850ms step_avg:254.13ms
step:640/5100 train_loss:3.9844 train_time:160102ms step_avg:254.13ms
step:641/5100 train_loss:3.8125 train_time:160352ms step_avg:254.12ms
step:642/5100 train_loss:3.7188 train_time:160603ms step_avg:254.12ms
step:643/5100 train_loss:3.9375 train_time:160854ms step_avg:254.11ms
step:644/5100 train_loss:3.8594 train_time:161107ms step_avg:254.11ms
step:645/5100 train_loss:3.6719 train_time:161356ms step_avg:254.10ms
step:646/5100 train_loss:3.9219 train_time:161608ms step_avg:254.10ms
step:647/5100 train_loss:3.9375 train_time:161858ms step_avg:254.09ms
step:648/5100 train_loss:3.8125 train_time:162109ms step_avg:254.09ms
step:649/5100 train_loss:3.9219 train_time:162360ms step_avg:254.08ms
step:650/5100 train_loss:3.9688 train_time:162612ms step_avg:254.08ms
step:651/5100 train_loss:3.7969 train_time:162863ms step_avg:254.08ms
step:652/5100 train_loss:4.0625 train_time:163115ms step_avg:254.07ms
step:653/5100 train_loss:3.8281 train_time:163367ms step_avg:254.07ms
step:654/5100 train_loss:3.8281 train_time:163617ms step_avg:254.06ms
step:655/5100 train_loss:3.5000 train_time:163868ms step_avg:254.06ms
step:656/5100 train_loss:3.9062 train_time:164120ms step_avg:254.06ms
step:657/5100 train_loss:3.7656 train_time:164370ms step_avg:254.05ms
step:658/5100 train_loss:3.7031 train_time:164621ms step_avg:254.04ms
step:659/5100 train_loss:3.8594 train_time:164872ms step_avg:254.04ms
step:660/5100 train_loss:3.7969 train_time:165123ms step_avg:254.04ms
step:661/5100 train_loss:3.8750 train_time:165374ms step_avg:254.03ms
step:662/5100 train_loss:3.8281 train_time:165626ms step_avg:254.03ms
step:663/5100 train_loss:3.7812 train_time:165877ms step_avg:254.02ms
step:664/5100 train_loss:3.7500 train_time:166128ms step_avg:254.02ms
step:665/5100 train_loss:3.9375 train_time:166379ms step_avg:254.01ms
step:666/5100 train_loss:3.5000 train_time:166630ms step_avg:254.01ms
step:667/5100 train_loss:4.0625 train_time:166886ms step_avg:254.01ms
step:668/5100 train_loss:3.8438 train_time:167132ms step_avg:254.00ms
step:669/5100 train_loss:3.9219 train_time:167381ms step_avg:253.99ms
step:670/5100 train_loss:3.7344 train_time:167632ms step_avg:253.99ms
step:671/5100 train_loss:3.6250 train_time:167890ms step_avg:253.99ms
step:672/5100 train_loss:3.7812 train_time:168135ms step_avg:253.98ms
step:673/5100 train_loss:3.7969 train_time:168385ms step_avg:253.97ms
step:674/5100 train_loss:4.4688 train_time:168638ms step_avg:253.97ms
step:675/5100 train_loss:3.8750 train_time:168888ms step_avg:253.97ms
step:676/5100 train_loss:3.9062 train_time:169138ms step_avg:253.96ms
step:677/5100 train_loss:3.6719 train_time:169389ms step_avg:253.96ms
step:678/5100 train_loss:3.7031 train_time:169644ms step_avg:253.96ms
step:679/5100 train_loss:3.7656 train_time:169891ms step_avg:253.95ms
step:680/5100 train_loss:3.8594 train_time:170145ms step_avg:253.95ms
step:681/5100 train_loss:3.7969 train_time:170397ms step_avg:253.95ms
step:682/5100 train_loss:3.8281 train_time:170648ms step_avg:253.94ms
step:683/5100 train_loss:4.0312 train_time:170898ms step_avg:253.93ms
step:684/5100 train_loss:3.9688 train_time:171146ms step_avg:253.93ms
step:685/5100 train_loss:3.8594 train_time:171404ms step_avg:253.93ms
step:686/5100 train_loss:3.9375 train_time:171659ms step_avg:253.93ms
step:687/5100 train_loss:3.8906 train_time:171910ms step_avg:253.93ms
step:688/5100 train_loss:3.8594 train_time:172151ms step_avg:253.91ms
step:689/5100 train_loss:3.3906 train_time:172400ms step_avg:253.90ms
step:690/5100 train_loss:3.5625 train_time:172651ms step_avg:253.90ms
step:691/5100 train_loss:3.8125 train_time:172902ms step_avg:253.89ms
step:692/5100 train_loss:3.5625 train_time:173155ms step_avg:253.89ms
step:693/5100 train_loss:3.9531 train_time:173406ms step_avg:253.89ms
step:694/5100 train_loss:3.8125 train_time:173657ms step_avg:253.88ms
step:695/5100 train_loss:3.6875 train_time:173914ms step_avg:253.89ms
step:696/5100 train_loss:3.5781 train_time:174167ms step_avg:253.89ms
step:697/5100 train_loss:4.1875 train_time:174412ms step_avg:253.87ms
step:698/5100 train_loss:3.7500 train_time:174666ms step_avg:253.88ms
step:699/5100 train_loss:3.8281 train_time:174916ms step_avg:253.87ms
step:700/5100 train_loss:3.7500 train_time:175170ms step_avg:253.87ms
step:701/5100 train_loss:3.7969 train_time:175421ms step_avg:253.87ms
step:702/5100 train_loss:3.7500 train_time:175671ms step_avg:253.86ms
step:703/5100 train_loss:3.7188 train_time:175930ms step_avg:253.87ms
step:704/5100 train_loss:3.6719 train_time:176180ms step_avg:253.86ms
step:705/5100 train_loss:3.9375 train_time:176424ms step_avg:253.85ms
step:706/5100 train_loss:3.7969 train_time:176674ms step_avg:253.84ms
step:707/5100 train_loss:3.7969 train_time:176926ms step_avg:253.84ms
step:708/5100 train_loss:3.9062 train_time:177176ms step_avg:253.83ms
step:709/5100 train_loss:3.8281 train_time:177431ms step_avg:253.84ms
step:710/5100 train_loss:3.8281 train_time:177682ms step_avg:253.83ms
step:711/5100 train_loss:3.6875 train_time:177933ms step_avg:253.83ms
step:712/5100 train_loss:3.8281 train_time:178183ms step_avg:253.82ms
step:713/5100 train_loss:3.9688 train_time:178436ms step_avg:253.82ms
step:714/5100 train_loss:3.7188 train_time:178689ms step_avg:253.82ms
step:715/5100 train_loss:3.8438 train_time:178944ms step_avg:253.82ms
step:716/5100 train_loss:3.8750 train_time:179186ms step_avg:253.80ms
step:717/5100 train_loss:3.7812 train_time:179438ms step_avg:253.80ms
step:718/5100 train_loss:4.0312 train_time:179688ms step_avg:253.80ms
step:719/5100 train_loss:3.7031 train_time:179949ms step_avg:253.81ms
step:720/5100 train_loss:3.7188 train_time:180199ms step_avg:253.80ms
step:721/5100 train_loss:4.1562 train_time:180451ms step_avg:253.80ms
step:722/5100 train_loss:3.5625 train_time:180693ms step_avg:253.78ms
step:723/5100 train_loss:4.0312 train_time:180946ms step_avg:253.78ms
step:724/5100 train_loss:4.0000 train_time:181198ms step_avg:253.78ms
step:725/5100 train_loss:3.7812 train_time:181449ms step_avg:253.78ms
step:726/5100 train_loss:3.8281 train_time:181700ms step_avg:253.77ms
step:727/5100 train_loss:3.6562 train_time:181952ms step_avg:253.77ms
step:728/5100 train_loss:3.5000 train_time:182204ms step_avg:253.77ms
step:729/5100 train_loss:3.8438 train_time:182453ms step_avg:253.76ms
step:730/5100 train_loss:3.8125 train_time:182704ms step_avg:253.76ms
step:731/5100 train_loss:3.9219 train_time:182963ms step_avg:253.76ms
step:732/5100 train_loss:3.8125 train_time:183209ms step_avg:253.75ms
step:733/5100 train_loss:3.8125 train_time:183457ms step_avg:253.74ms
step:734/5100 train_loss:4.2188 train_time:183716ms step_avg:253.75ms
step:735/5100 train_loss:3.5781 train_time:183967ms step_avg:253.75ms
step:736/5100 train_loss:3.8281 train_time:184217ms step_avg:253.74ms
step:737/5100 train_loss:4.0938 train_time:184464ms step_avg:253.73ms
step:738/5100 train_loss:3.8281 train_time:184714ms step_avg:253.73ms
step:739/5100 train_loss:3.7500 train_time:184964ms step_avg:253.72ms
step:740/5100 train_loss:3.8750 train_time:185215ms step_avg:253.72ms
step:741/5100 train_loss:4.2812 train_time:185467ms step_avg:253.72ms
step:742/5100 train_loss:3.7656 train_time:185722ms step_avg:253.72ms
step:743/5100 train_loss:3.6875 train_time:185973ms step_avg:253.71ms
step:744/5100 train_loss:3.6875 train_time:186224ms step_avg:253.71ms
step:745/5100 train_loss:3.9219 train_time:186475ms step_avg:253.71ms
step:746/5100 train_loss:3.8125 train_time:186721ms step_avg:253.70ms
step:747/5100 train_loss:3.8438 train_time:186972ms step_avg:253.69ms
step:748/5100 train_loss:3.7812 train_time:187224ms step_avg:253.69ms
step:749/5100 train_loss:3.7969 train_time:187477ms step_avg:253.69ms
step:750/5100 train_loss:3.7188 train_time:187727ms step_avg:253.68ms
step:750/5100 val_loss:3.7762 train_time:187885ms step_avg:253.90ms
step:751/5100 train_loss:3.7812 train_time:187984ms step_avg:253.69ms
step:752/5100 train_loss:3.7031 train_time:188235ms step_avg:253.69ms
step:753/5100 train_loss:3.7812 train_time:188487ms step_avg:253.68ms
step:754/5100 train_loss:3.7188 train_time:188735ms step_avg:253.68ms
step:755/5100 train_loss:3.7500 train_time:188985ms step_avg:253.67ms
step:756/5100 train_loss:3.9688 train_time:189236ms step_avg:253.67ms
step:757/5100 train_loss:3.7188 train_time:189805ms step_avg:254.09ms
step:758/5100 train_loss:3.8906 train_time:190055ms step_avg:254.08ms
step:759/5100 train_loss:3.8281 train_time:190305ms step_avg:254.08ms
step:760/5100 train_loss:3.7656 train_time:191044ms step_avg:254.73ms
step:761/5100 train_loss:3.7656 train_time:191295ms step_avg:254.72ms
step:762/5100 train_loss:3.6562 train_time:191548ms step_avg:254.72ms
step:763/5100 train_loss:3.8281 train_time:191801ms step_avg:254.72ms
step:764/5100 train_loss:3.7344 train_time:192053ms step_avg:254.71ms
step:765/5100 train_loss:3.5625 train_time:192303ms step_avg:254.71ms
step:766/5100 train_loss:4.0312 train_time:192555ms step_avg:254.70ms
step:767/5100 train_loss:3.8750 train_time:192808ms step_avg:254.70ms
step:768/5100 train_loss:3.8594 train_time:193057ms step_avg:254.69ms
step:769/5100 train_loss:3.7344 train_time:193306ms step_avg:254.69ms
step:770/5100 train_loss:3.9688 train_time:193557ms step_avg:254.68ms
step:771/5100 train_loss:3.8750 train_time:193808ms step_avg:254.68ms
step:772/5100 train_loss:4.1562 train_time:194060ms step_avg:254.67ms
step:773/5100 train_loss:3.6562 train_time:194312ms step_avg:254.67ms
step:774/5100 train_loss:3.7656 train_time:194562ms step_avg:254.66ms
step:775/5100 train_loss:3.9219 train_time:194816ms step_avg:254.66ms
step:776/5100 train_loss:3.8906 train_time:195063ms step_avg:254.65ms
step:777/5100 train_loss:3.7500 train_time:195325ms step_avg:254.66ms
step:778/5100 train_loss:3.6094 train_time:195577ms step_avg:254.66ms
step:779/5100 train_loss:3.7969 train_time:195827ms step_avg:254.65ms
step:780/5100 train_loss:3.6875 train_time:196080ms step_avg:254.65ms
step:781/5100 train_loss:3.8438 train_time:196330ms step_avg:254.64ms
step:782/5100 train_loss:3.8906 train_time:196580ms step_avg:254.64ms
step:783/5100 train_loss:3.7500 train_time:196821ms step_avg:254.62ms
step:784/5100 train_loss:3.8125 train_time:197073ms step_avg:254.62ms
step:785/5100 train_loss:3.7812 train_time:197324ms step_avg:254.61ms
step:786/5100 train_loss:3.7188 train_time:197576ms step_avg:254.61ms
step:787/5100 train_loss:3.6094 train_time:197827ms step_avg:254.60ms
step:788/5100 train_loss:4.1875 train_time:198076ms step_avg:254.60ms
step:789/5100 train_loss:3.6250 train_time:198330ms step_avg:254.60ms
step:790/5100 train_loss:3.6875 train_time:198578ms step_avg:254.59ms
step:791/5100 train_loss:3.8281 train_time:198828ms step_avg:254.58ms
step:792/5100 train_loss:3.7656 train_time:199079ms step_avg:254.58ms
step:793/5100 train_loss:3.6875 train_time:199330ms step_avg:254.57ms
step:794/5100 train_loss:3.5781 train_time:199581ms step_avg:254.57ms
step:795/5100 train_loss:3.7031 train_time:199834ms step_avg:254.57ms
step:796/5100 train_loss:3.7812 train_time:200091ms step_avg:254.57ms
step:797/5100 train_loss:3.7812 train_time:200341ms step_avg:254.56ms
step:798/5100 train_loss:3.6875 train_time:200589ms step_avg:254.55ms
step:799/5100 train_loss:3.9219 train_time:200840ms step_avg:254.55ms
step:800/5100 train_loss:3.7500 train_time:201089ms step_avg:254.54ms
step:801/5100 train_loss:3.7656 train_time:201341ms step_avg:254.54ms
step:802/5100 train_loss:3.8594 train_time:201590ms step_avg:254.53ms
step:803/5100 train_loss:3.8594 train_time:201841ms step_avg:254.53ms
step:804/5100 train_loss:3.8906 train_time:202093ms step_avg:254.52ms
step:805/5100 train_loss:3.8438 train_time:202344ms step_avg:254.52ms
step:806/5100 train_loss:3.6719 train_time:202598ms step_avg:254.52ms
step:807/5100 train_loss:3.5312 train_time:202849ms step_avg:254.52ms
step:808/5100 train_loss:3.8438 train_time:203101ms step_avg:254.51ms
step:809/5100 train_loss:3.8281 train_time:203352ms step_avg:254.51ms
step:810/5100 train_loss:3.6875 train_time:203603ms step_avg:254.50ms
step:811/5100 train_loss:3.7500 train_time:203856ms step_avg:254.50ms
step:812/5100 train_loss:3.8750 train_time:204106ms step_avg:254.50ms
step:813/5100 train_loss:3.8125 train_time:204357ms step_avg:254.49ms
step:814/5100 train_loss:3.7812 train_time:204608ms step_avg:254.49ms
step:815/5100 train_loss:3.8438 train_time:204858ms step_avg:254.48ms
step:816/5100 train_loss:3.7500 train_time:205113ms step_avg:254.48ms
step:817/5100 train_loss:3.7969 train_time:205365ms step_avg:254.48ms
step:818/5100 train_loss:4.1562 train_time:205617ms step_avg:254.48ms
step:819/5100 train_loss:3.7344 train_time:205867ms step_avg:254.47ms
step:820/5100 train_loss:4.0000 train_time:206118ms step_avg:254.47ms
step:821/5100 train_loss:3.6094 train_time:206370ms step_avg:254.46ms
step:822/5100 train_loss:3.7031 train_time:206620ms step_avg:254.46ms
step:823/5100 train_loss:4.0000 train_time:206870ms step_avg:254.45ms
step:824/5100 train_loss:3.7500 train_time:207124ms step_avg:254.45ms
step:825/5100 train_loss:3.7344 train_time:207373ms step_avg:254.45ms
step:826/5100 train_loss:3.8750 train_time:207626ms step_avg:254.44ms
step:827/5100 train_loss:3.7031 train_time:207876ms step_avg:254.44ms
step:828/5100 train_loss:4.1562 train_time:208125ms step_avg:254.43ms
step:829/5100 train_loss:3.7656 train_time:208381ms step_avg:254.43ms
step:830/5100 train_loss:3.8438 train_time:208630ms step_avg:254.43ms
step:831/5100 train_loss:3.7344 train_time:208881ms step_avg:254.42ms
step:832/5100 train_loss:3.7031 train_time:209137ms step_avg:254.42ms
step:833/5100 train_loss:3.6562 train_time:209379ms step_avg:254.41ms
step:834/5100 train_loss:3.7500 train_time:209630ms step_avg:254.40ms
step:835/5100 train_loss:3.6406 train_time:209881ms step_avg:254.40ms
step:836/5100 train_loss:3.6094 train_time:210131ms step_avg:254.40ms
step:837/5100 train_loss:3.9688 train_time:210383ms step_avg:254.39ms
step:838/5100 train_loss:3.6250 train_time:210634ms step_avg:254.39ms
step:839/5100 train_loss:3.7344 train_time:210884ms step_avg:254.38ms
step:840/5100 train_loss:3.6406 train_time:211135ms step_avg:254.38ms
step:841/5100 train_loss:3.7500 train_time:211386ms step_avg:254.38ms
step:842/5100 train_loss:3.7656 train_time:211637ms step_avg:254.37ms
step:843/5100 train_loss:3.8281 train_time:211889ms step_avg:254.37ms
step:844/5100 train_loss:3.7344 train_time:212140ms step_avg:254.36ms
step:845/5100 train_loss:3.6406 train_time:212391ms step_avg:254.36ms
step:846/5100 train_loss:3.9219 train_time:212644ms step_avg:254.36ms
step:847/5100 train_loss:3.6562 train_time:212895ms step_avg:254.35ms
step:848/5100 train_loss:3.6250 train_time:213147ms step_avg:254.35ms
step:849/5100 train_loss:3.7656 train_time:213400ms step_avg:254.35ms
step:850/5100 train_loss:3.7031 train_time:213649ms step_avg:254.34ms
step:851/5100 train_loss:3.7656 train_time:213900ms step_avg:254.34ms
step:852/5100 train_loss:3.8750 train_time:214152ms step_avg:254.34ms
step:853/5100 train_loss:3.6719 train_time:214406ms step_avg:254.34ms
step:854/5100 train_loss:3.7500 train_time:214658ms step_avg:254.33ms
step:855/5100 train_loss:3.9531 train_time:214908ms step_avg:254.33ms
step:856/5100 train_loss:3.6719 train_time:215159ms step_avg:254.33ms
step:857/5100 train_loss:3.6562 train_time:215411ms step_avg:254.32ms
step:858/5100 train_loss:3.7969 train_time:215662ms step_avg:254.32ms
step:859/5100 train_loss:3.5625 train_time:215916ms step_avg:254.32ms
step:860/5100 train_loss:3.7656 train_time:216165ms step_avg:254.31ms
step:861/5100 train_loss:3.6875 train_time:216417ms step_avg:254.31ms
step:862/5100 train_loss:3.8750 train_time:216666ms step_avg:254.30ms
step:863/5100 train_loss:3.7344 train_time:216918ms step_avg:254.30ms
step:864/5100 train_loss:3.7812 train_time:217175ms step_avg:254.30ms
step:865/5100 train_loss:3.6562 train_time:217420ms step_avg:254.29ms
step:866/5100 train_loss:3.7656 train_time:217674ms step_avg:254.29ms
step:867/5100 train_loss:4.2188 train_time:217922ms step_avg:254.28ms
step:868/5100 train_loss:3.6094 train_time:218174ms step_avg:254.28ms
step:869/5100 train_loss:3.9062 train_time:218426ms step_avg:254.28ms
step:870/5100 train_loss:3.7344 train_time:218676ms step_avg:254.27ms
step:871/5100 train_loss:3.6719 train_time:218926ms step_avg:254.27ms
step:872/5100 train_loss:3.5156 train_time:219180ms step_avg:254.27ms
step:873/5100 train_loss:3.9375 train_time:219430ms step_avg:254.26ms
step:874/5100 train_loss:3.6094 train_time:219682ms step_avg:254.26ms
step:875/5100 train_loss:3.2500 train_time:219932ms step_avg:254.26ms
step:875/5100 val_loss:3.7273 train_time:220093ms step_avg:254.44ms
step:876/5100 train_loss:3.8125 train_time:220188ms step_avg:254.26ms
step:877/5100 train_loss:3.7969 train_time:220436ms step_avg:254.25ms
step:878/5100 train_loss:3.7812 train_time:220687ms step_avg:254.25ms
step:879/5100 train_loss:3.6719 train_time:220938ms step_avg:254.24ms
step:880/5100 train_loss:3.7656 train_time:221193ms step_avg:254.24ms
step:881/5100 train_loss:3.4062 train_time:221444ms step_avg:254.24ms
step:882/5100 train_loss:3.7812 train_time:221694ms step_avg:254.24ms
step:883/5100 train_loss:4.2188 train_time:221944ms step_avg:254.23ms
step:884/5100 train_loss:4.0938 train_time:222197ms step_avg:254.23ms
step:885/5100 train_loss:3.8750 train_time:222444ms step_avg:254.22ms
step:886/5100 train_loss:3.7500 train_time:222694ms step_avg:254.22ms
step:887/5100 train_loss:3.7812 train_time:222948ms step_avg:254.22ms
step:888/5100 train_loss:4.6562 train_time:223196ms step_avg:254.21ms
step:889/5100 train_loss:4.0312 train_time:223448ms step_avg:254.21ms
step:890/5100 train_loss:3.6562 train_time:223702ms step_avg:254.21ms
step:891/5100 train_loss:3.6875 train_time:223953ms step_avg:254.20ms
step:892/5100 train_loss:3.6406 train_time:224202ms step_avg:254.20ms
step:893/5100 train_loss:3.8438 train_time:224454ms step_avg:254.19ms
step:894/5100 train_loss:3.5781 train_time:224704ms step_avg:254.19ms
step:895/5100 train_loss:3.6719 train_time:224955ms step_avg:254.19ms
step:896/5100 train_loss:3.7031 train_time:225206ms step_avg:254.18ms
step:897/5100 train_loss:3.7188 train_time:225460ms step_avg:254.18ms
step:898/5100 train_loss:3.7500 train_time:225711ms step_avg:254.18ms
step:899/5100 train_loss:3.8906 train_time:225962ms step_avg:254.18ms
step:900/5100 train_loss:3.6875 train_time:226214ms step_avg:254.17ms
step:901/5100 train_loss:3.5781 train_time:226465ms step_avg:254.17ms
step:902/5100 train_loss:3.7969 train_time:226717ms step_avg:254.17ms
step:903/5100 train_loss:3.6562 train_time:226969ms step_avg:254.16ms
step:904/5100 train_loss:3.6875 train_time:227222ms step_avg:254.16ms
step:905/5100 train_loss:3.7344 train_time:227470ms step_avg:254.16ms
step:906/5100 train_loss:3.7500 train_time:227722ms step_avg:254.15ms
step:907/5100 train_loss:3.7500 train_time:227973ms step_avg:254.15ms
step:908/5100 train_loss:3.7031 train_time:228225ms step_avg:254.15ms
step:909/5100 train_loss:3.6719 train_time:228474ms step_avg:254.14ms
step:910/5100 train_loss:3.6719 train_time:228734ms step_avg:254.15ms
step:911/5100 train_loss:3.7031 train_time:228985ms step_avg:254.15ms
step:912/5100 train_loss:3.7656 train_time:229236ms step_avg:254.14ms
step:913/5100 train_loss:3.9531 train_time:229491ms step_avg:254.14ms
step:914/5100 train_loss:3.5781 train_time:229740ms step_avg:254.14ms
step:915/5100 train_loss:3.8281 train_time:229990ms step_avg:254.13ms
step:916/5100 train_loss:3.8594 train_time:230239ms step_avg:254.13ms
step:917/5100 train_loss:3.7656 train_time:230491ms step_avg:254.13ms
step:918/5100 train_loss:3.7812 train_time:230742ms step_avg:254.12ms
step:919/5100 train_loss:4.1250 train_time:230993ms step_avg:254.12ms
step:920/5100 train_loss:3.5625 train_time:231249ms step_avg:254.12ms
step:921/5100 train_loss:3.7031 train_time:231497ms step_avg:254.11ms
step:922/5100 train_loss:3.7344 train_time:231748ms step_avg:254.11ms
step:923/5100 train_loss:3.7188 train_time:231999ms step_avg:254.11ms
step:924/5100 train_loss:3.8125 train_time:232250ms step_avg:254.10ms
step:925/5100 train_loss:3.8438 train_time:232503ms step_avg:254.10ms
step:926/5100 train_loss:3.8438 train_time:232755ms step_avg:254.10ms
step:927/5100 train_loss:3.7812 train_time:233009ms step_avg:254.10ms
step:928/5100 train_loss:3.8750 train_time:233261ms step_avg:254.10ms
step:929/5100 train_loss:3.9375 train_time:233511ms step_avg:254.09ms
step:930/5100 train_loss:3.6406 train_time:233759ms step_avg:254.09ms
step:931/5100 train_loss:3.5781 train_time:234009ms step_avg:254.08ms
step:932/5100 train_loss:3.6875 train_time:234260ms step_avg:254.08ms
step:933/5100 train_loss:3.9219 train_time:234511ms step_avg:254.07ms
step:934/5100 train_loss:3.5312 train_time:234762ms step_avg:254.07ms
step:935/5100 train_loss:3.7656 train_time:235012ms step_avg:254.07ms
step:936/5100 train_loss:3.5938 train_time:235263ms step_avg:254.06ms
step:937/5100 train_loss:3.7031 train_time:235519ms step_avg:254.07ms
step:938/5100 train_loss:3.7656 train_time:235768ms step_avg:254.06ms
step:939/5100 train_loss:3.6562 train_time:236021ms step_avg:254.06ms
step:940/5100 train_loss:3.9219 train_time:236271ms step_avg:254.06ms
step:941/5100 train_loss:3.6719 train_time:236531ms step_avg:254.06ms
step:942/5100 train_loss:3.7344 train_time:236774ms step_avg:254.05ms
step:943/5100 train_loss:3.4688 train_time:237025ms step_avg:254.05ms
step:944/5100 train_loss:3.8125 train_time:237275ms step_avg:254.04ms
step:945/5100 train_loss:3.4375 train_time:237527ms step_avg:254.04ms
step:946/5100 train_loss:3.5625 train_time:238108ms step_avg:254.39ms
step:947/5100 train_loss:4.0938 train_time:238359ms step_avg:254.38ms
step:948/5100 train_loss:4.0000 train_time:238610ms step_avg:254.38ms
step:949/5100 train_loss:3.7344 train_time:238866ms step_avg:254.38ms
step:950/5100 train_loss:3.7500 train_time:239583ms step_avg:254.88ms
step:951/5100 train_loss:3.6719 train_time:239832ms step_avg:254.87ms
step:952/5100 train_loss:3.6406 train_time:240083ms step_avg:254.86ms
step:953/5100 train_loss:3.6875 train_time:240333ms step_avg:254.86ms
step:954/5100 train_loss:3.8438 train_time:240585ms step_avg:254.86ms
step:955/5100 train_loss:3.6875 train_time:240834ms step_avg:254.85ms
step:956/5100 train_loss:3.7188 train_time:241085ms step_avg:254.85ms
step:957/5100 train_loss:3.6406 train_time:241337ms step_avg:254.84ms
step:958/5100 train_loss:3.7188 train_time:241588ms step_avg:254.84ms
step:959/5100 train_loss:3.7344 train_time:241838ms step_avg:254.83ms
step:960/5100 train_loss:3.8281 train_time:242093ms step_avg:254.83ms
step:961/5100 train_loss:3.4844 train_time:242342ms step_avg:254.83ms
step:962/5100 train_loss:3.9375 train_time:242590ms step_avg:254.82ms
step:963/5100 train_loss:3.9375 train_time:242845ms step_avg:254.82ms
step:964/5100 train_loss:3.9375 train_time:243094ms step_avg:254.82ms
step:965/5100 train_loss:3.5938 train_time:243345ms step_avg:254.81ms
step:966/5100 train_loss:3.6406 train_time:243596ms step_avg:254.81ms
step:967/5100 train_loss:3.9219 train_time:243848ms step_avg:254.80ms
step:968/5100 train_loss:3.6875 train_time:244100ms step_avg:254.80ms
step:969/5100 train_loss:3.7031 train_time:244352ms step_avg:254.80ms
step:970/5100 train_loss:3.7188 train_time:244603ms step_avg:254.79ms
step:971/5100 train_loss:3.6094 train_time:244857ms step_avg:254.79ms
step:972/5100 train_loss:3.7188 train_time:245107ms step_avg:254.79ms
step:973/5100 train_loss:3.6719 train_time:245358ms step_avg:254.78ms
step:974/5100 train_loss:3.7344 train_time:245609ms step_avg:254.78ms
step:975/5100 train_loss:3.8438 train_time:245861ms step_avg:254.78ms
step:976/5100 train_loss:3.7031 train_time:246117ms step_avg:254.78ms
step:977/5100 train_loss:4.0625 train_time:246369ms step_avg:254.78ms
step:978/5100 train_loss:3.8594 train_time:246613ms step_avg:254.77ms
step:979/5100 train_loss:3.5625 train_time:246865ms step_avg:254.76ms
step:980/5100 train_loss:4.2188 train_time:247115ms step_avg:254.76ms
step:981/5100 train_loss:3.6719 train_time:247367ms step_avg:254.75ms
step:982/5100 train_loss:3.7188 train_time:247618ms step_avg:254.75ms
step:983/5100 train_loss:3.6719 train_time:247870ms step_avg:254.75ms
step:984/5100 train_loss:3.7188 train_time:248123ms step_avg:254.75ms
step:985/5100 train_loss:3.7969 train_time:248373ms step_avg:254.74ms
step:986/5100 train_loss:3.8594 train_time:248625ms step_avg:254.74ms
step:987/5100 train_loss:3.6250 train_time:248875ms step_avg:254.73ms
step:988/5100 train_loss:3.6875 train_time:249126ms step_avg:254.73ms
step:989/5100 train_loss:3.6875 train_time:249378ms step_avg:254.73ms
step:990/5100 train_loss:3.6094 train_time:249628ms step_avg:254.72ms
step:991/5100 train_loss:3.8906 train_time:249879ms step_avg:254.72ms
step:992/5100 train_loss:3.5469 train_time:250130ms step_avg:254.72ms
step:993/5100 train_loss:3.6719 train_time:250381ms step_avg:254.71ms
step:994/5100 train_loss:3.6875 train_time:250632ms step_avg:254.71ms
step:995/5100 train_loss:3.8125 train_time:250883ms step_avg:254.70ms
step:996/5100 train_loss:3.6719 train_time:251133ms step_avg:254.70ms
step:997/5100 train_loss:3.5938 train_time:251384ms step_avg:254.70ms
step:998/5100 train_loss:4.0000 train_time:251634ms step_avg:254.69ms
step:999/5100 train_loss:3.6562 train_time:251885ms step_avg:254.69ms
step:1000/5100 train_loss:3.8906 train_time:252135ms step_avg:254.68ms
step:1000/5100 val_loss:3.6868 train_time:252296ms step_avg:254.84ms
step:1001/5100 train_loss:3.5781 train_time:252386ms step_avg:254.68ms
step:1002/5100 train_loss:3.5938 train_time:252637ms step_avg:254.67ms
step:1003/5100 train_loss:3.6250 train_time:252889ms step_avg:254.67ms
step:1004/5100 train_loss:3.9844 train_time:253140ms step_avg:254.67ms
step:1005/5100 train_loss:3.8125 train_time:253391ms step_avg:254.66ms
step:1006/5100 train_loss:3.5938 train_time:253642ms step_avg:254.66ms
step:1007/5100 train_loss:3.6250 train_time:253894ms step_avg:254.66ms
step:1008/5100 train_loss:3.5938 train_time:254144ms step_avg:254.65ms
step:1009/5100 train_loss:3.7969 train_time:254396ms step_avg:254.65ms
step:1010/5100 train_loss:3.9062 train_time:254645ms step_avg:254.65ms
step:1011/5100 train_loss:3.8125 train_time:254896ms step_avg:254.64ms
step:1012/5100 train_loss:3.7656 train_time:255148ms step_avg:254.64ms
step:1013/5100 train_loss:3.5938 train_time:255398ms step_avg:254.63ms
step:1014/5100 train_loss:3.8281 train_time:255649ms step_avg:254.63ms
step:1015/5100 train_loss:3.7812 train_time:255901ms step_avg:254.63ms
step:1016/5100 train_loss:3.4688 train_time:256152ms step_avg:254.62ms
step:1017/5100 train_loss:3.6562 train_time:256404ms step_avg:254.62ms
step:1018/5100 train_loss:3.5938 train_time:256655ms step_avg:254.62ms
step:1019/5100 train_loss:3.6094 train_time:256908ms step_avg:254.62ms
step:1020/5100 train_loss:3.5938 train_time:257158ms step_avg:254.61ms
step:1021/5100 train_loss:3.5781 train_time:257412ms step_avg:254.61ms
step:1022/5100 train_loss:3.5312 train_time:257660ms step_avg:254.60ms
step:1023/5100 train_loss:3.7500 train_time:257910ms step_avg:254.60ms
step:1024/5100 train_loss:3.7188 train_time:258161ms step_avg:254.60ms
step:1025/5100 train_loss:3.6875 train_time:258411ms step_avg:254.59ms
step:1026/5100 train_loss:3.6406 train_time:258662ms step_avg:254.59ms
step:1027/5100 train_loss:3.7344 train_time:258914ms step_avg:254.59ms
step:1028/5100 train_loss:3.6719 train_time:259164ms step_avg:254.58ms
step:1029/5100 train_loss:3.6094 train_time:259415ms step_avg:254.58ms
step:1030/5100 train_loss:3.6250 train_time:259667ms step_avg:254.58ms
step:1031/5100 train_loss:3.6875 train_time:259920ms step_avg:254.57ms
step:1032/5100 train_loss:3.5781 train_time:260171ms step_avg:254.57ms
step:1033/5100 train_loss:3.8125 train_time:260422ms step_avg:254.57ms
step:1034/5100 train_loss:3.6875 train_time:260673ms step_avg:254.56ms
step:1035/5100 train_loss:3.5000 train_time:260924ms step_avg:254.56ms
step:1036/5100 train_loss:3.5781 train_time:261174ms step_avg:254.56ms
step:1037/5100 train_loss:3.7500 train_time:261426ms step_avg:254.55ms
step:1038/5100 train_loss:4.1250 train_time:261676ms step_avg:254.55ms
step:1039/5100 train_loss:3.8438 train_time:261927ms step_avg:254.55ms
step:1040/5100 train_loss:3.8125 train_time:262178ms step_avg:254.54ms
step:1041/5100 train_loss:3.7188 train_time:262432ms step_avg:254.54ms
step:1042/5100 train_loss:3.5469 train_time:262683ms step_avg:254.54ms
step:1043/5100 train_loss:3.6094 train_time:262937ms step_avg:254.54ms
step:1044/5100 train_loss:3.6250 train_time:263186ms step_avg:254.53ms
step:1045/5100 train_loss:3.7656 train_time:263437ms step_avg:254.53ms
step:1046/5100 train_loss:3.8281 train_time:263686ms step_avg:254.52ms
step:1047/5100 train_loss:3.6875 train_time:263937ms step_avg:254.52ms
step:1048/5100 train_loss:3.9219 train_time:264188ms step_avg:254.52ms
step:1049/5100 train_loss:3.7344 train_time:264436ms step_avg:254.51ms
step:1050/5100 train_loss:3.7031 train_time:264687ms step_avg:254.51ms
step:1051/5100 train_loss:3.5469 train_time:264938ms step_avg:254.50ms
step:1052/5100 train_loss:3.7812 train_time:265191ms step_avg:254.50ms
step:1053/5100 train_loss:3.5469 train_time:265448ms step_avg:254.50ms
step:1054/5100 train_loss:4.0000 train_time:265695ms step_avg:254.50ms
step:1055/5100 train_loss:3.5625 train_time:265946ms step_avg:254.49ms
step:1056/5100 train_loss:3.6719 train_time:266195ms step_avg:254.49ms
step:1057/5100 train_loss:3.7969 train_time:266449ms step_avg:254.49ms
step:1058/5100 train_loss:3.6875 train_time:266700ms step_avg:254.48ms
step:1059/5100 train_loss:3.5625 train_time:266957ms step_avg:254.49ms
step:1060/5100 train_loss:3.7969 train_time:267208ms step_avg:254.48ms
step:1061/5100 train_loss:3.7500 train_time:267456ms step_avg:254.48ms
step:1062/5100 train_loss:3.6250 train_time:267702ms step_avg:254.47ms
step:1063/5100 train_loss:3.5938 train_time:267954ms step_avg:254.47ms
step:1064/5100 train_loss:3.7344 train_time:268205ms step_avg:254.46ms
step:1065/5100 train_loss:3.5312 train_time:268458ms step_avg:254.46ms
step:1066/5100 train_loss:3.5312 train_time:268707ms step_avg:254.46ms
step:1067/5100 train_loss:3.6719 train_time:268958ms step_avg:254.45ms
step:1068/5100 train_loss:3.4844 train_time:269207ms step_avg:254.45ms
step:1069/5100 train_loss:3.6094 train_time:269459ms step_avg:254.45ms
step:1070/5100 train_loss:3.3594 train_time:269709ms step_avg:254.44ms
step:1071/5100 train_loss:3.8594 train_time:269968ms step_avg:254.45ms
step:1072/5100 train_loss:3.7344 train_time:270219ms step_avg:254.44ms
step:1073/5100 train_loss:3.6250 train_time:270466ms step_avg:254.44ms
step:1074/5100 train_loss:3.7969 train_time:270713ms step_avg:254.43ms
step:1075/5100 train_loss:3.6875 train_time:270968ms step_avg:254.43ms
step:1076/5100 train_loss:3.5625 train_time:271216ms step_avg:254.42ms
step:1077/5100 train_loss:3.9688 train_time:271469ms step_avg:254.42ms
step:1078/5100 train_loss:3.6094 train_time:271726ms step_avg:254.43ms
step:1079/5100 train_loss:3.3281 train_time:271976ms step_avg:254.42ms
step:1080/5100 train_loss:3.5312 train_time:272229ms step_avg:254.42ms
step:1081/5100 train_loss:3.6719 train_time:272481ms step_avg:254.42ms
step:1082/5100 train_loss:3.7812 train_time:272736ms step_avg:254.42ms
step:1083/5100 train_loss:3.8281 train_time:272973ms step_avg:254.40ms
step:1084/5100 train_loss:3.8281 train_time:273223ms step_avg:254.40ms
step:1085/5100 train_loss:3.6250 train_time:273475ms step_avg:254.40ms
step:1086/5100 train_loss:3.7500 train_time:273725ms step_avg:254.39ms
step:1087/5100 train_loss:3.5625 train_time:273977ms step_avg:254.39ms
step:1088/5100 train_loss:3.7500 train_time:274228ms step_avg:254.39ms
step:1089/5100 train_loss:3.6094 train_time:274479ms step_avg:254.38ms
step:1090/5100 train_loss:3.5781 train_time:274729ms step_avg:254.38ms
step:1091/5100 train_loss:3.8281 train_time:274981ms step_avg:254.38ms
step:1092/5100 train_loss:3.6250 train_time:275231ms step_avg:254.37ms
step:1093/5100 train_loss:3.7500 train_time:275482ms step_avg:254.37ms
step:1094/5100 train_loss:3.6562 train_time:275736ms step_avg:254.37ms
step:1095/5100 train_loss:3.7188 train_time:275985ms step_avg:254.36ms
step:1096/5100 train_loss:3.6094 train_time:276236ms step_avg:254.36ms
step:1097/5100 train_loss:3.6562 train_time:276487ms step_avg:254.36ms
step:1098/5100 train_loss:3.7188 train_time:276739ms step_avg:254.36ms
step:1099/5100 train_loss:3.8125 train_time:276991ms step_avg:254.35ms
step:1100/5100 train_loss:3.6719 train_time:277243ms step_avg:254.35ms
step:1101/5100 train_loss:3.7656 train_time:277496ms step_avg:254.35ms
step:1102/5100 train_loss:3.6719 train_time:277743ms step_avg:254.34ms
step:1103/5100 train_loss:3.5156 train_time:277996ms step_avg:254.34ms
step:1104/5100 train_loss:3.6562 train_time:278250ms step_avg:254.34ms
step:1105/5100 train_loss:3.6406 train_time:278498ms step_avg:254.34ms
step:1106/5100 train_loss:3.8438 train_time:278749ms step_avg:254.33ms
step:1107/5100 train_loss:3.3906 train_time:279000ms step_avg:254.33ms
step:1108/5100 train_loss:3.8594 train_time:279252ms step_avg:254.33ms
step:1109/5100 train_loss:3.6875 train_time:279503ms step_avg:254.32ms
step:1110/5100 train_loss:3.6406 train_time:279753ms step_avg:254.32ms
step:1111/5100 train_loss:3.6875 train_time:280004ms step_avg:254.32ms
step:1112/5100 train_loss:3.7500 train_time:280259ms step_avg:254.32ms
step:1113/5100 train_loss:3.8281 train_time:280508ms step_avg:254.31ms
step:1114/5100 train_loss:3.6875 train_time:280763ms step_avg:254.31ms
step:1115/5100 train_loss:3.6875 train_time:281011ms step_avg:254.31ms
step:1116/5100 train_loss:3.4844 train_time:281260ms step_avg:254.30ms
step:1117/5100 train_loss:3.6562 train_time:281511ms step_avg:254.30ms
step:1118/5100 train_loss:3.6875 train_time:281764ms step_avg:254.30ms
step:1119/5100 train_loss:4.1250 train_time:282014ms step_avg:254.30ms
step:1120/5100 train_loss:3.7812 train_time:282268ms step_avg:254.30ms
step:1121/5100 train_loss:3.7031 train_time:282516ms step_avg:254.29ms
step:1122/5100 train_loss:3.6406 train_time:282768ms step_avg:254.29ms
step:1123/5100 train_loss:3.6719 train_time:283016ms step_avg:254.28ms
step:1124/5100 train_loss:3.8906 train_time:283266ms step_avg:254.28ms
step:1125/5100 train_loss:3.5312 train_time:283517ms step_avg:254.28ms
step:1125/5100 val_loss:3.6568 train_time:283679ms step_avg:254.42ms
step:1126/5100 train_loss:3.3594 train_time:283770ms step_avg:254.27ms
step:1127/5100 train_loss:3.7812 train_time:284020ms step_avg:254.27ms
step:1128/5100 train_loss:4.1562 train_time:284272ms step_avg:254.27ms
step:1129/5100 train_loss:3.5312 train_time:284522ms step_avg:254.26ms
step:1130/5100 train_loss:3.8125 train_time:284774ms step_avg:254.26ms
step:1131/5100 train_loss:3.7344 train_time:285026ms step_avg:254.26ms
step:1132/5100 train_loss:3.6719 train_time:285279ms step_avg:254.26ms
step:1133/5100 train_loss:3.7031 train_time:285526ms step_avg:254.25ms
step:1134/5100 train_loss:3.9062 train_time:285777ms step_avg:254.25ms
step:1135/5100 train_loss:3.6875 train_time:286131ms step_avg:254.34ms
step:1136/5100 train_loss:3.6562 train_time:286381ms step_avg:254.34ms
step:1137/5100 train_loss:3.8281 train_time:286633ms step_avg:254.33ms
step:1138/5100 train_loss:3.7188 train_time:286885ms step_avg:254.33ms
step:1139/5100 train_loss:3.5156 train_time:287135ms step_avg:254.33ms
step:1140/5100 train_loss:3.9844 train_time:288053ms step_avg:254.91ms
step:1141/5100 train_loss:3.6875 train_time:288307ms step_avg:254.91ms
step:1142/5100 train_loss:3.9062 train_time:288557ms step_avg:254.91ms
step:1143/5100 train_loss:3.7656 train_time:288809ms step_avg:254.91ms
step:1144/5100 train_loss:3.6875 train_time:289059ms step_avg:254.90ms
step:1145/5100 train_loss:3.6250 train_time:289310ms step_avg:254.90ms
step:1146/5100 train_loss:3.7031 train_time:289561ms step_avg:254.90ms
step:1147/5100 train_loss:3.9688 train_time:289816ms step_avg:254.90ms
step:1148/5100 train_loss:3.7969 train_time:290063ms step_avg:254.89ms
step:1149/5100 train_loss:3.6562 train_time:290314ms step_avg:254.88ms
step:1150/5100 train_loss:3.5000 train_time:290566ms step_avg:254.88ms
step:1151/5100 train_loss:3.5625 train_time:290825ms step_avg:254.89ms
step:1152/5100 train_loss:3.6094 train_time:291074ms step_avg:254.88ms
step:1153/5100 train_loss:4.0000 train_time:291325ms step_avg:254.88ms
step:1154/5100 train_loss:3.7969 train_time:291575ms step_avg:254.87ms
step:1155/5100 train_loss:3.8125 train_time:291827ms step_avg:254.87ms
step:1156/5100 train_loss:3.4844 train_time:292076ms step_avg:254.87ms
step:1157/5100 train_loss:3.8594 train_time:292325ms step_avg:254.86ms
step:1158/5100 train_loss:3.7344 train_time:292577ms step_avg:254.86ms
step:1159/5100 train_loss:3.5000 train_time:292829ms step_avg:254.86ms
step:1160/5100 train_loss:3.5938 train_time:293081ms step_avg:254.85ms
step:1161/5100 train_loss:3.5156 train_time:293331ms step_avg:254.85ms
step:1162/5100 train_loss:3.5000 train_time:293585ms step_avg:254.85ms
step:1163/5100 train_loss:3.5469 train_time:293834ms step_avg:254.84ms
step:1164/5100 train_loss:3.7500 train_time:294085ms step_avg:254.84ms
step:1165/5100 train_loss:3.6406 train_time:294336ms step_avg:254.84ms
step:1166/5100 train_loss:3.5156 train_time:294586ms step_avg:254.83ms
step:1167/5100 train_loss:3.6250 train_time:294839ms step_avg:254.83ms
step:1168/5100 train_loss:3.6094 train_time:295089ms step_avg:254.83ms
step:1169/5100 train_loss:3.8281 train_time:295342ms step_avg:254.82ms
step:1170/5100 train_loss:3.5781 train_time:295593ms step_avg:254.82ms
step:1171/5100 train_loss:3.6406 train_time:295842ms step_avg:254.82ms
step:1172/5100 train_loss:3.6094 train_time:296092ms step_avg:254.81ms
step:1173/5100 train_loss:3.6406 train_time:296346ms step_avg:254.81ms
step:1174/5100 train_loss:3.8281 train_time:296598ms step_avg:254.81ms
step:1175/5100 train_loss:3.5469 train_time:296846ms step_avg:254.80ms
step:1176/5100 train_loss:3.6719 train_time:297100ms step_avg:254.80ms
step:1177/5100 train_loss:3.7812 train_time:297349ms step_avg:254.80ms
step:1178/5100 train_loss:3.5781 train_time:297600ms step_avg:254.79ms
step:1179/5100 train_loss:3.7344 train_time:297851ms step_avg:254.79ms
step:1180/5100 train_loss:3.5938 train_time:298102ms step_avg:254.79ms
step:1181/5100 train_loss:3.5781 train_time:298372ms step_avg:254.80ms
step:1182/5100 train_loss:3.4062 train_time:298606ms step_avg:254.78ms
step:1183/5100 train_loss:3.7031 train_time:298856ms step_avg:254.78ms
step:1184/5100 train_loss:3.5000 train_time:299107ms step_avg:254.78ms
step:1185/5100 train_loss:3.8906 train_time:299358ms step_avg:254.77ms
step:1186/5100 train_loss:3.8594 train_time:299608ms step_avg:254.77ms
step:1187/5100 train_loss:3.6094 train_time:299861ms step_avg:254.77ms
step:1188/5100 train_loss:3.6250 train_time:300113ms step_avg:254.77ms
step:1189/5100 train_loss:3.6562 train_time:300361ms step_avg:254.76ms
step:1190/5100 train_loss:3.4531 train_time:300611ms step_avg:254.76ms
step:1191/5100 train_loss:3.7188 train_time:300862ms step_avg:254.75ms
step:1192/5100 train_loss:4.0938 train_time:301113ms step_avg:254.75ms
step:1193/5100 train_loss:3.6250 train_time:301365ms step_avg:254.75ms
step:1194/5100 train_loss:3.5625 train_time:301615ms step_avg:254.74ms
step:1195/5100 train_loss:3.8125 train_time:301867ms step_avg:254.74ms
step:1196/5100 train_loss:3.6094 train_time:302117ms step_avg:254.74ms
step:1197/5100 train_loss:3.5312 train_time:302368ms step_avg:254.73ms
step:1198/5100 train_loss:3.5000 train_time:302621ms step_avg:254.73ms
step:1199/5100 train_loss:3.5000 train_time:302871ms step_avg:254.73ms
step:1200/5100 train_loss:3.6406 train_time:303123ms step_avg:254.72ms
step:1201/5100 train_loss:3.6875 train_time:303374ms step_avg:254.72ms
step:1202/5100 train_loss:3.8438 train_time:303624ms step_avg:254.72ms
step:1203/5100 train_loss:3.8281 train_time:303876ms step_avg:254.72ms
step:1204/5100 train_loss:3.6719 train_time:304127ms step_avg:254.71ms
step:1205/5100 train_loss:3.5625 train_time:304379ms step_avg:254.71ms
step:1206/5100 train_loss:3.6250 train_time:304630ms step_avg:254.71ms
step:1207/5100 train_loss:3.7500 train_time:304881ms step_avg:254.70ms
step:1208/5100 train_loss:3.8125 train_time:305132ms step_avg:254.70ms
step:1209/5100 train_loss:3.5625 train_time:305382ms step_avg:254.70ms
step:1210/5100 train_loss:3.4531 train_time:305633ms step_avg:254.69ms
step:1211/5100 train_loss:3.4062 train_time:305887ms step_avg:254.69ms
step:1212/5100 train_loss:3.7188 train_time:306135ms step_avg:254.69ms
step:1213/5100 train_loss:3.7656 train_time:306386ms step_avg:254.69ms
step:1214/5100 train_loss:3.6250 train_time:306638ms step_avg:254.68ms
step:1215/5100 train_loss:3.5312 train_time:306889ms step_avg:254.68ms
step:1216/5100 train_loss:3.8438 train_time:307140ms step_avg:254.68ms
step:1217/5100 train_loss:3.5625 train_time:307390ms step_avg:254.67ms
step:1218/5100 train_loss:3.6406 train_time:307641ms step_avg:254.67ms
step:1219/5100 train_loss:3.6719 train_time:307891ms step_avg:254.67ms
step:1220/5100 train_loss:3.6875 train_time:308143ms step_avg:254.66ms
step:1221/5100 train_loss:3.6406 train_time:308400ms step_avg:254.67ms
step:1222/5100 train_loss:3.8594 train_time:308650ms step_avg:254.66ms
step:1223/5100 train_loss:3.6250 train_time:308901ms step_avg:254.66ms
step:1224/5100 train_loss:3.5312 train_time:309153ms step_avg:254.66ms
step:1225/5100 train_loss:3.4375 train_time:309403ms step_avg:254.65ms
step:1226/5100 train_loss:3.5625 train_time:309655ms step_avg:254.65ms
step:1227/5100 train_loss:3.5469 train_time:309905ms step_avg:254.65ms
step:1228/5100 train_loss:3.5938 train_time:310156ms step_avg:254.64ms
step:1229/5100 train_loss:3.6719 train_time:310407ms step_avg:254.64ms
step:1230/5100 train_loss:3.5938 train_time:310660ms step_avg:254.64ms
step:1231/5100 train_loss:3.8594 train_time:310911ms step_avg:254.64ms
step:1232/5100 train_loss:3.9219 train_time:311162ms step_avg:254.63ms
step:1233/5100 train_loss:3.8125 train_time:311413ms step_avg:254.63ms
step:1234/5100 train_loss:3.7188 train_time:311664ms step_avg:254.63ms
step:1235/5100 train_loss:3.8906 train_time:311915ms step_avg:254.62ms
step:1236/5100 train_loss:3.6094 train_time:312165ms step_avg:254.62ms
step:1237/5100 train_loss:3.5469 train_time:312421ms step_avg:254.62ms
step:1238/5100 train_loss:3.4688 train_time:312668ms step_avg:254.62ms
step:1239/5100 train_loss:3.5000 train_time:312918ms step_avg:254.61ms
step:1240/5100 train_loss:3.5781 train_time:313170ms step_avg:254.61ms
step:1241/5100 train_loss:3.5000 train_time:313421ms step_avg:254.61ms
step:1242/5100 train_loss:3.7031 train_time:313672ms step_avg:254.60ms
step:1243/5100 train_loss:3.5938 train_time:313923ms step_avg:254.60ms
step:1244/5100 train_loss:3.6719 train_time:314173ms step_avg:254.60ms
step:1245/5100 train_loss:3.7344 train_time:314424ms step_avg:254.59ms
step:1246/5100 train_loss:3.4844 train_time:314678ms step_avg:254.59ms
step:1247/5100 train_loss:3.5625 train_time:314925ms step_avg:254.59ms
step:1248/5100 train_loss:3.7031 train_time:315177ms step_avg:254.59ms
step:1249/5100 train_loss:3.8281 train_time:315429ms step_avg:254.58ms
step:1250/5100 train_loss:3.6875 train_time:315678ms step_avg:254.58ms
step:1250/5100 val_loss:3.6285 train_time:315834ms step_avg:254.70ms
step:1251/5100 train_loss:3.5781 train_time:315927ms step_avg:254.57ms
step:1252/5100 train_loss:3.6562 train_time:316175ms step_avg:254.57ms
step:1253/5100 train_loss:3.6406 train_time:316427ms step_avg:254.57ms
step:1254/5100 train_loss:3.6250 train_time:316678ms step_avg:254.56ms
step:1255/5100 train_loss:3.8125 train_time:316929ms step_avg:254.56ms
step:1256/5100 train_loss:3.7188 train_time:317180ms step_avg:254.56ms
step:1257/5100 train_loss:3.7500 train_time:317431ms step_avg:254.56ms
step:1258/5100 train_loss:3.7188 train_time:317682ms step_avg:254.55ms
step:1259/5100 train_loss:3.6094 train_time:317933ms step_avg:254.55ms
step:1260/5100 train_loss:3.6094 train_time:318185ms step_avg:254.55ms
step:1261/5100 train_loss:3.4688 train_time:318434ms step_avg:254.54ms
step:1262/5100 train_loss:3.3906 train_time:318685ms step_avg:254.54ms
step:1263/5100 train_loss:3.7344 train_time:318936ms step_avg:254.54ms
step:1264/5100 train_loss:3.4375 train_time:319187ms step_avg:254.53ms
step:1265/5100 train_loss:3.7812 train_time:319438ms step_avg:254.53ms
step:1266/5100 train_loss:3.6875 train_time:319692ms step_avg:254.53ms
step:1267/5100 train_loss:3.6875 train_time:319941ms step_avg:254.53ms
step:1268/5100 train_loss:3.7656 train_time:320189ms step_avg:254.52ms
step:1269/5100 train_loss:3.5781 train_time:320442ms step_avg:254.52ms
step:1270/5100 train_loss:3.6094 train_time:320695ms step_avg:254.52ms
step:1271/5100 train_loss:3.5312 train_time:320947ms step_avg:254.52ms
step:1272/5100 train_loss:3.5312 train_time:321204ms step_avg:254.52ms
step:1273/5100 train_loss:3.5625 train_time:321455ms step_avg:254.52ms
step:1274/5100 train_loss:3.6250 train_time:321706ms step_avg:254.51ms
step:1275/5100 train_loss:3.6094 train_time:321956ms step_avg:254.51ms
step:1276/5100 train_loss:3.7344 train_time:322201ms step_avg:254.50ms
step:1277/5100 train_loss:3.7344 train_time:322456ms step_avg:254.50ms
step:1278/5100 train_loss:3.7031 train_time:322703ms step_avg:254.50ms
step:1279/5100 train_loss:3.5938 train_time:322953ms step_avg:254.49ms
step:1280/5100 train_loss:3.4219 train_time:323206ms step_avg:254.49ms
step:1281/5100 train_loss:3.5312 train_time:323455ms step_avg:254.49ms
step:1282/5100 train_loss:3.7344 train_time:323706ms step_avg:254.49ms
step:1283/5100 train_loss:3.6562 train_time:323959ms step_avg:254.48ms
step:1284/5100 train_loss:3.7344 train_time:324208ms step_avg:254.48ms
step:1285/5100 train_loss:3.6719 train_time:324459ms step_avg:254.48ms
step:1286/5100 train_loss:3.6406 train_time:324711ms step_avg:254.48ms
step:1287/5100 train_loss:3.5000 train_time:324964ms step_avg:254.47ms
step:1288/5100 train_loss:3.5625 train_time:325216ms step_avg:254.47ms
step:1289/5100 train_loss:3.5469 train_time:325469ms step_avg:254.47ms
step:1290/5100 train_loss:3.4844 train_time:325719ms step_avg:254.47ms
step:1291/5100 train_loss:3.6562 train_time:325973ms step_avg:254.47ms
step:1292/5100 train_loss:3.6719 train_time:326225ms step_avg:254.47ms
step:1293/5100 train_loss:3.7031 train_time:326476ms step_avg:254.46ms
step:1294/5100 train_loss:3.7344 train_time:326725ms step_avg:254.46ms
step:1295/5100 train_loss:3.3906 train_time:326975ms step_avg:254.46ms
step:1296/5100 train_loss:3.5156 train_time:327224ms step_avg:254.45ms
step:1297/5100 train_loss:3.7188 train_time:327479ms step_avg:254.45ms
step:1298/5100 train_loss:3.4688 train_time:327729ms step_avg:254.45ms
step:1299/5100 train_loss:3.7188 train_time:327981ms step_avg:254.45ms
step:1300/5100 train_loss:3.6406 train_time:328232ms step_avg:254.44ms
step:1301/5100 train_loss:3.7656 train_time:328485ms step_avg:254.44ms
step:1302/5100 train_loss:3.7188 train_time:328731ms step_avg:254.44ms
step:1303/5100 train_loss:3.8750 train_time:328986ms step_avg:254.44ms
step:1304/5100 train_loss:3.5000 train_time:329232ms step_avg:254.43ms
step:1305/5100 train_loss:4.0000 train_time:329484ms step_avg:254.43ms
step:1306/5100 train_loss:3.6094 train_time:329735ms step_avg:254.43ms
step:1307/5100 train_loss:3.7812 train_time:329986ms step_avg:254.42ms
step:1308/5100 train_loss:3.9531 train_time:330238ms step_avg:254.42ms
step:1309/5100 train_loss:3.5625 train_time:330489ms step_avg:254.42ms
step:1310/5100 train_loss:3.5156 train_time:330741ms step_avg:254.42ms
step:1311/5100 train_loss:3.6875 train_time:330992ms step_avg:254.41ms
step:1312/5100 train_loss:3.6250 train_time:331243ms step_avg:254.41ms
step:1313/5100 train_loss:3.6094 train_time:331495ms step_avg:254.41ms
step:1314/5100 train_loss:3.6875 train_time:331747ms step_avg:254.41ms
step:1315/5100 train_loss:3.3281 train_time:331996ms step_avg:254.40ms
step:1316/5100 train_loss:3.5312 train_time:332249ms step_avg:254.40ms
step:1317/5100 train_loss:3.6406 train_time:332499ms step_avg:254.40ms
step:1318/5100 train_loss:3.7500 train_time:332750ms step_avg:254.40ms
step:1319/5100 train_loss:3.4219 train_time:333006ms step_avg:254.40ms
step:1320/5100 train_loss:3.6094 train_time:333252ms step_avg:254.39ms
step:1321/5100 train_loss:3.7656 train_time:333504ms step_avg:254.39ms
step:1322/5100 train_loss:3.7188 train_time:333755ms step_avg:254.39ms
step:1323/5100 train_loss:3.6094 train_time:334006ms step_avg:254.38ms
step:1324/5100 train_loss:3.6406 train_time:334593ms step_avg:254.64ms
step:1325/5100 train_loss:3.8906 train_time:334842ms step_avg:254.63ms
step:1326/5100 train_loss:3.9375 train_time:335095ms step_avg:254.63ms
step:1327/5100 train_loss:3.6719 train_time:335345ms step_avg:254.63ms
step:1328/5100 train_loss:3.5000 train_time:335595ms step_avg:254.62ms
step:1329/5100 train_loss:3.8906 train_time:335848ms step_avg:254.62ms
step:1330/5100 train_loss:3.6562 train_time:336515ms step_avg:254.94ms
step:1331/5100 train_loss:3.8750 train_time:336767ms step_avg:254.93ms
step:1332/5100 train_loss:3.5938 train_time:337019ms step_avg:254.93ms
step:1333/5100 train_loss:3.8438 train_time:337270ms step_avg:254.93ms
step:1334/5100 train_loss:3.7500 train_time:337521ms step_avg:254.93ms
step:1335/5100 train_loss:3.6562 train_time:337770ms step_avg:254.92ms
step:1336/5100 train_loss:3.5469 train_time:338023ms step_avg:254.92ms
step:1337/5100 train_loss:3.6719 train_time:338274ms step_avg:254.92ms
step:1338/5100 train_loss:3.8438 train_time:338524ms step_avg:254.91ms
step:1339/5100 train_loss:3.7344 train_time:338776ms step_avg:254.91ms
step:1340/5100 train_loss:3.5781 train_time:339027ms step_avg:254.91ms
step:1341/5100 train_loss:3.5156 train_time:339278ms step_avg:254.90ms
step:1342/5100 train_loss:3.8906 train_time:339528ms step_avg:254.90ms
step:1343/5100 train_loss:3.7031 train_time:339779ms step_avg:254.90ms
step:1344/5100 train_loss:3.7188 train_time:340030ms step_avg:254.89ms
step:1345/5100 train_loss:3.7188 train_time:340276ms step_avg:254.89ms
step:1346/5100 train_loss:3.6875 train_time:340527ms step_avg:254.89ms
step:1347/5100 train_loss:3.5312 train_time:340778ms step_avg:254.88ms
step:1348/5100 train_loss:3.5156 train_time:341029ms step_avg:254.88ms
step:1349/5100 train_loss:3.6406 train_time:341280ms step_avg:254.88ms
step:1350/5100 train_loss:3.5312 train_time:341530ms step_avg:254.87ms
step:1351/5100 train_loss:3.7188 train_time:341783ms step_avg:254.87ms
step:1352/5100 train_loss:3.6094 train_time:342034ms step_avg:254.87ms
step:1353/5100 train_loss:3.5625 train_time:342295ms step_avg:254.87ms
step:1354/5100 train_loss:3.7188 train_time:342539ms step_avg:254.87ms
step:1355/5100 train_loss:3.5625 train_time:342787ms step_avg:254.86ms
step:1356/5100 train_loss:3.3750 train_time:343037ms step_avg:254.86ms
step:1357/5100 train_loss:3.7031 train_time:343288ms step_avg:254.85ms
step:1358/5100 train_loss:3.7812 train_time:343538ms step_avg:254.85ms
step:1359/5100 train_loss:3.4688 train_time:343791ms step_avg:254.85ms
step:1360/5100 train_loss:3.8125 train_time:344041ms step_avg:254.85ms
step:1361/5100 train_loss:3.7500 train_time:344293ms step_avg:254.84ms
step:1362/5100 train_loss:3.4844 train_time:344544ms step_avg:254.84ms
step:1363/5100 train_loss:3.6562 train_time:344795ms step_avg:254.84ms
step:1364/5100 train_loss:3.4844 train_time:345047ms step_avg:254.84ms
step:1365/5100 train_loss:3.5312 train_time:345298ms step_avg:254.83ms
step:1366/5100 train_loss:3.6562 train_time:345549ms step_avg:254.83ms
step:1367/5100 train_loss:3.7188 train_time:345798ms step_avg:254.83ms
step:1368/5100 train_loss:3.6562 train_time:346053ms step_avg:254.83ms
step:1369/5100 train_loss:3.7656 train_time:346304ms step_avg:254.82ms
step:1370/5100 train_loss:3.6719 train_time:346554ms step_avg:254.82ms
step:1371/5100 train_loss:3.9531 train_time:346805ms step_avg:254.82ms
step:1372/5100 train_loss:3.5938 train_time:347055ms step_avg:254.81ms
step:1373/5100 train_loss:3.5781 train_time:347305ms step_avg:254.81ms
step:1374/5100 train_loss:3.6406 train_time:347555ms step_avg:254.81ms
step:1375/5100 train_loss:3.4844 train_time:347805ms step_avg:254.80ms
step:1375/5100 val_loss:3.6079 train_time:347966ms step_avg:254.92ms
step:1376/5100 train_loss:3.9062 train_time:348058ms step_avg:254.80ms
step:1377/5100 train_loss:3.6094 train_time:348307ms step_avg:254.80ms
step:1378/5100 train_loss:3.8281 train_time:348558ms step_avg:254.79ms
step:1379/5100 train_loss:3.8750 train_time:348808ms step_avg:254.79ms
step:1380/5100 train_loss:3.6250 train_time:349060ms step_avg:254.79ms
step:1381/5100 train_loss:3.6250 train_time:349310ms step_avg:254.79ms
step:1382/5100 train_loss:3.6875 train_time:349562ms step_avg:254.78ms
step:1383/5100 train_loss:3.5156 train_time:349814ms step_avg:254.78ms
step:1384/5100 train_loss:3.7188 train_time:350064ms step_avg:254.78ms
step:1385/5100 train_loss:3.8125 train_time:350314ms step_avg:254.77ms
step:1386/5100 train_loss:3.5781 train_time:350565ms step_avg:254.77ms
step:1387/5100 train_loss:3.6875 train_time:350816ms step_avg:254.77ms
step:1388/5100 train_loss:3.5781 train_time:351067ms step_avg:254.77ms
step:1389/5100 train_loss:3.5781 train_time:351317ms step_avg:254.76ms
step:1390/5100 train_loss:3.3281 train_time:351572ms step_avg:254.76ms
step:1391/5100 train_loss:3.6406 train_time:351822ms step_avg:254.76ms
step:1392/5100 train_loss:3.5156 train_time:352073ms step_avg:254.76ms
step:1393/5100 train_loss:3.6250 train_time:352325ms step_avg:254.75ms
step:1394/5100 train_loss:3.6406 train_time:352576ms step_avg:254.75ms
step:1395/5100 train_loss:3.6875 train_time:352831ms step_avg:254.75ms
step:1396/5100 train_loss:3.6562 train_time:353077ms step_avg:254.75ms
step:1397/5100 train_loss:3.6406 train_time:353328ms step_avg:254.74ms
step:1398/5100 train_loss:3.4219 train_time:353579ms step_avg:254.74ms
step:1399/5100 train_loss:3.6250 train_time:353835ms step_avg:254.74ms
step:1400/5100 train_loss:3.6250 train_time:354082ms step_avg:254.74ms
step:1401/5100 train_loss:3.6094 train_time:354333ms step_avg:254.73ms
step:1402/5100 train_loss:3.5625 train_time:354581ms step_avg:254.73ms
step:1403/5100 train_loss:3.5469 train_time:354831ms step_avg:254.72ms
step:1404/5100 train_loss:3.6562 train_time:355085ms step_avg:254.72ms
step:1405/5100 train_loss:3.6406 train_time:355333ms step_avg:254.72ms
step:1406/5100 train_loss:3.6875 train_time:355584ms step_avg:254.72ms
step:1407/5100 train_loss:3.6094 train_time:355835ms step_avg:254.71ms
step:1408/5100 train_loss:3.5625 train_time:356087ms step_avg:254.71ms
step:1409/5100 train_loss:3.4062 train_time:356343ms step_avg:254.71ms
step:1410/5100 train_loss:3.5781 train_time:356588ms step_avg:254.71ms
step:1411/5100 train_loss:3.5625 train_time:356839ms step_avg:254.70ms
step:1412/5100 train_loss:3.6406 train_time:357090ms step_avg:254.70ms
step:1413/5100 train_loss:3.5469 train_time:357346ms step_avg:254.70ms
step:1414/5100 train_loss:3.4844 train_time:357595ms step_avg:254.70ms
step:1415/5100 train_loss:3.6719 train_time:357845ms step_avg:254.69ms
step:1416/5100 train_loss:3.8750 train_time:358096ms step_avg:254.69ms
step:1417/5100 train_loss:3.5156 train_time:358347ms step_avg:254.69ms
step:1418/5100 train_loss:3.5156 train_time:358597ms step_avg:254.69ms
step:1419/5100 train_loss:3.5156 train_time:358850ms step_avg:254.68ms
step:1420/5100 train_loss:3.5938 train_time:359104ms step_avg:254.68ms
step:1421/5100 train_loss:3.6719 train_time:359349ms step_avg:254.68ms
step:1422/5100 train_loss:3.5000 train_time:359601ms step_avg:254.67ms
step:1423/5100 train_loss:3.6406 train_time:359852ms step_avg:254.67ms
step:1424/5100 train_loss:3.7344 train_time:360102ms step_avg:254.67ms
step:1425/5100 train_loss:3.7344 train_time:360353ms step_avg:254.67ms
step:1426/5100 train_loss:3.2500 train_time:360605ms step_avg:254.66ms
step:1427/5100 train_loss:3.6250 train_time:360857ms step_avg:254.66ms
step:1428/5100 train_loss:3.6875 train_time:361108ms step_avg:254.66ms
step:1429/5100 train_loss:3.6875 train_time:361360ms step_avg:254.66ms
step:1430/5100 train_loss:3.5938 train_time:361609ms step_avg:254.65ms
step:1431/5100 train_loss:3.8281 train_time:361860ms step_avg:254.65ms
step:1432/5100 train_loss:3.7031 train_time:362113ms step_avg:254.65ms
step:1433/5100 train_loss:3.6094 train_time:362362ms step_avg:254.65ms
step:1434/5100 train_loss:3.5938 train_time:362613ms step_avg:254.64ms
step:1435/5100 train_loss:3.5469 train_time:362865ms step_avg:254.64ms
step:1436/5100 train_loss:3.2188 train_time:363115ms step_avg:254.64ms
step:1437/5100 train_loss:3.4844 train_time:363365ms step_avg:254.64ms
step:1438/5100 train_loss:3.6562 train_time:363617ms step_avg:254.63ms
step:1439/5100 train_loss:3.6562 train_time:363866ms step_avg:254.63ms
step:1440/5100 train_loss:3.6719 train_time:364118ms step_avg:254.63ms
step:1441/5100 train_loss:3.5000 train_time:364368ms step_avg:254.63ms
step:1442/5100 train_loss:3.6094 train_time:364623ms step_avg:254.63ms
step:1443/5100 train_loss:3.8906 train_time:364871ms step_avg:254.62ms
step:1444/5100 train_loss:3.6719 train_time:365121ms step_avg:254.62ms
step:1445/5100 train_loss:3.6562 train_time:365373ms step_avg:254.62ms
step:1446/5100 train_loss:3.6406 train_time:365623ms step_avg:254.61ms
step:1447/5100 train_loss:3.4688 train_time:365875ms step_avg:254.61ms
step:1448/5100 train_loss:3.5625 train_time:366131ms step_avg:254.61ms
step:1449/5100 train_loss:3.5781 train_time:366380ms step_avg:254.61ms
step:1450/5100 train_loss:3.7969 train_time:366631ms step_avg:254.61ms
step:1451/5100 train_loss:3.7031 train_time:366881ms step_avg:254.60ms
step:1452/5100 train_loss:3.4844 train_time:367132ms step_avg:254.60ms
step:1453/5100 train_loss:3.7344 train_time:367383ms step_avg:254.60ms
step:1454/5100 train_loss:3.4844 train_time:367633ms step_avg:254.59ms
step:1455/5100 train_loss:3.5938 train_time:367883ms step_avg:254.59ms
step:1456/5100 train_loss:3.6406 train_time:368140ms step_avg:254.59ms
step:1457/5100 train_loss:3.4844 train_time:368387ms step_avg:254.59ms
step:1458/5100 train_loss:3.4688 train_time:368645ms step_avg:254.59ms
step:1459/5100 train_loss:3.6406 train_time:368890ms step_avg:254.58ms
step:1460/5100 train_loss:3.5938 train_time:369139ms step_avg:254.58ms
step:1461/5100 train_loss:3.5000 train_time:369392ms step_avg:254.58ms
step:1462/5100 train_loss:3.8594 train_time:369641ms step_avg:254.57ms
step:1463/5100 train_loss:3.6719 train_time:369890ms step_avg:254.57ms
step:1464/5100 train_loss:3.8438 train_time:370140ms step_avg:254.57ms
step:1465/5100 train_loss:3.6094 train_time:370391ms step_avg:254.56ms
step:1466/5100 train_loss:3.6250 train_time:370643ms step_avg:254.56ms
step:1467/5100 train_loss:3.5156 train_time:370894ms step_avg:254.56ms
step:1468/5100 train_loss:3.7188 train_time:371146ms step_avg:254.56ms
step:1469/5100 train_loss:3.6562 train_time:371397ms step_avg:254.56ms
step:1470/5100 train_loss:3.4844 train_time:371648ms step_avg:254.55ms
step:1471/5100 train_loss:3.7188 train_time:371899ms step_avg:254.55ms
step:1472/5100 train_loss:3.5781 train_time:372153ms step_avg:254.55ms
step:1473/5100 train_loss:3.5156 train_time:372406ms step_avg:254.55ms
step:1474/5100 train_loss:3.7344 train_time:372662ms step_avg:254.55ms
step:1475/5100 train_loss:3.5781 train_time:372911ms step_avg:254.55ms
step:1476/5100 train_loss:3.3125 train_time:373157ms step_avg:254.54ms
step:1477/5100 train_loss:3.5156 train_time:373408ms step_avg:254.54ms
step:1478/5100 train_loss:3.4531 train_time:373658ms step_avg:254.54ms
step:1479/5100 train_loss:3.6250 train_time:373910ms step_avg:254.53ms
step:1480/5100 train_loss:3.6250 train_time:374159ms step_avg:254.53ms
step:1481/5100 train_loss:3.6562 train_time:374412ms step_avg:254.53ms
step:1482/5100 train_loss:3.7656 train_time:374661ms step_avg:254.52ms
step:1483/5100 train_loss:3.6719 train_time:374914ms step_avg:254.52ms
step:1484/5100 train_loss:3.5312 train_time:375168ms step_avg:254.52ms
step:1485/5100 train_loss:3.5625 train_time:375415ms step_avg:254.52ms
step:1486/5100 train_loss:3.5312 train_time:375666ms step_avg:254.52ms
step:1487/5100 train_loss:3.5781 train_time:375915ms step_avg:254.51ms
step:1488/5100 train_loss:3.5625 train_time:376166ms step_avg:254.51ms
step:1489/5100 train_loss:3.5469 train_time:376418ms step_avg:254.51ms
step:1490/5100 train_loss:3.7031 train_time:376669ms step_avg:254.51ms
step:1491/5100 train_loss:3.5156 train_time:376921ms step_avg:254.50ms
step:1492/5100 train_loss:3.3594 train_time:377170ms step_avg:254.50ms
step:1493/5100 train_loss:3.6250 train_time:377420ms step_avg:254.50ms
step:1494/5100 train_loss:3.7969 train_time:377671ms step_avg:254.50ms
step:1495/5100 train_loss:3.6094 train_time:377922ms step_avg:254.49ms
step:1496/5100 train_loss:3.4688 train_time:378173ms step_avg:254.49ms
step:1497/5100 train_loss:3.5469 train_time:378425ms step_avg:254.49ms
step:1498/5100 train_loss:3.5312 train_time:378678ms step_avg:254.49ms
step:1499/5100 train_loss:3.5781 train_time:378928ms step_avg:254.49ms
step:1500/5100 train_loss:3.5000 train_time:379181ms step_avg:254.48ms
step:1500/5100 val_loss:3.5839 train_time:379339ms step_avg:254.59ms
step:1501/5100 train_loss:3.4688 train_time:379432ms step_avg:254.48ms
step:1502/5100 train_loss:3.5000 train_time:379683ms step_avg:254.48ms
step:1503/5100 train_loss:3.6719 train_time:379939ms step_avg:254.48ms
step:1504/5100 train_loss:3.4844 train_time:380184ms step_avg:254.47ms
step:1505/5100 train_loss:3.5625 train_time:380439ms step_avg:254.47ms
step:1506/5100 train_loss:3.4688 train_time:380690ms step_avg:254.47ms
step:1507/5100 train_loss:3.6094 train_time:380939ms step_avg:254.47ms
step:1508/5100 train_loss:3.5156 train_time:381190ms step_avg:254.47ms
step:1509/5100 train_loss:4.1875 train_time:381441ms step_avg:254.46ms
step:1510/5100 train_loss:3.4844 train_time:381691ms step_avg:254.46ms
step:1511/5100 train_loss:3.5938 train_time:381942ms step_avg:254.46ms
step:1512/5100 train_loss:3.6250 train_time:382202ms step_avg:254.46ms
step:1513/5100 train_loss:3.8750 train_time:382556ms step_avg:254.53ms
step:1514/5100 train_loss:3.4844 train_time:382805ms step_avg:254.52ms
step:1515/5100 train_loss:3.4688 train_time:383055ms step_avg:254.52ms
step:1516/5100 train_loss:3.6094 train_time:383305ms step_avg:254.52ms
step:1517/5100 train_loss:3.5156 train_time:383556ms step_avg:254.52ms
step:1518/5100 train_loss:3.6875 train_time:383810ms step_avg:254.52ms
step:1519/5100 train_loss:3.4844 train_time:384068ms step_avg:254.52ms
step:1520/5100 train_loss:3.6719 train_time:384731ms step_avg:254.79ms
step:1521/5100 train_loss:3.5156 train_time:384984ms step_avg:254.79ms
step:1522/5100 train_loss:3.5469 train_time:385239ms step_avg:254.79ms
step:1523/5100 train_loss:3.6562 train_time:385485ms step_avg:254.78ms
step:1524/5100 train_loss:3.5781 train_time:385739ms step_avg:254.78ms
step:1525/5100 train_loss:3.7188 train_time:385985ms step_avg:254.78ms
step:1526/5100 train_loss:3.5625 train_time:386237ms step_avg:254.77ms
step:1527/5100 train_loss:3.6094 train_time:386489ms step_avg:254.77ms
step:1528/5100 train_loss:3.5781 train_time:386742ms step_avg:254.77ms
step:1529/5100 train_loss:3.9844 train_time:386991ms step_avg:254.77ms
step:1530/5100 train_loss:3.7656 train_time:387242ms step_avg:254.76ms
step:1531/5100 train_loss:3.4062 train_time:387498ms step_avg:254.77ms
step:1532/5100 train_loss:3.5156 train_time:387750ms step_avg:254.76ms
step:1533/5100 train_loss:3.6250 train_time:388000ms step_avg:254.76ms
step:1534/5100 train_loss:3.5469 train_time:388251ms step_avg:254.76ms
step:1535/5100 train_loss:3.6562 train_time:388502ms step_avg:254.76ms
step:1536/5100 train_loss:3.5938 train_time:388754ms step_avg:254.75ms
step:1537/5100 train_loss:3.4844 train_time:389003ms step_avg:254.75ms
step:1538/5100 train_loss:3.5312 train_time:389259ms step_avg:254.75ms
step:1539/5100 train_loss:3.9375 train_time:389510ms step_avg:254.75ms
step:1540/5100 train_loss:3.5469 train_time:389761ms step_avg:254.75ms
step:1541/5100 train_loss:3.6250 train_time:390008ms step_avg:254.74ms
step:1542/5100 train_loss:3.5469 train_time:390263ms step_avg:254.74ms
step:1543/5100 train_loss:3.5000 train_time:390514ms step_avg:254.74ms
step:1544/5100 train_loss:3.4531 train_time:390765ms step_avg:254.74ms
step:1545/5100 train_loss:3.5938 train_time:391015ms step_avg:254.73ms
step:1546/5100 train_loss:3.6875 train_time:391263ms step_avg:254.73ms
step:1547/5100 train_loss:3.4688 train_time:391513ms step_avg:254.73ms
step:1548/5100 train_loss:3.5625 train_time:391764ms step_avg:254.72ms
step:1549/5100 train_loss:3.5156 train_time:392016ms step_avg:254.72ms
step:1550/5100 train_loss:3.6406 train_time:392267ms step_avg:254.72ms
step:1551/5100 train_loss:3.5000 train_time:392518ms step_avg:254.72ms
step:1552/5100 train_loss:3.5312 train_time:392769ms step_avg:254.71ms
step:1553/5100 train_loss:3.5938 train_time:393023ms step_avg:254.71ms
step:1554/5100 train_loss:3.4844 train_time:393272ms step_avg:254.71ms
step:1555/5100 train_loss:3.5625 train_time:393533ms step_avg:254.71ms
step:1556/5100 train_loss:3.4844 train_time:393784ms step_avg:254.71ms
step:1557/5100 train_loss:3.5000 train_time:394038ms step_avg:254.71ms
step:1558/5100 train_loss:3.5938 train_time:394278ms step_avg:254.70ms
step:1559/5100 train_loss:3.4219 train_time:394527ms step_avg:254.70ms
step:1560/5100 train_loss:3.5312 train_time:394778ms step_avg:254.70ms
step:1561/5100 train_loss:3.7500 train_time:395033ms step_avg:254.70ms
step:1562/5100 train_loss:3.4531 train_time:395289ms step_avg:254.70ms
step:1563/5100 train_loss:3.5469 train_time:395532ms step_avg:254.69ms
step:1564/5100 train_loss:3.7812 train_time:395782ms step_avg:254.69ms
step:1565/5100 train_loss:3.4219 train_time:396035ms step_avg:254.68ms
step:1566/5100 train_loss:3.4219 train_time:396284ms step_avg:254.68ms
step:1567/5100 train_loss:3.5469 train_time:396535ms step_avg:254.68ms
step:1568/5100 train_loss:3.5469 train_time:396787ms step_avg:254.68ms
step:1569/5100 train_loss:3.4375 train_time:397038ms step_avg:254.67ms
step:1570/5100 train_loss:3.7344 train_time:397289ms step_avg:254.67ms
step:1571/5100 train_loss:3.6562 train_time:397541ms step_avg:254.67ms
step:1572/5100 train_loss:3.3750 train_time:397791ms step_avg:254.67ms
step:1573/5100 train_loss:3.5938 train_time:398042ms step_avg:254.67ms
step:1574/5100 train_loss:3.5312 train_time:398297ms step_avg:254.67ms
step:1575/5100 train_loss:3.5469 train_time:398545ms step_avg:254.66ms
step:1576/5100 train_loss:3.6562 train_time:398796ms step_avg:254.66ms
step:1577/5100 train_loss:3.5312 train_time:399047ms step_avg:254.66ms
step:1578/5100 train_loss:3.5625 train_time:399298ms step_avg:254.65ms
step:1579/5100 train_loss:3.5000 train_time:399548ms step_avg:254.65ms
step:1580/5100 train_loss:3.4219 train_time:399800ms step_avg:254.65ms
step:1581/5100 train_loss:3.5000 train_time:400050ms step_avg:254.65ms
step:1582/5100 train_loss:3.5781 train_time:400301ms step_avg:254.64ms
step:1583/5100 train_loss:3.5312 train_time:400551ms step_avg:254.64ms
step:1584/5100 train_loss:4.0000 train_time:400803ms step_avg:254.64ms
step:1585/5100 train_loss:3.5156 train_time:401054ms step_avg:254.64ms
step:1586/5100 train_loss:3.6250 train_time:401310ms step_avg:254.64ms
step:1587/5100 train_loss:3.3438 train_time:401559ms step_avg:254.63ms
step:1588/5100 train_loss:3.7031 train_time:401807ms step_avg:254.63ms
step:1589/5100 train_loss:3.5469 train_time:402061ms step_avg:254.63ms
step:1590/5100 train_loss:3.6719 train_time:402307ms step_avg:254.62ms
step:1591/5100 train_loss:3.5312 train_time:402559ms step_avg:254.62ms
step:1592/5100 train_loss:3.5625 train_time:402809ms step_avg:254.62ms
step:1593/5100 train_loss:3.5938 train_time:403061ms step_avg:254.62ms
step:1594/5100 train_loss:3.5625 train_time:403313ms step_avg:254.62ms
step:1595/5100 train_loss:3.6406 train_time:403563ms step_avg:254.61ms
step:1596/5100 train_loss:3.9375 train_time:403814ms step_avg:254.61ms
step:1597/5100 train_loss:3.5000 train_time:404067ms step_avg:254.61ms
step:1598/5100 train_loss:3.5625 train_time:404317ms step_avg:254.61ms
step:1599/5100 train_loss:3.6562 train_time:404568ms step_avg:254.61ms
step:1600/5100 train_loss:3.6875 train_time:404823ms step_avg:254.61ms
step:1601/5100 train_loss:3.5469 train_time:405074ms step_avg:254.60ms
step:1602/5100 train_loss:3.9688 train_time:405322ms step_avg:254.60ms
step:1603/5100 train_loss:3.7031 train_time:405575ms step_avg:254.60ms
step:1604/5100 train_loss:3.3750 train_time:405830ms step_avg:254.60ms
step:1605/5100 train_loss:3.5781 train_time:406074ms step_avg:254.59ms
step:1606/5100 train_loss:3.4062 train_time:406333ms step_avg:254.59ms
step:1607/5100 train_loss:3.7344 train_time:406585ms step_avg:254.59ms
step:1608/5100 train_loss:3.5312 train_time:406836ms step_avg:254.59ms
step:1609/5100 train_loss:3.6094 train_time:407079ms step_avg:254.58ms
step:1610/5100 train_loss:3.5938 train_time:407330ms step_avg:254.58ms
step:1611/5100 train_loss:3.9688 train_time:407580ms step_avg:254.58ms
step:1612/5100 train_loss:3.7812 train_time:407831ms step_avg:254.58ms
step:1613/5100 train_loss:3.6719 train_time:408083ms step_avg:254.57ms
step:1614/5100 train_loss:3.5312 train_time:408334ms step_avg:254.57ms
step:1615/5100 train_loss:3.6094 train_time:408592ms step_avg:254.57ms
step:1616/5100 train_loss:3.4688 train_time:408838ms step_avg:254.57ms
step:1617/5100 train_loss:3.5781 train_time:409088ms step_avg:254.57ms
step:1618/5100 train_loss:3.7500 train_time:409338ms step_avg:254.56ms
step:1619/5100 train_loss:3.7656 train_time:409589ms step_avg:254.56ms
step:1620/5100 train_loss:3.4688 train_time:409840ms step_avg:254.56ms
step:1621/5100 train_loss:3.6562 train_time:410091ms step_avg:254.56ms
step:1622/5100 train_loss:3.6250 train_time:410342ms step_avg:254.55ms
step:1623/5100 train_loss:3.4219 train_time:410593ms step_avg:254.55ms
step:1624/5100 train_loss:3.5938 train_time:410844ms step_avg:254.55ms
step:1625/5100 train_loss:3.4688 train_time:411094ms step_avg:254.55ms
step:1625/5100 val_loss:3.5683 train_time:411255ms step_avg:254.65ms
step:1626/5100 train_loss:3.5781 train_time:411346ms step_avg:254.55ms
step:1627/5100 train_loss:3.5625 train_time:411596ms step_avg:254.54ms
step:1628/5100 train_loss:3.5000 train_time:411850ms step_avg:254.54ms
step:1629/5100 train_loss:3.5938 train_time:412101ms step_avg:254.54ms
step:1630/5100 train_loss:3.6094 train_time:412352ms step_avg:254.54ms
step:1631/5100 train_loss:3.5938 train_time:412601ms step_avg:254.53ms
step:1632/5100 train_loss:3.4531 train_time:412853ms step_avg:254.53ms
step:1633/5100 train_loss:3.3438 train_time:413100ms step_avg:254.53ms
step:1634/5100 train_loss:3.5312 train_time:413355ms step_avg:254.53ms
step:1635/5100 train_loss:3.5781 train_time:413604ms step_avg:254.53ms
step:1636/5100 train_loss:3.4062 train_time:413855ms step_avg:254.52ms
step:1637/5100 train_loss:3.6250 train_time:414106ms step_avg:254.52ms
step:1638/5100 train_loss:3.7344 train_time:414357ms step_avg:254.52ms
step:1639/5100 train_loss:3.7812 train_time:414609ms step_avg:254.52ms
step:1640/5100 train_loss:4.1562 train_time:414856ms step_avg:254.51ms
step:1641/5100 train_loss:3.6250 train_time:415107ms step_avg:254.51ms
step:1642/5100 train_loss:3.6250 train_time:415357ms step_avg:254.51ms
step:1643/5100 train_loss:3.7344 train_time:415608ms step_avg:254.51ms
step:1644/5100 train_loss:3.7031 train_time:415860ms step_avg:254.50ms
step:1645/5100 train_loss:3.4375 train_time:416111ms step_avg:254.50ms
step:1646/5100 train_loss:3.5938 train_time:416362ms step_avg:254.50ms
step:1647/5100 train_loss:3.2188 train_time:416613ms step_avg:254.50ms
step:1648/5100 train_loss:3.5938 train_time:416864ms step_avg:254.50ms
step:1649/5100 train_loss:3.5625 train_time:417116ms step_avg:254.49ms
step:1650/5100 train_loss:3.5000 train_time:417369ms step_avg:254.49ms
step:1651/5100 train_loss:3.5000 train_time:417627ms step_avg:254.50ms
step:1652/5100 train_loss:3.5469 train_time:417878ms step_avg:254.49ms
step:1653/5100 train_loss:3.5781 train_time:418125ms step_avg:254.49ms
step:1654/5100 train_loss:3.7812 train_time:418377ms step_avg:254.49ms
step:1655/5100 train_loss:3.4688 train_time:418628ms step_avg:254.49ms
step:1656/5100 train_loss:3.5156 train_time:418885ms step_avg:254.49ms
step:1657/5100 train_loss:3.5625 train_time:419130ms step_avg:254.48ms
step:1658/5100 train_loss:3.5469 train_time:419381ms step_avg:254.48ms
step:1659/5100 train_loss:3.4844 train_time:419630ms step_avg:254.48ms
step:1660/5100 train_loss:3.5000 train_time:419889ms step_avg:254.48ms
step:1661/5100 train_loss:3.5156 train_time:420136ms step_avg:254.47ms
step:1662/5100 train_loss:3.6094 train_time:420389ms step_avg:254.47ms
step:1663/5100 train_loss:3.5312 train_time:420637ms step_avg:254.47ms
step:1664/5100 train_loss:3.5469 train_time:420885ms step_avg:254.47ms
step:1665/5100 train_loss:3.6250 train_time:421139ms step_avg:254.46ms
step:1666/5100 train_loss:3.5938 train_time:421390ms step_avg:254.46ms
step:1667/5100 train_loss:3.9375 train_time:421634ms step_avg:254.46ms
step:1668/5100 train_loss:3.3750 train_time:421885ms step_avg:254.45ms
step:1669/5100 train_loss:3.5625 train_time:422135ms step_avg:254.45ms
step:1670/5100 train_loss:3.4375 train_time:422386ms step_avg:254.45ms
step:1671/5100 train_loss:3.3438 train_time:422637ms step_avg:254.45ms
step:1672/5100 train_loss:3.7031 train_time:422887ms step_avg:254.44ms
step:1673/5100 train_loss:3.8594 train_time:423142ms step_avg:254.44ms
step:1674/5100 train_loss:3.5156 train_time:423390ms step_avg:254.44ms
step:1675/5100 train_loss:3.4375 train_time:423641ms step_avg:254.44ms
step:1676/5100 train_loss:3.4688 train_time:423892ms step_avg:254.44ms
step:1677/5100 train_loss:3.6719 train_time:424141ms step_avg:254.43ms
step:1678/5100 train_loss:3.4844 train_time:424394ms step_avg:254.43ms
step:1679/5100 train_loss:3.5469 train_time:424649ms step_avg:254.43ms
step:1680/5100 train_loss:3.5469 train_time:424897ms step_avg:254.43ms
step:1681/5100 train_loss:3.1406 train_time:425147ms step_avg:254.43ms
step:1682/5100 train_loss:3.5469 train_time:425399ms step_avg:254.43ms
step:1683/5100 train_loss:3.6406 train_time:425651ms step_avg:254.42ms
step:1684/5100 train_loss:3.6250 train_time:425907ms step_avg:254.42ms
step:1685/5100 train_loss:3.6406 train_time:426158ms step_avg:254.42ms
step:1686/5100 train_loss:3.4688 train_time:426409ms step_avg:254.42ms
step:1687/5100 train_loss:3.6094 train_time:426660ms step_avg:254.42ms
step:1688/5100 train_loss:3.4688 train_time:426911ms step_avg:254.42ms
step:1689/5100 train_loss:3.4688 train_time:427165ms step_avg:254.42ms
step:1690/5100 train_loss:3.5312 train_time:427417ms step_avg:254.41ms
step:1691/5100 train_loss:3.4062 train_time:427664ms step_avg:254.41ms
step:1692/5100 train_loss:3.5781 train_time:427916ms step_avg:254.41ms
step:1693/5100 train_loss:3.5156 train_time:428168ms step_avg:254.41ms
step:1694/5100 train_loss:3.4844 train_time:428420ms step_avg:254.41ms
step:1695/5100 train_loss:4.0625 train_time:428674ms step_avg:254.41ms
step:1696/5100 train_loss:3.7344 train_time:428922ms step_avg:254.40ms
step:1697/5100 train_loss:3.5938 train_time:429171ms step_avg:254.40ms
step:1698/5100 train_loss:3.5156 train_time:429425ms step_avg:254.40ms
step:1699/5100 train_loss:3.3125 train_time:429674ms step_avg:254.40ms
step:1700/5100 train_loss:3.5469 train_time:429928ms step_avg:254.39ms
step:1701/5100 train_loss:3.5781 train_time:430181ms step_avg:254.39ms
step:1702/5100 train_loss:3.5781 train_time:430526ms step_avg:254.45ms
step:1703/5100 train_loss:3.3594 train_time:430783ms step_avg:254.45ms
step:1704/5100 train_loss:3.8281 train_time:431030ms step_avg:254.44ms
step:1705/5100 train_loss:3.4844 train_time:431282ms step_avg:254.44ms
step:1706/5100 train_loss:4.0312 train_time:431536ms step_avg:254.44ms
step:1707/5100 train_loss:3.4531 train_time:431790ms step_avg:254.44ms
step:1708/5100 train_loss:3.3125 train_time:432032ms step_avg:254.44ms
step:1709/5100 train_loss:3.6719 train_time:432290ms step_avg:254.44ms
step:1710/5100 train_loss:3.4375 train_time:432859ms step_avg:254.62ms
step:1711/5100 train_loss:3.4688 train_time:433124ms step_avg:254.63ms
step:1712/5100 train_loss:3.5312 train_time:433373ms step_avg:254.63ms
step:1713/5100 train_loss:3.6406 train_time:433624ms step_avg:254.62ms
step:1714/5100 train_loss:3.7812 train_time:433874ms step_avg:254.62ms
step:1715/5100 train_loss:3.4531 train_time:434126ms step_avg:254.62ms
step:1716/5100 train_loss:3.5312 train_time:434377ms step_avg:254.62ms
step:1717/5100 train_loss:3.3906 train_time:434628ms step_avg:254.62ms
step:1718/5100 train_loss:3.4531 train_time:434881ms step_avg:254.61ms
step:1719/5100 train_loss:3.7031 train_time:435132ms step_avg:254.61ms
step:1720/5100 train_loss:3.5000 train_time:435382ms step_avg:254.61ms
step:1721/5100 train_loss:3.4844 train_time:435637ms step_avg:254.61ms
step:1722/5100 train_loss:3.3750 train_time:435889ms step_avg:254.61ms
step:1723/5100 train_loss:3.6562 train_time:436138ms step_avg:254.60ms
step:1724/5100 train_loss:3.5156 train_time:436391ms step_avg:254.60ms
step:1725/5100 train_loss:3.6719 train_time:436645ms step_avg:254.60ms
step:1726/5100 train_loss:3.6875 train_time:436901ms step_avg:254.60ms
step:1727/5100 train_loss:3.6250 train_time:437149ms step_avg:254.60ms
step:1728/5100 train_loss:3.5312 train_time:437397ms step_avg:254.60ms
step:1729/5100 train_loss:3.4844 train_time:437650ms step_avg:254.60ms
step:1730/5100 train_loss:3.5156 train_time:437901ms step_avg:254.59ms
step:1731/5100 train_loss:4.1875 train_time:438155ms step_avg:254.59ms
step:1732/5100 train_loss:3.6875 train_time:438404ms step_avg:254.59ms
step:1733/5100 train_loss:3.7969 train_time:438656ms step_avg:254.59ms
step:1734/5100 train_loss:3.4062 train_time:438906ms step_avg:254.59ms
step:1735/5100 train_loss:3.5781 train_time:439155ms step_avg:254.58ms
step:1736/5100 train_loss:3.5781 train_time:439408ms step_avg:254.58ms
step:1737/5100 train_loss:3.4844 train_time:439657ms step_avg:254.58ms
step:1738/5100 train_loss:3.5938 train_time:439908ms step_avg:254.58ms
step:1739/5100 train_loss:3.5000 train_time:440159ms step_avg:254.57ms
step:1740/5100 train_loss:3.5469 train_time:440415ms step_avg:254.58ms
step:1741/5100 train_loss:3.7812 train_time:440665ms step_avg:254.57ms
step:1742/5100 train_loss:3.4062 train_time:440915ms step_avg:254.57ms
step:1743/5100 train_loss:3.3125 train_time:441165ms step_avg:254.57ms
step:1744/5100 train_loss:3.0156 train_time:441424ms step_avg:254.57ms
step:1745/5100 train_loss:3.5625 train_time:441671ms step_avg:254.57ms
step:1746/5100 train_loss:3.5312 train_time:441915ms step_avg:254.56ms
step:1747/5100 train_loss:3.5156 train_time:442167ms step_avg:254.56ms
step:1748/5100 train_loss:3.5156 train_time:442417ms step_avg:254.56ms
step:1749/5100 train_loss:3.9844 train_time:442670ms step_avg:254.55ms
step:1750/5100 train_loss:3.5625 train_time:442920ms step_avg:254.55ms
step:1750/5100 val_loss:3.5480 train_time:443080ms step_avg:254.64ms
step:1751/5100 train_loss:3.5000 train_time:443171ms step_avg:254.55ms
step:1752/5100 train_loss:3.5156 train_time:443423ms step_avg:254.55ms
step:1753/5100 train_loss:3.4062 train_time:443672ms step_avg:254.55ms
step:1754/5100 train_loss:3.0781 train_time:443923ms step_avg:254.54ms
step:1755/5100 train_loss:3.3594 train_time:444175ms step_avg:254.54ms
step:1756/5100 train_loss:3.3281 train_time:444427ms step_avg:254.54ms
step:1757/5100 train_loss:3.4688 train_time:444678ms step_avg:254.54ms
step:1758/5100 train_loss:3.4688 train_time:444930ms step_avg:254.54ms
step:1759/5100 train_loss:3.4375 train_time:445184ms step_avg:254.54ms
step:1760/5100 train_loss:5.4688 train_time:445431ms step_avg:254.53ms
step:1761/5100 train_loss:3.5781 train_time:445683ms step_avg:254.53ms
step:1762/5100 train_loss:3.6094 train_time:445934ms step_avg:254.53ms
step:1763/5100 train_loss:3.5781 train_time:446186ms step_avg:254.53ms
step:1764/5100 train_loss:3.5625 train_time:446440ms step_avg:254.53ms
step:1765/5100 train_loss:3.4531 train_time:446691ms step_avg:254.52ms
step:1766/5100 train_loss:3.5781 train_time:446940ms step_avg:254.52ms
step:1767/5100 train_loss:3.6875 train_time:447190ms step_avg:254.52ms
step:1768/5100 train_loss:3.6094 train_time:447442ms step_avg:254.52ms
step:1769/5100 train_loss:3.6094 train_time:447697ms step_avg:254.52ms
step:1770/5100 train_loss:3.5625 train_time:447948ms step_avg:254.52ms
step:1771/5100 train_loss:4.1875 train_time:448200ms step_avg:254.51ms
step:1772/5100 train_loss:3.4688 train_time:448451ms step_avg:254.51ms
step:1773/5100 train_loss:3.4375 train_time:448701ms step_avg:254.51ms
step:1774/5100 train_loss:3.7969 train_time:448950ms step_avg:254.51ms
step:1775/5100 train_loss:3.3125 train_time:449203ms step_avg:254.51ms
step:1776/5100 train_loss:3.6094 train_time:449453ms step_avg:254.50ms
step:1777/5100 train_loss:3.4688 train_time:449704ms step_avg:254.50ms
step:1778/5100 train_loss:3.9219 train_time:449955ms step_avg:254.50ms
step:1779/5100 train_loss:3.6719 train_time:450211ms step_avg:254.50ms
step:1780/5100 train_loss:3.5312 train_time:450457ms step_avg:254.50ms
step:1781/5100 train_loss:3.6406 train_time:450707ms step_avg:254.49ms
step:1782/5100 train_loss:3.5625 train_time:450958ms step_avg:254.49ms
step:1783/5100 train_loss:3.3281 train_time:451209ms step_avg:254.49ms
step:1784/5100 train_loss:3.5938 train_time:451458ms step_avg:254.49ms
step:1785/5100 train_loss:3.6406 train_time:451710ms step_avg:254.48ms
step:1786/5100 train_loss:3.5625 train_time:451959ms step_avg:254.48ms
step:1787/5100 train_loss:3.7188 train_time:452210ms step_avg:254.48ms
step:1788/5100 train_loss:3.4844 train_time:452461ms step_avg:254.48ms
step:1789/5100 train_loss:3.5156 train_time:452712ms step_avg:254.48ms
step:1790/5100 train_loss:3.6406 train_time:452964ms step_avg:254.47ms
step:1791/5100 train_loss:3.5781 train_time:453215ms step_avg:254.47ms
step:1792/5100 train_loss:3.5469 train_time:453466ms step_avg:254.47ms
step:1793/5100 train_loss:3.5000 train_time:453717ms step_avg:254.47ms
step:1794/5100 train_loss:3.3906 train_time:453969ms step_avg:254.47ms
step:1795/5100 train_loss:3.4531 train_time:454219ms step_avg:254.46ms
step:1796/5100 train_loss:3.4219 train_time:454469ms step_avg:254.46ms
step:1797/5100 train_loss:3.6562 train_time:454720ms step_avg:254.46ms
step:1798/5100 train_loss:3.5625 train_time:454971ms step_avg:254.46ms
step:1799/5100 train_loss:3.5000 train_time:455222ms step_avg:254.46ms
step:1800/5100 train_loss:3.5625 train_time:455473ms step_avg:254.45ms
step:1801/5100 train_loss:3.5781 train_time:455724ms step_avg:254.45ms
step:1802/5100 train_loss:3.5625 train_time:455974ms step_avg:254.45ms
step:1803/5100 train_loss:3.4688 train_time:456225ms step_avg:254.45ms
step:1804/5100 train_loss:3.4531 train_time:456476ms step_avg:254.45ms
step:1805/5100 train_loss:3.7031 train_time:456727ms step_avg:254.44ms
step:1806/5100 train_loss:3.5625 train_time:456980ms step_avg:254.44ms
step:1807/5100 train_loss:3.6406 train_time:457231ms step_avg:254.44ms
step:1808/5100 train_loss:3.6562 train_time:457482ms step_avg:254.44ms
step:1809/5100 train_loss:3.4531 train_time:457731ms step_avg:254.44ms
step:1810/5100 train_loss:3.6406 train_time:457987ms step_avg:254.44ms
step:1811/5100 train_loss:3.6719 train_time:458236ms step_avg:254.43ms
step:1812/5100 train_loss:3.5469 train_time:458486ms step_avg:254.43ms
step:1813/5100 train_loss:3.5000 train_time:458745ms step_avg:254.43ms
step:1814/5100 train_loss:3.5156 train_time:458996ms step_avg:254.43ms
step:1815/5100 train_loss:3.5781 train_time:459242ms step_avg:254.43ms
step:1816/5100 train_loss:3.6562 train_time:459494ms step_avg:254.43ms
step:1817/5100 train_loss:3.5156 train_time:459751ms step_avg:254.43ms
step:1818/5100 train_loss:3.6875 train_time:460002ms step_avg:254.43ms
step:1819/5100 train_loss:3.4844 train_time:460249ms step_avg:254.42ms
step:1820/5100 train_loss:3.5469 train_time:460501ms step_avg:254.42ms
step:1821/5100 train_loss:3.4531 train_time:460754ms step_avg:254.42ms
step:1822/5100 train_loss:3.2656 train_time:461002ms step_avg:254.42ms
step:1823/5100 train_loss:3.3125 train_time:461252ms step_avg:254.41ms
step:1824/5100 train_loss:3.4688 train_time:461503ms step_avg:254.41ms
step:1825/5100 train_loss:3.5938 train_time:461753ms step_avg:254.41ms
step:1826/5100 train_loss:3.5469 train_time:462007ms step_avg:254.41ms
step:1827/5100 train_loss:3.5312 train_time:462257ms step_avg:254.41ms
step:1828/5100 train_loss:3.5156 train_time:462509ms step_avg:254.41ms
step:1829/5100 train_loss:3.5156 train_time:462761ms step_avg:254.40ms
step:1830/5100 train_loss:3.6094 train_time:463011ms step_avg:254.40ms
step:1831/5100 train_loss:3.2656 train_time:463263ms step_avg:254.40ms
step:1832/5100 train_loss:3.5156 train_time:463513ms step_avg:254.40ms
step:1833/5100 train_loss:3.4844 train_time:463764ms step_avg:254.40ms
step:1834/5100 train_loss:4.0625 train_time:464016ms step_avg:254.39ms
step:1835/5100 train_loss:3.5781 train_time:464267ms step_avg:254.39ms
step:1836/5100 train_loss:3.5625 train_time:464518ms step_avg:254.39ms
step:1837/5100 train_loss:3.8438 train_time:464769ms step_avg:254.39ms
step:1838/5100 train_loss:3.5469 train_time:465019ms step_avg:254.39ms
step:1839/5100 train_loss:3.4062 train_time:465271ms step_avg:254.39ms
step:1840/5100 train_loss:3.5000 train_time:465521ms step_avg:254.38ms
step:1841/5100 train_loss:3.4062 train_time:465774ms step_avg:254.38ms
step:1842/5100 train_loss:3.5312 train_time:466026ms step_avg:254.38ms
step:1843/5100 train_loss:3.5938 train_time:466281ms step_avg:254.38ms
step:1844/5100 train_loss:3.5156 train_time:466531ms step_avg:254.38ms
step:1845/5100 train_loss:3.5312 train_time:466782ms step_avg:254.38ms
step:1846/5100 train_loss:3.5000 train_time:467035ms step_avg:254.38ms
step:1847/5100 train_loss:3.5312 train_time:467283ms step_avg:254.37ms
step:1848/5100 train_loss:3.4219 train_time:467538ms step_avg:254.37ms
step:1849/5100 train_loss:3.7656 train_time:467786ms step_avg:254.37ms
step:1850/5100 train_loss:3.4375 train_time:468035ms step_avg:254.37ms
step:1851/5100 train_loss:3.5469 train_time:468290ms step_avg:254.37ms
step:1852/5100 train_loss:3.3750 train_time:468537ms step_avg:254.36ms
step:1853/5100 train_loss:3.5938 train_time:468789ms step_avg:254.36ms
step:1854/5100 train_loss:3.6250 train_time:469042ms step_avg:254.36ms
step:1855/5100 train_loss:3.5156 train_time:469293ms step_avg:254.36ms
step:1856/5100 train_loss:3.5000 train_time:469550ms step_avg:254.36ms
step:1857/5100 train_loss:3.5938 train_time:469797ms step_avg:254.36ms
step:1858/5100 train_loss:3.6250 train_time:470047ms step_avg:254.35ms
step:1859/5100 train_loss:3.4375 train_time:470298ms step_avg:254.35ms
step:1860/5100 train_loss:3.5469 train_time:470551ms step_avg:254.35ms
step:1861/5100 train_loss:3.5156 train_time:470799ms step_avg:254.35ms
step:1862/5100 train_loss:3.4844 train_time:471051ms step_avg:254.35ms
step:1863/5100 train_loss:3.4375 train_time:471302ms step_avg:254.35ms
step:1864/5100 train_loss:3.5469 train_time:471553ms step_avg:254.34ms
step:1865/5100 train_loss:3.6719 train_time:471805ms step_avg:254.34ms
step:1866/5100 train_loss:3.2969 train_time:472056ms step_avg:254.34ms
step:1867/5100 train_loss:3.5000 train_time:472309ms step_avg:254.34ms
step:1868/5100 train_loss:3.4531 train_time:472558ms step_avg:254.34ms
step:1869/5100 train_loss:3.2812 train_time:472809ms step_avg:254.33ms
step:1870/5100 train_loss:3.5781 train_time:473059ms step_avg:254.33ms
step:1871/5100 train_loss:3.5312 train_time:473311ms step_avg:254.33ms
step:1872/5100 train_loss:3.5000 train_time:473561ms step_avg:254.33ms
step:1873/5100 train_loss:3.6094 train_time:473820ms step_avg:254.33ms
step:1874/5100 train_loss:3.4219 train_time:474069ms step_avg:254.33ms
step:1875/5100 train_loss:3.6875 train_time:474322ms step_avg:254.33ms
step:1875/5100 val_loss:3.5333 train_time:474476ms step_avg:254.41ms
step:1876/5100 train_loss:3.5156 train_time:474572ms step_avg:254.33ms
step:1877/5100 train_loss:3.4844 train_time:474823ms step_avg:254.32ms
step:1878/5100 train_loss:3.6406 train_time:475075ms step_avg:254.32ms
step:1879/5100 train_loss:3.6250 train_time:475327ms step_avg:254.32ms
step:1880/5100 train_loss:3.5000 train_time:475574ms step_avg:254.32ms
step:1881/5100 train_loss:3.5156 train_time:475830ms step_avg:254.32ms
step:1882/5100 train_loss:3.4375 train_time:476078ms step_avg:254.32ms
step:1883/5100 train_loss:3.6562 train_time:476328ms step_avg:254.31ms
step:1884/5100 train_loss:3.5000 train_time:476577ms step_avg:254.31ms
step:1885/5100 train_loss:3.0000 train_time:476826ms step_avg:254.31ms
step:1886/5100 train_loss:3.8438 train_time:477076ms step_avg:254.30ms
step:1887/5100 train_loss:3.4531 train_time:477328ms step_avg:254.30ms
step:1888/5100 train_loss:3.3750 train_time:477579ms step_avg:254.30ms
step:1889/5100 train_loss:3.5469 train_time:477834ms step_avg:254.30ms
step:1890/5100 train_loss:3.5938 train_time:478085ms step_avg:254.30ms
step:1891/5100 train_loss:3.3594 train_time:478438ms step_avg:254.35ms
step:1892/5100 train_loss:3.7812 train_time:478687ms step_avg:254.35ms
step:1893/5100 train_loss:3.4219 train_time:478936ms step_avg:254.35ms
step:1894/5100 train_loss:3.4688 train_time:479186ms step_avg:254.35ms
step:1895/5100 train_loss:3.6250 train_time:479435ms step_avg:254.34ms
step:1896/5100 train_loss:3.3594 train_time:479688ms step_avg:254.34ms
step:1897/5100 train_loss:3.5469 train_time:479938ms step_avg:254.34ms
step:1898/5100 train_loss:3.6094 train_time:480189ms step_avg:254.34ms
step:1899/5100 train_loss:3.6406 train_time:480442ms step_avg:254.34ms
step:1900/5100 train_loss:3.4531 train_time:481088ms step_avg:254.54ms
step:1901/5100 train_loss:3.6406 train_time:481338ms step_avg:254.54ms
step:1902/5100 train_loss:3.4688 train_time:481593ms step_avg:254.54ms
step:1903/5100 train_loss:3.5625 train_time:481840ms step_avg:254.54ms
step:1904/5100 train_loss:3.4531 train_time:482099ms step_avg:254.54ms
step:1905/5100 train_loss:3.6719 train_time:482356ms step_avg:254.54ms
step:1906/5100 train_loss:3.5312 train_time:482608ms step_avg:254.54ms
step:1907/5100 train_loss:3.5625 train_time:482855ms step_avg:254.54ms
step:1908/5100 train_loss:3.5625 train_time:483107ms step_avg:254.53ms
step:1909/5100 train_loss:3.3594 train_time:483358ms step_avg:254.53ms
step:1910/5100 train_loss:3.5312 train_time:483612ms step_avg:254.53ms
step:1911/5100 train_loss:3.5938 train_time:483866ms step_avg:254.53ms
step:1912/5100 train_loss:3.5000 train_time:484118ms step_avg:254.53ms
step:1913/5100 train_loss:3.4688 train_time:484362ms step_avg:254.53ms
step:1914/5100 train_loss:3.0156 train_time:484617ms step_avg:254.53ms
step:1915/5100 train_loss:3.4219 train_time:484870ms step_avg:254.52ms
step:1916/5100 train_loss:3.6406 train_time:485123ms step_avg:254.52ms
step:1917/5100 train_loss:3.7031 train_time:485373ms step_avg:254.52ms
step:1918/5100 train_loss:3.5312 train_time:485622ms step_avg:254.52ms
step:1919/5100 train_loss:3.5000 train_time:485868ms step_avg:254.51ms
step:1920/5100 train_loss:3.7656 train_time:486116ms step_avg:254.51ms
step:1921/5100 train_loss:3.4688 train_time:486367ms step_avg:254.51ms
step:1922/5100 train_loss:3.5156 train_time:486618ms step_avg:254.51ms
step:1923/5100 train_loss:3.5469 train_time:486870ms step_avg:254.51ms
step:1924/5100 train_loss:3.6094 train_time:487122ms step_avg:254.50ms
step:1925/5100 train_loss:3.2344 train_time:487371ms step_avg:254.50ms
step:1926/5100 train_loss:3.4219 train_time:487622ms step_avg:254.50ms
step:1927/5100 train_loss:3.3750 train_time:487873ms step_avg:254.50ms
step:1928/5100 train_loss:3.4531 train_time:488131ms step_avg:254.50ms
step:1929/5100 train_loss:3.2344 train_time:488380ms step_avg:254.50ms
step:1930/5100 train_loss:3.4531 train_time:488632ms step_avg:254.50ms
step:1931/5100 train_loss:3.7031 train_time:488881ms step_avg:254.49ms
step:1932/5100 train_loss:3.5625 train_time:489133ms step_avg:254.49ms
step:1933/5100 train_loss:3.6562 train_time:489383ms step_avg:254.49ms
step:1934/5100 train_loss:3.5000 train_time:489634ms step_avg:254.49ms
step:1935/5100 train_loss:3.4844 train_time:489888ms step_avg:254.49ms
step:1936/5100 train_loss:3.5625 train_time:490135ms step_avg:254.48ms
step:1937/5100 train_loss:3.5000 train_time:490387ms step_avg:254.48ms
step:1938/5100 train_loss:3.5938 train_time:490640ms step_avg:254.48ms
step:1939/5100 train_loss:3.4531 train_time:490895ms step_avg:254.48ms
step:1940/5100 train_loss:3.6406 train_time:491143ms step_avg:254.48ms
step:1941/5100 train_loss:3.7812 train_time:491393ms step_avg:254.48ms
step:1942/5100 train_loss:3.5469 train_time:491648ms step_avg:254.48ms
step:1943/5100 train_loss:3.4844 train_time:491895ms step_avg:254.47ms
step:1944/5100 train_loss:3.7031 train_time:492147ms step_avg:254.47ms
step:1945/5100 train_loss:3.3750 train_time:492397ms step_avg:254.47ms
step:1946/5100 train_loss:3.5625 train_time:492648ms step_avg:254.47ms
step:1947/5100 train_loss:3.5312 train_time:492906ms step_avg:254.47ms
step:1948/5100 train_loss:3.4375 train_time:493154ms step_avg:254.47ms
step:1949/5100 train_loss:3.4688 train_time:493404ms step_avg:254.46ms
step:1950/5100 train_loss:3.4062 train_time:493656ms step_avg:254.46ms
step:1951/5100 train_loss:3.4531 train_time:493905ms step_avg:254.46ms
step:1952/5100 train_loss:3.4375 train_time:494160ms step_avg:254.46ms
step:1953/5100 train_loss:3.6719 train_time:494413ms step_avg:254.46ms
step:1954/5100 train_loss:3.6406 train_time:494663ms step_avg:254.46ms
step:1955/5100 train_loss:3.5000 train_time:494914ms step_avg:254.45ms
step:1956/5100 train_loss:3.3906 train_time:495167ms step_avg:254.45ms
step:1957/5100 train_loss:3.3281 train_time:495418ms step_avg:254.45ms
step:1958/5100 train_loss:3.7500 train_time:495669ms step_avg:254.45ms
step:1959/5100 train_loss:3.5312 train_time:495922ms step_avg:254.45ms
step:1960/5100 train_loss:3.6406 train_time:496170ms step_avg:254.45ms
step:1961/5100 train_loss:3.4219 train_time:496422ms step_avg:254.44ms
step:1962/5100 train_loss:3.6094 train_time:496673ms step_avg:254.44ms
step:1963/5100 train_loss:3.6094 train_time:496924ms step_avg:254.44ms
step:1964/5100 train_loss:3.5312 train_time:497174ms step_avg:254.44ms
step:1965/5100 train_loss:3.4531 train_time:497426ms step_avg:254.44ms
step:1966/5100 train_loss:3.7188 train_time:497682ms step_avg:254.44ms
step:1967/5100 train_loss:3.4375 train_time:497931ms step_avg:254.44ms
step:1968/5100 train_loss:3.4844 train_time:498183ms step_avg:254.43ms
step:1969/5100 train_loss:3.5625 train_time:498436ms step_avg:254.43ms
step:1970/5100 train_loss:3.3750 train_time:498692ms step_avg:254.43ms
step:1971/5100 train_loss:3.1562 train_time:498933ms step_avg:254.43ms
step:1972/5100 train_loss:3.2188 train_time:499184ms step_avg:254.43ms
step:1973/5100 train_loss:3.5156 train_time:499435ms step_avg:254.42ms
step:1974/5100 train_loss:3.4375 train_time:499688ms step_avg:254.42ms
step:1975/5100 train_loss:3.3281 train_time:499939ms step_avg:254.42ms
step:1976/5100 train_loss:3.6094 train_time:500190ms step_avg:254.42ms
step:1977/5100 train_loss:3.4531 train_time:500441ms step_avg:254.42ms
step:1978/5100 train_loss:4.0312 train_time:500693ms step_avg:254.42ms
step:1979/5100 train_loss:3.4844 train_time:500943ms step_avg:254.41ms
step:1980/5100 train_loss:3.5156 train_time:501196ms step_avg:254.41ms
step:1981/5100 train_loss:3.5156 train_time:501445ms step_avg:254.41ms
step:1982/5100 train_loss:3.5625 train_time:501696ms step_avg:254.41ms
step:1983/5100 train_loss:3.5312 train_time:501947ms step_avg:254.41ms
step:1984/5100 train_loss:3.4062 train_time:502198ms step_avg:254.41ms
step:1985/5100 train_loss:3.5938 train_time:502449ms step_avg:254.40ms
step:1986/5100 train_loss:3.6562 train_time:502701ms step_avg:254.40ms
step:1987/5100 train_loss:3.4219 train_time:502952ms step_avg:254.40ms
step:1988/5100 train_loss:3.4688 train_time:503209ms step_avg:254.40ms
step:1989/5100 train_loss:3.5469 train_time:503459ms step_avg:254.40ms
step:1990/5100 train_loss:3.6406 train_time:503709ms step_avg:254.40ms
step:1991/5100 train_loss:3.4219 train_time:503960ms step_avg:254.40ms
step:1992/5100 train_loss:3.3906 train_time:504216ms step_avg:254.40ms
step:1993/5100 train_loss:3.7344 train_time:504462ms step_avg:254.39ms
step:1994/5100 train_loss:3.4219 train_time:504717ms step_avg:254.39ms
step:1995/5100 train_loss:3.4688 train_time:504966ms step_avg:254.39ms
step:1996/5100 train_loss:3.5469 train_time:505217ms step_avg:254.39ms
step:1997/5100 train_loss:3.4688 train_time:505469ms step_avg:254.39ms
step:1998/5100 train_loss:3.4375 train_time:505719ms step_avg:254.39ms
step:1999/5100 train_loss:3.4375 train_time:505970ms step_avg:254.38ms
step:2000/5100 train_loss:3.5000 train_time:506221ms step_avg:254.38ms
step:2000/5100 val_loss:3.5184 train_time:506380ms step_avg:254.46ms
step:2001/5100 train_loss:3.6250 train_time:506476ms step_avg:254.38ms
step:2002/5100 train_loss:3.5469 train_time:506725ms step_avg:254.38ms
step:2003/5100 train_loss:3.8906 train_time:506975ms step_avg:254.38ms
step:2004/5100 train_loss:3.5938 train_time:507225ms step_avg:254.38ms
step:2005/5100 train_loss:3.4219 train_time:507478ms step_avg:254.37ms
step:2006/5100 train_loss:3.4844 train_time:507727ms step_avg:254.37ms
step:2007/5100 train_loss:3.3125 train_time:507978ms step_avg:254.37ms
step:2008/5100 train_loss:3.6094 train_time:508230ms step_avg:254.37ms
step:2009/5100 train_loss:3.5312 train_time:508482ms step_avg:254.37ms
step:2010/5100 train_loss:3.5000 train_time:508736ms step_avg:254.37ms
step:2011/5100 train_loss:3.5469 train_time:508983ms step_avg:254.36ms
step:2012/5100 train_loss:3.5781 train_time:509236ms step_avg:254.36ms
step:2013/5100 train_loss:3.4375 train_time:509490ms step_avg:254.36ms
step:2014/5100 train_loss:3.5312 train_time:509742ms step_avg:254.36ms
step:2015/5100 train_loss:3.4844 train_time:509994ms step_avg:254.36ms
step:2016/5100 train_loss:3.4531 train_time:510245ms step_avg:254.36ms
step:2017/5100 train_loss:3.7656 train_time:510495ms step_avg:254.36ms
step:2018/5100 train_loss:3.4375 train_time:510745ms step_avg:254.36ms
step:2019/5100 train_loss:3.7188 train_time:510997ms step_avg:254.35ms
step:2020/5100 train_loss:3.5000 train_time:511248ms step_avg:254.35ms
step:2021/5100 train_loss:3.2031 train_time:511502ms step_avg:254.35ms
step:2022/5100 train_loss:3.4688 train_time:511754ms step_avg:254.35ms
step:2023/5100 train_loss:3.4531 train_time:512007ms step_avg:254.35ms
step:2024/5100 train_loss:3.5469 train_time:512255ms step_avg:254.35ms
step:2025/5100 train_loss:3.6719 train_time:512507ms step_avg:254.35ms
step:2026/5100 train_loss:3.4688 train_time:512757ms step_avg:254.34ms
step:2027/5100 train_loss:2.9531 train_time:513008ms step_avg:254.34ms
step:2028/5100 train_loss:3.4219 train_time:513262ms step_avg:254.34ms
step:2029/5100 train_loss:3.5781 train_time:513510ms step_avg:254.34ms
step:2030/5100 train_loss:3.4688 train_time:513761ms step_avg:254.34ms
step:2031/5100 train_loss:3.5625 train_time:514014ms step_avg:254.34ms
step:2032/5100 train_loss:3.3438 train_time:514262ms step_avg:254.33ms
step:2033/5100 train_loss:3.5781 train_time:514514ms step_avg:254.33ms
step:2034/5100 train_loss:3.3906 train_time:514764ms step_avg:254.33ms
step:2035/5100 train_loss:3.5781 train_time:515016ms step_avg:254.33ms
step:2036/5100 train_loss:3.5781 train_time:515269ms step_avg:254.33ms
step:2037/5100 train_loss:3.6094 train_time:515520ms step_avg:254.33ms
step:2038/5100 train_loss:3.3906 train_time:515780ms step_avg:254.33ms
step:2039/5100 train_loss:3.7344 train_time:516030ms step_avg:254.33ms
step:2040/5100 train_loss:3.5625 train_time:516272ms step_avg:254.32ms
step:2041/5100 train_loss:3.6250 train_time:516523ms step_avg:254.32ms
step:2042/5100 train_loss:3.4219 train_time:516773ms step_avg:254.32ms
step:2043/5100 train_loss:3.5000 train_time:517022ms step_avg:254.31ms
step:2044/5100 train_loss:3.5625 train_time:517273ms step_avg:254.31ms
step:2045/5100 train_loss:3.5625 train_time:517524ms step_avg:254.31ms
step:2046/5100 train_loss:3.2969 train_time:517775ms step_avg:254.31ms
step:2047/5100 train_loss:3.3594 train_time:518029ms step_avg:254.31ms
step:2048/5100 train_loss:3.5156 train_time:518278ms step_avg:254.31ms
step:2049/5100 train_loss:3.4375 train_time:518529ms step_avg:254.31ms
step:2050/5100 train_loss:3.3438 train_time:518782ms step_avg:254.31ms
step:2051/5100 train_loss:3.6250 train_time:519031ms step_avg:254.30ms
step:2052/5100 train_loss:3.5469 train_time:519286ms step_avg:254.30ms
step:2053/5100 train_loss:3.4844 train_time:519533ms step_avg:254.30ms
step:2054/5100 train_loss:3.4844 train_time:519785ms step_avg:254.30ms
step:2055/5100 train_loss:3.5312 train_time:520035ms step_avg:254.30ms
step:2056/5100 train_loss:3.4531 train_time:520294ms step_avg:254.30ms
step:2057/5100 train_loss:3.7969 train_time:520537ms step_avg:254.29ms
step:2058/5100 train_loss:3.7188 train_time:520788ms step_avg:254.29ms
step:2059/5100 train_loss:3.4844 train_time:521039ms step_avg:254.29ms
step:2060/5100 train_loss:3.6250 train_time:521299ms step_avg:254.29ms
step:2061/5100 train_loss:3.5781 train_time:521549ms step_avg:254.29ms
step:2062/5100 train_loss:3.5938 train_time:521800ms step_avg:254.29ms
step:2063/5100 train_loss:3.5156 train_time:522050ms step_avg:254.29ms
step:2064/5100 train_loss:3.8281 train_time:522297ms step_avg:254.28ms
step:2065/5100 train_loss:3.5625 train_time:522545ms step_avg:254.28ms
step:2066/5100 train_loss:3.6250 train_time:522798ms step_avg:254.28ms
step:2067/5100 train_loss:3.4688 train_time:523049ms step_avg:254.28ms
step:2068/5100 train_loss:3.4062 train_time:523301ms step_avg:254.28ms
step:2069/5100 train_loss:3.4688 train_time:523562ms step_avg:254.28ms
step:2070/5100 train_loss:3.7188 train_time:523807ms step_avg:254.28ms
step:2071/5100 train_loss:3.6562 train_time:524060ms step_avg:254.27ms
step:2072/5100 train_loss:3.5625 train_time:524311ms step_avg:254.27ms
step:2073/5100 train_loss:3.5156 train_time:524560ms step_avg:254.27ms
step:2074/5100 train_loss:3.5469 train_time:524815ms step_avg:254.27ms
step:2075/5100 train_loss:3.5156 train_time:525065ms step_avg:254.27ms
step:2076/5100 train_loss:3.2656 train_time:525314ms step_avg:254.27ms
step:2077/5100 train_loss:3.6719 train_time:525566ms step_avg:254.26ms
step:2078/5100 train_loss:3.3438 train_time:525819ms step_avg:254.26ms
step:2079/5100 train_loss:3.3438 train_time:526067ms step_avg:254.26ms
step:2080/5100 train_loss:3.4219 train_time:526416ms step_avg:254.31ms
step:2081/5100 train_loss:3.5156 train_time:526666ms step_avg:254.31ms
step:2082/5100 train_loss:3.3750 train_time:526925ms step_avg:254.31ms
step:2083/5100 train_loss:3.6094 train_time:527175ms step_avg:254.31ms
step:2084/5100 train_loss:3.4219 train_time:527427ms step_avg:254.30ms
step:2085/5100 train_loss:3.3594 train_time:527673ms step_avg:254.30ms
step:2086/5100 train_loss:3.5312 train_time:527928ms step_avg:254.30ms
step:2087/5100 train_loss:3.5938 train_time:528174ms step_avg:254.30ms
step:2088/5100 train_loss:3.5312 train_time:528429ms step_avg:254.30ms
step:2089/5100 train_loss:3.7812 train_time:528678ms step_avg:254.29ms
step:2090/5100 train_loss:3.6094 train_time:529529ms step_avg:254.58ms
step:2091/5100 train_loss:3.6250 train_time:529793ms step_avg:254.59ms
step:2092/5100 train_loss:3.3906 train_time:530041ms step_avg:254.58ms
step:2093/5100 train_loss:3.5469 train_time:530292ms step_avg:254.58ms
step:2094/5100 train_loss:3.4844 train_time:530543ms step_avg:254.58ms
step:2095/5100 train_loss:3.0469 train_time:530793ms step_avg:254.58ms
step:2096/5100 train_loss:3.4531 train_time:531045ms step_avg:254.58ms
step:2097/5100 train_loss:3.6406 train_time:531298ms step_avg:254.57ms
step:2098/5100 train_loss:3.5000 train_time:531546ms step_avg:254.57ms
step:2099/5100 train_loss:3.3125 train_time:531797ms step_avg:254.57ms
step:2100/5100 train_loss:3.4531 train_time:532047ms step_avg:254.57ms
step:2101/5100 train_loss:3.4375 train_time:532306ms step_avg:254.57ms
step:2102/5100 train_loss:3.6719 train_time:532556ms step_avg:254.57ms
step:2103/5100 train_loss:3.4219 train_time:532809ms step_avg:254.57ms
step:2104/5100 train_loss:3.4531 train_time:533053ms step_avg:254.56ms
step:2105/5100 train_loss:3.7812 train_time:533305ms step_avg:254.56ms
step:2106/5100 train_loss:3.2812 train_time:533565ms step_avg:254.56ms
step:2107/5100 train_loss:3.8594 train_time:533816ms step_avg:254.56ms
step:2108/5100 train_loss:3.4219 train_time:534070ms step_avg:254.56ms
step:2109/5100 train_loss:3.5469 train_time:534307ms step_avg:254.55ms
step:2110/5100 train_loss:3.6406 train_time:534556ms step_avg:254.55ms
step:2111/5100 train_loss:3.3594 train_time:534807ms step_avg:254.55ms
step:2112/5100 train_loss:3.6719 train_time:535057ms step_avg:254.55ms
step:2113/5100 train_loss:3.5938 train_time:535312ms step_avg:254.55ms
step:2114/5100 train_loss:3.5469 train_time:535559ms step_avg:254.54ms
step:2115/5100 train_loss:3.4531 train_time:535810ms step_avg:254.54ms
step:2116/5100 train_loss:3.5625 train_time:536061ms step_avg:254.54ms
step:2117/5100 train_loss:3.4219 train_time:536312ms step_avg:254.54ms
step:2118/5100 train_loss:3.5781 train_time:536564ms step_avg:254.54ms
step:2119/5100 train_loss:3.4844 train_time:536813ms step_avg:254.53ms
step:2120/5100 train_loss:3.4688 train_time:537063ms step_avg:254.53ms
step:2121/5100 train_loss:3.3594 train_time:537315ms step_avg:254.53ms
step:2122/5100 train_loss:3.5156 train_time:537570ms step_avg:254.53ms
step:2123/5100 train_loss:3.5938 train_time:537821ms step_avg:254.53ms
step:2124/5100 train_loss:3.4844 train_time:538072ms step_avg:254.53ms
step:2125/5100 train_loss:3.4844 train_time:538318ms step_avg:254.52ms
step:2125/5100 val_loss:3.5074 train_time:538479ms step_avg:254.60ms
step:2126/5100 train_loss:3.4219 train_time:538570ms step_avg:254.52ms
step:2127/5100 train_loss:3.6250 train_time:538823ms step_avg:254.52ms
step:2128/5100 train_loss:3.5312 train_time:539072ms step_avg:254.52ms
step:2129/5100 train_loss:3.5938 train_time:539325ms step_avg:254.52ms
step:2130/5100 train_loss:3.4219 train_time:539575ms step_avg:254.52ms
step:2131/5100 train_loss:3.3906 train_time:539835ms step_avg:254.52ms
step:2132/5100 train_loss:3.6562 train_time:540077ms step_avg:254.51ms
step:2133/5100 train_loss:3.5781 train_time:540330ms step_avg:254.51ms
step:2134/5100 train_loss:3.3438 train_time:540578ms step_avg:254.51ms
step:2135/5100 train_loss:3.5312 train_time:540829ms step_avg:254.51ms
step:2136/5100 train_loss:3.4688 train_time:541081ms step_avg:254.51ms
step:2137/5100 train_loss:3.6562 train_time:541331ms step_avg:254.50ms
step:2138/5100 train_loss:3.3906 train_time:541582ms step_avg:254.50ms
step:2139/5100 train_loss:3.4688 train_time:541833ms step_avg:254.50ms
step:2140/5100 train_loss:3.5938 train_time:542084ms step_avg:254.50ms
step:2141/5100 train_loss:3.7656 train_time:542338ms step_avg:254.50ms
step:2142/5100 train_loss:4.2812 train_time:542588ms step_avg:254.50ms
step:2143/5100 train_loss:3.4688 train_time:542836ms step_avg:254.49ms
step:2144/5100 train_loss:3.2969 train_time:543087ms step_avg:254.49ms
step:2145/5100 train_loss:3.5312 train_time:543338ms step_avg:254.49ms
step:2146/5100 train_loss:3.7031 train_time:543590ms step_avg:254.49ms
step:2147/5100 train_loss:3.5312 train_time:543840ms step_avg:254.49ms
step:2148/5100 train_loss:3.4531 train_time:544091ms step_avg:254.49ms
step:2149/5100 train_loss:3.5000 train_time:544343ms step_avg:254.48ms
step:2150/5100 train_loss:3.3906 train_time:544593ms step_avg:254.48ms
step:2151/5100 train_loss:3.4844 train_time:544846ms step_avg:254.48ms
step:2152/5100 train_loss:3.5938 train_time:545098ms step_avg:254.48ms
step:2153/5100 train_loss:3.5000 train_time:545347ms step_avg:254.48ms
step:2154/5100 train_loss:3.4844 train_time:545598ms step_avg:254.48ms
step:2155/5100 train_loss:3.4375 train_time:545848ms step_avg:254.47ms
step:2156/5100 train_loss:3.3125 train_time:546100ms step_avg:254.47ms
step:2157/5100 train_loss:3.4844 train_time:546350ms step_avg:254.47ms
step:2158/5100 train_loss:3.5469 train_time:546600ms step_avg:254.47ms
step:2159/5100 train_loss:3.5312 train_time:546852ms step_avg:254.47ms
step:2160/5100 train_loss:3.6406 train_time:547102ms step_avg:254.47ms
step:2161/5100 train_loss:3.5469 train_time:547353ms step_avg:254.46ms
step:2162/5100 train_loss:3.4688 train_time:547603ms step_avg:254.46ms
step:2163/5100 train_loss:3.5000 train_time:547857ms step_avg:254.46ms
step:2164/5100 train_loss:3.5625 train_time:548106ms step_avg:254.46ms
step:2165/5100 train_loss:3.5156 train_time:548357ms step_avg:254.46ms
step:2166/5100 train_loss:3.5312 train_time:548607ms step_avg:254.46ms
step:2167/5100 train_loss:3.4688 train_time:548860ms step_avg:254.46ms
step:2168/5100 train_loss:3.3750 train_time:549110ms step_avg:254.45ms
step:2169/5100 train_loss:3.4062 train_time:549361ms step_avg:254.45ms
step:2170/5100 train_loss:3.4688 train_time:549613ms step_avg:254.45ms
step:2171/5100 train_loss:3.6250 train_time:549863ms step_avg:254.45ms
step:2172/5100 train_loss:3.5781 train_time:550114ms step_avg:254.45ms
step:2173/5100 train_loss:3.4062 train_time:550365ms step_avg:254.45ms
step:2174/5100 train_loss:3.4844 train_time:550616ms step_avg:254.44ms
step:2175/5100 train_loss:3.4062 train_time:550871ms step_avg:254.44ms
step:2176/5100 train_loss:3.4688 train_time:551124ms step_avg:254.44ms
step:2177/5100 train_loss:3.3594 train_time:551373ms step_avg:254.44ms
step:2178/5100 train_loss:3.6250 train_time:551627ms step_avg:254.44ms
step:2179/5100 train_loss:3.5000 train_time:551875ms step_avg:254.44ms
step:2180/5100 train_loss:3.3594 train_time:552127ms step_avg:254.44ms
step:2181/5100 train_loss:3.6406 train_time:552376ms step_avg:254.43ms
step:2182/5100 train_loss:3.5000 train_time:552630ms step_avg:254.43ms
step:2183/5100 train_loss:3.5000 train_time:552877ms step_avg:254.43ms
step:2184/5100 train_loss:3.4062 train_time:553128ms step_avg:254.43ms
step:2185/5100 train_loss:3.3750 train_time:553379ms step_avg:254.43ms
step:2186/5100 train_loss:3.4844 train_time:553630ms step_avg:254.43ms
step:2187/5100 train_loss:3.4062 train_time:553881ms step_avg:254.42ms
step:2188/5100 train_loss:3.3438 train_time:554131ms step_avg:254.42ms
step:2189/5100 train_loss:3.4219 train_time:554383ms step_avg:254.42ms
step:2190/5100 train_loss:3.3906 train_time:554634ms step_avg:254.42ms
step:2191/5100 train_loss:3.5312 train_time:554892ms step_avg:254.42ms
step:2192/5100 train_loss:3.5000 train_time:555141ms step_avg:254.42ms
step:2193/5100 train_loss:3.8281 train_time:555390ms step_avg:254.42ms
step:2194/5100 train_loss:3.5000 train_time:555639ms step_avg:254.41ms
step:2195/5100 train_loss:3.6094 train_time:555891ms step_avg:254.41ms
step:2196/5100 train_loss:3.6250 train_time:556143ms step_avg:254.41ms
step:2197/5100 train_loss:3.4062 train_time:556395ms step_avg:254.41ms
step:2198/5100 train_loss:3.5469 train_time:556645ms step_avg:254.41ms
step:2199/5100 train_loss:3.4062 train_time:556896ms step_avg:254.41ms
step:2200/5100 train_loss:3.3750 train_time:557148ms step_avg:254.41ms
step:2201/5100 train_loss:3.5000 train_time:557402ms step_avg:254.41ms
step:2202/5100 train_loss:3.4531 train_time:557651ms step_avg:254.40ms
step:2203/5100 train_loss:3.5000 train_time:557901ms step_avg:254.40ms
step:2204/5100 train_loss:4.4062 train_time:558156ms step_avg:254.40ms
step:2205/5100 train_loss:3.5625 train_time:558406ms step_avg:254.40ms
step:2206/5100 train_loss:3.4219 train_time:558657ms step_avg:254.40ms
step:2207/5100 train_loss:3.4531 train_time:558910ms step_avg:254.40ms
step:2208/5100 train_loss:3.6094 train_time:559159ms step_avg:254.39ms
step:2209/5100 train_loss:3.3281 train_time:559411ms step_avg:254.39ms
step:2210/5100 train_loss:3.4688 train_time:559663ms step_avg:254.39ms
step:2211/5100 train_loss:3.4375 train_time:559914ms step_avg:254.39ms
step:2212/5100 train_loss:3.5156 train_time:560164ms step_avg:254.39ms
step:2213/5100 train_loss:3.5312 train_time:560417ms step_avg:254.39ms
step:2214/5100 train_loss:3.4375 train_time:560667ms step_avg:254.39ms
step:2215/5100 train_loss:3.5312 train_time:560919ms step_avg:254.38ms
step:2216/5100 train_loss:3.7031 train_time:561168ms step_avg:254.38ms
step:2217/5100 train_loss:3.5156 train_time:561418ms step_avg:254.38ms
step:2218/5100 train_loss:3.3594 train_time:561669ms step_avg:254.38ms
step:2219/5100 train_loss:3.4531 train_time:561920ms step_avg:254.38ms
step:2220/5100 train_loss:3.3281 train_time:562170ms step_avg:254.38ms
step:2221/5100 train_loss:3.7500 train_time:562421ms step_avg:254.37ms
step:2222/5100 train_loss:3.6094 train_time:562672ms step_avg:254.37ms
step:2223/5100 train_loss:3.7969 train_time:562924ms step_avg:254.37ms
step:2224/5100 train_loss:3.3750 train_time:563175ms step_avg:254.37ms
step:2225/5100 train_loss:3.4688 train_time:563425ms step_avg:254.37ms
step:2226/5100 train_loss:3.3594 train_time:563677ms step_avg:254.37ms
step:2227/5100 train_loss:3.7031 train_time:563932ms step_avg:254.37ms
step:2228/5100 train_loss:3.6562 train_time:564184ms step_avg:254.37ms
step:2229/5100 train_loss:3.2812 train_time:564435ms step_avg:254.36ms
step:2230/5100 train_loss:3.7500 train_time:564686ms step_avg:254.36ms
step:2231/5100 train_loss:3.4375 train_time:564942ms step_avg:254.36ms
step:2232/5100 train_loss:3.4375 train_time:565195ms step_avg:254.36ms
step:2233/5100 train_loss:3.5938 train_time:565445ms step_avg:254.36ms
step:2234/5100 train_loss:3.6875 train_time:565695ms step_avg:254.36ms
step:2235/5100 train_loss:3.5156 train_time:565946ms step_avg:254.36ms
step:2236/5100 train_loss:3.4219 train_time:566197ms step_avg:254.36ms
step:2237/5100 train_loss:3.2188 train_time:566448ms step_avg:254.35ms
step:2238/5100 train_loss:3.5000 train_time:566700ms step_avg:254.35ms
step:2239/5100 train_loss:3.5156 train_time:566947ms step_avg:254.35ms
step:2240/5100 train_loss:3.3125 train_time:567198ms step_avg:254.35ms
step:2241/5100 train_loss:3.4062 train_time:567447ms step_avg:254.35ms
step:2242/5100 train_loss:3.4688 train_time:567704ms step_avg:254.35ms
step:2243/5100 train_loss:3.5312 train_time:567949ms step_avg:254.34ms
step:2244/5100 train_loss:3.2969 train_time:568199ms step_avg:254.34ms
step:2245/5100 train_loss:3.5625 train_time:568450ms step_avg:254.34ms
step:2246/5100 train_loss:3.5781 train_time:568701ms step_avg:254.34ms
step:2247/5100 train_loss:3.2500 train_time:568951ms step_avg:254.34ms
step:2248/5100 train_loss:3.2812 train_time:569202ms step_avg:254.34ms
step:2249/5100 train_loss:3.6250 train_time:569453ms step_avg:254.33ms
step:2250/5100 train_loss:3.5625 train_time:569704ms step_avg:254.33ms
step:2250/5100 val_loss:3.4950 train_time:569865ms step_avg:254.40ms
step:2251/5100 train_loss:3.4219 train_time:569956ms step_avg:254.33ms
step:2252/5100 train_loss:3.4375 train_time:570210ms step_avg:254.33ms
step:2253/5100 train_loss:3.5000 train_time:570462ms step_avg:254.33ms
step:2254/5100 train_loss:3.5156 train_time:570714ms step_avg:254.33ms
step:2255/5100 train_loss:3.5781 train_time:570964ms step_avg:254.33ms
step:2256/5100 train_loss:3.4531 train_time:571215ms step_avg:254.33ms
step:2257/5100 train_loss:3.6250 train_time:571465ms step_avg:254.32ms
step:2258/5100 train_loss:3.5000 train_time:571718ms step_avg:254.32ms
step:2259/5100 train_loss:4.3125 train_time:571972ms step_avg:254.32ms
step:2260/5100 train_loss:3.4688 train_time:572221ms step_avg:254.32ms
step:2261/5100 train_loss:3.5156 train_time:572473ms step_avg:254.32ms
step:2262/5100 train_loss:3.5000 train_time:572725ms step_avg:254.32ms
step:2263/5100 train_loss:3.3750 train_time:572977ms step_avg:254.32ms
step:2264/5100 train_loss:3.5312 train_time:573233ms step_avg:254.32ms
step:2265/5100 train_loss:3.3594 train_time:573476ms step_avg:254.31ms
step:2266/5100 train_loss:3.6875 train_time:573728ms step_avg:254.31ms
step:2267/5100 train_loss:3.2812 train_time:573980ms step_avg:254.31ms
step:2268/5100 train_loss:3.3906 train_time:574230ms step_avg:254.31ms
step:2269/5100 train_loss:3.3125 train_time:574809ms step_avg:254.45ms
step:2270/5100 train_loss:3.4375 train_time:575060ms step_avg:254.45ms
step:2271/5100 train_loss:3.9531 train_time:575315ms step_avg:254.45ms
step:2272/5100 train_loss:3.5625 train_time:575573ms step_avg:254.45ms
step:2273/5100 train_loss:3.5625 train_time:575816ms step_avg:254.45ms
step:2274/5100 train_loss:3.4688 train_time:576070ms step_avg:254.45ms
step:2275/5100 train_loss:3.4062 train_time:576323ms step_avg:254.45ms
step:2276/5100 train_loss:3.4375 train_time:576574ms step_avg:254.45ms
step:2277/5100 train_loss:3.2969 train_time:576823ms step_avg:254.44ms
step:2278/5100 train_loss:3.3750 train_time:577074ms step_avg:254.44ms
step:2279/5100 train_loss:3.7969 train_time:577328ms step_avg:254.44ms
step:2280/5100 train_loss:3.3438 train_time:578162ms step_avg:254.70ms
step:2281/5100 train_loss:3.5312 train_time:578426ms step_avg:254.70ms
step:2282/5100 train_loss:3.3438 train_time:578672ms step_avg:254.70ms
step:2283/5100 train_loss:3.4688 train_time:578928ms step_avg:254.70ms
step:2284/5100 train_loss:3.3906 train_time:579177ms step_avg:254.70ms
step:2285/5100 train_loss:3.5312 train_time:579430ms step_avg:254.69ms
step:2286/5100 train_loss:3.5156 train_time:579680ms step_avg:254.69ms
step:2287/5100 train_loss:3.3281 train_time:579932ms step_avg:254.69ms
step:2288/5100 train_loss:3.5156 train_time:580183ms step_avg:254.69ms
step:2289/5100 train_loss:3.5312 train_time:580433ms step_avg:254.69ms
step:2290/5100 train_loss:3.7188 train_time:580683ms step_avg:254.69ms
step:2291/5100 train_loss:3.3281 train_time:580934ms step_avg:254.68ms
step:2292/5100 train_loss:4.1562 train_time:581186ms step_avg:254.68ms
step:2293/5100 train_loss:3.4531 train_time:581439ms step_avg:254.68ms
step:2294/5100 train_loss:3.3750 train_time:581691ms step_avg:254.68ms
step:2295/5100 train_loss:3.5469 train_time:581938ms step_avg:254.68ms
step:2296/5100 train_loss:3.4531 train_time:582189ms step_avg:254.68ms
step:2297/5100 train_loss:3.5000 train_time:582443ms step_avg:254.68ms
step:2298/5100 train_loss:3.9375 train_time:582691ms step_avg:254.67ms
step:2299/5100 train_loss:3.5312 train_time:582940ms step_avg:254.67ms
step:2300/5100 train_loss:3.2969 train_time:583192ms step_avg:254.67ms
step:2301/5100 train_loss:3.7188 train_time:583442ms step_avg:254.67ms
step:2302/5100 train_loss:3.3438 train_time:583693ms step_avg:254.67ms
step:2303/5100 train_loss:3.5156 train_time:583946ms step_avg:254.66ms
step:2304/5100 train_loss:3.4531 train_time:584198ms step_avg:254.66ms
step:2305/5100 train_loss:3.4062 train_time:584448ms step_avg:254.66ms
step:2306/5100 train_loss:3.7188 train_time:584698ms step_avg:254.66ms
step:2307/5100 train_loss:3.3281 train_time:584950ms step_avg:254.66ms
step:2308/5100 train_loss:3.5469 train_time:585202ms step_avg:254.66ms
step:2309/5100 train_loss:3.5156 train_time:585450ms step_avg:254.65ms
step:2310/5100 train_loss:3.6250 train_time:585702ms step_avg:254.65ms
step:2311/5100 train_loss:3.3281 train_time:585954ms step_avg:254.65ms
step:2312/5100 train_loss:3.5312 train_time:586205ms step_avg:254.65ms
step:2313/5100 train_loss:3.5781 train_time:586455ms step_avg:254.65ms
step:2314/5100 train_loss:3.5312 train_time:586704ms step_avg:254.65ms
step:2315/5100 train_loss:3.4062 train_time:586962ms step_avg:254.65ms
step:2316/5100 train_loss:3.4844 train_time:587208ms step_avg:254.64ms
step:2317/5100 train_loss:3.3281 train_time:587463ms step_avg:254.64ms
step:2318/5100 train_loss:3.5156 train_time:587709ms step_avg:254.64ms
step:2319/5100 train_loss:3.4688 train_time:587962ms step_avg:254.64ms
step:2320/5100 train_loss:3.1406 train_time:588216ms step_avg:254.64ms
step:2321/5100 train_loss:3.4375 train_time:588466ms step_avg:254.64ms
step:2322/5100 train_loss:3.5781 train_time:588718ms step_avg:254.64ms
step:2323/5100 train_loss:3.4844 train_time:588967ms step_avg:254.63ms
step:2324/5100 train_loss:3.5156 train_time:589214ms step_avg:254.63ms
step:2325/5100 train_loss:3.5156 train_time:589465ms step_avg:254.63ms
step:2326/5100 train_loss:3.6094 train_time:589717ms step_avg:254.63ms
step:2327/5100 train_loss:3.6094 train_time:589967ms step_avg:254.63ms
step:2328/5100 train_loss:3.3281 train_time:590219ms step_avg:254.62ms
step:2329/5100 train_loss:3.4219 train_time:590475ms step_avg:254.62ms
step:2330/5100 train_loss:3.4219 train_time:590733ms step_avg:254.63ms
step:2331/5100 train_loss:3.3594 train_time:590975ms step_avg:254.62ms
step:2332/5100 train_loss:3.1719 train_time:591226ms step_avg:254.62ms
step:2333/5100 train_loss:3.4688 train_time:591477ms step_avg:254.62ms
step:2334/5100 train_loss:3.4688 train_time:591727ms step_avg:254.62ms
step:2335/5100 train_loss:3.5625 train_time:591976ms step_avg:254.61ms
step:2336/5100 train_loss:3.3438 train_time:592227ms step_avg:254.61ms
step:2337/5100 train_loss:3.5000 train_time:592478ms step_avg:254.61ms
step:2338/5100 train_loss:3.4688 train_time:592730ms step_avg:254.61ms
step:2339/5100 train_loss:3.3906 train_time:592981ms step_avg:254.61ms
step:2340/5100 train_loss:3.5938 train_time:593236ms step_avg:254.61ms
step:2341/5100 train_loss:3.5000 train_time:593484ms step_avg:254.60ms
step:2342/5100 train_loss:3.4531 train_time:593735ms step_avg:254.60ms
step:2343/5100 train_loss:3.4531 train_time:593986ms step_avg:254.60ms
step:2344/5100 train_loss:3.5469 train_time:594240ms step_avg:254.60ms
step:2345/5100 train_loss:3.4531 train_time:594488ms step_avg:254.60ms
step:2346/5100 train_loss:3.5312 train_time:594741ms step_avg:254.60ms
step:2347/5100 train_loss:3.5312 train_time:594989ms step_avg:254.60ms
step:2348/5100 train_loss:3.4844 train_time:595243ms step_avg:254.60ms
step:2349/5100 train_loss:3.5312 train_time:595497ms step_avg:254.59ms
step:2350/5100 train_loss:3.3281 train_time:595745ms step_avg:254.59ms
step:2351/5100 train_loss:3.2969 train_time:595999ms step_avg:254.59ms
step:2352/5100 train_loss:3.4375 train_time:596249ms step_avg:254.59ms
step:2353/5100 train_loss:3.4688 train_time:596502ms step_avg:254.59ms
step:2354/5100 train_loss:3.5469 train_time:596754ms step_avg:254.59ms
step:2355/5100 train_loss:3.4531 train_time:597005ms step_avg:254.59ms
step:2356/5100 train_loss:3.2969 train_time:597255ms step_avg:254.58ms
step:2357/5100 train_loss:3.6094 train_time:597508ms step_avg:254.58ms
step:2358/5100 train_loss:3.2969 train_time:597758ms step_avg:254.58ms
step:2359/5100 train_loss:3.3906 train_time:598010ms step_avg:254.58ms
step:2360/5100 train_loss:3.3281 train_time:598262ms step_avg:254.58ms
step:2361/5100 train_loss:3.3281 train_time:598507ms step_avg:254.58ms
step:2362/5100 train_loss:3.4531 train_time:598757ms step_avg:254.57ms
step:2363/5100 train_loss:3.3125 train_time:599008ms step_avg:254.57ms
step:2364/5100 train_loss:3.4688 train_time:599263ms step_avg:254.57ms
step:2365/5100 train_loss:3.4219 train_time:599516ms step_avg:254.57ms
step:2366/5100 train_loss:3.4844 train_time:599766ms step_avg:254.57ms
step:2367/5100 train_loss:3.5625 train_time:600022ms step_avg:254.57ms
step:2368/5100 train_loss:3.4688 train_time:600267ms step_avg:254.57ms
step:2369/5100 train_loss:3.4844 train_time:600518ms step_avg:254.56ms
step:2370/5100 train_loss:3.5938 train_time:600769ms step_avg:254.56ms
step:2371/5100 train_loss:3.3906 train_time:601022ms step_avg:254.56ms
step:2372/5100 train_loss:3.6406 train_time:601272ms step_avg:254.56ms
step:2373/5100 train_loss:3.4531 train_time:601525ms step_avg:254.56ms
step:2374/5100 train_loss:4.1562 train_time:601774ms step_avg:254.56ms
step:2375/5100 train_loss:3.4219 train_time:602025ms step_avg:254.56ms
step:2375/5100 val_loss:3.4856 train_time:602186ms step_avg:254.62ms
step:2376/5100 train_loss:3.3594 train_time:602281ms step_avg:254.56ms
step:2377/5100 train_loss:3.6875 train_time:602532ms step_avg:254.56ms
step:2378/5100 train_loss:3.5938 train_time:602783ms step_avg:254.55ms
step:2379/5100 train_loss:3.6094 train_time:603033ms step_avg:254.55ms
step:2380/5100 train_loss:3.5312 train_time:603293ms step_avg:254.55ms
step:2381/5100 train_loss:3.3906 train_time:603540ms step_avg:254.55ms
step:2382/5100 train_loss:3.5469 train_time:603794ms step_avg:254.55ms
step:2383/5100 train_loss:3.5781 train_time:604041ms step_avg:254.55ms
step:2384/5100 train_loss:3.4062 train_time:604295ms step_avg:254.55ms
step:2385/5100 train_loss:3.3594 train_time:604543ms step_avg:254.54ms
step:2386/5100 train_loss:3.5469 train_time:604789ms step_avg:254.54ms
step:2387/5100 train_loss:3.5312 train_time:605040ms step_avg:254.54ms
step:2388/5100 train_loss:3.5938 train_time:605292ms step_avg:254.54ms
step:2389/5100 train_loss:3.5000 train_time:605541ms step_avg:254.54ms
step:2390/5100 train_loss:3.5938 train_time:605791ms step_avg:254.53ms
step:2391/5100 train_loss:3.4062 train_time:606045ms step_avg:254.53ms
step:2392/5100 train_loss:3.3750 train_time:606296ms step_avg:254.53ms
step:2393/5100 train_loss:3.6250 train_time:606548ms step_avg:254.53ms
step:2394/5100 train_loss:3.3906 train_time:606798ms step_avg:254.53ms
step:2395/5100 train_loss:3.6094 train_time:607051ms step_avg:254.53ms
step:2396/5100 train_loss:3.6406 train_time:607303ms step_avg:254.53ms
step:2397/5100 train_loss:3.8281 train_time:607557ms step_avg:254.53ms
step:2398/5100 train_loss:3.7500 train_time:607808ms step_avg:254.53ms
step:2399/5100 train_loss:3.5469 train_time:608059ms step_avg:254.52ms
step:2400/5100 train_loss:3.3750 train_time:608307ms step_avg:254.52ms
step:2401/5100 train_loss:3.4062 train_time:608558ms step_avg:254.52ms
step:2402/5100 train_loss:3.5781 train_time:608818ms step_avg:254.52ms
step:2403/5100 train_loss:3.3906 train_time:609061ms step_avg:254.52ms
step:2404/5100 train_loss:3.4688 train_time:609311ms step_avg:254.52ms
step:2405/5100 train_loss:3.7812 train_time:609562ms step_avg:254.51ms
step:2406/5100 train_loss:3.4375 train_time:609816ms step_avg:254.51ms
step:2407/5100 train_loss:3.5781 train_time:610067ms step_avg:254.51ms
step:2408/5100 train_loss:3.4531 train_time:610319ms step_avg:254.51ms
step:2409/5100 train_loss:3.5000 train_time:610570ms step_avg:254.51ms
step:2410/5100 train_loss:3.5781 train_time:610819ms step_avg:254.51ms
step:2411/5100 train_loss:3.4219 train_time:611070ms step_avg:254.51ms
step:2412/5100 train_loss:3.5938 train_time:611321ms step_avg:254.51ms
step:2413/5100 train_loss:3.5625 train_time:611573ms step_avg:254.50ms
step:2414/5100 train_loss:3.4375 train_time:611829ms step_avg:254.50ms
step:2415/5100 train_loss:3.4219 train_time:612083ms step_avg:254.50ms
step:2416/5100 train_loss:3.5625 train_time:612330ms step_avg:254.50ms
step:2417/5100 train_loss:3.3750 train_time:612581ms step_avg:254.50ms
step:2418/5100 train_loss:3.3125 train_time:612830ms step_avg:254.50ms
step:2419/5100 train_loss:3.6406 train_time:613081ms step_avg:254.50ms
step:2420/5100 train_loss:3.4688 train_time:613330ms step_avg:254.49ms
step:2421/5100 train_loss:3.4688 train_time:613584ms step_avg:254.49ms
step:2422/5100 train_loss:3.4844 train_time:613836ms step_avg:254.49ms
step:2423/5100 train_loss:3.6875 train_time:614087ms step_avg:254.49ms
step:2424/5100 train_loss:3.5000 train_time:614334ms step_avg:254.49ms
step:2425/5100 train_loss:3.7188 train_time:614586ms step_avg:254.49ms
step:2426/5100 train_loss:3.5938 train_time:614836ms step_avg:254.49ms
step:2427/5100 train_loss:3.4844 train_time:615090ms step_avg:254.48ms
step:2428/5100 train_loss:3.5000 train_time:615337ms step_avg:254.48ms
step:2429/5100 train_loss:3.5000 train_time:615589ms step_avg:254.48ms
step:2430/5100 train_loss:3.5000 train_time:615840ms step_avg:254.48ms
step:2431/5100 train_loss:3.4688 train_time:616091ms step_avg:254.48ms
step:2432/5100 train_loss:3.4688 train_time:616343ms step_avg:254.48ms
step:2433/5100 train_loss:3.5156 train_time:616593ms step_avg:254.48ms
step:2434/5100 train_loss:3.3594 train_time:616844ms step_avg:254.47ms
step:2435/5100 train_loss:3.3125 train_time:617099ms step_avg:254.47ms
step:2436/5100 train_loss:3.5156 train_time:617345ms step_avg:254.47ms
step:2437/5100 train_loss:3.2969 train_time:617596ms step_avg:254.47ms
step:2438/5100 train_loss:3.4688 train_time:617847ms step_avg:254.47ms
step:2439/5100 train_loss:3.5625 train_time:618100ms step_avg:254.47ms
step:2440/5100 train_loss:3.5781 train_time:618351ms step_avg:254.47ms
step:2441/5100 train_loss:3.4688 train_time:618602ms step_avg:254.46ms
step:2442/5100 train_loss:3.4375 train_time:618853ms step_avg:254.46ms
step:2443/5100 train_loss:3.5781 train_time:619103ms step_avg:254.46ms
step:2444/5100 train_loss:3.3438 train_time:619355ms step_avg:254.46ms
step:2445/5100 train_loss:3.4531 train_time:619605ms step_avg:254.46ms
step:2446/5100 train_loss:3.4688 train_time:619856ms step_avg:254.46ms
step:2447/5100 train_loss:3.4531 train_time:620107ms step_avg:254.46ms
step:2448/5100 train_loss:3.4531 train_time:620360ms step_avg:254.45ms
step:2449/5100 train_loss:3.7656 train_time:620611ms step_avg:254.45ms
step:2450/5100 train_loss:3.5000 train_time:620863ms step_avg:254.45ms
step:2451/5100 train_loss:3.4219 train_time:621119ms step_avg:254.45ms
step:2452/5100 train_loss:3.3750 train_time:621367ms step_avg:254.45ms
step:2453/5100 train_loss:3.7500 train_time:621618ms step_avg:254.45ms
step:2454/5100 train_loss:3.4219 train_time:621866ms step_avg:254.45ms
step:2455/5100 train_loss:3.6094 train_time:622115ms step_avg:254.44ms
step:2456/5100 train_loss:3.5625 train_time:622374ms step_avg:254.45ms
step:2457/5100 train_loss:3.4844 train_time:622621ms step_avg:254.44ms
step:2458/5100 train_loss:3.2812 train_time:623201ms step_avg:254.58ms
step:2459/5100 train_loss:3.4531 train_time:623461ms step_avg:254.58ms
step:2460/5100 train_loss:3.4375 train_time:623712ms step_avg:254.58ms
step:2461/5100 train_loss:3.5469 train_time:623956ms step_avg:254.57ms
step:2462/5100 train_loss:3.3594 train_time:624210ms step_avg:254.57ms
step:2463/5100 train_loss:3.7031 train_time:624464ms step_avg:254.57ms
step:2464/5100 train_loss:3.4844 train_time:624711ms step_avg:254.57ms
step:2465/5100 train_loss:3.6094 train_time:624961ms step_avg:254.57ms
step:2466/5100 train_loss:3.6719 train_time:625212ms step_avg:254.57ms
step:2467/5100 train_loss:3.4844 train_time:625462ms step_avg:254.56ms
step:2468/5100 train_loss:3.4062 train_time:625712ms step_avg:254.56ms
step:2469/5100 train_loss:3.4844 train_time:625966ms step_avg:254.56ms
step:2470/5100 train_loss:3.5000 train_time:626613ms step_avg:254.72ms
step:2471/5100 train_loss:3.4844 train_time:626863ms step_avg:254.72ms
step:2472/5100 train_loss:3.4531 train_time:627110ms step_avg:254.72ms
step:2473/5100 train_loss:3.5000 train_time:627361ms step_avg:254.71ms
step:2474/5100 train_loss:3.5938 train_time:627613ms step_avg:254.71ms
step:2475/5100 train_loss:4.0312 train_time:627864ms step_avg:254.71ms
step:2476/5100 train_loss:3.3906 train_time:628117ms step_avg:254.71ms
step:2477/5100 train_loss:3.6875 train_time:628370ms step_avg:254.71ms
step:2478/5100 train_loss:3.6562 train_time:628619ms step_avg:254.71ms
step:2479/5100 train_loss:3.3281 train_time:628868ms step_avg:254.71ms
step:2480/5100 train_loss:3.2969 train_time:629121ms step_avg:254.70ms
step:2481/5100 train_loss:3.5312 train_time:629374ms step_avg:254.70ms
step:2482/5100 train_loss:3.4688 train_time:629622ms step_avg:254.70ms
step:2483/5100 train_loss:3.3750 train_time:629872ms step_avg:254.70ms
step:2484/5100 train_loss:3.4531 train_time:630126ms step_avg:254.70ms
step:2485/5100 train_loss:3.5312 train_time:630376ms step_avg:254.70ms
step:2486/5100 train_loss:3.2031 train_time:630629ms step_avg:254.70ms
step:2487/5100 train_loss:3.5625 train_time:630880ms step_avg:254.70ms
step:2488/5100 train_loss:3.3750 train_time:631131ms step_avg:254.69ms
step:2489/5100 train_loss:3.3594 train_time:631380ms step_avg:254.69ms
step:2490/5100 train_loss:3.5156 train_time:631632ms step_avg:254.69ms
step:2491/5100 train_loss:3.5625 train_time:631882ms step_avg:254.69ms
step:2492/5100 train_loss:3.7969 train_time:632134ms step_avg:254.69ms
step:2493/5100 train_loss:3.5000 train_time:632384ms step_avg:254.69ms
step:2494/5100 train_loss:3.3594 train_time:632636ms step_avg:254.68ms
step:2495/5100 train_loss:3.6094 train_time:632887ms step_avg:254.68ms
step:2496/5100 train_loss:3.6094 train_time:633137ms step_avg:254.68ms
step:2497/5100 train_loss:3.4375 train_time:633388ms step_avg:254.68ms
step:2498/5100 train_loss:3.5000 train_time:633645ms step_avg:254.68ms
step:2499/5100 train_loss:3.5156 train_time:633895ms step_avg:254.68ms
step:2500/5100 train_loss:3.5938 train_time:634145ms step_avg:254.68ms
step:2500/5100 val_loss:3.4765 train_time:634304ms step_avg:254.74ms
step:2501/5100 train_loss:3.6250 train_time:634408ms step_avg:254.68ms
step:2502/5100 train_loss:3.5781 train_time:634658ms step_avg:254.68ms
step:2503/5100 train_loss:3.5938 train_time:634902ms step_avg:254.67ms
step:2504/5100 train_loss:3.3438 train_time:635153ms step_avg:254.67ms
step:2505/5100 train_loss:3.5938 train_time:635405ms step_avg:254.67ms
step:2506/5100 train_loss:3.5312 train_time:635655ms step_avg:254.67ms
step:2507/5100 train_loss:3.4219 train_time:635907ms step_avg:254.67ms
step:2508/5100 train_loss:3.3594 train_time:636157ms step_avg:254.67ms
step:2509/5100 train_loss:3.5000 train_time:636422ms step_avg:254.67ms
step:2510/5100 train_loss:3.5312 train_time:636659ms step_avg:254.66ms
step:2511/5100 train_loss:3.4531 train_time:636911ms step_avg:254.66ms
step:2512/5100 train_loss:3.5938 train_time:637161ms step_avg:254.66ms
step:2513/5100 train_loss:3.5312 train_time:637412ms step_avg:254.66ms
step:2514/5100 train_loss:3.5000 train_time:637664ms step_avg:254.66ms
step:2515/5100 train_loss:3.5156 train_time:637915ms step_avg:254.66ms
step:2516/5100 train_loss:3.5312 train_time:638167ms step_avg:254.66ms
step:2517/5100 train_loss:3.4844 train_time:638420ms step_avg:254.65ms
step:2518/5100 train_loss:3.3438 train_time:638671ms step_avg:254.65ms
step:2519/5100 train_loss:3.4688 train_time:638921ms step_avg:254.65ms
step:2520/5100 train_loss:3.5156 train_time:639173ms step_avg:254.65ms
step:2521/5100 train_loss:3.5781 train_time:639420ms step_avg:254.65ms
step:2522/5100 train_loss:3.4375 train_time:639671ms step_avg:254.65ms
step:2523/5100 train_loss:3.2500 train_time:639923ms step_avg:254.64ms
step:2524/5100 train_loss:3.4688 train_time:640174ms step_avg:254.64ms
step:2525/5100 train_loss:3.3438 train_time:640426ms step_avg:254.64ms
step:2526/5100 train_loss:3.6094 train_time:640676ms step_avg:254.64ms
step:2527/5100 train_loss:3.3906 train_time:640927ms step_avg:254.64ms
step:2528/5100 train_loss:3.5000 train_time:641180ms step_avg:254.64ms
step:2529/5100 train_loss:3.4062 train_time:641430ms step_avg:254.64ms
step:2530/5100 train_loss:3.5469 train_time:641682ms step_avg:254.64ms
step:2531/5100 train_loss:3.5625 train_time:641934ms step_avg:254.63ms
step:2532/5100 train_loss:3.3906 train_time:642184ms step_avg:254.63ms
step:2533/5100 train_loss:3.5781 train_time:642435ms step_avg:254.63ms
step:2534/5100 train_loss:3.4375 train_time:642686ms step_avg:254.63ms
step:2535/5100 train_loss:3.3750 train_time:642936ms step_avg:254.63ms
step:2536/5100 train_loss:3.5312 train_time:643187ms step_avg:254.63ms
step:2537/5100 train_loss:3.5312 train_time:643439ms step_avg:254.63ms
step:2538/5100 train_loss:3.3594 train_time:643690ms step_avg:254.62ms
step:2539/5100 train_loss:3.7969 train_time:643941ms step_avg:254.62ms
step:2540/5100 train_loss:3.4688 train_time:644191ms step_avg:254.62ms
step:2541/5100 train_loss:3.4219 train_time:644442ms step_avg:254.62ms
step:2542/5100 train_loss:3.4844 train_time:644695ms step_avg:254.62ms
step:2543/5100 train_loss:3.9219 train_time:644947ms step_avg:254.62ms
step:2544/5100 train_loss:3.5000 train_time:645199ms step_avg:254.62ms
step:2545/5100 train_loss:3.6719 train_time:645448ms step_avg:254.61ms
step:2546/5100 train_loss:3.4219 train_time:645699ms step_avg:254.61ms
step:2547/5100 train_loss:3.4531 train_time:645950ms step_avg:254.61ms
step:2548/5100 train_loss:3.3750 train_time:646209ms step_avg:254.61ms
step:2549/5100 train_loss:3.5938 train_time:646460ms step_avg:254.61ms
step:2550/5100 train_loss:3.4531 train_time:646711ms step_avg:254.61ms
step:2551/5100 train_loss:3.3906 train_time:646955ms step_avg:254.61ms
step:2552/5100 train_loss:3.5000 train_time:647205ms step_avg:254.60ms
step:2553/5100 train_loss:3.5000 train_time:647467ms step_avg:254.61ms
step:2554/5100 train_loss:3.4688 train_time:647718ms step_avg:254.61ms
step:2555/5100 train_loss:3.7188 train_time:647960ms step_avg:254.60ms
step:2556/5100 train_loss:3.5469 train_time:648210ms step_avg:254.60ms
step:2557/5100 train_loss:3.5625 train_time:648462ms step_avg:254.60ms
step:2558/5100 train_loss:3.5156 train_time:648715ms step_avg:254.60ms
step:2559/5100 train_loss:3.4375 train_time:648965ms step_avg:254.60ms
step:2560/5100 train_loss:3.5938 train_time:649215ms step_avg:254.59ms
step:2561/5100 train_loss:3.5000 train_time:649466ms step_avg:254.59ms
step:2562/5100 train_loss:3.4688 train_time:649719ms step_avg:254.59ms
step:2563/5100 train_loss:3.4844 train_time:649969ms step_avg:254.59ms
step:2564/5100 train_loss:3.5156 train_time:650221ms step_avg:254.59ms
step:2565/5100 train_loss:3.4062 train_time:650472ms step_avg:254.59ms
step:2566/5100 train_loss:3.4844 train_time:650723ms step_avg:254.59ms
step:2567/5100 train_loss:3.4688 train_time:650974ms step_avg:254.59ms
step:2568/5100 train_loss:3.4219 train_time:651225ms step_avg:254.58ms
step:2569/5100 train_loss:3.6875 train_time:651477ms step_avg:254.58ms
step:2570/5100 train_loss:3.5781 train_time:651728ms step_avg:254.58ms
step:2571/5100 train_loss:3.6406 train_time:651980ms step_avg:254.58ms
step:2572/5100 train_loss:3.2969 train_time:652230ms step_avg:254.58ms
step:2573/5100 train_loss:3.4375 train_time:652480ms step_avg:254.58ms
step:2574/5100 train_loss:3.0156 train_time:652734ms step_avg:254.58ms
step:2575/5100 train_loss:3.3906 train_time:652981ms step_avg:254.57ms
step:2576/5100 train_loss:3.1250 train_time:653234ms step_avg:254.57ms
step:2577/5100 train_loss:3.4219 train_time:653485ms step_avg:254.57ms
step:2578/5100 train_loss:3.5000 train_time:653735ms step_avg:254.57ms
step:2579/5100 train_loss:3.3594 train_time:653987ms step_avg:254.57ms
step:2580/5100 train_loss:3.4844 train_time:654237ms step_avg:254.57ms
step:2581/5100 train_loss:3.5000 train_time:654488ms step_avg:254.57ms
step:2582/5100 train_loss:3.5938 train_time:654738ms step_avg:254.56ms
step:2583/5100 train_loss:3.4062 train_time:654996ms step_avg:254.57ms
step:2584/5100 train_loss:3.6562 train_time:655240ms step_avg:254.56ms
step:2585/5100 train_loss:3.5312 train_time:655493ms step_avg:254.56ms
step:2586/5100 train_loss:3.7344 train_time:655743ms step_avg:254.56ms
step:2587/5100 train_loss:3.6406 train_time:655993ms step_avg:254.56ms
step:2588/5100 train_loss:3.3125 train_time:656244ms step_avg:254.56ms
step:2589/5100 train_loss:3.4531 train_time:656497ms step_avg:254.55ms
step:2590/5100 train_loss:3.5781 train_time:656752ms step_avg:254.55ms
step:2591/5100 train_loss:3.3906 train_time:656997ms step_avg:254.55ms
step:2592/5100 train_loss:3.8594 train_time:657248ms step_avg:254.55ms
step:2593/5100 train_loss:3.5625 train_time:657499ms step_avg:254.55ms
step:2594/5100 train_loss:3.4531 train_time:657751ms step_avg:254.55ms
step:2595/5100 train_loss:3.4688 train_time:658001ms step_avg:254.55ms
step:2596/5100 train_loss:3.8750 train_time:658253ms step_avg:254.54ms
step:2597/5100 train_loss:3.5625 train_time:658510ms step_avg:254.55ms
step:2598/5100 train_loss:3.4375 train_time:658763ms step_avg:254.55ms
step:2599/5100 train_loss:3.3906 train_time:659010ms step_avg:254.54ms
step:2600/5100 train_loss:3.6250 train_time:659260ms step_avg:254.54ms
step:2601/5100 train_loss:3.9375 train_time:659514ms step_avg:254.54ms
step:2602/5100 train_loss:3.0469 train_time:659765ms step_avg:254.54ms
step:2603/5100 train_loss:3.4375 train_time:660012ms step_avg:254.54ms
step:2604/5100 train_loss:3.3750 train_time:660262ms step_avg:254.53ms
step:2605/5100 train_loss:3.6250 train_time:660514ms step_avg:254.53ms
step:2606/5100 train_loss:3.4844 train_time:660767ms step_avg:254.53ms
step:2607/5100 train_loss:3.5156 train_time:661012ms step_avg:254.53ms
step:2608/5100 train_loss:3.3906 train_time:661263ms step_avg:254.53ms
step:2609/5100 train_loss:3.3750 train_time:661512ms step_avg:254.53ms
step:2610/5100 train_loss:3.5938 train_time:661771ms step_avg:254.53ms
step:2611/5100 train_loss:3.5781 train_time:662022ms step_avg:254.53ms
step:2612/5100 train_loss:3.1875 train_time:662274ms step_avg:254.52ms
step:2613/5100 train_loss:3.5938 train_time:662526ms step_avg:254.52ms
step:2614/5100 train_loss:3.5469 train_time:662770ms step_avg:254.52ms
step:2615/5100 train_loss:3.4375 train_time:663023ms step_avg:254.52ms
step:2616/5100 train_loss:3.5781 train_time:663274ms step_avg:254.52ms
step:2617/5100 train_loss:3.4531 train_time:663522ms step_avg:254.52ms
step:2618/5100 train_loss:3.5312 train_time:663774ms step_avg:254.51ms
step:2619/5100 train_loss:3.3125 train_time:664025ms step_avg:254.51ms
step:2620/5100 train_loss:3.6406 train_time:664279ms step_avg:254.51ms
step:2621/5100 train_loss:3.6094 train_time:664529ms step_avg:254.51ms
step:2622/5100 train_loss:3.7031 train_time:664779ms step_avg:254.51ms
step:2623/5100 train_loss:3.6562 train_time:665032ms step_avg:254.51ms
step:2624/5100 train_loss:3.4844 train_time:665279ms step_avg:254.51ms
step:2625/5100 train_loss:3.6562 train_time:665531ms step_avg:254.51ms
step:2625/5100 val_loss:3.4659 train_time:665690ms step_avg:254.57ms
step:2626/5100 train_loss:3.4375 train_time:665785ms step_avg:254.50ms
step:2627/5100 train_loss:3.5156 train_time:666035ms step_avg:254.50ms
step:2628/5100 train_loss:3.4688 train_time:666288ms step_avg:254.50ms
step:2629/5100 train_loss:3.4375 train_time:666541ms step_avg:254.50ms
step:2630/5100 train_loss:3.6562 train_time:666787ms step_avg:254.50ms
step:2631/5100 train_loss:3.5938 train_time:667037ms step_avg:254.50ms
step:2632/5100 train_loss:3.8438 train_time:667286ms step_avg:254.50ms
step:2633/5100 train_loss:3.5000 train_time:667536ms step_avg:254.49ms
step:2634/5100 train_loss:3.4844 train_time:667787ms step_avg:254.49ms
step:2635/5100 train_loss:3.3594 train_time:668039ms step_avg:254.49ms
step:2636/5100 train_loss:3.5156 train_time:668289ms step_avg:254.49ms
step:2637/5100 train_loss:3.0938 train_time:668540ms step_avg:254.49ms
step:2638/5100 train_loss:3.5469 train_time:668791ms step_avg:254.49ms
step:2639/5100 train_loss:3.4844 train_time:669045ms step_avg:254.49ms
step:2640/5100 train_loss:3.1875 train_time:669295ms step_avg:254.48ms
step:2641/5100 train_loss:3.4531 train_time:669546ms step_avg:254.48ms
step:2642/5100 train_loss:3.5312 train_time:669795ms step_avg:254.48ms
step:2643/5100 train_loss:3.3125 train_time:670047ms step_avg:254.48ms
step:2644/5100 train_loss:3.4062 train_time:670297ms step_avg:254.48ms
step:2645/5100 train_loss:3.5625 train_time:670550ms step_avg:254.48ms
step:2646/5100 train_loss:3.4062 train_time:670799ms step_avg:254.48ms
step:2647/5100 train_loss:3.4375 train_time:671188ms step_avg:254.53ms
step:2648/5100 train_loss:3.7188 train_time:671441ms step_avg:254.53ms
step:2649/5100 train_loss:3.5781 train_time:671698ms step_avg:254.53ms
step:2650/5100 train_loss:3.4219 train_time:671948ms step_avg:254.53ms
step:2651/5100 train_loss:3.3906 train_time:672200ms step_avg:254.52ms
step:2652/5100 train_loss:3.5312 train_time:672452ms step_avg:254.52ms
step:2653/5100 train_loss:3.4219 train_time:672702ms step_avg:254.52ms
step:2654/5100 train_loss:3.2812 train_time:672958ms step_avg:254.52ms
step:2655/5100 train_loss:3.4688 train_time:673207ms step_avg:254.52ms
step:2656/5100 train_loss:3.3125 train_time:673459ms step_avg:254.52ms
step:2657/5100 train_loss:3.5156 train_time:673709ms step_avg:254.52ms
step:2658/5100 train_loss:3.3594 train_time:673962ms step_avg:254.52ms
step:2659/5100 train_loss:3.4062 train_time:674212ms step_avg:254.52ms
step:2660/5100 train_loss:3.5625 train_time:674902ms step_avg:254.68ms
step:2661/5100 train_loss:3.5000 train_time:675153ms step_avg:254.68ms
step:2662/5100 train_loss:3.4375 train_time:675410ms step_avg:254.68ms
step:2663/5100 train_loss:3.5781 train_time:675664ms step_avg:254.68ms
step:2664/5100 train_loss:3.4844 train_time:675908ms step_avg:254.68ms
step:2665/5100 train_loss:3.3750 train_time:676160ms step_avg:254.67ms
step:2666/5100 train_loss:3.4531 train_time:676409ms step_avg:254.67ms
step:2667/5100 train_loss:3.3906 train_time:676659ms step_avg:254.67ms
step:2668/5100 train_loss:3.5625 train_time:676911ms step_avg:254.67ms
step:2669/5100 train_loss:3.3750 train_time:677162ms step_avg:254.67ms
step:2670/5100 train_loss:3.5781 train_time:677415ms step_avg:254.67ms
step:2671/5100 train_loss:3.3125 train_time:677666ms step_avg:254.67ms
step:2672/5100 train_loss:3.3750 train_time:677917ms step_avg:254.66ms
step:2673/5100 train_loss:3.4219 train_time:678169ms step_avg:254.66ms
step:2674/5100 train_loss:3.5156 train_time:678418ms step_avg:254.66ms
step:2675/5100 train_loss:3.4375 train_time:678671ms step_avg:254.66ms
step:2676/5100 train_loss:3.4688 train_time:678924ms step_avg:254.66ms
step:2677/5100 train_loss:3.4062 train_time:679173ms step_avg:254.66ms
step:2678/5100 train_loss:3.5312 train_time:679423ms step_avg:254.66ms
step:2679/5100 train_loss:3.5625 train_time:679676ms step_avg:254.66ms
step:2680/5100 train_loss:3.3594 train_time:679932ms step_avg:254.66ms
step:2681/5100 train_loss:3.2969 train_time:680180ms step_avg:254.65ms
step:2682/5100 train_loss:3.3125 train_time:680430ms step_avg:254.65ms
step:2683/5100 train_loss:3.4375 train_time:680680ms step_avg:254.65ms
step:2684/5100 train_loss:3.5469 train_time:680932ms step_avg:254.65ms
step:2685/5100 train_loss:3.6094 train_time:681184ms step_avg:254.65ms
step:2686/5100 train_loss:3.4844 train_time:681434ms step_avg:254.65ms
step:2687/5100 train_loss:3.4375 train_time:681700ms step_avg:254.65ms
step:2688/5100 train_loss:3.7812 train_time:681935ms step_avg:254.64ms
step:2689/5100 train_loss:3.4844 train_time:682187ms step_avg:254.64ms
step:2690/5100 train_loss:3.4375 train_time:682437ms step_avg:254.64ms
step:2691/5100 train_loss:3.3750 train_time:682697ms step_avg:254.64ms
step:2692/5100 train_loss:3.4688 train_time:682942ms step_avg:254.64ms
step:2693/5100 train_loss:3.3125 train_time:683194ms step_avg:254.64ms
step:2694/5100 train_loss:3.9375 train_time:683442ms step_avg:254.64ms
step:2695/5100 train_loss:3.5312 train_time:683694ms step_avg:254.63ms
step:2696/5100 train_loss:3.4219 train_time:683946ms step_avg:254.63ms
step:2697/5100 train_loss:3.5156 train_time:684205ms step_avg:254.64ms
step:2698/5100 train_loss:3.4062 train_time:684452ms step_avg:254.63ms
step:2699/5100 train_loss:3.5625 train_time:684700ms step_avg:254.63ms
step:2700/5100 train_loss:3.6562 train_time:684951ms step_avg:254.63ms
step:2701/5100 train_loss:3.4375 train_time:685206ms step_avg:254.63ms
step:2702/5100 train_loss:3.3750 train_time:685454ms step_avg:254.63ms
step:2703/5100 train_loss:3.3594 train_time:685705ms step_avg:254.62ms
step:2704/5100 train_loss:3.3750 train_time:685962ms step_avg:254.63ms
step:2705/5100 train_loss:3.3906 train_time:686208ms step_avg:254.62ms
step:2706/5100 train_loss:3.6719 train_time:686457ms step_avg:254.62ms
step:2707/5100 train_loss:3.5000 train_time:686710ms step_avg:254.62ms
step:2708/5100 train_loss:3.5000 train_time:686962ms step_avg:254.62ms
step:2709/5100 train_loss:3.5312 train_time:687214ms step_avg:254.62ms
step:2710/5100 train_loss:3.6406 train_time:687464ms step_avg:254.62ms
step:2711/5100 train_loss:3.4844 train_time:687714ms step_avg:254.61ms
step:2712/5100 train_loss:3.5000 train_time:687966ms step_avg:254.61ms
step:2713/5100 train_loss:3.2812 train_time:688216ms step_avg:254.61ms
step:2714/5100 train_loss:3.5781 train_time:688466ms step_avg:254.61ms
step:2715/5100 train_loss:3.3125 train_time:688717ms step_avg:254.61ms
step:2716/5100 train_loss:3.2812 train_time:688968ms step_avg:254.61ms
step:2717/5100 train_loss:3.6875 train_time:689222ms step_avg:254.61ms
step:2718/5100 train_loss:3.4219 train_time:689471ms step_avg:254.61ms
step:2719/5100 train_loss:3.4688 train_time:689726ms step_avg:254.61ms
step:2720/5100 train_loss:3.3438 train_time:689973ms step_avg:254.60ms
step:2721/5100 train_loss:3.5469 train_time:690224ms step_avg:254.60ms
step:2722/5100 train_loss:3.6562 train_time:690479ms step_avg:254.60ms
step:2723/5100 train_loss:3.3750 train_time:690727ms step_avg:254.60ms
step:2724/5100 train_loss:3.4375 train_time:690978ms step_avg:254.60ms
step:2725/5100 train_loss:3.5625 train_time:691229ms step_avg:254.60ms
step:2726/5100 train_loss:3.4219 train_time:691483ms step_avg:254.60ms
step:2727/5100 train_loss:3.4688 train_time:691731ms step_avg:254.59ms
step:2728/5100 train_loss:3.6406 train_time:691987ms step_avg:254.59ms
step:2729/5100 train_loss:3.5625 train_time:692238ms step_avg:254.59ms
step:2730/5100 train_loss:3.3750 train_time:692488ms step_avg:254.59ms
step:2731/5100 train_loss:3.4375 train_time:692738ms step_avg:254.59ms
step:2732/5100 train_loss:3.3438 train_time:692990ms step_avg:254.59ms
step:2733/5100 train_loss:3.3750 train_time:693238ms step_avg:254.59ms
step:2734/5100 train_loss:3.3750 train_time:693490ms step_avg:254.59ms
step:2735/5100 train_loss:3.3906 train_time:693741ms step_avg:254.58ms
step:2736/5100 train_loss:3.2500 train_time:693994ms step_avg:254.58ms
step:2737/5100 train_loss:3.5000 train_time:694242ms step_avg:254.58ms
step:2738/5100 train_loss:3.4219 train_time:694493ms step_avg:254.58ms
step:2739/5100 train_loss:3.7812 train_time:694747ms step_avg:254.58ms
step:2740/5100 train_loss:3.5000 train_time:694997ms step_avg:254.58ms
step:2741/5100 train_loss:3.4531 train_time:695248ms step_avg:254.58ms
step:2742/5100 train_loss:3.4062 train_time:695499ms step_avg:254.58ms
step:2743/5100 train_loss:3.4375 train_time:695750ms step_avg:254.57ms
step:2744/5100 train_loss:3.3750 train_time:696002ms step_avg:254.57ms
step:2745/5100 train_loss:3.4219 train_time:696253ms step_avg:254.57ms
step:2746/5100 train_loss:3.2812 train_time:696506ms step_avg:254.57ms
step:2747/5100 train_loss:3.3594 train_time:696756ms step_avg:254.57ms
step:2748/5100 train_loss:3.5156 train_time:697007ms step_avg:254.57ms
step:2749/5100 train_loss:3.4688 train_time:697258ms step_avg:254.57ms
step:2750/5100 train_loss:3.5469 train_time:697509ms step_avg:254.57ms
step:2750/5100 val_loss:3.4596 train_time:697669ms step_avg:254.62ms
step:2751/5100 train_loss:3.5625 train_time:697762ms step_avg:254.56ms
step:2752/5100 train_loss:3.5469 train_time:698011ms step_avg:254.56ms
step:2753/5100 train_loss:3.6094 train_time:698262ms step_avg:254.56ms
step:2754/5100 train_loss:3.3750 train_time:698516ms step_avg:254.56ms
step:2755/5100 train_loss:3.4375 train_time:698768ms step_avg:254.56ms
step:2756/5100 train_loss:3.5625 train_time:699016ms step_avg:254.56ms
step:2757/5100 train_loss:3.4844 train_time:699277ms step_avg:254.56ms
step:2758/5100 train_loss:3.1094 train_time:699528ms step_avg:254.56ms
step:2759/5100 train_loss:3.4375 train_time:699771ms step_avg:254.55ms
step:2760/5100 train_loss:3.4844 train_time:700024ms step_avg:254.55ms
step:2761/5100 train_loss:3.5469 train_time:700272ms step_avg:254.55ms
step:2762/5100 train_loss:3.4844 train_time:700529ms step_avg:254.55ms
step:2763/5100 train_loss:3.3750 train_time:700777ms step_avg:254.55ms
step:2764/5100 train_loss:3.4531 train_time:701027ms step_avg:254.55ms
step:2765/5100 train_loss:3.5000 train_time:701281ms step_avg:254.55ms
step:2766/5100 train_loss:3.2812 train_time:701529ms step_avg:254.55ms
step:2767/5100 train_loss:3.4688 train_time:701780ms step_avg:254.54ms
step:2768/5100 train_loss:3.5781 train_time:702031ms step_avg:254.54ms
step:2769/5100 train_loss:3.3281 train_time:702281ms step_avg:254.54ms
step:2770/5100 train_loss:3.5625 train_time:702541ms step_avg:254.54ms
step:2771/5100 train_loss:3.5625 train_time:702794ms step_avg:254.54ms
step:2772/5100 train_loss:3.4219 train_time:703046ms step_avg:254.54ms
step:2773/5100 train_loss:3.2656 train_time:703288ms step_avg:254.54ms
step:2774/5100 train_loss:3.4062 train_time:703540ms step_avg:254.54ms
step:2775/5100 train_loss:3.6406 train_time:703791ms step_avg:254.54ms
step:2776/5100 train_loss:3.4531 train_time:704041ms step_avg:254.53ms
step:2777/5100 train_loss:3.6094 train_time:704293ms step_avg:254.53ms
step:2778/5100 train_loss:3.4844 train_time:704545ms step_avg:254.53ms
step:2779/5100 train_loss:3.3594 train_time:704796ms step_avg:254.53ms
step:2780/5100 train_loss:3.3125 train_time:705047ms step_avg:254.53ms
step:2781/5100 train_loss:3.4062 train_time:705298ms step_avg:254.53ms
step:2782/5100 train_loss:3.4531 train_time:705549ms step_avg:254.53ms
step:2783/5100 train_loss:3.4844 train_time:705805ms step_avg:254.53ms
step:2784/5100 train_loss:3.4844 train_time:706061ms step_avg:254.53ms
step:2785/5100 train_loss:3.4688 train_time:706315ms step_avg:254.53ms
step:2786/5100 train_loss:3.4375 train_time:706569ms step_avg:254.53ms
step:2787/5100 train_loss:3.3750 train_time:706817ms step_avg:254.53ms
step:2788/5100 train_loss:3.5781 train_time:707061ms step_avg:254.52ms
step:2789/5100 train_loss:3.4844 train_time:707311ms step_avg:254.52ms
step:2790/5100 train_loss:3.4375 train_time:707562ms step_avg:254.52ms
step:2791/5100 train_loss:3.4531 train_time:707816ms step_avg:254.52ms
step:2792/5100 train_loss:3.3750 train_time:708067ms step_avg:254.52ms
step:2793/5100 train_loss:3.3906 train_time:708319ms step_avg:254.52ms
step:2794/5100 train_loss:3.5312 train_time:708566ms step_avg:254.51ms
step:2795/5100 train_loss:3.3438 train_time:708814ms step_avg:254.51ms
step:2796/5100 train_loss:3.5625 train_time:709066ms step_avg:254.51ms
step:2797/5100 train_loss:3.4219 train_time:709321ms step_avg:254.51ms
step:2798/5100 train_loss:3.4375 train_time:709572ms step_avg:254.51ms
step:2799/5100 train_loss:3.2812 train_time:709822ms step_avg:254.51ms
step:2800/5100 train_loss:3.7031 train_time:710070ms step_avg:254.51ms
step:2801/5100 train_loss:3.5938 train_time:710328ms step_avg:254.51ms
step:2802/5100 train_loss:3.6719 train_time:710576ms step_avg:254.50ms
step:2803/5100 train_loss:3.3750 train_time:710828ms step_avg:254.50ms
step:2804/5100 train_loss:3.5312 train_time:711084ms step_avg:254.50ms
step:2805/5100 train_loss:3.5156 train_time:711337ms step_avg:254.50ms
step:2806/5100 train_loss:3.2500 train_time:711591ms step_avg:254.50ms
step:2807/5100 train_loss:3.7344 train_time:711843ms step_avg:254.50ms
step:2808/5100 train_loss:3.4219 train_time:712095ms step_avg:254.50ms
step:2809/5100 train_loss:3.4062 train_time:712342ms step_avg:254.50ms
step:2810/5100 train_loss:3.7188 train_time:712593ms step_avg:254.50ms
step:2811/5100 train_loss:3.4219 train_time:712843ms step_avg:254.50ms
step:2812/5100 train_loss:3.5000 train_time:713094ms step_avg:254.49ms
step:2813/5100 train_loss:3.3281 train_time:713344ms step_avg:254.49ms
step:2814/5100 train_loss:3.5312 train_time:713596ms step_avg:254.49ms
step:2815/5100 train_loss:3.4688 train_time:713847ms step_avg:254.49ms
step:2816/5100 train_loss:3.4688 train_time:714097ms step_avg:254.49ms
step:2817/5100 train_loss:3.0312 train_time:714348ms step_avg:254.49ms
step:2818/5100 train_loss:3.4531 train_time:714599ms step_avg:254.49ms
step:2819/5100 train_loss:3.3594 train_time:714857ms step_avg:254.49ms
step:2820/5100 train_loss:3.6250 train_time:715100ms step_avg:254.48ms
step:2821/5100 train_loss:3.4375 train_time:715353ms step_avg:254.48ms
step:2822/5100 train_loss:3.5000 train_time:715603ms step_avg:254.48ms
step:2823/5100 train_loss:3.6094 train_time:715860ms step_avg:254.48ms
step:2824/5100 train_loss:3.5469 train_time:716113ms step_avg:254.48ms
step:2825/5100 train_loss:3.2031 train_time:716363ms step_avg:254.48ms
step:2826/5100 train_loss:3.5312 train_time:716616ms step_avg:254.48ms
step:2827/5100 train_loss:3.6094 train_time:716866ms step_avg:254.48ms
step:2828/5100 train_loss:3.1719 train_time:717117ms step_avg:254.48ms
step:2829/5100 train_loss:3.4531 train_time:717369ms step_avg:254.48ms
step:2830/5100 train_loss:3.5000 train_time:717619ms step_avg:254.47ms
step:2831/5100 train_loss:3.4062 train_time:717871ms step_avg:254.47ms
step:2832/5100 train_loss:3.5312 train_time:718122ms step_avg:254.47ms
step:2833/5100 train_loss:3.4219 train_time:718379ms step_avg:254.47ms
step:2834/5100 train_loss:3.4062 train_time:718630ms step_avg:254.47ms
step:2835/5100 train_loss:3.1719 train_time:718881ms step_avg:254.47ms
step:2836/5100 train_loss:3.6406 train_time:719236ms step_avg:254.51ms
step:2837/5100 train_loss:3.5000 train_time:719482ms step_avg:254.50ms
step:2838/5100 train_loss:3.4375 train_time:719735ms step_avg:254.50ms
step:2839/5100 train_loss:3.3750 train_time:719986ms step_avg:254.50ms
step:2840/5100 train_loss:3.3906 train_time:720232ms step_avg:254.50ms
step:2841/5100 train_loss:3.5156 train_time:720478ms step_avg:254.50ms
step:2842/5100 train_loss:3.3906 train_time:720730ms step_avg:254.49ms
step:2843/5100 train_loss:3.4844 train_time:720983ms step_avg:254.49ms
step:2844/5100 train_loss:3.5469 train_time:721232ms step_avg:254.49ms
step:2845/5100 train_loss:3.4375 train_time:721483ms step_avg:254.49ms
step:2846/5100 train_loss:3.3906 train_time:721737ms step_avg:254.49ms
step:2847/5100 train_loss:3.4219 train_time:721987ms step_avg:254.49ms
step:2848/5100 train_loss:3.8906 train_time:722245ms step_avg:254.49ms
step:2849/5100 train_loss:3.4219 train_time:722496ms step_avg:254.49ms
step:2850/5100 train_loss:3.3906 train_time:722993ms step_avg:254.58ms
step:2851/5100 train_loss:3.5312 train_time:723249ms step_avg:254.58ms
step:2852/5100 train_loss:3.5000 train_time:723499ms step_avg:254.57ms
step:2853/5100 train_loss:3.4219 train_time:723751ms step_avg:254.57ms
step:2854/5100 train_loss:3.4688 train_time:724002ms step_avg:254.57ms
step:2855/5100 train_loss:3.4688 train_time:724258ms step_avg:254.57ms
step:2856/5100 train_loss:3.3594 train_time:724507ms step_avg:254.57ms
step:2857/5100 train_loss:3.4219 train_time:724759ms step_avg:254.57ms
step:2858/5100 train_loss:3.4688 train_time:725009ms step_avg:254.57ms
step:2859/5100 train_loss:3.2031 train_time:725254ms step_avg:254.56ms
step:2860/5100 train_loss:3.4688 train_time:725505ms step_avg:254.56ms
step:2861/5100 train_loss:3.4062 train_time:725758ms step_avg:254.56ms
step:2862/5100 train_loss:3.4062 train_time:726009ms step_avg:254.56ms
step:2863/5100 train_loss:3.4844 train_time:726264ms step_avg:254.56ms
step:2864/5100 train_loss:3.7344 train_time:726508ms step_avg:254.56ms
step:2865/5100 train_loss:3.5156 train_time:726758ms step_avg:254.56ms
step:2866/5100 train_loss:3.4844 train_time:727021ms step_avg:254.56ms
step:2867/5100 train_loss:3.4844 train_time:727261ms step_avg:254.55ms
step:2868/5100 train_loss:3.6406 train_time:727513ms step_avg:254.55ms
step:2869/5100 train_loss:3.4531 train_time:727761ms step_avg:254.55ms
step:2870/5100 train_loss:3.3281 train_time:728013ms step_avg:254.55ms
step:2871/5100 train_loss:3.5938 train_time:728262ms step_avg:254.55ms
step:2872/5100 train_loss:3.4375 train_time:728516ms step_avg:254.55ms
step:2873/5100 train_loss:3.4531 train_time:728766ms step_avg:254.55ms
step:2874/5100 train_loss:3.2812 train_time:729018ms step_avg:254.55ms
step:2875/5100 train_loss:3.4219 train_time:729274ms step_avg:254.55ms
step:2875/5100 val_loss:3.4534 train_time:729428ms step_avg:254.60ms
step:2876/5100 train_loss:3.3906 train_time:729520ms step_avg:254.54ms
step:2877/5100 train_loss:3.3594 train_time:729770ms step_avg:254.54ms
step:2878/5100 train_loss:3.4531 train_time:730022ms step_avg:254.54ms
step:2879/5100 train_loss:3.5938 train_time:730272ms step_avg:254.54ms
step:2880/5100 train_loss:3.4375 train_time:730525ms step_avg:254.54ms
step:2881/5100 train_loss:3.4688 train_time:730775ms step_avg:254.54ms
step:2882/5100 train_loss:3.5000 train_time:731026ms step_avg:254.54ms
step:2883/5100 train_loss:3.5938 train_time:731281ms step_avg:254.54ms
step:2884/5100 train_loss:3.4531 train_time:731534ms step_avg:254.54ms
step:2885/5100 train_loss:3.2812 train_time:731785ms step_avg:254.53ms
step:2886/5100 train_loss:3.2812 train_time:732041ms step_avg:254.53ms
step:2887/5100 train_loss:3.3906 train_time:732291ms step_avg:254.53ms
step:2888/5100 train_loss:3.4375 train_time:732543ms step_avg:254.53ms
step:2889/5100 train_loss:3.4375 train_time:732796ms step_avg:254.53ms
step:2890/5100 train_loss:3.7500 train_time:733050ms step_avg:254.53ms
step:2891/5100 train_loss:3.3906 train_time:733299ms step_avg:254.53ms
step:2892/5100 train_loss:3.4531 train_time:733550ms step_avg:254.53ms
step:2893/5100 train_loss:3.3906 train_time:733798ms step_avg:254.53ms
step:2894/5100 train_loss:3.4219 train_time:734052ms step_avg:254.53ms
step:2895/5100 train_loss:3.3750 train_time:734298ms step_avg:254.52ms
step:2896/5100 train_loss:3.4688 train_time:734549ms step_avg:254.52ms
step:2897/5100 train_loss:3.6406 train_time:734803ms step_avg:254.52ms
step:2898/5100 train_loss:3.3594 train_time:735056ms step_avg:254.52ms
step:2899/5100 train_loss:3.4531 train_time:735310ms step_avg:254.52ms
step:2900/5100 train_loss:3.2031 train_time:735557ms step_avg:254.52ms
step:2901/5100 train_loss:3.6250 train_time:735808ms step_avg:254.52ms
step:2902/5100 train_loss:3.4844 train_time:736062ms step_avg:254.52ms
step:2903/5100 train_loss:3.4219 train_time:736313ms step_avg:254.52ms
step:2904/5100 train_loss:3.4375 train_time:736566ms step_avg:254.51ms
step:2905/5100 train_loss:3.4219 train_time:736813ms step_avg:254.51ms
step:2906/5100 train_loss:3.4062 train_time:737065ms step_avg:254.51ms
step:2907/5100 train_loss:3.2344 train_time:737315ms step_avg:254.51ms
step:2908/5100 train_loss:3.5469 train_time:737566ms step_avg:254.51ms
step:2909/5100 train_loss:3.4531 train_time:737815ms step_avg:254.51ms
step:2910/5100 train_loss:3.7656 train_time:738066ms step_avg:254.51ms
step:2911/5100 train_loss:3.2344 train_time:738318ms step_avg:254.50ms
step:2912/5100 train_loss:3.3750 train_time:738566ms step_avg:254.50ms
step:2913/5100 train_loss:3.4062 train_time:738817ms step_avg:254.50ms
step:2914/5100 train_loss:3.8906 train_time:739069ms step_avg:254.50ms
step:2915/5100 train_loss:3.4844 train_time:739318ms step_avg:254.50ms
step:2916/5100 train_loss:3.3281 train_time:739569ms step_avg:254.50ms
step:2917/5100 train_loss:3.4375 train_time:739821ms step_avg:254.50ms
step:2918/5100 train_loss:3.4062 train_time:740074ms step_avg:254.50ms
step:2919/5100 train_loss:3.4375 train_time:740325ms step_avg:254.49ms
step:2920/5100 train_loss:3.2812 train_time:740575ms step_avg:254.49ms
step:2921/5100 train_loss:3.4531 train_time:740826ms step_avg:254.49ms
step:2922/5100 train_loss:3.4375 train_time:741079ms step_avg:254.49ms
step:2923/5100 train_loss:3.4688 train_time:741333ms step_avg:254.49ms
step:2924/5100 train_loss:3.3906 train_time:741583ms step_avg:254.49ms
step:2925/5100 train_loss:3.5469 train_time:741833ms step_avg:254.49ms
step:2926/5100 train_loss:3.4531 train_time:742084ms step_avg:254.49ms
step:2927/5100 train_loss:3.4375 train_time:742334ms step_avg:254.49ms
step:2928/5100 train_loss:3.6250 train_time:742584ms step_avg:254.48ms
step:2929/5100 train_loss:3.4219 train_time:742836ms step_avg:254.48ms
step:2930/5100 train_loss:3.3750 train_time:743093ms step_avg:254.48ms
step:2931/5100 train_loss:3.5781 train_time:743339ms step_avg:254.48ms
step:2932/5100 train_loss:3.6562 train_time:743589ms step_avg:254.48ms
step:2933/5100 train_loss:3.7031 train_time:743841ms step_avg:254.48ms
step:2934/5100 train_loss:3.5938 train_time:744092ms step_avg:254.48ms
step:2935/5100 train_loss:3.3906 train_time:744344ms step_avg:254.48ms
step:2936/5100 train_loss:3.4844 train_time:744595ms step_avg:254.48ms
step:2937/5100 train_loss:3.4062 train_time:744846ms step_avg:254.47ms
step:2938/5100 train_loss:3.4062 train_time:745105ms step_avg:254.48ms
step:2939/5100 train_loss:3.5156 train_time:745350ms step_avg:254.47ms
step:2940/5100 train_loss:3.3906 train_time:745603ms step_avg:254.47ms
step:2941/5100 train_loss:3.5625 train_time:745858ms step_avg:254.47ms
step:2942/5100 train_loss:3.6562 train_time:746103ms step_avg:254.47ms
step:2943/5100 train_loss:3.3750 train_time:746356ms step_avg:254.47ms
step:2944/5100 train_loss:3.2344 train_time:746607ms step_avg:254.47ms
step:2945/5100 train_loss:3.2812 train_time:746857ms step_avg:254.47ms
step:2946/5100 train_loss:3.4688 train_time:747111ms step_avg:254.47ms
step:2947/5100 train_loss:3.5156 train_time:747358ms step_avg:254.46ms
step:2948/5100 train_loss:3.3906 train_time:747609ms step_avg:254.46ms
step:2949/5100 train_loss:3.3906 train_time:747860ms step_avg:254.46ms
step:2950/5100 train_loss:3.4844 train_time:748111ms step_avg:254.46ms
step:2951/5100 train_loss:3.4531 train_time:748361ms step_avg:254.46ms
step:2952/5100 train_loss:3.6406 train_time:748613ms step_avg:254.46ms
step:2953/5100 train_loss:3.5156 train_time:748863ms step_avg:254.46ms
step:2954/5100 train_loss:3.5312 train_time:749116ms step_avg:254.46ms
step:2955/5100 train_loss:3.5000 train_time:749368ms step_avg:254.45ms
step:2956/5100 train_loss:3.3281 train_time:749619ms step_avg:254.45ms
step:2957/5100 train_loss:3.4375 train_time:749873ms step_avg:254.45ms
step:2958/5100 train_loss:3.4375 train_time:750121ms step_avg:254.45ms
step:2959/5100 train_loss:3.4062 train_time:750377ms step_avg:254.45ms
step:2960/5100 train_loss:3.5469 train_time:750624ms step_avg:254.45ms
step:2961/5100 train_loss:3.4062 train_time:750873ms step_avg:254.45ms
step:2962/5100 train_loss:3.5156 train_time:751127ms step_avg:254.45ms
step:2963/5100 train_loss:3.4062 train_time:751378ms step_avg:254.45ms
step:2964/5100 train_loss:3.4375 train_time:751626ms step_avg:254.44ms
step:2965/5100 train_loss:3.3750 train_time:751877ms step_avg:254.44ms
step:2966/5100 train_loss:3.5938 train_time:752130ms step_avg:254.44ms
step:2967/5100 train_loss:3.2500 train_time:752379ms step_avg:254.44ms
step:2968/5100 train_loss:3.9375 train_time:752631ms step_avg:254.44ms
step:2969/5100 train_loss:3.4531 train_time:752882ms step_avg:254.44ms
step:2970/5100 train_loss:3.3750 train_time:753133ms step_avg:254.44ms
step:2971/5100 train_loss:3.6094 train_time:753384ms step_avg:254.44ms
step:2972/5100 train_loss:3.5781 train_time:753635ms step_avg:254.43ms
step:2973/5100 train_loss:3.3281 train_time:753887ms step_avg:254.43ms
step:2974/5100 train_loss:3.4531 train_time:754140ms step_avg:254.43ms
step:2975/5100 train_loss:3.2969 train_time:754389ms step_avg:254.43ms
step:2976/5100 train_loss:3.3750 train_time:754640ms step_avg:254.43ms
step:2977/5100 train_loss:3.1719 train_time:754892ms step_avg:254.43ms
step:2978/5100 train_loss:3.6719 train_time:755143ms step_avg:254.43ms
step:2979/5100 train_loss:3.4688 train_time:755394ms step_avg:254.43ms
step:2980/5100 train_loss:3.6250 train_time:755644ms step_avg:254.43ms
step:2981/5100 train_loss:3.4688 train_time:755895ms step_avg:254.42ms
step:2982/5100 train_loss:3.5781 train_time:756147ms step_avg:254.42ms
step:2983/5100 train_loss:3.5312 train_time:756398ms step_avg:254.42ms
step:2984/5100 train_loss:3.3750 train_time:756649ms step_avg:254.42ms
step:2985/5100 train_loss:3.4531 train_time:756900ms step_avg:254.42ms
step:2986/5100 train_loss:3.5156 train_time:757152ms step_avg:254.42ms
step:2987/5100 train_loss:3.4688 train_time:757402ms step_avg:254.42ms
step:2988/5100 train_loss:3.7031 train_time:757654ms step_avg:254.42ms
step:2989/5100 train_loss:3.2812 train_time:757904ms step_avg:254.42ms
step:2990/5100 train_loss:3.5312 train_time:758155ms step_avg:254.41ms
step:2991/5100 train_loss:3.4688 train_time:758406ms step_avg:254.41ms
step:2992/5100 train_loss:3.5312 train_time:758658ms step_avg:254.41ms
step:2993/5100 train_loss:3.4062 train_time:758909ms step_avg:254.41ms
step:2994/5100 train_loss:3.6094 train_time:759160ms step_avg:254.41ms
step:2995/5100 train_loss:3.3281 train_time:759417ms step_avg:254.41ms
step:2996/5100 train_loss:3.3438 train_time:759665ms step_avg:254.41ms
step:2997/5100 train_loss:3.3594 train_time:759921ms step_avg:254.41ms
step:2998/5100 train_loss:3.3906 train_time:760174ms step_avg:254.41ms
step:2999/5100 train_loss:3.5312 train_time:760423ms step_avg:254.41ms
step:3000/5100 train_loss:3.3438 train_time:760672ms step_avg:254.41ms
step:3000/5100 val_loss:3.4449 train_time:760828ms step_avg:254.46ms
step:3001/5100 train_loss:3.4375 train_time:760918ms step_avg:254.40ms
step:3002/5100 train_loss:3.2812 train_time:761170ms step_avg:254.40ms
step:3003/5100 train_loss:3.4062 train_time:761421ms step_avg:254.40ms
step:3004/5100 train_loss:3.4688 train_time:761673ms step_avg:254.40ms
step:3005/5100 train_loss:4.2188 train_time:761925ms step_avg:254.40ms
step:3006/5100 train_loss:3.3438 train_time:762176ms step_avg:254.40ms
step:3007/5100 train_loss:3.4844 train_time:762427ms step_avg:254.40ms
step:3008/5100 train_loss:3.2500 train_time:762677ms step_avg:254.40ms
step:3009/5100 train_loss:3.5781 train_time:762928ms step_avg:254.39ms
step:3010/5100 train_loss:3.5625 train_time:763178ms step_avg:254.39ms
step:3011/5100 train_loss:3.5625 train_time:763431ms step_avg:254.39ms
step:3012/5100 train_loss:3.5156 train_time:763682ms step_avg:254.39ms
step:3013/5100 train_loss:3.3281 train_time:763933ms step_avg:254.39ms
step:3014/5100 train_loss:3.4531 train_time:764181ms step_avg:254.39ms
step:3015/5100 train_loss:3.5312 train_time:764432ms step_avg:254.39ms
step:3016/5100 train_loss:3.2969 train_time:764684ms step_avg:254.39ms
step:3017/5100 train_loss:3.3594 train_time:764934ms step_avg:254.38ms
step:3018/5100 train_loss:3.5156 train_time:765186ms step_avg:254.38ms
step:3019/5100 train_loss:3.6250 train_time:765440ms step_avg:254.38ms
step:3020/5100 train_loss:3.3750 train_time:765689ms step_avg:254.38ms
step:3021/5100 train_loss:3.7031 train_time:765941ms step_avg:254.38ms
step:3022/5100 train_loss:3.4219 train_time:766192ms step_avg:254.38ms
step:3023/5100 train_loss:3.2969 train_time:766442ms step_avg:254.38ms
step:3024/5100 train_loss:3.4688 train_time:766694ms step_avg:254.38ms
step:3025/5100 train_loss:3.6094 train_time:767004ms step_avg:254.40ms
step:3026/5100 train_loss:3.4219 train_time:767254ms step_avg:254.39ms
step:3027/5100 train_loss:3.5156 train_time:767505ms step_avg:254.39ms
step:3028/5100 train_loss:3.3438 train_time:767755ms step_avg:254.39ms
step:3029/5100 train_loss:3.1719 train_time:768006ms step_avg:254.39ms
step:3030/5100 train_loss:3.5312 train_time:768257ms step_avg:254.39ms
step:3031/5100 train_loss:3.3438 train_time:768509ms step_avg:254.39ms
step:3032/5100 train_loss:3.1875 train_time:768759ms step_avg:254.39ms
step:3033/5100 train_loss:3.5625 train_time:769015ms step_avg:254.39ms
step:3034/5100 train_loss:3.6875 train_time:769264ms step_avg:254.39ms
step:3035/5100 train_loss:3.3594 train_time:769515ms step_avg:254.39ms
step:3036/5100 train_loss:3.4062 train_time:769763ms step_avg:254.38ms
step:3037/5100 train_loss:3.4219 train_time:770014ms step_avg:254.38ms
step:3038/5100 train_loss:3.2969 train_time:770268ms step_avg:254.38ms
step:3039/5100 train_loss:3.4844 train_time:770529ms step_avg:254.38ms
step:3040/5100 train_loss:3.5312 train_time:771256ms step_avg:254.54ms
step:3041/5100 train_loss:3.5312 train_time:771505ms step_avg:254.54ms
step:3042/5100 train_loss:3.0781 train_time:771755ms step_avg:254.54ms
step:3043/5100 train_loss:3.4531 train_time:772005ms step_avg:254.54ms
step:3044/5100 train_loss:3.4219 train_time:772257ms step_avg:254.53ms
step:3045/5100 train_loss:3.4688 train_time:772507ms step_avg:254.53ms
step:3046/5100 train_loss:3.6094 train_time:772760ms step_avg:254.53ms
step:3047/5100 train_loss:3.3906 train_time:773010ms step_avg:254.53ms
step:3048/5100 train_loss:3.4531 train_time:773261ms step_avg:254.53ms
step:3049/5100 train_loss:3.5000 train_time:773512ms step_avg:254.53ms
step:3050/5100 train_loss:3.4375 train_time:773765ms step_avg:254.53ms
step:3051/5100 train_loss:3.4688 train_time:774016ms step_avg:254.53ms
step:3052/5100 train_loss:3.3594 train_time:774269ms step_avg:254.53ms
step:3053/5100 train_loss:3.3906 train_time:774521ms step_avg:254.53ms
step:3054/5100 train_loss:3.6250 train_time:774772ms step_avg:254.52ms
step:3055/5100 train_loss:3.5469 train_time:775025ms step_avg:254.52ms
step:3056/5100 train_loss:3.5156 train_time:775275ms step_avg:254.52ms
step:3057/5100 train_loss:3.3750 train_time:775526ms step_avg:254.52ms
step:3058/5100 train_loss:3.3750 train_time:775789ms step_avg:254.52ms
step:3059/5100 train_loss:3.5938 train_time:776032ms step_avg:254.52ms
step:3060/5100 train_loss:3.3594 train_time:776283ms step_avg:254.52ms
step:3061/5100 train_loss:3.4844 train_time:776536ms step_avg:254.52ms
step:3062/5100 train_loss:3.5156 train_time:776785ms step_avg:254.52ms
step:3063/5100 train_loss:3.4062 train_time:777037ms step_avg:254.52ms
step:3064/5100 train_loss:3.4531 train_time:777287ms step_avg:254.51ms
step:3065/5100 train_loss:3.4844 train_time:777539ms step_avg:254.51ms
step:3066/5100 train_loss:3.4062 train_time:777790ms step_avg:254.51ms
step:3067/5100 train_loss:3.2812 train_time:778048ms step_avg:254.51ms
step:3068/5100 train_loss:3.4219 train_time:778295ms step_avg:254.51ms
step:3069/5100 train_loss:3.3594 train_time:778544ms step_avg:254.51ms
step:3070/5100 train_loss:3.3281 train_time:778795ms step_avg:254.51ms
step:3071/5100 train_loss:3.4688 train_time:779046ms step_avg:254.51ms
step:3072/5100 train_loss:3.4844 train_time:779299ms step_avg:254.51ms
step:3073/5100 train_loss:3.3594 train_time:779548ms step_avg:254.50ms
step:3074/5100 train_loss:3.4062 train_time:779803ms step_avg:254.50ms
step:3075/5100 train_loss:3.3750 train_time:780054ms step_avg:254.50ms
step:3076/5100 train_loss:3.3906 train_time:780306ms step_avg:254.50ms
step:3077/5100 train_loss:3.5938 train_time:780556ms step_avg:254.50ms
step:3078/5100 train_loss:3.2812 train_time:780805ms step_avg:254.50ms
step:3079/5100 train_loss:4.2500 train_time:781057ms step_avg:254.50ms
step:3080/5100 train_loss:3.3750 train_time:781308ms step_avg:254.50ms
step:3081/5100 train_loss:3.4844 train_time:781561ms step_avg:254.50ms
step:3082/5100 train_loss:3.5938 train_time:781811ms step_avg:254.50ms
step:3083/5100 train_loss:3.3281 train_time:782060ms step_avg:254.49ms
step:3084/5100 train_loss:3.3906 train_time:782312ms step_avg:254.49ms
step:3085/5100 train_loss:3.3906 train_time:782564ms step_avg:254.49ms
step:3086/5100 train_loss:3.4375 train_time:782814ms step_avg:254.49ms
step:3087/5100 train_loss:3.4375 train_time:783067ms step_avg:254.49ms
step:3088/5100 train_loss:3.2656 train_time:783318ms step_avg:254.49ms
step:3089/5100 train_loss:3.4844 train_time:783569ms step_avg:254.49ms
step:3090/5100 train_loss:3.3906 train_time:783820ms step_avg:254.49ms
step:3091/5100 train_loss:3.6719 train_time:784071ms step_avg:254.49ms
step:3092/5100 train_loss:3.4375 train_time:784332ms step_avg:254.49ms
step:3093/5100 train_loss:3.3750 train_time:784576ms step_avg:254.48ms
step:3094/5100 train_loss:3.4375 train_time:784829ms step_avg:254.48ms
step:3095/5100 train_loss:3.3750 train_time:785078ms step_avg:254.48ms
step:3096/5100 train_loss:3.3906 train_time:785328ms step_avg:254.48ms
step:3097/5100 train_loss:3.8594 train_time:785580ms step_avg:254.48ms
step:3098/5100 train_loss:3.3906 train_time:785834ms step_avg:254.48ms
step:3099/5100 train_loss:3.4531 train_time:786082ms step_avg:254.48ms
step:3100/5100 train_loss:3.5312 train_time:786333ms step_avg:254.48ms
step:3101/5100 train_loss:3.4531 train_time:786587ms step_avg:254.48ms
step:3102/5100 train_loss:3.5312 train_time:786834ms step_avg:254.47ms
step:3103/5100 train_loss:3.3906 train_time:787085ms step_avg:254.47ms
step:3104/5100 train_loss:3.9219 train_time:787337ms step_avg:254.47ms
step:3105/5100 train_loss:3.5938 train_time:787588ms step_avg:254.47ms
step:3106/5100 train_loss:3.0625 train_time:787843ms step_avg:254.47ms
step:3107/5100 train_loss:3.3594 train_time:788094ms step_avg:254.47ms
step:3108/5100 train_loss:3.2031 train_time:788344ms step_avg:254.47ms
step:3109/5100 train_loss:3.6406 train_time:788596ms step_avg:254.47ms
step:3110/5100 train_loss:3.4531 train_time:788847ms step_avg:254.47ms
step:3111/5100 train_loss:3.6094 train_time:789099ms step_avg:254.47ms
step:3112/5100 train_loss:3.4375 train_time:789355ms step_avg:254.47ms
step:3113/5100 train_loss:3.5469 train_time:789608ms step_avg:254.47ms
step:3114/5100 train_loss:3.5312 train_time:789854ms step_avg:254.46ms
step:3115/5100 train_loss:3.4531 train_time:790105ms step_avg:254.46ms
step:3116/5100 train_loss:3.3281 train_time:790354ms step_avg:254.46ms
step:3117/5100 train_loss:3.3594 train_time:790606ms step_avg:254.46ms
step:3118/5100 train_loss:3.4375 train_time:790857ms step_avg:254.46ms
step:3119/5100 train_loss:3.8750 train_time:791113ms step_avg:254.46ms
step:3120/5100 train_loss:3.4531 train_time:791365ms step_avg:254.46ms
step:3121/5100 train_loss:3.3750 train_time:791611ms step_avg:254.46ms
step:3122/5100 train_loss:3.5469 train_time:791862ms step_avg:254.45ms
step:3123/5100 train_loss:3.5781 train_time:792112ms step_avg:254.45ms
step:3124/5100 train_loss:3.5625 train_time:792363ms step_avg:254.45ms
step:3125/5100 train_loss:3.2812 train_time:792614ms step_avg:254.45ms
step:3125/5100 val_loss:3.4374 train_time:792775ms step_avg:254.50ms
step:3126/5100 train_loss:3.4375 train_time:792870ms step_avg:254.45ms
step:3127/5100 train_loss:3.4375 train_time:793120ms step_avg:254.45ms
step:3128/5100 train_loss:3.5312 train_time:793369ms step_avg:254.45ms
step:3129/5100 train_loss:3.4688 train_time:793620ms step_avg:254.45ms
step:3130/5100 train_loss:3.2344 train_time:793872ms step_avg:254.45ms
step:3131/5100 train_loss:3.3125 train_time:794122ms step_avg:254.44ms
step:3132/5100 train_loss:3.4531 train_time:794373ms step_avg:254.44ms
step:3133/5100 train_loss:3.4844 train_time:794623ms step_avg:254.44ms
step:3134/5100 train_loss:3.2969 train_time:794874ms step_avg:254.44ms
step:3135/5100 train_loss:3.4844 train_time:795130ms step_avg:254.44ms
step:3136/5100 train_loss:3.2969 train_time:795378ms step_avg:254.44ms
step:3137/5100 train_loss:3.6406 train_time:795628ms step_avg:254.44ms
step:3138/5100 train_loss:3.8750 train_time:795882ms step_avg:254.44ms
step:3139/5100 train_loss:3.7188 train_time:796131ms step_avg:254.44ms
step:3140/5100 train_loss:3.3906 train_time:796385ms step_avg:254.44ms
step:3141/5100 train_loss:3.4531 train_time:796643ms step_avg:254.44ms
step:3142/5100 train_loss:3.3594 train_time:796888ms step_avg:254.43ms
step:3143/5100 train_loss:3.5469 train_time:797138ms step_avg:254.43ms
step:3144/5100 train_loss:3.2656 train_time:797390ms step_avg:254.43ms
step:3145/5100 train_loss:3.4844 train_time:797641ms step_avg:254.43ms
step:3146/5100 train_loss:3.6094 train_time:797892ms step_avg:254.43ms
step:3147/5100 train_loss:3.4062 train_time:798146ms step_avg:254.43ms
step:3148/5100 train_loss:3.6250 train_time:798396ms step_avg:254.43ms
step:3149/5100 train_loss:4.0312 train_time:798644ms step_avg:254.43ms
step:3150/5100 train_loss:3.3438 train_time:798894ms step_avg:254.42ms
step:3151/5100 train_loss:3.4375 train_time:799148ms step_avg:254.42ms
step:3152/5100 train_loss:3.5625 train_time:799399ms step_avg:254.42ms
step:3153/5100 train_loss:3.3594 train_time:799649ms step_avg:254.42ms
step:3154/5100 train_loss:3.5000 train_time:799900ms step_avg:254.42ms
step:3155/5100 train_loss:3.2656 train_time:800153ms step_avg:254.42ms
step:3156/5100 train_loss:3.3750 train_time:800405ms step_avg:254.42ms
step:3157/5100 train_loss:3.4844 train_time:800651ms step_avg:254.42ms
step:3158/5100 train_loss:3.5312 train_time:800902ms step_avg:254.42ms
step:3159/5100 train_loss:3.4219 train_time:801154ms step_avg:254.42ms
step:3160/5100 train_loss:3.3750 train_time:801408ms step_avg:254.42ms
step:3161/5100 train_loss:3.5000 train_time:801658ms step_avg:254.41ms
step:3162/5100 train_loss:3.7188 train_time:801909ms step_avg:254.41ms
step:3163/5100 train_loss:3.6406 train_time:802161ms step_avg:254.41ms
step:3164/5100 train_loss:3.5156 train_time:802415ms step_avg:254.41ms
step:3165/5100 train_loss:3.4844 train_time:802668ms step_avg:254.41ms
step:3166/5100 train_loss:3.4531 train_time:802915ms step_avg:254.41ms
step:3167/5100 train_loss:3.2969 train_time:803168ms step_avg:254.41ms
step:3168/5100 train_loss:3.2500 train_time:803418ms step_avg:254.41ms
step:3169/5100 train_loss:3.2500 train_time:803669ms step_avg:254.41ms
step:3170/5100 train_loss:3.4531 train_time:803917ms step_avg:254.40ms
step:3171/5100 train_loss:3.2344 train_time:804168ms step_avg:254.40ms
step:3172/5100 train_loss:3.4219 train_time:804421ms step_avg:254.40ms
step:3173/5100 train_loss:3.5625 train_time:804672ms step_avg:254.40ms
step:3174/5100 train_loss:3.4531 train_time:804924ms step_avg:254.40ms
step:3175/5100 train_loss:3.4844 train_time:805172ms step_avg:254.40ms
step:3176/5100 train_loss:3.5156 train_time:805424ms step_avg:254.40ms
step:3177/5100 train_loss:3.3125 train_time:805676ms step_avg:254.40ms
step:3178/5100 train_loss:3.4375 train_time:805927ms step_avg:254.40ms
step:3179/5100 train_loss:3.6406 train_time:806180ms step_avg:254.40ms
step:3180/5100 train_loss:3.4375 train_time:806435ms step_avg:254.40ms
step:3181/5100 train_loss:3.4062 train_time:806683ms step_avg:254.39ms
step:3182/5100 train_loss:3.3750 train_time:806931ms step_avg:254.39ms
step:3183/5100 train_loss:3.5625 train_time:807188ms step_avg:254.39ms
step:3184/5100 train_loss:3.5000 train_time:807436ms step_avg:254.39ms
step:3185/5100 train_loss:3.4062 train_time:807685ms step_avg:254.39ms
step:3186/5100 train_loss:3.6250 train_time:807946ms step_avg:254.39ms
step:3187/5100 train_loss:3.5312 train_time:808195ms step_avg:254.39ms
step:3188/5100 train_loss:3.3438 train_time:808447ms step_avg:254.39ms
step:3189/5100 train_loss:3.5312 train_time:808692ms step_avg:254.39ms
step:3190/5100 train_loss:3.4219 train_time:808941ms step_avg:254.38ms
step:3191/5100 train_loss:3.3438 train_time:809190ms step_avg:254.38ms
step:3192/5100 train_loss:3.3750 train_time:809441ms step_avg:254.38ms
step:3193/5100 train_loss:3.3281 train_time:809694ms step_avg:254.38ms
step:3194/5100 train_loss:4.0625 train_time:809944ms step_avg:254.38ms
step:3195/5100 train_loss:3.4688 train_time:810211ms step_avg:254.38ms
step:3196/5100 train_loss:3.2344 train_time:810462ms step_avg:254.38ms
step:3197/5100 train_loss:3.4219 train_time:810706ms step_avg:254.38ms
step:3198/5100 train_loss:3.2344 train_time:810958ms step_avg:254.38ms
step:3199/5100 train_loss:3.2812 train_time:811209ms step_avg:254.38ms
step:3200/5100 train_loss:3.2344 train_time:811460ms step_avg:254.38ms
step:3201/5100 train_loss:3.3906 train_time:811711ms step_avg:254.37ms
step:3202/5100 train_loss:3.4531 train_time:811963ms step_avg:254.37ms
step:3203/5100 train_loss:3.3438 train_time:812209ms step_avg:254.37ms
step:3204/5100 train_loss:3.3594 train_time:812459ms step_avg:254.37ms
step:3205/5100 train_loss:3.4375 train_time:812708ms step_avg:254.37ms
step:3206/5100 train_loss:3.6719 train_time:812963ms step_avg:254.37ms
step:3207/5100 train_loss:3.1719 train_time:813213ms step_avg:254.37ms
step:3208/5100 train_loss:3.5938 train_time:813464ms step_avg:254.37ms
step:3209/5100 train_loss:3.5312 train_time:813714ms step_avg:254.37ms
step:3210/5100 train_loss:3.5781 train_time:813966ms step_avg:254.36ms
step:3211/5100 train_loss:3.2969 train_time:814217ms step_avg:254.36ms
step:3212/5100 train_loss:3.2656 train_time:814473ms step_avg:254.36ms
step:3213/5100 train_loss:3.3281 train_time:814720ms step_avg:254.36ms
step:3214/5100 train_loss:3.7500 train_time:815302ms step_avg:254.46ms
step:3215/5100 train_loss:3.2188 train_time:815551ms step_avg:254.46ms
step:3216/5100 train_loss:3.4062 train_time:815802ms step_avg:254.46ms
step:3217/5100 train_loss:3.3281 train_time:816053ms step_avg:254.46ms
step:3218/5100 train_loss:3.3906 train_time:816303ms step_avg:254.46ms
step:3219/5100 train_loss:3.4062 train_time:816557ms step_avg:254.46ms
step:3220/5100 train_loss:3.5938 train_time:816808ms step_avg:254.46ms
step:3221/5100 train_loss:3.5000 train_time:817060ms step_avg:254.46ms
step:3222/5100 train_loss:3.3906 train_time:817310ms step_avg:254.46ms
step:3223/5100 train_loss:3.3438 train_time:817564ms step_avg:254.46ms
step:3224/5100 train_loss:3.3125 train_time:817811ms step_avg:254.45ms
step:3225/5100 train_loss:3.2969 train_time:818065ms step_avg:254.45ms
step:3226/5100 train_loss:3.4219 train_time:818316ms step_avg:254.45ms
step:3227/5100 train_loss:3.2656 train_time:818568ms step_avg:254.45ms
step:3228/5100 train_loss:3.3438 train_time:818818ms step_avg:254.45ms
step:3229/5100 train_loss:3.4531 train_time:819069ms step_avg:254.45ms
step:3230/5100 train_loss:3.2656 train_time:820053ms step_avg:254.67ms
step:3231/5100 train_loss:3.1875 train_time:820305ms step_avg:254.67ms
step:3232/5100 train_loss:3.3594 train_time:820556ms step_avg:254.67ms
step:3233/5100 train_loss:3.6406 train_time:820808ms step_avg:254.67ms
step:3234/5100 train_loss:3.7188 train_time:821062ms step_avg:254.67ms
step:3235/5100 train_loss:3.5781 train_time:821310ms step_avg:254.67ms
step:3236/5100 train_loss:3.3594 train_time:821562ms step_avg:254.67ms
step:3237/5100 train_loss:3.6719 train_time:821812ms step_avg:254.67ms
step:3238/5100 train_loss:3.4688 train_time:822063ms step_avg:254.67ms
step:3239/5100 train_loss:3.5469 train_time:822314ms step_avg:254.67ms
step:3240/5100 train_loss:3.2500 train_time:822566ms step_avg:254.66ms
step:3241/5100 train_loss:3.4219 train_time:822817ms step_avg:254.66ms
step:3242/5100 train_loss:3.4688 train_time:823068ms step_avg:254.66ms
step:3243/5100 train_loss:3.5781 train_time:823319ms step_avg:254.66ms
step:3244/5100 train_loss:3.4844 train_time:823570ms step_avg:254.66ms
step:3245/5100 train_loss:3.5625 train_time:823822ms step_avg:254.66ms
step:3246/5100 train_loss:3.3281 train_time:824073ms step_avg:254.66ms
step:3247/5100 train_loss:3.5000 train_time:824325ms step_avg:254.66ms
step:3248/5100 train_loss:3.4531 train_time:824586ms step_avg:254.66ms
step:3249/5100 train_loss:3.2969 train_time:824831ms step_avg:254.66ms
step:3250/5100 train_loss:3.2031 train_time:825082ms step_avg:254.66ms
step:3250/5100 val_loss:3.4292 train_time:825237ms step_avg:254.70ms
step:3251/5100 train_loss:3.3906 train_time:825331ms step_avg:254.65ms
step:3252/5100 train_loss:3.4062 train_time:825582ms step_avg:254.65ms
step:3253/5100 train_loss:3.5156 train_time:825835ms step_avg:254.65ms
step:3254/5100 train_loss:3.4688 train_time:826085ms step_avg:254.65ms
step:3255/5100 train_loss:3.6250 train_time:826337ms step_avg:254.65ms
step:3256/5100 train_loss:3.4219 train_time:826586ms step_avg:254.65ms
step:3257/5100 train_loss:3.5469 train_time:826839ms step_avg:254.65ms
step:3258/5100 train_loss:3.4219 train_time:827086ms step_avg:254.64ms
step:3259/5100 train_loss:3.3750 train_time:827338ms step_avg:254.64ms
step:3260/5100 train_loss:3.5469 train_time:827586ms step_avg:254.64ms
step:3261/5100 train_loss:3.2656 train_time:827849ms step_avg:254.64ms
step:3262/5100 train_loss:3.1875 train_time:828099ms step_avg:254.64ms
step:3263/5100 train_loss:3.3125 train_time:828343ms step_avg:254.64ms
step:3264/5100 train_loss:3.3906 train_time:828605ms step_avg:254.64ms
step:3265/5100 train_loss:3.4062 train_time:828854ms step_avg:254.64ms
step:3266/5100 train_loss:3.3750 train_time:829102ms step_avg:254.64ms
step:3267/5100 train_loss:3.3281 train_time:829349ms step_avg:254.64ms
step:3268/5100 train_loss:3.5469 train_time:829595ms step_avg:254.63ms
step:3269/5100 train_loss:3.4219 train_time:829846ms step_avg:254.63ms
step:3270/5100 train_loss:3.4844 train_time:830097ms step_avg:254.63ms
step:3271/5100 train_loss:3.3281 train_time:830348ms step_avg:254.63ms
step:3272/5100 train_loss:3.1406 train_time:830599ms step_avg:254.63ms
step:3273/5100 train_loss:3.4531 train_time:830850ms step_avg:254.63ms
step:3274/5100 train_loss:3.4531 train_time:831102ms step_avg:254.63ms
step:3275/5100 train_loss:3.3906 train_time:831352ms step_avg:254.63ms
step:3276/5100 train_loss:3.4219 train_time:831605ms step_avg:254.62ms
step:3277/5100 train_loss:3.3906 train_time:831855ms step_avg:254.62ms
step:3278/5100 train_loss:3.5156 train_time:832105ms step_avg:254.62ms
step:3279/5100 train_loss:3.5781 train_time:832356ms step_avg:254.62ms
step:3280/5100 train_loss:3.4531 train_time:832608ms step_avg:254.62ms
step:3281/5100 train_loss:3.5000 train_time:832859ms step_avg:254.62ms
step:3282/5100 train_loss:3.3750 train_time:833113ms step_avg:254.62ms
step:3283/5100 train_loss:3.3594 train_time:833361ms step_avg:254.62ms
step:3284/5100 train_loss:3.5156 train_time:833612ms step_avg:254.62ms
step:3285/5100 train_loss:3.5000 train_time:833862ms step_avg:254.61ms
step:3286/5100 train_loss:3.4531 train_time:834115ms step_avg:254.61ms
step:3287/5100 train_loss:3.5781 train_time:834370ms step_avg:254.61ms
step:3288/5100 train_loss:3.3906 train_time:834616ms step_avg:254.61ms
step:3289/5100 train_loss:3.5000 train_time:834867ms step_avg:254.61ms
step:3290/5100 train_loss:3.5000 train_time:835118ms step_avg:254.61ms
step:3291/5100 train_loss:3.3125 train_time:835369ms step_avg:254.61ms
step:3292/5100 train_loss:3.4844 train_time:835629ms step_avg:254.61ms
step:3293/5100 train_loss:3.3125 train_time:835879ms step_avg:254.61ms
step:3294/5100 train_loss:3.4062 train_time:836132ms step_avg:254.61ms
step:3295/5100 train_loss:3.4375 train_time:836380ms step_avg:254.61ms
step:3296/5100 train_loss:3.4688 train_time:836623ms step_avg:254.60ms
step:3297/5100 train_loss:3.5000 train_time:836873ms step_avg:254.60ms
step:3298/5100 train_loss:3.4062 train_time:837124ms step_avg:254.60ms
step:3299/5100 train_loss:3.4844 train_time:837384ms step_avg:254.60ms
step:3300/5100 train_loss:3.3125 train_time:837637ms step_avg:254.60ms
step:3301/5100 train_loss:3.3750 train_time:837883ms step_avg:254.60ms
step:3302/5100 train_loss:3.5156 train_time:838132ms step_avg:254.60ms
step:3303/5100 train_loss:3.4062 train_time:838387ms step_avg:254.60ms
step:3304/5100 train_loss:3.4219 train_time:838638ms step_avg:254.60ms
step:3305/5100 train_loss:3.5000 train_time:838885ms step_avg:254.59ms
step:3306/5100 train_loss:3.5156 train_time:839135ms step_avg:254.59ms
step:3307/5100 train_loss:3.4219 train_time:839386ms step_avg:254.59ms
step:3308/5100 train_loss:3.4531 train_time:839636ms step_avg:254.59ms
step:3309/5100 train_loss:3.5781 train_time:839892ms step_avg:254.59ms
step:3310/5100 train_loss:3.3750 train_time:840138ms step_avg:254.59ms
step:3311/5100 train_loss:3.4219 train_time:840390ms step_avg:254.59ms
step:3312/5100 train_loss:3.5625 train_time:840640ms step_avg:254.59ms
step:3313/5100 train_loss:3.4062 train_time:840892ms step_avg:254.58ms
step:3314/5100 train_loss:3.7188 train_time:841154ms step_avg:254.59ms
step:3315/5100 train_loss:3.4531 train_time:841408ms step_avg:254.59ms
step:3316/5100 train_loss:3.3438 train_time:841656ms step_avg:254.58ms
step:3317/5100 train_loss:3.0312 train_time:841907ms step_avg:254.58ms
step:3318/5100 train_loss:3.5625 train_time:842156ms step_avg:254.58ms
step:3319/5100 train_loss:3.3906 train_time:842408ms step_avg:254.58ms
step:3320/5100 train_loss:3.4375 train_time:842661ms step_avg:254.58ms
step:3321/5100 train_loss:3.4375 train_time:842912ms step_avg:254.58ms
step:3322/5100 train_loss:3.4688 train_time:843163ms step_avg:254.58ms
step:3323/5100 train_loss:3.4219 train_time:843413ms step_avg:254.58ms
step:3324/5100 train_loss:3.3281 train_time:843663ms step_avg:254.58ms
step:3325/5100 train_loss:3.1875 train_time:843917ms step_avg:254.58ms
step:3326/5100 train_loss:3.4531 train_time:844169ms step_avg:254.57ms
step:3327/5100 train_loss:3.3750 train_time:844421ms step_avg:254.57ms
step:3328/5100 train_loss:3.2812 train_time:844662ms step_avg:254.57ms
step:3329/5100 train_loss:3.2500 train_time:844911ms step_avg:254.57ms
step:3330/5100 train_loss:3.4219 train_time:845165ms step_avg:254.57ms
step:3331/5100 train_loss:3.5312 train_time:845414ms step_avg:254.57ms
step:3332/5100 train_loss:3.8281 train_time:845663ms step_avg:254.56ms
step:3333/5100 train_loss:3.5000 train_time:845915ms step_avg:254.56ms
step:3334/5100 train_loss:3.2969 train_time:846165ms step_avg:254.56ms
step:3335/5100 train_loss:3.4062 train_time:846417ms step_avg:254.56ms
step:3336/5100 train_loss:3.4844 train_time:846668ms step_avg:254.56ms
step:3337/5100 train_loss:3.4219 train_time:846922ms step_avg:254.56ms
step:3338/5100 train_loss:3.6094 train_time:847170ms step_avg:254.56ms
step:3339/5100 train_loss:3.5156 train_time:847421ms step_avg:254.56ms
step:3340/5100 train_loss:3.4219 train_time:847672ms step_avg:254.56ms
step:3341/5100 train_loss:3.4844 train_time:847922ms step_avg:254.55ms
step:3342/5100 train_loss:3.4844 train_time:848174ms step_avg:254.55ms
step:3343/5100 train_loss:3.5469 train_time:848424ms step_avg:254.55ms
step:3344/5100 train_loss:3.3906 train_time:848677ms step_avg:254.55ms
step:3345/5100 train_loss:3.2656 train_time:848927ms step_avg:254.55ms
step:3346/5100 train_loss:3.4219 train_time:849177ms step_avg:254.55ms
step:3347/5100 train_loss:3.3438 train_time:849429ms step_avg:254.55ms
step:3348/5100 train_loss:3.4062 train_time:849680ms step_avg:254.55ms
step:3349/5100 train_loss:3.4375 train_time:849931ms step_avg:254.55ms
step:3350/5100 train_loss:3.5781 train_time:850181ms step_avg:254.55ms
step:3351/5100 train_loss:3.2812 train_time:850433ms step_avg:254.54ms
step:3352/5100 train_loss:3.3281 train_time:850682ms step_avg:254.54ms
step:3353/5100 train_loss:3.4531 train_time:850933ms step_avg:254.54ms
step:3354/5100 train_loss:3.3438 train_time:851184ms step_avg:254.54ms
step:3355/5100 train_loss:3.6094 train_time:851435ms step_avg:254.54ms
step:3356/5100 train_loss:3.2969 train_time:851686ms step_avg:254.54ms
step:3357/5100 train_loss:3.5312 train_time:851936ms step_avg:254.54ms
step:3358/5100 train_loss:3.3125 train_time:852197ms step_avg:254.54ms
step:3359/5100 train_loss:3.5625 train_time:852441ms step_avg:254.54ms
step:3360/5100 train_loss:3.2812 train_time:852692ms step_avg:254.53ms
step:3361/5100 train_loss:3.6875 train_time:852942ms step_avg:254.53ms
step:3362/5100 train_loss:3.5781 train_time:853191ms step_avg:254.53ms
step:3363/5100 train_loss:3.5469 train_time:853442ms step_avg:254.53ms
step:3364/5100 train_loss:3.3906 train_time:853693ms step_avg:254.53ms
step:3365/5100 train_loss:3.6875 train_time:853944ms step_avg:254.53ms
step:3366/5100 train_loss:3.4062 train_time:854196ms step_avg:254.53ms
step:3367/5100 train_loss:3.5312 train_time:854450ms step_avg:254.53ms
step:3368/5100 train_loss:3.3438 train_time:854703ms step_avg:254.53ms
step:3369/5100 train_loss:3.3906 train_time:854953ms step_avg:254.53ms
step:3370/5100 train_loss:3.3438 train_time:855204ms step_avg:254.52ms
step:3371/5100 train_loss:3.3750 train_time:855453ms step_avg:254.52ms
step:3372/5100 train_loss:3.3281 train_time:855703ms step_avg:254.52ms
step:3373/5100 train_loss:3.3750 train_time:855962ms step_avg:254.52ms
step:3374/5100 train_loss:3.4531 train_time:856205ms step_avg:254.52ms
step:3375/5100 train_loss:3.3125 train_time:856456ms step_avg:254.52ms
step:3375/5100 val_loss:3.4233 train_time:856617ms step_avg:254.57ms
step:3376/5100 train_loss:3.4219 train_time:856712ms step_avg:254.52ms
step:3377/5100 train_loss:3.4844 train_time:856965ms step_avg:254.52ms
step:3378/5100 train_loss:3.4219 train_time:857224ms step_avg:254.52ms
step:3379/5100 train_loss:3.2812 train_time:857467ms step_avg:254.52ms
step:3380/5100 train_loss:3.4219 train_time:857720ms step_avg:254.52ms
step:3381/5100 train_loss:3.2969 train_time:857980ms step_avg:254.52ms
step:3382/5100 train_loss:3.5312 train_time:858220ms step_avg:254.51ms
step:3383/5100 train_loss:3.3281 train_time:858472ms step_avg:254.51ms
step:3384/5100 train_loss:3.5312 train_time:858722ms step_avg:254.51ms
step:3385/5100 train_loss:3.4062 train_time:858973ms step_avg:254.51ms
step:3386/5100 train_loss:3.4062 train_time:859227ms step_avg:254.51ms
step:3387/5100 train_loss:3.3281 train_time:859476ms step_avg:254.51ms
step:3388/5100 train_loss:3.4844 train_time:859728ms step_avg:254.51ms
step:3389/5100 train_loss:3.5000 train_time:859980ms step_avg:254.51ms
step:3390/5100 train_loss:3.4375 train_time:860230ms step_avg:254.51ms
step:3391/5100 train_loss:3.4688 train_time:860485ms step_avg:254.51ms
step:3392/5100 train_loss:3.4062 train_time:860734ms step_avg:254.50ms
step:3393/5100 train_loss:3.5938 train_time:860986ms step_avg:254.50ms
step:3394/5100 train_loss:3.2812 train_time:861237ms step_avg:254.50ms
step:3395/5100 train_loss:3.3281 train_time:861488ms step_avg:254.50ms
step:3396/5100 train_loss:3.3438 train_time:861738ms step_avg:254.50ms
step:3397/5100 train_loss:3.3125 train_time:861990ms step_avg:254.50ms
step:3398/5100 train_loss:3.3594 train_time:862241ms step_avg:254.50ms
step:3399/5100 train_loss:3.3438 train_time:862490ms step_avg:254.50ms
step:3400/5100 train_loss:3.4062 train_time:862742ms step_avg:254.50ms
step:3401/5100 train_loss:3.6562 train_time:862992ms step_avg:254.49ms
step:3402/5100 train_loss:3.4375 train_time:863244ms step_avg:254.49ms
step:3403/5100 train_loss:3.6562 train_time:863558ms step_avg:254.51ms
step:3404/5100 train_loss:3.4688 train_time:863810ms step_avg:254.51ms
step:3405/5100 train_loss:3.4531 train_time:864060ms step_avg:254.51ms
step:3406/5100 train_loss:3.4062 train_time:864313ms step_avg:254.51ms
step:3407/5100 train_loss:3.5156 train_time:864562ms step_avg:254.51ms
step:3408/5100 train_loss:3.4062 train_time:864819ms step_avg:254.51ms
step:3409/5100 train_loss:3.3906 train_time:865062ms step_avg:254.50ms
step:3410/5100 train_loss:3.4375 train_time:865313ms step_avg:254.50ms
step:3411/5100 train_loss:3.2969 train_time:865564ms step_avg:254.50ms
step:3412/5100 train_loss:3.3281 train_time:865815ms step_avg:254.50ms
step:3413/5100 train_loss:3.4375 train_time:866066ms step_avg:254.50ms
step:3414/5100 train_loss:3.6406 train_time:866317ms step_avg:254.50ms
step:3415/5100 train_loss:3.3438 train_time:866574ms step_avg:254.50ms
step:3416/5100 train_loss:3.4844 train_time:866823ms step_avg:254.50ms
step:3417/5100 train_loss:3.5938 train_time:867076ms step_avg:254.50ms
step:3418/5100 train_loss:3.5938 train_time:867323ms step_avg:254.50ms
step:3419/5100 train_loss:3.4844 train_time:867573ms step_avg:254.49ms
step:3420/5100 train_loss:3.5469 train_time:868536ms step_avg:254.70ms
step:3421/5100 train_loss:3.2969 train_time:868784ms step_avg:254.70ms
step:3422/5100 train_loss:3.3906 train_time:869035ms step_avg:254.70ms
step:3423/5100 train_loss:3.3125 train_time:869286ms step_avg:254.70ms
step:3424/5100 train_loss:3.5781 train_time:869536ms step_avg:254.70ms
step:3425/5100 train_loss:3.7188 train_time:869787ms step_avg:254.70ms
step:3426/5100 train_loss:3.4375 train_time:870039ms step_avg:254.70ms
step:3427/5100 train_loss:3.4219 train_time:870292ms step_avg:254.69ms
step:3428/5100 train_loss:3.4062 train_time:870543ms step_avg:254.69ms
step:3429/5100 train_loss:3.3125 train_time:870794ms step_avg:254.69ms
step:3430/5100 train_loss:3.3750 train_time:871045ms step_avg:254.69ms
step:3431/5100 train_loss:3.4844 train_time:871298ms step_avg:254.69ms
step:3432/5100 train_loss:3.6406 train_time:871549ms step_avg:254.69ms
step:3433/5100 train_loss:3.3438 train_time:871799ms step_avg:254.69ms
step:3434/5100 train_loss:3.6719 train_time:872050ms step_avg:254.69ms
step:3435/5100 train_loss:3.5000 train_time:872301ms step_avg:254.69ms
step:3436/5100 train_loss:3.3281 train_time:872551ms step_avg:254.69ms
step:3437/5100 train_loss:3.3438 train_time:872804ms step_avg:254.68ms
step:3438/5100 train_loss:3.4062 train_time:873062ms step_avg:254.69ms
step:3439/5100 train_loss:3.5469 train_time:873308ms step_avg:254.68ms
step:3440/5100 train_loss:3.2969 train_time:873557ms step_avg:254.68ms
step:3441/5100 train_loss:3.5469 train_time:873806ms step_avg:254.68ms
step:3442/5100 train_loss:3.4062 train_time:874057ms step_avg:254.68ms
step:3443/5100 train_loss:3.5781 train_time:874308ms step_avg:254.68ms
step:3444/5100 train_loss:3.5000 train_time:874558ms step_avg:254.68ms
step:3445/5100 train_loss:3.4219 train_time:874812ms step_avg:254.68ms
step:3446/5100 train_loss:3.3125 train_time:875061ms step_avg:254.67ms
step:3447/5100 train_loss:3.6875 train_time:875313ms step_avg:254.67ms
step:3448/5100 train_loss:3.4531 train_time:875565ms step_avg:254.67ms
step:3449/5100 train_loss:3.2969 train_time:875816ms step_avg:254.67ms
step:3450/5100 train_loss:3.6094 train_time:876067ms step_avg:254.67ms
step:3451/5100 train_loss:3.5625 train_time:876327ms step_avg:254.67ms
step:3452/5100 train_loss:3.5000 train_time:876577ms step_avg:254.67ms
step:3453/5100 train_loss:3.3438 train_time:876827ms step_avg:254.67ms
step:3454/5100 train_loss:3.6562 train_time:877079ms step_avg:254.67ms
step:3455/5100 train_loss:3.2812 train_time:877333ms step_avg:254.67ms
step:3456/5100 train_loss:3.5781 train_time:877584ms step_avg:254.67ms
step:3457/5100 train_loss:3.3594 train_time:877834ms step_avg:254.67ms
step:3458/5100 train_loss:3.4531 train_time:878075ms step_avg:254.66ms
step:3459/5100 train_loss:3.5156 train_time:878326ms step_avg:254.66ms
step:3460/5100 train_loss:3.3438 train_time:878577ms step_avg:254.66ms
step:3461/5100 train_loss:3.4375 train_time:878832ms step_avg:254.66ms
step:3462/5100 train_loss:3.4219 train_time:879077ms step_avg:254.66ms
step:3463/5100 train_loss:3.3750 train_time:879327ms step_avg:254.66ms
step:3464/5100 train_loss:3.3906 train_time:879578ms step_avg:254.65ms
step:3465/5100 train_loss:3.3125 train_time:879829ms step_avg:254.65ms
step:3466/5100 train_loss:3.3906 train_time:880090ms step_avg:254.66ms
step:3467/5100 train_loss:3.4844 train_time:880337ms step_avg:254.65ms
step:3468/5100 train_loss:3.4531 train_time:880588ms step_avg:254.65ms
step:3469/5100 train_loss:3.4531 train_time:880833ms step_avg:254.65ms
step:3470/5100 train_loss:3.5000 train_time:881089ms step_avg:254.65ms
step:3471/5100 train_loss:3.3438 train_time:881338ms step_avg:254.65ms
step:3472/5100 train_loss:3.6250 train_time:881590ms step_avg:254.65ms
step:3473/5100 train_loss:4.2812 train_time:881843ms step_avg:254.65ms
step:3474/5100 train_loss:3.4688 train_time:882094ms step_avg:254.65ms
step:3475/5100 train_loss:3.4688 train_time:882344ms step_avg:254.64ms
step:3476/5100 train_loss:3.4219 train_time:882596ms step_avg:254.64ms
step:3477/5100 train_loss:3.4375 train_time:882848ms step_avg:254.64ms
step:3478/5100 train_loss:3.2812 train_time:883097ms step_avg:254.64ms
step:3479/5100 train_loss:3.4062 train_time:883345ms step_avg:254.64ms
step:3480/5100 train_loss:3.1719 train_time:883596ms step_avg:254.64ms
step:3481/5100 train_loss:3.6094 train_time:883848ms step_avg:254.64ms
step:3482/5100 train_loss:3.3906 train_time:884098ms step_avg:254.64ms
step:3483/5100 train_loss:3.4219 train_time:884349ms step_avg:254.64ms
step:3484/5100 train_loss:3.4531 train_time:884603ms step_avg:254.64ms
step:3485/5100 train_loss:3.4219 train_time:884853ms step_avg:254.63ms
step:3486/5100 train_loss:3.4375 train_time:885102ms step_avg:254.63ms
step:3487/5100 train_loss:3.6875 train_time:885353ms step_avg:254.63ms
step:3488/5100 train_loss:3.4062 train_time:885604ms step_avg:254.63ms
step:3489/5100 train_loss:3.3594 train_time:885858ms step_avg:254.63ms
step:3490/5100 train_loss:3.6094 train_time:886107ms step_avg:254.63ms
step:3491/5100 train_loss:3.5000 train_time:886357ms step_avg:254.63ms
step:3492/5100 train_loss:3.4062 train_time:886609ms step_avg:254.63ms
step:3493/5100 train_loss:3.2188 train_time:886859ms step_avg:254.62ms
step:3494/5100 train_loss:3.6250 train_time:887110ms step_avg:254.62ms
step:3495/5100 train_loss:3.4219 train_time:887361ms step_avg:254.62ms
step:3496/5100 train_loss:3.5000 train_time:887612ms step_avg:254.62ms
step:3497/5100 train_loss:3.5312 train_time:887864ms step_avg:254.62ms
step:3498/5100 train_loss:3.3438 train_time:888119ms step_avg:254.62ms
step:3499/5100 train_loss:3.5312 train_time:888366ms step_avg:254.62ms
step:3500/5100 train_loss:3.4219 train_time:888616ms step_avg:254.62ms
step:3500/5100 val_loss:3.4155 train_time:888777ms step_avg:254.66ms
step:3501/5100 train_loss:3.3906 train_time:888870ms step_avg:254.62ms
step:3502/5100 train_loss:3.6094 train_time:889120ms step_avg:254.62ms
step:3503/5100 train_loss:3.3281 train_time:889371ms step_avg:254.62ms
step:3504/5100 train_loss:3.4062 train_time:889627ms step_avg:254.62ms
step:3505/5100 train_loss:3.4844 train_time:889871ms step_avg:254.61ms
step:3506/5100 train_loss:3.5625 train_time:890122ms step_avg:254.61ms
step:3507/5100 train_loss:3.2812 train_time:890372ms step_avg:254.61ms
step:3508/5100 train_loss:3.4375 train_time:890625ms step_avg:254.61ms
step:3509/5100 train_loss:3.2969 train_time:890876ms step_avg:254.61ms
step:3510/5100 train_loss:3.7344 train_time:891126ms step_avg:254.61ms
step:3511/5100 train_loss:3.3750 train_time:891378ms step_avg:254.61ms
step:3512/5100 train_loss:3.2656 train_time:891627ms step_avg:254.61ms
step:3513/5100 train_loss:3.4375 train_time:891881ms step_avg:254.60ms
step:3514/5100 train_loss:3.3125 train_time:892129ms step_avg:254.60ms
step:3515/5100 train_loss:3.3125 train_time:892381ms step_avg:254.60ms
step:3516/5100 train_loss:3.4219 train_time:892632ms step_avg:254.60ms
step:3517/5100 train_loss:3.3750 train_time:892883ms step_avg:254.60ms
step:3518/5100 train_loss:3.4844 train_time:893133ms step_avg:254.60ms
step:3519/5100 train_loss:3.3438 train_time:893385ms step_avg:254.60ms
step:3520/5100 train_loss:3.2812 train_time:893635ms step_avg:254.60ms
step:3521/5100 train_loss:3.6250 train_time:893890ms step_avg:254.60ms
step:3522/5100 train_loss:3.5469 train_time:894145ms step_avg:254.60ms
step:3523/5100 train_loss:3.4062 train_time:894393ms step_avg:254.60ms
step:3524/5100 train_loss:3.3125 train_time:894643ms step_avg:254.59ms
step:3525/5100 train_loss:3.4844 train_time:894895ms step_avg:254.59ms
step:3526/5100 train_loss:3.3281 train_time:895151ms step_avg:254.59ms
step:3527/5100 train_loss:3.5625 train_time:895409ms step_avg:254.59ms
step:3528/5100 train_loss:3.4375 train_time:895648ms step_avg:254.59ms
step:3529/5100 train_loss:3.1562 train_time:895899ms step_avg:254.59ms
step:3530/5100 train_loss:3.5781 train_time:896148ms step_avg:254.59ms
step:3531/5100 train_loss:3.3750 train_time:896398ms step_avg:254.59ms
step:3532/5100 train_loss:3.2344 train_time:896649ms step_avg:254.59ms
step:3533/5100 train_loss:3.2812 train_time:896899ms step_avg:254.58ms
step:3534/5100 train_loss:3.3438 train_time:897150ms step_avg:254.58ms
step:3535/5100 train_loss:3.3125 train_time:897399ms step_avg:254.58ms
step:3536/5100 train_loss:3.2656 train_time:897650ms step_avg:254.58ms
step:3537/5100 train_loss:3.5312 train_time:897902ms step_avg:254.58ms
step:3538/5100 train_loss:3.4531 train_time:898153ms step_avg:254.58ms
step:3539/5100 train_loss:3.3438 train_time:898405ms step_avg:254.58ms
step:3540/5100 train_loss:3.3594 train_time:898655ms step_avg:254.58ms
step:3541/5100 train_loss:3.6250 train_time:898908ms step_avg:254.58ms
step:3542/5100 train_loss:3.3594 train_time:899158ms step_avg:254.57ms
step:3543/5100 train_loss:3.5156 train_time:899412ms step_avg:254.57ms
step:3544/5100 train_loss:3.5938 train_time:899660ms step_avg:254.57ms
step:3545/5100 train_loss:3.5625 train_time:899911ms step_avg:254.57ms
step:3546/5100 train_loss:3.5156 train_time:900161ms step_avg:254.57ms
step:3547/5100 train_loss:3.3281 train_time:900419ms step_avg:254.57ms
step:3548/5100 train_loss:3.3438 train_time:900665ms step_avg:254.57ms
step:3549/5100 train_loss:3.4375 train_time:900915ms step_avg:254.57ms
step:3550/5100 train_loss:3.5469 train_time:901165ms step_avg:254.57ms
step:3551/5100 train_loss:3.3281 train_time:901417ms step_avg:254.57ms
step:3552/5100 train_loss:3.2500 train_time:901667ms step_avg:254.56ms
step:3553/5100 train_loss:3.4219 train_time:901920ms step_avg:254.56ms
step:3554/5100 train_loss:3.5312 train_time:902174ms step_avg:254.56ms
step:3555/5100 train_loss:3.4531 train_time:902425ms step_avg:254.56ms
step:3556/5100 train_loss:3.3594 train_time:902673ms step_avg:254.56ms
step:3557/5100 train_loss:3.2188 train_time:902925ms step_avg:254.56ms
step:3558/5100 train_loss:3.2969 train_time:903173ms step_avg:254.56ms
step:3559/5100 train_loss:3.4844 train_time:903426ms step_avg:254.56ms
step:3560/5100 train_loss:3.9688 train_time:903676ms step_avg:254.56ms
step:3561/5100 train_loss:3.4844 train_time:903926ms step_avg:254.56ms
step:3562/5100 train_loss:3.4531 train_time:904180ms step_avg:254.56ms
step:3563/5100 train_loss:3.2812 train_time:904429ms step_avg:254.55ms
step:3564/5100 train_loss:3.6875 train_time:904681ms step_avg:254.55ms
step:3565/5100 train_loss:3.3281 train_time:904931ms step_avg:254.55ms
step:3566/5100 train_loss:3.1875 train_time:905181ms step_avg:254.55ms
step:3567/5100 train_loss:3.4219 train_time:905433ms step_avg:254.55ms
step:3568/5100 train_loss:3.5938 train_time:905686ms step_avg:254.55ms
step:3569/5100 train_loss:3.4375 train_time:905937ms step_avg:254.55ms
step:3570/5100 train_loss:3.4375 train_time:906184ms step_avg:254.55ms
step:3571/5100 train_loss:3.5469 train_time:906437ms step_avg:254.55ms
step:3572/5100 train_loss:3.7344 train_time:906686ms step_avg:254.54ms
step:3573/5100 train_loss:3.2500 train_time:906937ms step_avg:254.54ms
step:3574/5100 train_loss:3.4375 train_time:907187ms step_avg:254.54ms
step:3575/5100 train_loss:3.6250 train_time:907439ms step_avg:254.54ms
step:3576/5100 train_loss:3.6094 train_time:907689ms step_avg:254.54ms
step:3577/5100 train_loss:3.3750 train_time:907939ms step_avg:254.54ms
step:3578/5100 train_loss:3.3594 train_time:908193ms step_avg:254.54ms
step:3579/5100 train_loss:3.5000 train_time:908447ms step_avg:254.54ms
step:3580/5100 train_loss:3.4375 train_time:908691ms step_avg:254.54ms
step:3581/5100 train_loss:3.3594 train_time:908943ms step_avg:254.53ms
step:3582/5100 train_loss:3.3438 train_time:909193ms step_avg:254.53ms
step:3583/5100 train_loss:3.2812 train_time:909444ms step_avg:254.53ms
step:3584/5100 train_loss:3.3750 train_time:909694ms step_avg:254.53ms
step:3585/5100 train_loss:3.5000 train_time:909947ms step_avg:254.53ms
step:3586/5100 train_loss:3.3906 train_time:910199ms step_avg:254.53ms
step:3587/5100 train_loss:3.3594 train_time:910450ms step_avg:254.53ms
step:3588/5100 train_loss:3.3594 train_time:910705ms step_avg:254.53ms
step:3589/5100 train_loss:3.3594 train_time:910952ms step_avg:254.53ms
step:3590/5100 train_loss:3.5156 train_time:911204ms step_avg:254.53ms
step:3591/5100 train_loss:3.7031 train_time:911458ms step_avg:254.53ms
step:3592/5100 train_loss:3.4844 train_time:911814ms step_avg:254.55ms
step:3593/5100 train_loss:3.5156 train_time:912072ms step_avg:254.56ms
step:3594/5100 train_loss:3.4219 train_time:912314ms step_avg:254.55ms
step:3595/5100 train_loss:3.4688 train_time:912571ms step_avg:254.55ms
step:3596/5100 train_loss:3.2031 train_time:912822ms step_avg:254.55ms
step:3597/5100 train_loss:3.3594 train_time:913073ms step_avg:254.55ms
step:3598/5100 train_loss:3.7344 train_time:913326ms step_avg:254.55ms
step:3599/5100 train_loss:3.4375 train_time:913576ms step_avg:254.55ms
step:3600/5100 train_loss:3.2344 train_time:913827ms step_avg:254.55ms
step:3601/5100 train_loss:3.4219 train_time:914077ms step_avg:254.55ms
step:3602/5100 train_loss:3.5469 train_time:914328ms step_avg:254.55ms
step:3603/5100 train_loss:3.4531 train_time:914578ms step_avg:254.54ms
step:3604/5100 train_loss:3.4375 train_time:914831ms step_avg:254.54ms
step:3605/5100 train_loss:3.7031 train_time:915071ms step_avg:254.54ms
step:3606/5100 train_loss:3.3125 train_time:915321ms step_avg:254.54ms
step:3607/5100 train_loss:3.2969 train_time:915572ms step_avg:254.54ms
step:3608/5100 train_loss:3.8438 train_time:915823ms step_avg:254.54ms
step:3609/5100 train_loss:3.3438 train_time:916074ms step_avg:254.54ms
step:3610/5100 train_loss:3.3438 train_time:916729ms step_avg:254.65ms
step:3611/5100 train_loss:3.2500 train_time:916982ms step_avg:254.65ms
step:3612/5100 train_loss:3.3906 train_time:917233ms step_avg:254.65ms
step:3613/5100 train_loss:3.5156 train_time:917483ms step_avg:254.64ms
step:3614/5100 train_loss:3.4375 train_time:917733ms step_avg:254.64ms
step:3615/5100 train_loss:3.9219 train_time:917985ms step_avg:254.64ms
step:3616/5100 train_loss:3.2344 train_time:918236ms step_avg:254.64ms
step:3617/5100 train_loss:3.3750 train_time:918485ms step_avg:254.64ms
step:3618/5100 train_loss:3.3125 train_time:918736ms step_avg:254.64ms
step:3619/5100 train_loss:3.5938 train_time:918988ms step_avg:254.64ms
step:3620/5100 train_loss:3.4375 train_time:919238ms step_avg:254.64ms
step:3621/5100 train_loss:3.2969 train_time:919490ms step_avg:254.64ms
step:3622/5100 train_loss:3.3906 train_time:919740ms step_avg:254.63ms
step:3623/5100 train_loss:3.4062 train_time:919991ms step_avg:254.63ms
step:3624/5100 train_loss:3.2969 train_time:920242ms step_avg:254.63ms
step:3625/5100 train_loss:3.4844 train_time:920492ms step_avg:254.63ms
step:3625/5100 val_loss:3.4141 train_time:920654ms step_avg:254.68ms
step:3626/5100 train_loss:3.6250 train_time:920744ms step_avg:254.63ms
step:3627/5100 train_loss:3.5781 train_time:920998ms step_avg:254.63ms
step:3628/5100 train_loss:3.3281 train_time:921249ms step_avg:254.63ms
step:3629/5100 train_loss:3.2031 train_time:921500ms step_avg:254.63ms
step:3630/5100 train_loss:3.4844 train_time:921751ms step_avg:254.63ms
step:3631/5100 train_loss:3.2969 train_time:922002ms step_avg:254.63ms
step:3632/5100 train_loss:3.5938 train_time:922253ms step_avg:254.63ms
step:3633/5100 train_loss:3.3906 train_time:922508ms step_avg:254.63ms
step:3634/5100 train_loss:3.4375 train_time:922755ms step_avg:254.62ms
step:3635/5100 train_loss:3.2969 train_time:923005ms step_avg:254.62ms
step:3636/5100 train_loss:3.3750 train_time:923257ms step_avg:254.62ms
step:3637/5100 train_loss:3.4375 train_time:923508ms step_avg:254.62ms
step:3638/5100 train_loss:3.3594 train_time:923758ms step_avg:254.62ms
step:3639/5100 train_loss:3.4844 train_time:924010ms step_avg:254.62ms
step:3640/5100 train_loss:3.4688 train_time:924260ms step_avg:254.62ms
step:3641/5100 train_loss:3.3438 train_time:924510ms step_avg:254.62ms
step:3642/5100 train_loss:3.3438 train_time:924761ms step_avg:254.61ms
step:3643/5100 train_loss:3.4062 train_time:925012ms step_avg:254.61ms
step:3644/5100 train_loss:3.4844 train_time:925263ms step_avg:254.61ms
step:3645/5100 train_loss:3.2969 train_time:925514ms step_avg:254.61ms
step:3646/5100 train_loss:3.5156 train_time:925766ms step_avg:254.61ms
step:3647/5100 train_loss:3.3594 train_time:926018ms step_avg:254.61ms
step:3648/5100 train_loss:3.4375 train_time:926270ms step_avg:254.61ms
step:3649/5100 train_loss:3.5312 train_time:926530ms step_avg:254.61ms
step:3650/5100 train_loss:3.4375 train_time:926769ms step_avg:254.61ms
step:3651/5100 train_loss:3.5469 train_time:927021ms step_avg:254.61ms
step:3652/5100 train_loss:3.6406 train_time:927273ms step_avg:254.61ms
step:3653/5100 train_loss:3.3125 train_time:927522ms step_avg:254.60ms
step:3654/5100 train_loss:3.4531 train_time:927775ms step_avg:254.60ms
step:3655/5100 train_loss:3.5312 train_time:928023ms step_avg:254.60ms
step:3656/5100 train_loss:3.3594 train_time:928275ms step_avg:254.60ms
step:3657/5100 train_loss:3.5781 train_time:928527ms step_avg:254.60ms
step:3658/5100 train_loss:3.4531 train_time:928776ms step_avg:254.60ms
step:3659/5100 train_loss:3.4062 train_time:929027ms step_avg:254.60ms
step:3660/5100 train_loss:3.3438 train_time:929278ms step_avg:254.60ms
step:3661/5100 train_loss:3.4375 train_time:929539ms step_avg:254.60ms
step:3662/5100 train_loss:3.3594 train_time:929790ms step_avg:254.60ms
step:3663/5100 train_loss:3.6094 train_time:930041ms step_avg:254.60ms
step:3664/5100 train_loss:3.4844 train_time:930293ms step_avg:254.60ms
step:3665/5100 train_loss:3.3594 train_time:930546ms step_avg:254.60ms
step:3666/5100 train_loss:3.2500 train_time:930796ms step_avg:254.59ms
step:3667/5100 train_loss:3.5938 train_time:931046ms step_avg:254.59ms
step:3668/5100 train_loss:3.3125 train_time:931298ms step_avg:254.59ms
step:3669/5100 train_loss:3.5000 train_time:931547ms step_avg:254.59ms
step:3670/5100 train_loss:3.3906 train_time:931794ms step_avg:254.59ms
step:3671/5100 train_loss:3.5625 train_time:932044ms step_avg:254.59ms
step:3672/5100 train_loss:3.5312 train_time:932296ms step_avg:254.59ms
step:3673/5100 train_loss:3.3438 train_time:932546ms step_avg:254.59ms
step:3674/5100 train_loss:3.2656 train_time:932796ms step_avg:254.58ms
step:3675/5100 train_loss:3.3594 train_time:933047ms step_avg:254.58ms
step:3676/5100 train_loss:3.4688 train_time:933298ms step_avg:254.58ms
step:3677/5100 train_loss:3.3438 train_time:933548ms step_avg:254.58ms
step:3678/5100 train_loss:3.5000 train_time:933798ms step_avg:254.58ms
step:3679/5100 train_loss:3.3750 train_time:934050ms step_avg:254.58ms
step:3680/5100 train_loss:3.2812 train_time:934301ms step_avg:254.58ms
step:3681/5100 train_loss:3.3750 train_time:934554ms step_avg:254.58ms
step:3682/5100 train_loss:3.5312 train_time:934803ms step_avg:254.58ms
step:3683/5100 train_loss:3.6719 train_time:935054ms step_avg:254.58ms
step:3684/5100 train_loss:3.3438 train_time:935305ms step_avg:254.57ms
step:3685/5100 train_loss:3.5625 train_time:935556ms step_avg:254.57ms
step:3686/5100 train_loss:3.6250 train_time:935807ms step_avg:254.57ms
step:3687/5100 train_loss:3.2188 train_time:936058ms step_avg:254.57ms
step:3688/5100 train_loss:3.6094 train_time:936309ms step_avg:254.57ms
step:3689/5100 train_loss:3.2656 train_time:936562ms step_avg:254.57ms
step:3690/5100 train_loss:3.3906 train_time:936813ms step_avg:254.57ms
step:3691/5100 train_loss:3.3438 train_time:937063ms step_avg:254.57ms
step:3692/5100 train_loss:3.2344 train_time:937312ms step_avg:254.57ms
step:3693/5100 train_loss:3.3906 train_time:937563ms step_avg:254.57ms
step:3694/5100 train_loss:3.4375 train_time:937817ms step_avg:254.56ms
step:3695/5100 train_loss:3.4375 train_time:938078ms step_avg:254.57ms
step:3696/5100 train_loss:3.5781 train_time:938325ms step_avg:254.56ms
step:3697/5100 train_loss:3.1719 train_time:938575ms step_avg:254.56ms
step:3698/5100 train_loss:3.3906 train_time:938818ms step_avg:254.56ms
step:3699/5100 train_loss:3.5312 train_time:939069ms step_avg:254.56ms
step:3700/5100 train_loss:3.4688 train_time:939321ms step_avg:254.56ms
step:3701/5100 train_loss:3.4844 train_time:939574ms step_avg:254.56ms
step:3702/5100 train_loss:3.4844 train_time:939831ms step_avg:254.56ms
step:3703/5100 train_loss:3.4375 train_time:940076ms step_avg:254.56ms
step:3704/5100 train_loss:3.2188 train_time:940324ms step_avg:254.55ms
step:3705/5100 train_loss:3.5312 train_time:940575ms step_avg:254.55ms
step:3706/5100 train_loss:3.6719 train_time:940826ms step_avg:254.55ms
step:3707/5100 train_loss:3.6250 train_time:941077ms step_avg:254.55ms
step:3708/5100 train_loss:3.4688 train_time:941332ms step_avg:254.55ms
step:3709/5100 train_loss:3.3906 train_time:941582ms step_avg:254.55ms
step:3710/5100 train_loss:3.6562 train_time:941839ms step_avg:254.55ms
step:3711/5100 train_loss:3.1719 train_time:942091ms step_avg:254.55ms
step:3712/5100 train_loss:3.5469 train_time:942333ms step_avg:254.55ms
step:3713/5100 train_loss:3.3281 train_time:942586ms step_avg:254.55ms
step:3714/5100 train_loss:3.4688 train_time:942840ms step_avg:254.55ms
step:3715/5100 train_loss:3.9531 train_time:943089ms step_avg:254.55ms
step:3716/5100 train_loss:3.8125 train_time:943339ms step_avg:254.54ms
step:3717/5100 train_loss:3.7031 train_time:943589ms step_avg:254.54ms
step:3718/5100 train_loss:3.3906 train_time:943841ms step_avg:254.54ms
step:3719/5100 train_loss:3.2031 train_time:944090ms step_avg:254.54ms
step:3720/5100 train_loss:3.5781 train_time:944342ms step_avg:254.54ms
step:3721/5100 train_loss:3.2188 train_time:944593ms step_avg:254.54ms
step:3722/5100 train_loss:3.4688 train_time:944844ms step_avg:254.54ms
step:3723/5100 train_loss:3.3594 train_time:945095ms step_avg:254.54ms
step:3724/5100 train_loss:3.3125 train_time:945345ms step_avg:254.54ms
step:3725/5100 train_loss:3.5625 train_time:945596ms step_avg:254.53ms
step:3726/5100 train_loss:3.3594 train_time:945846ms step_avg:254.53ms
step:3727/5100 train_loss:3.6094 train_time:946097ms step_avg:254.53ms
step:3728/5100 train_loss:3.3750 train_time:946349ms step_avg:254.53ms
step:3729/5100 train_loss:3.3438 train_time:946599ms step_avg:254.53ms
step:3730/5100 train_loss:3.5312 train_time:946851ms step_avg:254.53ms
step:3731/5100 train_loss:3.5312 train_time:947103ms step_avg:254.53ms
step:3732/5100 train_loss:3.3281 train_time:947353ms step_avg:254.53ms
step:3733/5100 train_loss:3.2656 train_time:947602ms step_avg:254.53ms
step:3734/5100 train_loss:3.4531 train_time:947853ms step_avg:254.53ms
step:3735/5100 train_loss:3.2812 train_time:948104ms step_avg:254.52ms
step:3736/5100 train_loss:3.2969 train_time:948355ms step_avg:254.52ms
step:3737/5100 train_loss:3.3906 train_time:948607ms step_avg:254.52ms
step:3738/5100 train_loss:3.5000 train_time:948868ms step_avg:254.52ms
step:3739/5100 train_loss:3.2656 train_time:949119ms step_avg:254.52ms
step:3740/5100 train_loss:3.3750 train_time:949370ms step_avg:254.52ms
step:3741/5100 train_loss:3.5312 train_time:949622ms step_avg:254.52ms
step:3742/5100 train_loss:3.4062 train_time:949873ms step_avg:254.52ms
step:3743/5100 train_loss:3.4219 train_time:950124ms step_avg:254.52ms
step:3744/5100 train_loss:3.5312 train_time:950375ms step_avg:254.52ms
step:3745/5100 train_loss:3.3438 train_time:950625ms step_avg:254.52ms
step:3746/5100 train_loss:3.2812 train_time:950877ms step_avg:254.52ms
step:3747/5100 train_loss:3.4375 train_time:951117ms step_avg:254.51ms
step:3748/5100 train_loss:3.3594 train_time:951372ms step_avg:254.51ms
step:3749/5100 train_loss:3.2812 train_time:951623ms step_avg:254.51ms
step:3750/5100 train_loss:3.4844 train_time:951871ms step_avg:254.51ms
step:3750/5100 val_loss:3.4019 train_time:952030ms step_avg:254.55ms
step:3751/5100 train_loss:3.4375 train_time:952122ms step_avg:254.51ms
step:3752/5100 train_loss:3.6094 train_time:952373ms step_avg:254.51ms
step:3753/5100 train_loss:3.2656 train_time:952624ms step_avg:254.51ms
step:3754/5100 train_loss:3.4219 train_time:952874ms step_avg:254.51ms
step:3755/5100 train_loss:3.4688 train_time:953126ms step_avg:254.51ms
step:3756/5100 train_loss:3.5781 train_time:953375ms step_avg:254.50ms
step:3757/5100 train_loss:3.4688 train_time:953626ms step_avg:254.50ms
step:3758/5100 train_loss:3.3281 train_time:953879ms step_avg:254.50ms
step:3759/5100 train_loss:3.5781 train_time:954128ms step_avg:254.50ms
step:3760/5100 train_loss:3.5625 train_time:954381ms step_avg:254.50ms
step:3761/5100 train_loss:3.1875 train_time:954630ms step_avg:254.50ms
step:3762/5100 train_loss:3.3750 train_time:954881ms step_avg:254.50ms
step:3763/5100 train_loss:3.3281 train_time:955132ms step_avg:254.50ms
step:3764/5100 train_loss:3.5312 train_time:955383ms step_avg:254.50ms
step:3765/5100 train_loss:3.3594 train_time:955636ms step_avg:254.50ms
step:3766/5100 train_loss:3.4219 train_time:955887ms step_avg:254.50ms
step:3767/5100 train_loss:3.3906 train_time:956140ms step_avg:254.50ms
step:3768/5100 train_loss:3.3125 train_time:956394ms step_avg:254.50ms
step:3769/5100 train_loss:3.5000 train_time:956647ms step_avg:254.50ms
step:3770/5100 train_loss:3.3125 train_time:956897ms step_avg:254.49ms
step:3771/5100 train_loss:3.2500 train_time:957144ms step_avg:254.49ms
step:3772/5100 train_loss:3.4219 train_time:957396ms step_avg:254.49ms
step:3773/5100 train_loss:3.3906 train_time:957645ms step_avg:254.49ms
step:3774/5100 train_loss:3.3594 train_time:957896ms step_avg:254.49ms
step:3775/5100 train_loss:3.4531 train_time:958160ms step_avg:254.49ms
step:3776/5100 train_loss:3.6094 train_time:958405ms step_avg:254.49ms
step:3777/5100 train_loss:3.4531 train_time:958651ms step_avg:254.49ms
step:3778/5100 train_loss:3.5156 train_time:958900ms step_avg:254.49ms
step:3779/5100 train_loss:3.5469 train_time:959152ms step_avg:254.48ms
step:3780/5100 train_loss:3.4375 train_time:959402ms step_avg:254.48ms
step:3781/5100 train_loss:3.3906 train_time:959757ms step_avg:254.51ms
step:3782/5100 train_loss:3.4688 train_time:960006ms step_avg:254.51ms
step:3783/5100 train_loss:3.4531 train_time:960257ms step_avg:254.51ms
step:3784/5100 train_loss:3.4688 train_time:960509ms step_avg:254.51ms
step:3785/5100 train_loss:3.2656 train_time:960763ms step_avg:254.51ms
step:3786/5100 train_loss:3.2500 train_time:961013ms step_avg:254.51ms
step:3787/5100 train_loss:3.4531 train_time:961263ms step_avg:254.50ms
step:3788/5100 train_loss:3.3906 train_time:961513ms step_avg:254.50ms
step:3789/5100 train_loss:3.2969 train_time:961764ms step_avg:254.50ms
step:3790/5100 train_loss:3.3750 train_time:962019ms step_avg:254.50ms
step:3791/5100 train_loss:3.2969 train_time:962271ms step_avg:254.50ms
step:3792/5100 train_loss:3.4531 train_time:962522ms step_avg:254.50ms
step:3793/5100 train_loss:3.4844 train_time:962773ms step_avg:254.50ms
step:3794/5100 train_loss:3.3906 train_time:963024ms step_avg:254.50ms
step:3795/5100 train_loss:3.2812 train_time:963275ms step_avg:254.50ms
step:3796/5100 train_loss:3.1719 train_time:963525ms step_avg:254.50ms
step:3797/5100 train_loss:3.3281 train_time:963776ms step_avg:254.50ms
step:3798/5100 train_loss:3.3125 train_time:964028ms step_avg:254.50ms
step:3799/5100 train_loss:3.3906 train_time:964277ms step_avg:254.49ms
step:3800/5100 train_loss:3.4062 train_time:964965ms step_avg:254.61ms
step:3801/5100 train_loss:3.2656 train_time:965213ms step_avg:254.61ms
step:3802/5100 train_loss:3.2969 train_time:965463ms step_avg:254.61ms
step:3803/5100 train_loss:3.5000 train_time:965714ms step_avg:254.60ms
step:3804/5100 train_loss:3.5156 train_time:965965ms step_avg:254.60ms
step:3805/5100 train_loss:3.3281 train_time:966215ms step_avg:254.60ms
step:3806/5100 train_loss:3.5156 train_time:966472ms step_avg:254.60ms
step:3807/5100 train_loss:3.5469 train_time:966719ms step_avg:254.60ms
step:3808/5100 train_loss:3.4062 train_time:966970ms step_avg:254.60ms
step:3809/5100 train_loss:3.2812 train_time:967221ms step_avg:254.60ms
step:3810/5100 train_loss:3.3750 train_time:967473ms step_avg:254.60ms
step:3811/5100 train_loss:3.4688 train_time:967723ms step_avg:254.60ms
step:3812/5100 train_loss:3.2656 train_time:967976ms step_avg:254.60ms
step:3813/5100 train_loss:3.5938 train_time:968231ms step_avg:254.60ms
step:3814/5100 train_loss:3.4219 train_time:968478ms step_avg:254.59ms
step:3815/5100 train_loss:3.3906 train_time:968730ms step_avg:254.59ms
step:3816/5100 train_loss:3.6719 train_time:968980ms step_avg:254.59ms
step:3817/5100 train_loss:3.4688 train_time:969229ms step_avg:254.59ms
step:3818/5100 train_loss:3.4844 train_time:969480ms step_avg:254.59ms
step:3819/5100 train_loss:3.2969 train_time:969731ms step_avg:254.59ms
step:3820/5100 train_loss:3.3594 train_time:969982ms step_avg:254.59ms
step:3821/5100 train_loss:3.3594 train_time:970241ms step_avg:254.59ms
step:3822/5100 train_loss:3.4531 train_time:970491ms step_avg:254.59ms
step:3823/5100 train_loss:3.2500 train_time:970735ms step_avg:254.59ms
step:3824/5100 train_loss:3.3750 train_time:970986ms step_avg:254.58ms
step:3825/5100 train_loss:3.3750 train_time:971237ms step_avg:254.58ms
step:3826/5100 train_loss:3.5781 train_time:971487ms step_avg:254.58ms
step:3827/5100 train_loss:3.4375 train_time:971738ms step_avg:254.58ms
step:3828/5100 train_loss:4.0000 train_time:971992ms step_avg:254.58ms
step:3829/5100 train_loss:3.4531 train_time:972240ms step_avg:254.58ms
step:3830/5100 train_loss:3.3438 train_time:972499ms step_avg:254.58ms
step:3831/5100 train_loss:3.3750 train_time:972751ms step_avg:254.58ms
step:3832/5100 train_loss:3.6406 train_time:973002ms step_avg:254.58ms
step:3833/5100 train_loss:3.3125 train_time:973255ms step_avg:254.58ms
step:3834/5100 train_loss:3.4375 train_time:973506ms step_avg:254.58ms
step:3835/5100 train_loss:3.3594 train_time:973754ms step_avg:254.58ms
step:3836/5100 train_loss:3.1094 train_time:974006ms step_avg:254.58ms
step:3837/5100 train_loss:3.5938 train_time:974257ms step_avg:254.57ms
step:3838/5100 train_loss:3.4688 train_time:974507ms step_avg:254.57ms
step:3839/5100 train_loss:3.3750 train_time:974758ms step_avg:254.57ms
step:3840/5100 train_loss:3.4844 train_time:975004ms step_avg:254.57ms
step:3841/5100 train_loss:3.5000 train_time:975252ms step_avg:254.57ms
step:3842/5100 train_loss:3.3594 train_time:975502ms step_avg:254.57ms
step:3843/5100 train_loss:3.3125 train_time:975763ms step_avg:254.57ms
step:3844/5100 train_loss:3.6094 train_time:976014ms step_avg:254.57ms
step:3845/5100 train_loss:3.3594 train_time:976265ms step_avg:254.57ms
step:3846/5100 train_loss:3.1719 train_time:976516ms step_avg:254.57ms
step:3847/5100 train_loss:3.5312 train_time:976766ms step_avg:254.57ms
step:3848/5100 train_loss:3.3281 train_time:977017ms step_avg:254.56ms
step:3849/5100 train_loss:3.4062 train_time:977268ms step_avg:254.56ms
step:3850/5100 train_loss:3.4062 train_time:977519ms step_avg:254.56ms
step:3851/5100 train_loss:3.3281 train_time:977771ms step_avg:254.56ms
step:3852/5100 train_loss:3.4531 train_time:978014ms step_avg:254.56ms
step:3853/5100 train_loss:3.2031 train_time:978263ms step_avg:254.56ms
step:3854/5100 train_loss:3.1719 train_time:978514ms step_avg:254.56ms
step:3855/5100 train_loss:3.4062 train_time:978763ms step_avg:254.55ms
step:3856/5100 train_loss:3.3906 train_time:979015ms step_avg:254.55ms
step:3857/5100 train_loss:3.3281 train_time:979266ms step_avg:254.55ms
step:3858/5100 train_loss:3.4062 train_time:979521ms step_avg:254.55ms
step:3859/5100 train_loss:3.3594 train_time:979768ms step_avg:254.55ms
step:3860/5100 train_loss:3.5156 train_time:980019ms step_avg:254.55ms
step:3861/5100 train_loss:3.6562 train_time:980278ms step_avg:254.55ms
step:3862/5100 train_loss:3.4688 train_time:980527ms step_avg:254.55ms
step:3863/5100 train_loss:3.4531 train_time:980779ms step_avg:254.55ms
step:3864/5100 train_loss:3.4688 train_time:981025ms step_avg:254.55ms
step:3865/5100 train_loss:3.4375 train_time:981280ms step_avg:254.55ms
step:3866/5100 train_loss:3.5000 train_time:981531ms step_avg:254.55ms
step:3867/5100 train_loss:3.3438 train_time:981790ms step_avg:254.55ms
step:3868/5100 train_loss:3.5000 train_time:982039ms step_avg:254.55ms
step:3869/5100 train_loss:3.7188 train_time:982288ms step_avg:254.54ms
step:3870/5100 train_loss:3.5156 train_time:982534ms step_avg:254.54ms
step:3871/5100 train_loss:3.3750 train_time:982784ms step_avg:254.54ms
step:3872/5100 train_loss:3.4844 train_time:983035ms step_avg:254.54ms
step:3873/5100 train_loss:3.4062 train_time:983287ms step_avg:254.54ms
step:3874/5100 train_loss:3.5469 train_time:983536ms step_avg:254.54ms
step:3875/5100 train_loss:3.4219 train_time:983789ms step_avg:254.54ms
step:3875/5100 val_loss:3.3891 train_time:983946ms step_avg:254.58ms
step:3876/5100 train_loss:3.4688 train_time:984041ms step_avg:254.54ms
step:3877/5100 train_loss:3.4062 train_time:984298ms step_avg:254.54ms
step:3878/5100 train_loss:3.4531 train_time:984542ms step_avg:254.54ms
step:3879/5100 train_loss:3.3750 train_time:984794ms step_avg:254.53ms
step:3880/5100 train_loss:3.3281 train_time:985044ms step_avg:254.53ms
step:3881/5100 train_loss:3.3594 train_time:985295ms step_avg:254.53ms
step:3882/5100 train_loss:3.3281 train_time:985547ms step_avg:254.53ms
step:3883/5100 train_loss:3.3125 train_time:985798ms step_avg:254.53ms
step:3884/5100 train_loss:3.3125 train_time:986049ms step_avg:254.53ms
step:3885/5100 train_loss:3.2969 train_time:986301ms step_avg:254.53ms
step:3886/5100 train_loss:3.2812 train_time:986552ms step_avg:254.53ms
step:3887/5100 train_loss:3.3750 train_time:986801ms step_avg:254.53ms
step:3888/5100 train_loss:3.3750 train_time:987053ms step_avg:254.53ms
step:3889/5100 train_loss:3.4219 train_time:987303ms step_avg:254.53ms
step:3890/5100 train_loss:3.2344 train_time:987554ms step_avg:254.52ms
step:3891/5100 train_loss:3.4844 train_time:987809ms step_avg:254.52ms
step:3892/5100 train_loss:3.4062 train_time:988053ms step_avg:254.52ms
step:3893/5100 train_loss:3.8125 train_time:988304ms step_avg:254.52ms
step:3894/5100 train_loss:3.2969 train_time:988555ms step_avg:254.52ms
step:3895/5100 train_loss:3.4375 train_time:988805ms step_avg:254.52ms
step:3896/5100 train_loss:3.5625 train_time:989055ms step_avg:254.52ms
step:3897/5100 train_loss:3.9531 train_time:989312ms step_avg:254.52ms
step:3898/5100 train_loss:3.1719 train_time:989560ms step_avg:254.52ms
step:3899/5100 train_loss:3.4375 train_time:989812ms step_avg:254.52ms
step:3900/5100 train_loss:3.5781 train_time:990064ms step_avg:254.52ms
step:3901/5100 train_loss:3.4688 train_time:990314ms step_avg:254.51ms
step:3902/5100 train_loss:3.5625 train_time:990565ms step_avg:254.51ms
step:3903/5100 train_loss:3.3750 train_time:990817ms step_avg:254.51ms
step:3904/5100 train_loss:3.3750 train_time:991068ms step_avg:254.51ms
step:3905/5100 train_loss:3.3281 train_time:991317ms step_avg:254.51ms
step:3906/5100 train_loss:3.3594 train_time:991566ms step_avg:254.51ms
step:3907/5100 train_loss:3.5000 train_time:991817ms step_avg:254.51ms
step:3908/5100 train_loss:3.4531 train_time:992068ms step_avg:254.51ms
step:3909/5100 train_loss:3.4375 train_time:992321ms step_avg:254.51ms
step:3910/5100 train_loss:3.3906 train_time:992572ms step_avg:254.51ms
step:3911/5100 train_loss:3.3125 train_time:992821ms step_avg:254.50ms
step:3912/5100 train_loss:3.3281 train_time:993072ms step_avg:254.50ms
step:3913/5100 train_loss:3.3594 train_time:993324ms step_avg:254.50ms
step:3914/5100 train_loss:3.6094 train_time:993574ms step_avg:254.50ms
step:3915/5100 train_loss:3.3438 train_time:993825ms step_avg:254.50ms
step:3916/5100 train_loss:3.2500 train_time:994075ms step_avg:254.50ms
step:3917/5100 train_loss:3.2656 train_time:994326ms step_avg:254.50ms
step:3918/5100 train_loss:3.4375 train_time:994577ms step_avg:254.50ms
step:3919/5100 train_loss:3.6875 train_time:994828ms step_avg:254.50ms
step:3920/5100 train_loss:3.3281 train_time:995078ms step_avg:254.50ms
step:3921/5100 train_loss:3.2656 train_time:995331ms step_avg:254.50ms
step:3922/5100 train_loss:3.4531 train_time:995582ms step_avg:254.49ms
step:3923/5100 train_loss:3.3438 train_time:995833ms step_avg:254.49ms
step:3924/5100 train_loss:3.4219 train_time:996084ms step_avg:254.49ms
step:3925/5100 train_loss:3.4688 train_time:996334ms step_avg:254.49ms
step:3926/5100 train_loss:3.5000 train_time:996588ms step_avg:254.49ms
step:3927/5100 train_loss:3.3750 train_time:996836ms step_avg:254.49ms
step:3928/5100 train_loss:3.4531 train_time:997088ms step_avg:254.49ms
step:3929/5100 train_loss:3.3438 train_time:997340ms step_avg:254.49ms
step:3930/5100 train_loss:3.6875 train_time:997589ms step_avg:254.49ms
step:3931/5100 train_loss:3.4219 train_time:997839ms step_avg:254.49ms
step:3932/5100 train_loss:3.4844 train_time:998093ms step_avg:254.49ms
step:3933/5100 train_loss:3.4062 train_time:998341ms step_avg:254.48ms
step:3934/5100 train_loss:3.4219 train_time:998596ms step_avg:254.48ms
step:3935/5100 train_loss:3.4688 train_time:998846ms step_avg:254.48ms
step:3936/5100 train_loss:3.5156 train_time:999095ms step_avg:254.48ms
step:3937/5100 train_loss:3.4531 train_time:999347ms step_avg:254.48ms
step:3938/5100 train_loss:3.5000 train_time:999597ms step_avg:254.48ms
step:3939/5100 train_loss:3.3906 train_time:999848ms step_avg:254.48ms
step:3940/5100 train_loss:3.3438 train_time:1000098ms step_avg:254.48ms
step:3941/5100 train_loss:3.3125 train_time:1000349ms step_avg:254.48ms
step:3942/5100 train_loss:3.4688 train_time:1000600ms step_avg:254.48ms
step:3943/5100 train_loss:3.6562 train_time:1000851ms step_avg:254.48ms
step:3944/5100 train_loss:3.4531 train_time:1001101ms step_avg:254.47ms
step:3945/5100 train_loss:3.1406 train_time:1001351ms step_avg:254.47ms
step:3946/5100 train_loss:3.4219 train_time:1001601ms step_avg:254.47ms
step:3947/5100 train_loss:3.2500 train_time:1001853ms step_avg:254.47ms
step:3948/5100 train_loss:3.3281 train_time:1002103ms step_avg:254.47ms
step:3949/5100 train_loss:3.2500 train_time:1002355ms step_avg:254.47ms
step:3950/5100 train_loss:3.4531 train_time:1002606ms step_avg:254.47ms
step:3951/5100 train_loss:3.4062 train_time:1002860ms step_avg:254.47ms
step:3952/5100 train_loss:3.0938 train_time:1003110ms step_avg:254.47ms
step:3953/5100 train_loss:3.2656 train_time:1003365ms step_avg:254.47ms
step:3954/5100 train_loss:3.4688 train_time:1003619ms step_avg:254.47ms
step:3955/5100 train_loss:3.3594 train_time:1003873ms step_avg:254.47ms
step:3956/5100 train_loss:3.2969 train_time:1004117ms step_avg:254.46ms
step:3957/5100 train_loss:3.3438 train_time:1004368ms step_avg:254.46ms
step:3958/5100 train_loss:3.0781 train_time:1004619ms step_avg:254.46ms
step:3959/5100 train_loss:3.4062 train_time:1004869ms step_avg:254.46ms
step:3960/5100 train_loss:3.4844 train_time:1005120ms step_avg:254.46ms
step:3961/5100 train_loss:3.3281 train_time:1005371ms step_avg:254.46ms
step:3962/5100 train_loss:3.4375 train_time:1005623ms step_avg:254.46ms
step:3963/5100 train_loss:3.5000 train_time:1005875ms step_avg:254.46ms
step:3964/5100 train_loss:3.4375 train_time:1006123ms step_avg:254.46ms
step:3965/5100 train_loss:3.2812 train_time:1006374ms step_avg:254.46ms
step:3966/5100 train_loss:3.4531 train_time:1006624ms step_avg:254.46ms
step:3967/5100 train_loss:3.4688 train_time:1006875ms step_avg:254.45ms
step:3968/5100 train_loss:3.2969 train_time:1007127ms step_avg:254.45ms
step:3969/5100 train_loss:3.4219 train_time:1007382ms step_avg:254.45ms
step:3970/5100 train_loss:3.3594 train_time:1007701ms step_avg:254.47ms
step:3971/5100 train_loss:3.5938 train_time:1007949ms step_avg:254.47ms
step:3972/5100 train_loss:3.4219 train_time:1008201ms step_avg:254.47ms
step:3973/5100 train_loss:3.4844 train_time:1008452ms step_avg:254.47ms
step:3974/5100 train_loss:3.4531 train_time:1008707ms step_avg:254.47ms
step:3975/5100 train_loss:3.3750 train_time:1008962ms step_avg:254.47ms
step:3976/5100 train_loss:3.5156 train_time:1009208ms step_avg:254.46ms
step:3977/5100 train_loss:3.2812 train_time:1009464ms step_avg:254.47ms
step:3978/5100 train_loss:3.4219 train_time:1009715ms step_avg:254.46ms
step:3979/5100 train_loss:3.5156 train_time:1009959ms step_avg:254.46ms
step:3980/5100 train_loss:3.4062 train_time:1010209ms step_avg:254.46ms
step:3981/5100 train_loss:3.4219 train_time:1010470ms step_avg:254.46ms
step:3982/5100 train_loss:3.8281 train_time:1010719ms step_avg:254.46ms
step:3983/5100 train_loss:3.3125 train_time:1010961ms step_avg:254.46ms
step:3984/5100 train_loss:3.4062 train_time:1011211ms step_avg:254.46ms
step:3985/5100 train_loss:3.3594 train_time:1011463ms step_avg:254.46ms
step:3986/5100 train_loss:3.4688 train_time:1011714ms step_avg:254.46ms
step:3987/5100 train_loss:3.3281 train_time:1011968ms step_avg:254.46ms
step:3988/5100 train_loss:3.4219 train_time:1012216ms step_avg:254.45ms
step:3989/5100 train_loss:2.6094 train_time:1012470ms step_avg:254.45ms
step:3990/5100 train_loss:3.3594 train_time:1013074ms step_avg:254.54ms
step:3991/5100 train_loss:3.3750 train_time:1013328ms step_avg:254.54ms
step:3992/5100 train_loss:3.2656 train_time:1013576ms step_avg:254.54ms
step:3993/5100 train_loss:3.3906 train_time:1013826ms step_avg:254.54ms
step:3994/5100 train_loss:3.6250 train_time:1014078ms step_avg:254.54ms
step:3995/5100 train_loss:3.2188 train_time:1014329ms step_avg:254.54ms
step:3996/5100 train_loss:3.2656 train_time:1014580ms step_avg:254.54ms
step:3997/5100 train_loss:3.4375 train_time:1014831ms step_avg:254.53ms
step:3998/5100 train_loss:3.3125 train_time:1015082ms step_avg:254.53ms
step:3999/5100 train_loss:3.2656 train_time:1015336ms step_avg:254.53ms
step:4000/5100 train_loss:3.5000 train_time:1015584ms step_avg:254.53ms
step:4000/5100 val_loss:3.3737 train_time:1015745ms step_avg:254.57ms
step:4001/5100 train_loss:3.4062 train_time:1015836ms step_avg:254.53ms
step:4002/5100 train_loss:3.6719 train_time:1016087ms step_avg:254.53ms
step:4003/5100 train_loss:3.2656 train_time:1016338ms step_avg:254.53ms
step:4004/5100 train_loss:3.4219 train_time:1016591ms step_avg:254.53ms
step:4005/5100 train_loss:3.3750 train_time:1016848ms step_avg:254.53ms
step:4006/5100 train_loss:3.3438 train_time:1017098ms step_avg:254.53ms
step:4007/5100 train_loss:3.2656 train_time:1017349ms step_avg:254.53ms
step:4008/5100 train_loss:3.4531 train_time:1017600ms step_avg:254.53ms
step:4009/5100 train_loss:3.3125 train_time:1017850ms step_avg:254.53ms
step:4010/5100 train_loss:3.3750 train_time:1018101ms step_avg:254.53ms
step:4011/5100 train_loss:3.3906 train_time:1018360ms step_avg:254.53ms
step:4012/5100 train_loss:3.2031 train_time:1018605ms step_avg:254.52ms
step:4013/5100 train_loss:3.4688 train_time:1018859ms step_avg:254.52ms
step:4014/5100 train_loss:3.3906 train_time:1019112ms step_avg:254.52ms
step:4015/5100 train_loss:3.3750 train_time:1019350ms step_avg:254.52ms
step:4016/5100 train_loss:3.4688 train_time:1019602ms step_avg:254.52ms
step:4017/5100 train_loss:3.5938 train_time:1019852ms step_avg:254.52ms
step:4018/5100 train_loss:3.1875 train_time:1020102ms step_avg:254.52ms
step:4019/5100 train_loss:3.4688 train_time:1020353ms step_avg:254.52ms
step:4020/5100 train_loss:3.2656 train_time:1020605ms step_avg:254.51ms
step:4021/5100 train_loss:3.5312 train_time:1020855ms step_avg:254.51ms
step:4022/5100 train_loss:3.5938 train_time:1021106ms step_avg:254.51ms
step:4023/5100 train_loss:3.5781 train_time:1021357ms step_avg:254.51ms
step:4024/5100 train_loss:3.4531 train_time:1021609ms step_avg:254.51ms
step:4025/5100 train_loss:3.3594 train_time:1021859ms step_avg:254.51ms
step:4026/5100 train_loss:3.1875 train_time:1022111ms step_avg:254.51ms
step:4027/5100 train_loss:3.4688 train_time:1022362ms step_avg:254.51ms
step:4028/5100 train_loss:3.4219 train_time:1022614ms step_avg:254.51ms
step:4029/5100 train_loss:3.3125 train_time:1022867ms step_avg:254.51ms
step:4030/5100 train_loss:3.2812 train_time:1023117ms step_avg:254.51ms
step:4031/5100 train_loss:3.3594 train_time:1023368ms step_avg:254.51ms
step:4032/5100 train_loss:3.4531 train_time:1023618ms step_avg:254.50ms
step:4033/5100 train_loss:3.4375 train_time:1023869ms step_avg:254.50ms
step:4034/5100 train_loss:3.3750 train_time:1024121ms step_avg:254.50ms
step:4035/5100 train_loss:3.3594 train_time:1024369ms step_avg:254.50ms
step:4036/5100 train_loss:3.2969 train_time:1024621ms step_avg:254.50ms
step:4037/5100 train_loss:3.4531 train_time:1024871ms step_avg:254.50ms
step:4038/5100 train_loss:3.3594 train_time:1025124ms step_avg:254.50ms
step:4039/5100 train_loss:3.3906 train_time:1025375ms step_avg:254.50ms
step:4040/5100 train_loss:3.3281 train_time:1025625ms step_avg:254.50ms
step:4041/5100 train_loss:3.3438 train_time:1025880ms step_avg:254.50ms
step:4042/5100 train_loss:3.5312 train_time:1026130ms step_avg:254.50ms
step:4043/5100 train_loss:3.4062 train_time:1026379ms step_avg:254.50ms
step:4044/5100 train_loss:3.3906 train_time:1026631ms step_avg:254.49ms
step:4045/5100 train_loss:3.5156 train_time:1026879ms step_avg:254.49ms
step:4046/5100 train_loss:3.3125 train_time:1027130ms step_avg:254.49ms
step:4047/5100 train_loss:3.4062 train_time:1027381ms step_avg:254.49ms
step:4048/5100 train_loss:3.5625 train_time:1027631ms step_avg:254.49ms
step:4049/5100 train_loss:3.3438 train_time:1027882ms step_avg:254.49ms
step:4050/5100 train_loss:3.4688 train_time:1028134ms step_avg:254.49ms
step:4051/5100 train_loss:3.2031 train_time:1028386ms step_avg:254.49ms
step:4052/5100 train_loss:3.1875 train_time:1028636ms step_avg:254.49ms
step:4053/5100 train_loss:3.5000 train_time:1028897ms step_avg:254.49ms
step:4054/5100 train_loss:3.2969 train_time:1029147ms step_avg:254.49ms
step:4055/5100 train_loss:3.4844 train_time:1029400ms step_avg:254.49ms
step:4056/5100 train_loss:3.5312 train_time:1029650ms step_avg:254.49ms
step:4057/5100 train_loss:3.3281 train_time:1029893ms step_avg:254.48ms
step:4058/5100 train_loss:3.1719 train_time:1030143ms step_avg:254.48ms
step:4059/5100 train_loss:3.4688 train_time:1030394ms step_avg:254.48ms
step:4060/5100 train_loss:3.2344 train_time:1030644ms step_avg:254.48ms
step:4061/5100 train_loss:3.3438 train_time:1030895ms step_avg:254.48ms
step:4062/5100 train_loss:3.5469 train_time:1031145ms step_avg:254.48ms
step:4063/5100 train_loss:3.5625 train_time:1031394ms step_avg:254.48ms
step:4064/5100 train_loss:2.8281 train_time:1031644ms step_avg:254.48ms
step:4065/5100 train_loss:3.3281 train_time:1031894ms step_avg:254.47ms
step:4066/5100 train_loss:3.1406 train_time:1032147ms step_avg:254.47ms
step:4067/5100 train_loss:3.5781 train_time:1032398ms step_avg:254.47ms
step:4068/5100 train_loss:3.3750 train_time:1032649ms step_avg:254.47ms
step:4069/5100 train_loss:3.4062 train_time:1032901ms step_avg:254.47ms
step:4070/5100 train_loss:3.4062 train_time:1033153ms step_avg:254.47ms
step:4071/5100 train_loss:3.2344 train_time:1033405ms step_avg:254.47ms
step:4072/5100 train_loss:3.5938 train_time:1033653ms step_avg:254.47ms
step:4073/5100 train_loss:3.4531 train_time:1033903ms step_avg:254.47ms
step:4074/5100 train_loss:3.4375 train_time:1034154ms step_avg:254.47ms
step:4075/5100 train_loss:3.4375 train_time:1034407ms step_avg:254.47ms
step:4076/5100 train_loss:3.3906 train_time:1034655ms step_avg:254.47ms
step:4077/5100 train_loss:3.2656 train_time:1034907ms step_avg:254.46ms
step:4078/5100 train_loss:3.4688 train_time:1035159ms step_avg:254.46ms
step:4079/5100 train_loss:3.4531 train_time:1035408ms step_avg:254.46ms
step:4080/5100 train_loss:3.2031 train_time:1035660ms step_avg:254.46ms
step:4081/5100 train_loss:3.4375 train_time:1035911ms step_avg:254.46ms
step:4082/5100 train_loss:3.2969 train_time:1036163ms step_avg:254.46ms
step:4083/5100 train_loss:3.3281 train_time:1036413ms step_avg:254.46ms
step:4084/5100 train_loss:3.4531 train_time:1036666ms step_avg:254.46ms
step:4085/5100 train_loss:3.4531 train_time:1036917ms step_avg:254.46ms
step:4086/5100 train_loss:3.3281 train_time:1037168ms step_avg:254.46ms
step:4087/5100 train_loss:3.4688 train_time:1037424ms step_avg:254.46ms
step:4088/5100 train_loss:3.4844 train_time:1037680ms step_avg:254.46ms
step:4089/5100 train_loss:3.3750 train_time:1037927ms step_avg:254.46ms
step:4090/5100 train_loss:3.4375 train_time:1038176ms step_avg:254.45ms
step:4091/5100 train_loss:3.2969 train_time:1038428ms step_avg:254.45ms
step:4092/5100 train_loss:3.3906 train_time:1038678ms step_avg:254.45ms
step:4093/5100 train_loss:3.3750 train_time:1038928ms step_avg:254.45ms
step:4094/5100 train_loss:3.6719 train_time:1039179ms step_avg:254.45ms
step:4095/5100 train_loss:3.4219 train_time:1039431ms step_avg:254.45ms
step:4096/5100 train_loss:3.2656 train_time:1039680ms step_avg:254.45ms
step:4097/5100 train_loss:3.4375 train_time:1039931ms step_avg:254.45ms
step:4098/5100 train_loss:3.2188 train_time:1040183ms step_avg:254.45ms
step:4099/5100 train_loss:3.2969 train_time:1040434ms step_avg:254.45ms
step:4100/5100 train_loss:3.2656 train_time:1040685ms step_avg:254.45ms
step:4101/5100 train_loss:3.2656 train_time:1040936ms step_avg:254.45ms
step:4102/5100 train_loss:3.4531 train_time:1041190ms step_avg:254.45ms
step:4103/5100 train_loss:3.4375 train_time:1041437ms step_avg:254.44ms
step:4104/5100 train_loss:3.1562 train_time:1041688ms step_avg:254.44ms
step:4105/5100 train_loss:3.3281 train_time:1041938ms step_avg:254.44ms
step:4106/5100 train_loss:3.3125 train_time:1042189ms step_avg:254.44ms
step:4107/5100 train_loss:3.4688 train_time:1042439ms step_avg:254.44ms
step:4108/5100 train_loss:3.4219 train_time:1042690ms step_avg:254.44ms
step:4109/5100 train_loss:3.3750 train_time:1042942ms step_avg:254.44ms
step:4110/5100 train_loss:3.6406 train_time:1043194ms step_avg:254.44ms
step:4111/5100 train_loss:3.6250 train_time:1043447ms step_avg:254.44ms
step:4112/5100 train_loss:3.1875 train_time:1043700ms step_avg:254.44ms
step:4113/5100 train_loss:3.3438 train_time:1043952ms step_avg:254.44ms
step:4114/5100 train_loss:3.2188 train_time:1044213ms step_avg:254.44ms
step:4115/5100 train_loss:3.4844 train_time:1044461ms step_avg:254.44ms
step:4116/5100 train_loss:3.4688 train_time:1044713ms step_avg:254.44ms
step:4117/5100 train_loss:3.8750 train_time:1044963ms step_avg:254.43ms
step:4118/5100 train_loss:3.2812 train_time:1045210ms step_avg:254.43ms
step:4119/5100 train_loss:3.4844 train_time:1045461ms step_avg:254.43ms
step:4120/5100 train_loss:3.4219 train_time:1045711ms step_avg:254.43ms
step:4121/5100 train_loss:3.3906 train_time:1045962ms step_avg:254.43ms
step:4122/5100 train_loss:3.5312 train_time:1046213ms step_avg:254.43ms
step:4123/5100 train_loss:3.4219 train_time:1046464ms step_avg:254.43ms
step:4124/5100 train_loss:3.1875 train_time:1046715ms step_avg:254.43ms
step:4125/5100 train_loss:3.3438 train_time:1046966ms step_avg:254.43ms
step:4125/5100 val_loss:3.3603 train_time:1047125ms step_avg:254.47ms
step:4126/5100 train_loss:3.5781 train_time:1047221ms step_avg:254.43ms
step:4127/5100 train_loss:3.3438 train_time:1047471ms step_avg:254.43ms
step:4128/5100 train_loss:3.4375 train_time:1047720ms step_avg:254.42ms
step:4129/5100 train_loss:3.3125 train_time:1047972ms step_avg:254.42ms
step:4130/5100 train_loss:3.2188 train_time:1048224ms step_avg:254.42ms
step:4131/5100 train_loss:3.5469 train_time:1048475ms step_avg:254.42ms
step:4132/5100 train_loss:3.5000 train_time:1048725ms step_avg:254.42ms
step:4133/5100 train_loss:3.2500 train_time:1048974ms step_avg:254.42ms
step:4134/5100 train_loss:3.5781 train_time:1049228ms step_avg:254.42ms
step:4135/5100 train_loss:3.4219 train_time:1049476ms step_avg:254.42ms
step:4136/5100 train_loss:3.3750 train_time:1049727ms step_avg:254.42ms
step:4137/5100 train_loss:3.5000 train_time:1049973ms step_avg:254.42ms
step:4138/5100 train_loss:3.2812 train_time:1050223ms step_avg:254.41ms
step:4139/5100 train_loss:3.3594 train_time:1050474ms step_avg:254.41ms
step:4140/5100 train_loss:3.4688 train_time:1050732ms step_avg:254.41ms
step:4141/5100 train_loss:3.5625 train_time:1050978ms step_avg:254.41ms
step:4142/5100 train_loss:3.3594 train_time:1051227ms step_avg:254.41ms
step:4143/5100 train_loss:3.3906 train_time:1051478ms step_avg:254.41ms
step:4144/5100 train_loss:3.3438 train_time:1051728ms step_avg:254.41ms
step:4145/5100 train_loss:3.3281 train_time:1051979ms step_avg:254.41ms
step:4146/5100 train_loss:3.4062 train_time:1052230ms step_avg:254.41ms
step:4147/5100 train_loss:3.2812 train_time:1052483ms step_avg:254.41ms
step:4148/5100 train_loss:3.4844 train_time:1052736ms step_avg:254.41ms
step:4149/5100 train_loss:3.2812 train_time:1052985ms step_avg:254.41ms
step:4150/5100 train_loss:3.2500 train_time:1053235ms step_avg:254.40ms
step:4151/5100 train_loss:3.2812 train_time:1053487ms step_avg:254.40ms
step:4152/5100 train_loss:3.2031 train_time:1053737ms step_avg:254.40ms
step:4153/5100 train_loss:3.2031 train_time:1053990ms step_avg:254.40ms
step:4154/5100 train_loss:3.4531 train_time:1054241ms step_avg:254.40ms
step:4155/5100 train_loss:3.6094 train_time:1054491ms step_avg:254.40ms
step:4156/5100 train_loss:3.4062 train_time:1054741ms step_avg:254.40ms
step:4157/5100 train_loss:3.2812 train_time:1054992ms step_avg:254.40ms
step:4158/5100 train_loss:3.4062 train_time:1055245ms step_avg:254.40ms
step:4159/5100 train_loss:3.3281 train_time:1055588ms step_avg:254.42ms
step:4160/5100 train_loss:3.2500 train_time:1055838ms step_avg:254.42ms
step:4161/5100 train_loss:3.4531 train_time:1056089ms step_avg:254.42ms
step:4162/5100 train_loss:3.3125 train_time:1056340ms step_avg:254.42ms
step:4163/5100 train_loss:3.4844 train_time:1056590ms step_avg:254.42ms
step:4164/5100 train_loss:3.1875 train_time:1056841ms step_avg:254.42ms
step:4165/5100 train_loss:3.2656 train_time:1057092ms step_avg:254.41ms
step:4166/5100 train_loss:3.2500 train_time:1057351ms step_avg:254.42ms
step:4167/5100 train_loss:3.4062 train_time:1057598ms step_avg:254.41ms
step:4168/5100 train_loss:3.3438 train_time:1057849ms step_avg:254.41ms
step:4169/5100 train_loss:3.3750 train_time:1058100ms step_avg:254.41ms
step:4170/5100 train_loss:3.2344 train_time:1058352ms step_avg:254.41ms
step:4171/5100 train_loss:3.4531 train_time:1058604ms step_avg:254.41ms
step:4172/5100 train_loss:3.4062 train_time:1058856ms step_avg:254.41ms
step:4173/5100 train_loss:3.5156 train_time:1059106ms step_avg:254.41ms
step:4174/5100 train_loss:3.5938 train_time:1059361ms step_avg:254.41ms
step:4175/5100 train_loss:3.3594 train_time:1059607ms step_avg:254.41ms
step:4176/5100 train_loss:3.5156 train_time:1059858ms step_avg:254.41ms
step:4177/5100 train_loss:3.4062 train_time:1060110ms step_avg:254.41ms
step:4178/5100 train_loss:3.2656 train_time:1060360ms step_avg:254.41ms
step:4179/5100 train_loss:3.4531 train_time:1060611ms step_avg:254.40ms
step:4180/5100 train_loss:3.3906 train_time:1061320ms step_avg:254.51ms
step:4181/5100 train_loss:3.3438 train_time:1061568ms step_avg:254.51ms
step:4182/5100 train_loss:3.3594 train_time:1061819ms step_avg:254.51ms
step:4183/5100 train_loss:3.4219 train_time:1062076ms step_avg:254.51ms
step:4184/5100 train_loss:3.6875 train_time:1062326ms step_avg:254.51ms
step:4185/5100 train_loss:3.3906 train_time:1062575ms step_avg:254.51ms
step:4186/5100 train_loss:3.2344 train_time:1062833ms step_avg:254.51ms
step:4187/5100 train_loss:3.4062 train_time:1063075ms step_avg:254.51ms
step:4188/5100 train_loss:3.4219 train_time:1063325ms step_avg:254.51ms
step:4189/5100 train_loss:3.3594 train_time:1063576ms step_avg:254.50ms
step:4190/5100 train_loss:3.2188 train_time:1063829ms step_avg:254.50ms
step:4191/5100 train_loss:3.4844 train_time:1064100ms step_avg:254.51ms
step:4192/5100 train_loss:3.3594 train_time:1064334ms step_avg:254.50ms
step:4193/5100 train_loss:3.3750 train_time:1064590ms step_avg:254.50ms
step:4194/5100 train_loss:3.5000 train_time:1064831ms step_avg:254.50ms
step:4195/5100 train_loss:3.2812 train_time:1065086ms step_avg:254.50ms
step:4196/5100 train_loss:3.3594 train_time:1065346ms step_avg:254.50ms
step:4197/5100 train_loss:3.8281 train_time:1065587ms step_avg:254.50ms
step:4198/5100 train_loss:2.8438 train_time:1065837ms step_avg:254.50ms
step:4199/5100 train_loss:3.5781 train_time:1066087ms step_avg:254.50ms
step:4200/5100 train_loss:3.5000 train_time:1066343ms step_avg:254.50ms
step:4201/5100 train_loss:3.2188 train_time:1066594ms step_avg:254.50ms
step:4202/5100 train_loss:3.3750 train_time:1066847ms step_avg:254.50ms
step:4203/5100 train_loss:3.3750 train_time:1067100ms step_avg:254.50ms
step:4204/5100 train_loss:3.2188 train_time:1067352ms step_avg:254.50ms
step:4205/5100 train_loss:3.2812 train_time:1067605ms step_avg:254.49ms
step:4206/5100 train_loss:3.3281 train_time:1067846ms step_avg:254.49ms
step:4207/5100 train_loss:4.1250 train_time:1068096ms step_avg:254.49ms
step:4208/5100 train_loss:3.4375 train_time:1068347ms step_avg:254.49ms
step:4209/5100 train_loss:3.5469 train_time:1068598ms step_avg:254.49ms
step:4210/5100 train_loss:3.3906 train_time:1068848ms step_avg:254.49ms
step:4211/5100 train_loss:3.6719 train_time:1069099ms step_avg:254.49ms
step:4212/5100 train_loss:3.4219 train_time:1069350ms step_avg:254.49ms
step:4213/5100 train_loss:3.4688 train_time:1069601ms step_avg:254.49ms
step:4214/5100 train_loss:3.2188 train_time:1069853ms step_avg:254.48ms
step:4215/5100 train_loss:3.2812 train_time:1070103ms step_avg:254.48ms
step:4216/5100 train_loss:3.4531 train_time:1070352ms step_avg:254.48ms
step:4217/5100 train_loss:3.2656 train_time:1070605ms step_avg:254.48ms
step:4218/5100 train_loss:3.3594 train_time:1070856ms step_avg:254.48ms
step:4219/5100 train_loss:3.4688 train_time:1071109ms step_avg:254.48ms
step:4220/5100 train_loss:3.2031 train_time:1071358ms step_avg:254.48ms
step:4221/5100 train_loss:3.3125 train_time:1071610ms step_avg:254.48ms
step:4222/5100 train_loss:3.4375 train_time:1071861ms step_avg:254.48ms
step:4223/5100 train_loss:3.3750 train_time:1072112ms step_avg:254.48ms
step:4224/5100 train_loss:3.6094 train_time:1072360ms step_avg:254.48ms
step:4225/5100 train_loss:3.3281 train_time:1072611ms step_avg:254.47ms
step:4226/5100 train_loss:3.7656 train_time:1072863ms step_avg:254.47ms
step:4227/5100 train_loss:3.4531 train_time:1073113ms step_avg:254.47ms
step:4228/5100 train_loss:3.3906 train_time:1073366ms step_avg:254.47ms
step:4229/5100 train_loss:3.3438 train_time:1073616ms step_avg:254.47ms
step:4230/5100 train_loss:3.2812 train_time:1073866ms step_avg:254.47ms
step:4231/5100 train_loss:3.4531 train_time:1074118ms step_avg:254.47ms
step:4232/5100 train_loss:3.3125 train_time:1074368ms step_avg:254.47ms
step:4233/5100 train_loss:3.4375 train_time:1074618ms step_avg:254.47ms
step:4234/5100 train_loss:3.5469 train_time:1074878ms step_avg:254.47ms
step:4235/5100 train_loss:3.4375 train_time:1075130ms step_avg:254.47ms
step:4236/5100 train_loss:3.3125 train_time:1075382ms step_avg:254.47ms
step:4237/5100 train_loss:3.4375 train_time:1075633ms step_avg:254.47ms
step:4238/5100 train_loss:3.3281 train_time:1075886ms step_avg:254.47ms
step:4239/5100 train_loss:3.3438 train_time:1076133ms step_avg:254.47ms
step:4240/5100 train_loss:3.3906 train_time:1076383ms step_avg:254.46ms
step:4241/5100 train_loss:3.4219 train_time:1076634ms step_avg:254.46ms
step:4242/5100 train_loss:3.3281 train_time:1076885ms step_avg:254.46ms
step:4243/5100 train_loss:3.4844 train_time:1077143ms step_avg:254.46ms
step:4244/5100 train_loss:3.2969 train_time:1077387ms step_avg:254.46ms
step:4245/5100 train_loss:3.2656 train_time:1077639ms step_avg:254.46ms
step:4246/5100 train_loss:3.6250 train_time:1077890ms step_avg:254.46ms
step:4247/5100 train_loss:3.1406 train_time:1078148ms step_avg:254.46ms
step:4248/5100 train_loss:3.1250 train_time:1078398ms step_avg:254.46ms
step:4249/5100 train_loss:3.3750 train_time:1078650ms step_avg:254.46ms
step:4250/5100 train_loss:3.9375 train_time:1078900ms step_avg:254.46ms
step:4250/5100 val_loss:3.3485 train_time:1079053ms step_avg:254.49ms
step:4251/5100 train_loss:3.2812 train_time:1079147ms step_avg:254.46ms
step:4252/5100 train_loss:3.6719 train_time:1079397ms step_avg:254.45ms
step:4253/5100 train_loss:3.3906 train_time:1079648ms step_avg:254.45ms
step:4254/5100 train_loss:3.2188 train_time:1079901ms step_avg:254.45ms
step:4255/5100 train_loss:3.2969 train_time:1080150ms step_avg:254.45ms
step:4256/5100 train_loss:3.2031 train_time:1080401ms step_avg:254.45ms
step:4257/5100 train_loss:3.4844 train_time:1080653ms step_avg:254.45ms
step:4258/5100 train_loss:3.4688 train_time:1080901ms step_avg:254.45ms
step:4259/5100 train_loss:3.3906 train_time:1081153ms step_avg:254.45ms
step:4260/5100 train_loss:3.4688 train_time:1081404ms step_avg:254.45ms
step:4261/5100 train_loss:3.4062 train_time:1081655ms step_avg:254.45ms
step:4262/5100 train_loss:3.3594 train_time:1081905ms step_avg:254.45ms
step:4263/5100 train_loss:3.3594 train_time:1082160ms step_avg:254.45ms
step:4264/5100 train_loss:3.5312 train_time:1082409ms step_avg:254.44ms
step:4265/5100 train_loss:3.2188 train_time:1082657ms step_avg:254.44ms
step:4266/5100 train_loss:3.3125 train_time:1082907ms step_avg:254.44ms
step:4267/5100 train_loss:3.3125 train_time:1083158ms step_avg:254.44ms
step:4268/5100 train_loss:3.2812 train_time:1083407ms step_avg:254.44ms
step:4269/5100 train_loss:4.0312 train_time:1083657ms step_avg:254.44ms
step:4270/5100 train_loss:3.2812 train_time:1083908ms step_avg:254.44ms
step:4271/5100 train_loss:3.3594 train_time:1084159ms step_avg:254.44ms
step:4272/5100 train_loss:3.3906 train_time:1084409ms step_avg:254.44ms
step:4273/5100 train_loss:3.5000 train_time:1084661ms step_avg:254.44ms
step:4274/5100 train_loss:3.5156 train_time:1084912ms step_avg:254.44ms
step:4275/5100 train_loss:3.3750 train_time:1085163ms step_avg:254.43ms
step:4276/5100 train_loss:3.5469 train_time:1085414ms step_avg:254.43ms
step:4277/5100 train_loss:3.2656 train_time:1085665ms step_avg:254.43ms
step:4278/5100 train_loss:3.2656 train_time:1085920ms step_avg:254.43ms
step:4279/5100 train_loss:3.2188 train_time:1086170ms step_avg:254.43ms
step:4280/5100 train_loss:3.3125 train_time:1086421ms step_avg:254.43ms
step:4281/5100 train_loss:3.4688 train_time:1086673ms step_avg:254.43ms
step:4282/5100 train_loss:3.4531 train_time:1086923ms step_avg:254.43ms
step:4283/5100 train_loss:3.3594 train_time:1087174ms step_avg:254.43ms
step:4284/5100 train_loss:3.4531 train_time:1087424ms step_avg:254.43ms
step:4285/5100 train_loss:3.4062 train_time:1087675ms step_avg:254.43ms
step:4286/5100 train_loss:3.3906 train_time:1087927ms step_avg:254.43ms
step:4287/5100 train_loss:3.2500 train_time:1088181ms step_avg:254.43ms
step:4288/5100 train_loss:3.4375 train_time:1088432ms step_avg:254.43ms
step:4289/5100 train_loss:3.3750 train_time:1088684ms step_avg:254.42ms
step:4290/5100 train_loss:3.4062 train_time:1088935ms step_avg:254.42ms
step:4291/5100 train_loss:3.3125 train_time:1089185ms step_avg:254.42ms
step:4292/5100 train_loss:3.4062 train_time:1089437ms step_avg:254.42ms
step:4293/5100 train_loss:3.3750 train_time:1089688ms step_avg:254.42ms
step:4294/5100 train_loss:3.2344 train_time:1089938ms step_avg:254.42ms
step:4295/5100 train_loss:3.5156 train_time:1090190ms step_avg:254.42ms
step:4296/5100 train_loss:3.3906 train_time:1090441ms step_avg:254.42ms
step:4297/5100 train_loss:3.3125 train_time:1090693ms step_avg:254.42ms
step:4298/5100 train_loss:3.4062 train_time:1090943ms step_avg:254.42ms
step:4299/5100 train_loss:3.5156 train_time:1091195ms step_avg:254.42ms
step:4300/5100 train_loss:3.2500 train_time:1091447ms step_avg:254.42ms
step:4301/5100 train_loss:3.2344 train_time:1091694ms step_avg:254.41ms
step:4302/5100 train_loss:3.3438 train_time:1091944ms step_avg:254.41ms
step:4303/5100 train_loss:3.2969 train_time:1092197ms step_avg:254.41ms
step:4304/5100 train_loss:3.3125 train_time:1092446ms step_avg:254.41ms
step:4305/5100 train_loss:3.4375 train_time:1092696ms step_avg:254.41ms
step:4306/5100 train_loss:3.2656 train_time:1092948ms step_avg:254.41ms
step:4307/5100 train_loss:4.2500 train_time:1093202ms step_avg:254.41ms
step:4308/5100 train_loss:3.3750 train_time:1093449ms step_avg:254.41ms
step:4309/5100 train_loss:3.3750 train_time:1093705ms step_avg:254.41ms
step:4310/5100 train_loss:3.4688 train_time:1093951ms step_avg:254.41ms
step:4311/5100 train_loss:3.6406 train_time:1094202ms step_avg:254.41ms
step:4312/5100 train_loss:3.3125 train_time:1094455ms step_avg:254.41ms
step:4313/5100 train_loss:3.2031 train_time:1094706ms step_avg:254.41ms
step:4314/5100 train_loss:3.5000 train_time:1094955ms step_avg:254.40ms
step:4315/5100 train_loss:3.3281 train_time:1095205ms step_avg:254.40ms
step:4316/5100 train_loss:3.3906 train_time:1095455ms step_avg:254.40ms
step:4317/5100 train_loss:3.2812 train_time:1095707ms step_avg:254.40ms
step:4318/5100 train_loss:3.2656 train_time:1095958ms step_avg:254.40ms
step:4319/5100 train_loss:3.5000 train_time:1096208ms step_avg:254.40ms
step:4320/5100 train_loss:3.5000 train_time:1096461ms step_avg:254.40ms
step:4321/5100 train_loss:3.3125 train_time:1096712ms step_avg:254.40ms
step:4322/5100 train_loss:3.4062 train_time:1096964ms step_avg:254.40ms
step:4323/5100 train_loss:3.3906 train_time:1097218ms step_avg:254.40ms
step:4324/5100 train_loss:3.2188 train_time:1097464ms step_avg:254.40ms
step:4325/5100 train_loss:3.0625 train_time:1097715ms step_avg:254.40ms
step:4326/5100 train_loss:3.2031 train_time:1097967ms step_avg:254.39ms
step:4327/5100 train_loss:3.1719 train_time:1098218ms step_avg:254.39ms
step:4328/5100 train_loss:3.3125 train_time:1098468ms step_avg:254.39ms
step:4329/5100 train_loss:3.2500 train_time:1098721ms step_avg:254.39ms
step:4330/5100 train_loss:3.1719 train_time:1098972ms step_avg:254.39ms
step:4331/5100 train_loss:3.4531 train_time:1099222ms step_avg:254.39ms
step:4332/5100 train_loss:3.3125 train_time:1099471ms step_avg:254.39ms
step:4333/5100 train_loss:3.5156 train_time:1099722ms step_avg:254.39ms
step:4334/5100 train_loss:4.1250 train_time:1099973ms step_avg:254.39ms
step:4335/5100 train_loss:3.3281 train_time:1100225ms step_avg:254.39ms
step:4336/5100 train_loss:3.4375 train_time:1100477ms step_avg:254.39ms
step:4337/5100 train_loss:3.5469 train_time:1100735ms step_avg:254.39ms
step:4338/5100 train_loss:3.2500 train_time:1100984ms step_avg:254.39ms
step:4339/5100 train_loss:3.3594 train_time:1101229ms step_avg:254.38ms
step:4340/5100 train_loss:3.1094 train_time:1101480ms step_avg:254.38ms
step:4341/5100 train_loss:3.2969 train_time:1101736ms step_avg:254.38ms
step:4342/5100 train_loss:3.4219 train_time:1101986ms step_avg:254.38ms
step:4343/5100 train_loss:3.4688 train_time:1102234ms step_avg:254.38ms
step:4344/5100 train_loss:3.3906 train_time:1102485ms step_avg:254.38ms
step:4345/5100 train_loss:3.4062 train_time:1102736ms step_avg:254.38ms
step:4346/5100 train_loss:3.4219 train_time:1102985ms step_avg:254.38ms
step:4347/5100 train_loss:3.1719 train_time:1103240ms step_avg:254.38ms
step:4348/5100 train_loss:3.2500 train_time:1103602ms step_avg:254.40ms
step:4349/5100 train_loss:3.0469 train_time:1103854ms step_avg:254.40ms
step:4350/5100 train_loss:3.3125 train_time:1104104ms step_avg:254.40ms
step:4351/5100 train_loss:3.3594 train_time:1104354ms step_avg:254.40ms
step:4352/5100 train_loss:3.2656 train_time:1104604ms step_avg:254.40ms
step:4353/5100 train_loss:3.5156 train_time:1104855ms step_avg:254.40ms
step:4354/5100 train_loss:3.4531 train_time:1105105ms step_avg:254.40ms
step:4355/5100 train_loss:3.1562 train_time:1105356ms step_avg:254.40ms
step:4356/5100 train_loss:3.1250 train_time:1105609ms step_avg:254.40ms
step:4357/5100 train_loss:3.2500 train_time:1105863ms step_avg:254.40ms
step:4358/5100 train_loss:3.3438 train_time:1106113ms step_avg:254.40ms
step:4359/5100 train_loss:3.4688 train_time:1106363ms step_avg:254.39ms
step:4360/5100 train_loss:3.4688 train_time:1106612ms step_avg:254.39ms
step:4361/5100 train_loss:3.4688 train_time:1106862ms step_avg:254.39ms
step:4362/5100 train_loss:3.7188 train_time:1107113ms step_avg:254.39ms
step:4363/5100 train_loss:3.4219 train_time:1107364ms step_avg:254.39ms
step:4364/5100 train_loss:3.4219 train_time:1107616ms step_avg:254.39ms
step:4365/5100 train_loss:3.4688 train_time:1107870ms step_avg:254.39ms
step:4366/5100 train_loss:3.3281 train_time:1108120ms step_avg:254.39ms
step:4367/5100 train_loss:3.3281 train_time:1108370ms step_avg:254.39ms
step:4368/5100 train_loss:3.3281 train_time:1108622ms step_avg:254.39ms
step:4369/5100 train_loss:3.5000 train_time:1108869ms step_avg:254.39ms
step:4370/5100 train_loss:3.4219 train_time:1109746ms step_avg:254.53ms
step:4371/5100 train_loss:3.5781 train_time:1109996ms step_avg:254.53ms
step:4372/5100 train_loss:3.1250 train_time:1110247ms step_avg:254.53ms
step:4373/5100 train_loss:3.3125 train_time:1110498ms step_avg:254.53ms
step:4374/5100 train_loss:3.4375 train_time:1110750ms step_avg:254.53ms
step:4375/5100 train_loss:3.2812 train_time:1111000ms step_avg:254.52ms
step:4375/5100 val_loss:3.3340 train_time:1111161ms step_avg:254.56ms
step:4376/5100 train_loss:3.4688 train_time:1111252ms step_avg:254.52ms
step:4377/5100 train_loss:3.2188 train_time:1111511ms step_avg:254.53ms
step:4378/5100 train_loss:3.2500 train_time:1111755ms step_avg:254.52ms
step:4379/5100 train_loss:3.3438 train_time:1112006ms step_avg:254.52ms
step:4380/5100 train_loss:3.2500 train_time:1112256ms step_avg:254.52ms
step:4381/5100 train_loss:3.3281 train_time:1112507ms step_avg:254.52ms
step:4382/5100 train_loss:3.6094 train_time:1112758ms step_avg:254.52ms
step:4383/5100 train_loss:3.5000 train_time:1113010ms step_avg:254.52ms
step:4384/5100 train_loss:3.3750 train_time:1113263ms step_avg:254.52ms
step:4385/5100 train_loss:3.3906 train_time:1113511ms step_avg:254.52ms
step:4386/5100 train_loss:3.4219 train_time:1113776ms step_avg:254.52ms
step:4387/5100 train_loss:3.3125 train_time:1114026ms step_avg:254.52ms
step:4388/5100 train_loss:3.4062 train_time:1114277ms step_avg:254.52ms
step:4389/5100 train_loss:3.2812 train_time:1114527ms step_avg:254.52ms
step:4390/5100 train_loss:3.4531 train_time:1114776ms step_avg:254.51ms
step:4391/5100 train_loss:3.4531 train_time:1115026ms step_avg:254.51ms
step:4392/5100 train_loss:3.3438 train_time:1115276ms step_avg:254.51ms
step:4393/5100 train_loss:4.5938 train_time:1115525ms step_avg:254.51ms
step:4394/5100 train_loss:3.3281 train_time:1115777ms step_avg:254.51ms
step:4395/5100 train_loss:3.5781 train_time:1116026ms step_avg:254.51ms
step:4396/5100 train_loss:3.3125 train_time:1116272ms step_avg:254.51ms
step:4397/5100 train_loss:3.3281 train_time:1116523ms step_avg:254.51ms
step:4398/5100 train_loss:3.3281 train_time:1116776ms step_avg:254.51ms
step:4399/5100 train_loss:3.3750 train_time:1117025ms step_avg:254.51ms
step:4400/5100 train_loss:3.3125 train_time:1117275ms step_avg:254.50ms
step:4401/5100 train_loss:3.2344 train_time:1117526ms step_avg:254.50ms
step:4402/5100 train_loss:3.3281 train_time:1117777ms step_avg:254.50ms
step:4403/5100 train_loss:3.1875 train_time:1118027ms step_avg:254.50ms
step:4404/5100 train_loss:3.2344 train_time:1118279ms step_avg:254.50ms
step:4405/5100 train_loss:3.5000 train_time:1118531ms step_avg:254.50ms
step:4406/5100 train_loss:3.3281 train_time:1118784ms step_avg:254.50ms
step:4407/5100 train_loss:3.3281 train_time:1119036ms step_avg:254.50ms
step:4408/5100 train_loss:3.4062 train_time:1119288ms step_avg:254.50ms
step:4409/5100 train_loss:3.3281 train_time:1119538ms step_avg:254.50ms
step:4410/5100 train_loss:3.3594 train_time:1119785ms step_avg:254.50ms
step:4411/5100 train_loss:3.6250 train_time:1120039ms step_avg:254.50ms
step:4412/5100 train_loss:3.3594 train_time:1120289ms step_avg:254.50ms
step:4413/5100 train_loss:3.4219 train_time:1120540ms step_avg:254.49ms
step:4414/5100 train_loss:3.4531 train_time:1120792ms step_avg:254.49ms
step:4415/5100 train_loss:3.4062 train_time:1121042ms step_avg:254.49ms
step:4416/5100 train_loss:3.2812 train_time:1121293ms step_avg:254.49ms
step:4417/5100 train_loss:3.4062 train_time:1121544ms step_avg:254.49ms
step:4418/5100 train_loss:3.3281 train_time:1121797ms step_avg:254.49ms
step:4419/5100 train_loss:3.4844 train_time:1122045ms step_avg:254.49ms
step:4420/5100 train_loss:3.2344 train_time:1122296ms step_avg:254.49ms
step:4421/5100 train_loss:3.3906 train_time:1122548ms step_avg:254.49ms
step:4422/5100 train_loss:3.2656 train_time:1122800ms step_avg:254.49ms
step:4423/5100 train_loss:3.2656 train_time:1123050ms step_avg:254.49ms
step:4424/5100 train_loss:3.2812 train_time:1123305ms step_avg:254.49ms
step:4425/5100 train_loss:3.2812 train_time:1123552ms step_avg:254.49ms
step:4426/5100 train_loss:3.4062 train_time:1123804ms step_avg:254.48ms
step:4427/5100 train_loss:3.3906 train_time:1124055ms step_avg:254.48ms
step:4428/5100 train_loss:3.6719 train_time:1124302ms step_avg:254.48ms
step:4429/5100 train_loss:3.4375 train_time:1124552ms step_avg:254.48ms
step:4430/5100 train_loss:3.1562 train_time:1124804ms step_avg:254.48ms
step:4431/5100 train_loss:3.2031 train_time:1125054ms step_avg:254.48ms
step:4432/5100 train_loss:3.3438 train_time:1125305ms step_avg:254.48ms
step:4433/5100 train_loss:3.2500 train_time:1125557ms step_avg:254.48ms
step:4434/5100 train_loss:3.4688 train_time:1125807ms step_avg:254.48ms
step:4435/5100 train_loss:3.4844 train_time:1126059ms step_avg:254.48ms
step:4436/5100 train_loss:3.4062 train_time:1126310ms step_avg:254.48ms
step:4437/5100 train_loss:3.2031 train_time:1126561ms step_avg:254.48ms
step:4438/5100 train_loss:3.4844 train_time:1126810ms step_avg:254.47ms
step:4439/5100 train_loss:3.2969 train_time:1127062ms step_avg:254.47ms
step:4440/5100 train_loss:3.2812 train_time:1127311ms step_avg:254.47ms
step:4441/5100 train_loss:3.4219 train_time:1127562ms step_avg:254.47ms
step:4442/5100 train_loss:3.4844 train_time:1127813ms step_avg:254.47ms
step:4443/5100 train_loss:3.3906 train_time:1128067ms step_avg:254.47ms
step:4444/5100 train_loss:3.3594 train_time:1128318ms step_avg:254.47ms
step:4445/5100 train_loss:3.1562 train_time:1128568ms step_avg:254.47ms
step:4446/5100 train_loss:3.3906 train_time:1128820ms step_avg:254.47ms
step:4447/5100 train_loss:3.3750 train_time:1129069ms step_avg:254.47ms
step:4448/5100 train_loss:3.2188 train_time:1129322ms step_avg:254.47ms
step:4449/5100 train_loss:3.5625 train_time:1129571ms step_avg:254.47ms
step:4450/5100 train_loss:3.4531 train_time:1129824ms step_avg:254.46ms
step:4451/5100 train_loss:3.4688 train_time:1130079ms step_avg:254.46ms
step:4452/5100 train_loss:3.5000 train_time:1130328ms step_avg:254.46ms
step:4453/5100 train_loss:3.1875 train_time:1130579ms step_avg:254.46ms
step:4454/5100 train_loss:3.3125 train_time:1130829ms step_avg:254.46ms
step:4455/5100 train_loss:3.3594 train_time:1131078ms step_avg:254.46ms
step:4456/5100 train_loss:3.1406 train_time:1131328ms step_avg:254.46ms
step:4457/5100 train_loss:3.3906 train_time:1131578ms step_avg:254.46ms
step:4458/5100 train_loss:3.2969 train_time:1131830ms step_avg:254.46ms
step:4459/5100 train_loss:3.2500 train_time:1132081ms step_avg:254.46ms
step:4460/5100 train_loss:3.4531 train_time:1132332ms step_avg:254.46ms
step:4461/5100 train_loss:4.4375 train_time:1132582ms step_avg:254.46ms
step:4462/5100 train_loss:3.3438 train_time:1132833ms step_avg:254.45ms
step:4463/5100 train_loss:3.6250 train_time:1133084ms step_avg:254.45ms
step:4464/5100 train_loss:3.4219 train_time:1133335ms step_avg:254.45ms
step:4465/5100 train_loss:3.3906 train_time:1133588ms step_avg:254.45ms
step:4466/5100 train_loss:3.3906 train_time:1133838ms step_avg:254.45ms
step:4467/5100 train_loss:3.3438 train_time:1134089ms step_avg:254.45ms
step:4468/5100 train_loss:3.2656 train_time:1134339ms step_avg:254.45ms
step:4469/5100 train_loss:3.5625 train_time:1134600ms step_avg:254.45ms
step:4470/5100 train_loss:3.4688 train_time:1134842ms step_avg:254.45ms
step:4471/5100 train_loss:3.3125 train_time:1135092ms step_avg:254.45ms
step:4472/5100 train_loss:3.2031 train_time:1135343ms step_avg:254.45ms
step:4473/5100 train_loss:3.3906 train_time:1135594ms step_avg:254.45ms
step:4474/5100 train_loss:3.1875 train_time:1135847ms step_avg:254.45ms
step:4475/5100 train_loss:3.2812 train_time:1136107ms step_avg:254.45ms
step:4476/5100 train_loss:3.3438 train_time:1136358ms step_avg:254.45ms
step:4477/5100 train_loss:3.3594 train_time:1136599ms step_avg:254.44ms
step:4478/5100 train_loss:3.1250 train_time:1136851ms step_avg:254.44ms
step:4479/5100 train_loss:3.2812 train_time:1137101ms step_avg:254.44ms
step:4480/5100 train_loss:3.3594 train_time:1137351ms step_avg:254.44ms
step:4481/5100 train_loss:3.4062 train_time:1137603ms step_avg:254.44ms
step:4482/5100 train_loss:3.3906 train_time:1137853ms step_avg:254.44ms
step:4483/5100 train_loss:3.4375 train_time:1138105ms step_avg:254.44ms
step:4484/5100 train_loss:3.2656 train_time:1138359ms step_avg:254.44ms
step:4485/5100 train_loss:3.3594 train_time:1138612ms step_avg:254.44ms
step:4486/5100 train_loss:3.4688 train_time:1138858ms step_avg:254.44ms
step:4487/5100 train_loss:3.2656 train_time:1139112ms step_avg:254.44ms
step:4488/5100 train_loss:3.3438 train_time:1139364ms step_avg:254.44ms
step:4489/5100 train_loss:3.4688 train_time:1139613ms step_avg:254.43ms
step:4490/5100 train_loss:3.3438 train_time:1139864ms step_avg:254.43ms
step:4491/5100 train_loss:3.2500 train_time:1140114ms step_avg:254.43ms
step:4492/5100 train_loss:3.1875 train_time:1140365ms step_avg:254.43ms
step:4493/5100 train_loss:3.1719 train_time:1140616ms step_avg:254.43ms
step:4494/5100 train_loss:3.3438 train_time:1140867ms step_avg:254.43ms
step:4495/5100 train_loss:3.2188 train_time:1141125ms step_avg:254.43ms
step:4496/5100 train_loss:3.2656 train_time:1141370ms step_avg:254.43ms
step:4497/5100 train_loss:3.5312 train_time:1141620ms step_avg:254.43ms
step:4498/5100 train_loss:3.2812 train_time:1141870ms step_avg:254.43ms
step:4499/5100 train_loss:3.1406 train_time:1142121ms step_avg:254.43ms
step:4500/5100 train_loss:3.4219 train_time:1142374ms step_avg:254.43ms
step:4500/5100 val_loss:3.3223 train_time:1142534ms step_avg:254.46ms
step:4501/5100 train_loss:3.2656 train_time:1142627ms step_avg:254.43ms
step:4502/5100 train_loss:3.1875 train_time:1142877ms step_avg:254.43ms
step:4503/5100 train_loss:3.5312 train_time:1143129ms step_avg:254.42ms
step:4504/5100 train_loss:3.3438 train_time:1143380ms step_avg:254.42ms
step:4505/5100 train_loss:3.3750 train_time:1143633ms step_avg:254.42ms
step:4506/5100 train_loss:3.2812 train_time:1143889ms step_avg:254.42ms
step:4507/5100 train_loss:3.4219 train_time:1144137ms step_avg:254.42ms
step:4508/5100 train_loss:2.8594 train_time:1144385ms step_avg:254.42ms
step:4509/5100 train_loss:3.3281 train_time:1144636ms step_avg:254.42ms
step:4510/5100 train_loss:3.2188 train_time:1144886ms step_avg:254.42ms
step:4511/5100 train_loss:3.2969 train_time:1145137ms step_avg:254.42ms
step:4512/5100 train_loss:3.3125 train_time:1145387ms step_avg:254.42ms
step:4513/5100 train_loss:3.2188 train_time:1145640ms step_avg:254.42ms
step:4514/5100 train_loss:3.2031 train_time:1145890ms step_avg:254.42ms
step:4515/5100 train_loss:3.5156 train_time:1146141ms step_avg:254.42ms
step:4516/5100 train_loss:3.0625 train_time:1146391ms step_avg:254.41ms
step:4517/5100 train_loss:3.2500 train_time:1146642ms step_avg:254.41ms
step:4518/5100 train_loss:3.2969 train_time:1146894ms step_avg:254.41ms
step:4519/5100 train_loss:3.2500 train_time:1147144ms step_avg:254.41ms
step:4520/5100 train_loss:3.1719 train_time:1147398ms step_avg:254.41ms
step:4521/5100 train_loss:3.2656 train_time:1147651ms step_avg:254.41ms
step:4522/5100 train_loss:3.4844 train_time:1147898ms step_avg:254.41ms
step:4523/5100 train_loss:4.0625 train_time:1148150ms step_avg:254.41ms
step:4524/5100 train_loss:3.4375 train_time:1148401ms step_avg:254.41ms
step:4525/5100 train_loss:3.3125 train_time:1148653ms step_avg:254.41ms
step:4526/5100 train_loss:3.3281 train_time:1148903ms step_avg:254.41ms
step:4527/5100 train_loss:3.3438 train_time:1149155ms step_avg:254.41ms
step:4528/5100 train_loss:3.2031 train_time:1149403ms step_avg:254.41ms
step:4529/5100 train_loss:3.2344 train_time:1149654ms step_avg:254.40ms
step:4530/5100 train_loss:4.3750 train_time:1149905ms step_avg:254.40ms
step:4531/5100 train_loss:3.4531 train_time:1150156ms step_avg:254.40ms
step:4532/5100 train_loss:3.2031 train_time:1150408ms step_avg:254.40ms
step:4533/5100 train_loss:3.2188 train_time:1150660ms step_avg:254.40ms
step:4534/5100 train_loss:3.3906 train_time:1150910ms step_avg:254.40ms
step:4535/5100 train_loss:3.6250 train_time:1151162ms step_avg:254.40ms
step:4536/5100 train_loss:3.4688 train_time:1151413ms step_avg:254.40ms
step:4537/5100 train_loss:3.3906 train_time:1151986ms step_avg:254.47ms
step:4538/5100 train_loss:3.2031 train_time:1152237ms step_avg:254.47ms
step:4539/5100 train_loss:3.3594 train_time:1152488ms step_avg:254.47ms
step:4540/5100 train_loss:3.8750 train_time:1152739ms step_avg:254.47ms
step:4541/5100 train_loss:3.4375 train_time:1152990ms step_avg:254.47ms
step:4542/5100 train_loss:3.2812 train_time:1153240ms step_avg:254.47ms
step:4543/5100 train_loss:3.4219 train_time:1153491ms step_avg:254.47ms
step:4544/5100 train_loss:3.2031 train_time:1153742ms step_avg:254.46ms
step:4545/5100 train_loss:3.4844 train_time:1153994ms step_avg:254.46ms
step:4546/5100 train_loss:3.6094 train_time:1154245ms step_avg:254.46ms
step:4547/5100 train_loss:3.2656 train_time:1154495ms step_avg:254.46ms
step:4548/5100 train_loss:3.3594 train_time:1154746ms step_avg:254.46ms
step:4549/5100 train_loss:3.3750 train_time:1154996ms step_avg:254.46ms
step:4550/5100 train_loss:3.3125 train_time:1155247ms step_avg:254.46ms
step:4551/5100 train_loss:3.3125 train_time:1155498ms step_avg:254.46ms
step:4552/5100 train_loss:3.2656 train_time:1155749ms step_avg:254.46ms
step:4553/5100 train_loss:3.3750 train_time:1156006ms step_avg:254.46ms
step:4554/5100 train_loss:3.2500 train_time:1156254ms step_avg:254.46ms
step:4555/5100 train_loss:3.4688 train_time:1156509ms step_avg:254.46ms
step:4556/5100 train_loss:3.0938 train_time:1156760ms step_avg:254.46ms
step:4557/5100 train_loss:3.3594 train_time:1157011ms step_avg:254.46ms
step:4558/5100 train_loss:3.3438 train_time:1157262ms step_avg:254.46ms
step:4559/5100 train_loss:3.3438 train_time:1157514ms step_avg:254.45ms
step:4560/5100 train_loss:3.5625 train_time:1158394ms step_avg:254.59ms
step:4561/5100 train_loss:3.2031 train_time:1158653ms step_avg:254.59ms
step:4562/5100 train_loss:3.4062 train_time:1158898ms step_avg:254.59ms
step:4563/5100 train_loss:3.2656 train_time:1159150ms step_avg:254.59ms
step:4564/5100 train_loss:3.3125 train_time:1159401ms step_avg:254.59ms
step:4565/5100 train_loss:3.4531 train_time:1159652ms step_avg:254.59ms
step:4566/5100 train_loss:3.5469 train_time:1159903ms step_avg:254.59ms
step:4567/5100 train_loss:3.3750 train_time:1160154ms step_avg:254.59ms
step:4568/5100 train_loss:3.3125 train_time:1160405ms step_avg:254.59ms
step:4569/5100 train_loss:3.5000 train_time:1160657ms step_avg:254.59ms
step:4570/5100 train_loss:3.2188 train_time:1160907ms step_avg:254.58ms
step:4571/5100 train_loss:3.1875 train_time:1161163ms step_avg:254.59ms
step:4572/5100 train_loss:3.5156 train_time:1161411ms step_avg:254.58ms
step:4573/5100 train_loss:3.1562 train_time:1161660ms step_avg:254.58ms
step:4574/5100 train_loss:3.2500 train_time:1161913ms step_avg:254.58ms
step:4575/5100 train_loss:3.3750 train_time:1162163ms step_avg:254.58ms
step:4576/5100 train_loss:3.3906 train_time:1162414ms step_avg:254.58ms
step:4577/5100 train_loss:3.3438 train_time:1162665ms step_avg:254.58ms
step:4578/5100 train_loss:3.2656 train_time:1162917ms step_avg:254.58ms
step:4579/5100 train_loss:3.3281 train_time:1163168ms step_avg:254.58ms
step:4580/5100 train_loss:3.3281 train_time:1163419ms step_avg:254.58ms
step:4581/5100 train_loss:3.2656 train_time:1163670ms step_avg:254.58ms
step:4582/5100 train_loss:3.3438 train_time:1163921ms step_avg:254.58ms
step:4583/5100 train_loss:3.2344 train_time:1164170ms step_avg:254.57ms
step:4584/5100 train_loss:3.2500 train_time:1164423ms step_avg:254.57ms
step:4585/5100 train_loss:3.4062 train_time:1164672ms step_avg:254.57ms
step:4586/5100 train_loss:3.4531 train_time:1164924ms step_avg:254.57ms
step:4587/5100 train_loss:3.2188 train_time:1165177ms step_avg:254.57ms
step:4588/5100 train_loss:3.1875 train_time:1165439ms step_avg:254.57ms
step:4589/5100 train_loss:3.2656 train_time:1165688ms step_avg:254.57ms
step:4590/5100 train_loss:3.4531 train_time:1165940ms step_avg:254.57ms
step:4591/5100 train_loss:3.4688 train_time:1166191ms step_avg:254.57ms
step:4592/5100 train_loss:3.3750 train_time:1166432ms step_avg:254.57ms
step:4593/5100 train_loss:3.3281 train_time:1166681ms step_avg:254.57ms
step:4594/5100 train_loss:3.5312 train_time:1166933ms step_avg:254.57ms
step:4595/5100 train_loss:3.3281 train_time:1167184ms step_avg:254.57ms
step:4596/5100 train_loss:3.0938 train_time:1167435ms step_avg:254.57ms
step:4597/5100 train_loss:3.4062 train_time:1167686ms step_avg:254.56ms
step:4598/5100 train_loss:3.2812 train_time:1167935ms step_avg:254.56ms
step:4599/5100 train_loss:3.3906 train_time:1168187ms step_avg:254.56ms
step:4600/5100 train_loss:3.4062 train_time:1168437ms step_avg:254.56ms
step:4601/5100 train_loss:3.2969 train_time:1168695ms step_avg:254.56ms
step:4602/5100 train_loss:3.2500 train_time:1168944ms step_avg:254.56ms
step:4603/5100 train_loss:3.2656 train_time:1169195ms step_avg:254.56ms
step:4604/5100 train_loss:3.2188 train_time:1169443ms step_avg:254.56ms
step:4605/5100 train_loss:3.3594 train_time:1169695ms step_avg:254.56ms
step:4606/5100 train_loss:3.3281 train_time:1169944ms step_avg:254.56ms
step:4607/5100 train_loss:3.3750 train_time:1170196ms step_avg:254.56ms
step:4608/5100 train_loss:3.3594 train_time:1170448ms step_avg:254.56ms
step:4609/5100 train_loss:3.4375 train_time:1170698ms step_avg:254.55ms
step:4610/5100 train_loss:3.2500 train_time:1170954ms step_avg:254.56ms
step:4611/5100 train_loss:3.3281 train_time:1171208ms step_avg:254.56ms
step:4612/5100 train_loss:3.5625 train_time:1171459ms step_avg:254.55ms
step:4613/5100 train_loss:3.2969 train_time:1171707ms step_avg:254.55ms
step:4614/5100 train_loss:3.0625 train_time:1171957ms step_avg:254.55ms
step:4615/5100 train_loss:3.3125 train_time:1172210ms step_avg:254.55ms
step:4616/5100 train_loss:3.1875 train_time:1172465ms step_avg:254.55ms
step:4617/5100 train_loss:3.4062 train_time:1172713ms step_avg:254.55ms
step:4618/5100 train_loss:3.2031 train_time:1172964ms step_avg:254.55ms
step:4619/5100 train_loss:3.4062 train_time:1173210ms step_avg:254.55ms
step:4620/5100 train_loss:3.4688 train_time:1173468ms step_avg:254.55ms
step:4621/5100 train_loss:3.5156 train_time:1173714ms step_avg:254.55ms
step:4622/5100 train_loss:3.0469 train_time:1173969ms step_avg:254.55ms
step:4623/5100 train_loss:3.3281 train_time:1174235ms step_avg:254.55ms
step:4624/5100 train_loss:3.3125 train_time:1174482ms step_avg:254.55ms
step:4625/5100 train_loss:3.1562 train_time:1174731ms step_avg:254.55ms
step:4625/5100 val_loss:3.3104 train_time:1174889ms step_avg:254.58ms
step:4626/5100 train_loss:3.3906 train_time:1174986ms step_avg:254.55ms
step:4627/5100 train_loss:3.3281 train_time:1175232ms step_avg:254.54ms
step:4628/5100 train_loss:3.1406 train_time:1175482ms step_avg:254.54ms
step:4629/5100 train_loss:3.2656 train_time:1175732ms step_avg:254.54ms
step:4630/5100 train_loss:3.3750 train_time:1175984ms step_avg:254.54ms
step:4631/5100 train_loss:3.5625 train_time:1176236ms step_avg:254.54ms
step:4632/5100 train_loss:3.1719 train_time:1176485ms step_avg:254.54ms
step:4633/5100 train_loss:3.4844 train_time:1176739ms step_avg:254.54ms
step:4634/5100 train_loss:3.2969 train_time:1176988ms step_avg:254.54ms
step:4635/5100 train_loss:3.2500 train_time:1177239ms step_avg:254.54ms
step:4636/5100 train_loss:3.3906 train_time:1177501ms step_avg:254.54ms
step:4637/5100 train_loss:3.1719 train_time:1177744ms step_avg:254.54ms
step:4638/5100 train_loss:3.4062 train_time:1177998ms step_avg:254.54ms
step:4639/5100 train_loss:3.3125 train_time:1178248ms step_avg:254.54ms
step:4640/5100 train_loss:3.3125 train_time:1178503ms step_avg:254.54ms
step:4641/5100 train_loss:3.1562 train_time:1178749ms step_avg:254.53ms
step:4642/5100 train_loss:3.2656 train_time:1179003ms step_avg:254.53ms
step:4643/5100 train_loss:3.2656 train_time:1179251ms step_avg:254.53ms
step:4644/5100 train_loss:3.6094 train_time:1179501ms step_avg:254.53ms
step:4645/5100 train_loss:3.3281 train_time:1179751ms step_avg:254.53ms
step:4646/5100 train_loss:3.2969 train_time:1180003ms step_avg:254.53ms
step:4647/5100 train_loss:3.2812 train_time:1180251ms step_avg:254.53ms
step:4648/5100 train_loss:3.4375 train_time:1180499ms step_avg:254.53ms
step:4649/5100 train_loss:3.4375 train_time:1180751ms step_avg:254.53ms
step:4650/5100 train_loss:3.3594 train_time:1181008ms step_avg:254.53ms
step:4651/5100 train_loss:3.2188 train_time:1181254ms step_avg:254.53ms
step:4652/5100 train_loss:3.4688 train_time:1181506ms step_avg:254.53ms
step:4653/5100 train_loss:3.5469 train_time:1181758ms step_avg:254.52ms
step:4654/5100 train_loss:3.3281 train_time:1182006ms step_avg:254.52ms
step:4655/5100 train_loss:3.2656 train_time:1182257ms step_avg:254.52ms
step:4656/5100 train_loss:3.4219 train_time:1182506ms step_avg:254.52ms
step:4657/5100 train_loss:3.2188 train_time:1182757ms step_avg:254.52ms
step:4658/5100 train_loss:3.1406 train_time:1183009ms step_avg:254.52ms
step:4659/5100 train_loss:3.2500 train_time:1183261ms step_avg:254.52ms
step:4660/5100 train_loss:3.1875 train_time:1183511ms step_avg:254.52ms
step:4661/5100 train_loss:3.2188 train_time:1183762ms step_avg:254.52ms
step:4662/5100 train_loss:3.1875 train_time:1184014ms step_avg:254.52ms
step:4663/5100 train_loss:3.4062 train_time:1184266ms step_avg:254.52ms
step:4664/5100 train_loss:3.2344 train_time:1184517ms step_avg:254.52ms
step:4665/5100 train_loss:3.2188 train_time:1184774ms step_avg:254.52ms
step:4666/5100 train_loss:3.4375 train_time:1185018ms step_avg:254.51ms
step:4667/5100 train_loss:3.2969 train_time:1185270ms step_avg:254.51ms
step:4668/5100 train_loss:3.2969 train_time:1185518ms step_avg:254.51ms
step:4669/5100 train_loss:3.3125 train_time:1185770ms step_avg:254.51ms
step:4670/5100 train_loss:3.3906 train_time:1186023ms step_avg:254.51ms
step:4671/5100 train_loss:3.4375 train_time:1186274ms step_avg:254.51ms
step:4672/5100 train_loss:3.3281 train_time:1186523ms step_avg:254.51ms
step:4673/5100 train_loss:3.3594 train_time:1186774ms step_avg:254.51ms
step:4674/5100 train_loss:3.3750 train_time:1187025ms step_avg:254.51ms
step:4675/5100 train_loss:3.2500 train_time:1187276ms step_avg:254.51ms
step:4676/5100 train_loss:3.5000 train_time:1187531ms step_avg:254.51ms
step:4677/5100 train_loss:3.1094 train_time:1187787ms step_avg:254.51ms
step:4678/5100 train_loss:3.1719 train_time:1188033ms step_avg:254.51ms
step:4679/5100 train_loss:3.3594 train_time:1188282ms step_avg:254.50ms
step:4680/5100 train_loss:3.2031 train_time:1188530ms step_avg:254.50ms
step:4681/5100 train_loss:3.2031 train_time:1188781ms step_avg:254.50ms
step:4682/5100 train_loss:3.2656 train_time:1189031ms step_avg:254.50ms
step:4683/5100 train_loss:3.1562 train_time:1189288ms step_avg:254.50ms
step:4684/5100 train_loss:3.2500 train_time:1189537ms step_avg:254.50ms
step:4685/5100 train_loss:3.5156 train_time:1189791ms step_avg:254.50ms
step:4686/5100 train_loss:3.5781 train_time:1190041ms step_avg:254.50ms
step:4687/5100 train_loss:3.2656 train_time:1190296ms step_avg:254.50ms
step:4688/5100 train_loss:3.1719 train_time:1190543ms step_avg:254.50ms
step:4689/5100 train_loss:3.5312 train_time:1190796ms step_avg:254.50ms
step:4690/5100 train_loss:3.1875 train_time:1191044ms step_avg:254.50ms
step:4691/5100 train_loss:3.0781 train_time:1191294ms step_avg:254.50ms
step:4692/5100 train_loss:3.2656 train_time:1191544ms step_avg:254.49ms
step:4693/5100 train_loss:3.1875 train_time:1191794ms step_avg:254.49ms
step:4694/5100 train_loss:3.2344 train_time:1192043ms step_avg:254.49ms
step:4695/5100 train_loss:3.2656 train_time:1192294ms step_avg:254.49ms
step:4696/5100 train_loss:3.3281 train_time:1192547ms step_avg:254.49ms
step:4697/5100 train_loss:3.4531 train_time:1192802ms step_avg:254.49ms
step:4698/5100 train_loss:3.2500 train_time:1193051ms step_avg:254.49ms
step:4699/5100 train_loss:3.3906 train_time:1193304ms step_avg:254.49ms
step:4700/5100 train_loss:3.3438 train_time:1193554ms step_avg:254.49ms
step:4701/5100 train_loss:3.3125 train_time:1193804ms step_avg:254.49ms
step:4702/5100 train_loss:3.3281 train_time:1194054ms step_avg:254.49ms
step:4703/5100 train_loss:3.3125 train_time:1194303ms step_avg:254.49ms
step:4704/5100 train_loss:3.3750 train_time:1194554ms step_avg:254.49ms
step:4705/5100 train_loss:3.2500 train_time:1194807ms step_avg:254.49ms
step:4706/5100 train_loss:3.2031 train_time:1195056ms step_avg:254.48ms
step:4707/5100 train_loss:3.3594 train_time:1195310ms step_avg:254.48ms
step:4708/5100 train_loss:3.2969 train_time:1195558ms step_avg:254.48ms
step:4709/5100 train_loss:3.3125 train_time:1195810ms step_avg:254.48ms
step:4710/5100 train_loss:3.2656 train_time:1196059ms step_avg:254.48ms
step:4711/5100 train_loss:3.2188 train_time:1196311ms step_avg:254.48ms
step:4712/5100 train_loss:3.3438 train_time:1196562ms step_avg:254.48ms
step:4713/5100 train_loss:3.3438 train_time:1196812ms step_avg:254.48ms
step:4714/5100 train_loss:3.2344 train_time:1197064ms step_avg:254.48ms
step:4715/5100 train_loss:3.4219 train_time:1197313ms step_avg:254.48ms
step:4716/5100 train_loss:3.3906 train_time:1197564ms step_avg:254.48ms
step:4717/5100 train_loss:3.3281 train_time:1197815ms step_avg:254.48ms
step:4718/5100 train_loss:3.1875 train_time:1198071ms step_avg:254.48ms
step:4719/5100 train_loss:3.1719 train_time:1198319ms step_avg:254.47ms
step:4720/5100 train_loss:3.2812 train_time:1198568ms step_avg:254.47ms
step:4721/5100 train_loss:3.3906 train_time:1198821ms step_avg:254.47ms
step:4722/5100 train_loss:3.2812 train_time:1199070ms step_avg:254.47ms
step:4723/5100 train_loss:3.1875 train_time:1199325ms step_avg:254.47ms
step:4724/5100 train_loss:3.3125 train_time:1199577ms step_avg:254.47ms
step:4725/5100 train_loss:3.2656 train_time:1199826ms step_avg:254.47ms
step:4726/5100 train_loss:3.7031 train_time:1200190ms step_avg:254.49ms
step:4727/5100 train_loss:3.2656 train_time:1200443ms step_avg:254.49ms
step:4728/5100 train_loss:3.3750 train_time:1200690ms step_avg:254.49ms
step:4729/5100 train_loss:3.0938 train_time:1200939ms step_avg:254.49ms
step:4730/5100 train_loss:3.3438 train_time:1201191ms step_avg:254.49ms
step:4731/5100 train_loss:3.1719 train_time:1201441ms step_avg:254.49ms
step:4732/5100 train_loss:3.2812 train_time:1201694ms step_avg:254.49ms
step:4733/5100 train_loss:3.2031 train_time:1201944ms step_avg:254.49ms
step:4734/5100 train_loss:3.2188 train_time:1202193ms step_avg:254.49ms
step:4735/5100 train_loss:3.4062 train_time:1202445ms step_avg:254.49ms
step:4736/5100 train_loss:3.3281 train_time:1202695ms step_avg:254.48ms
step:4737/5100 train_loss:3.5000 train_time:1202946ms step_avg:254.48ms
step:4738/5100 train_loss:3.4062 train_time:1203196ms step_avg:254.48ms
step:4739/5100 train_loss:3.2031 train_time:1203450ms step_avg:254.48ms
step:4740/5100 train_loss:3.2812 train_time:1203700ms step_avg:254.48ms
step:4741/5100 train_loss:3.3594 train_time:1203950ms step_avg:254.48ms
step:4742/5100 train_loss:3.2500 train_time:1204205ms step_avg:254.48ms
step:4743/5100 train_loss:3.1719 train_time:1204453ms step_avg:254.48ms
step:4744/5100 train_loss:3.2344 train_time:1204703ms step_avg:254.48ms
step:4745/5100 train_loss:3.2812 train_time:1204956ms step_avg:254.48ms
step:4746/5100 train_loss:3.2344 train_time:1205206ms step_avg:254.48ms
step:4747/5100 train_loss:3.2344 train_time:1205456ms step_avg:254.48ms
step:4748/5100 train_loss:3.4688 train_time:1205707ms step_avg:254.48ms
step:4749/5100 train_loss:3.2031 train_time:1205959ms step_avg:254.48ms
step:4750/5100 train_loss:3.2656 train_time:1206461ms step_avg:254.53ms
step:4750/5100 val_loss:3.2986 train_time:1206618ms step_avg:254.56ms
step:4751/5100 train_loss:3.1719 train_time:1206710ms step_avg:254.53ms
step:4752/5100 train_loss:3.1719 train_time:1206962ms step_avg:254.53ms
step:4753/5100 train_loss:3.2656 train_time:1207213ms step_avg:254.53ms
step:4754/5100 train_loss:3.5781 train_time:1207469ms step_avg:254.53ms
step:4755/5100 train_loss:3.1562 train_time:1207719ms step_avg:254.52ms
step:4756/5100 train_loss:3.5000 train_time:1207970ms step_avg:254.52ms
step:4757/5100 train_loss:3.5312 train_time:1208222ms step_avg:254.52ms
step:4758/5100 train_loss:3.3125 train_time:1208472ms step_avg:254.52ms
step:4759/5100 train_loss:3.4375 train_time:1208723ms step_avg:254.52ms
step:4760/5100 train_loss:3.3594 train_time:1208973ms step_avg:254.52ms
step:4761/5100 train_loss:3.1719 train_time:1209226ms step_avg:254.52ms
step:4762/5100 train_loss:3.2969 train_time:1209476ms step_avg:254.52ms
step:4763/5100 train_loss:3.4531 train_time:1209729ms step_avg:254.52ms
step:4764/5100 train_loss:3.2656 train_time:1209978ms step_avg:254.52ms
step:4765/5100 train_loss:3.2812 train_time:1210226ms step_avg:254.52ms
step:4766/5100 train_loss:3.1719 train_time:1210477ms step_avg:254.52ms
step:4767/5100 train_loss:3.3438 train_time:1210729ms step_avg:254.52ms
step:4768/5100 train_loss:3.8594 train_time:1210979ms step_avg:254.51ms
step:4769/5100 train_loss:3.3906 train_time:1211230ms step_avg:254.51ms
step:4770/5100 train_loss:3.2812 train_time:1211481ms step_avg:254.51ms
step:4771/5100 train_loss:3.2812 train_time:1211732ms step_avg:254.51ms
step:4772/5100 train_loss:3.2969 train_time:1211985ms step_avg:254.51ms
step:4773/5100 train_loss:3.3281 train_time:1212237ms step_avg:254.51ms
step:4774/5100 train_loss:3.3281 train_time:1212487ms step_avg:254.51ms
step:4775/5100 train_loss:3.2812 train_time:1212737ms step_avg:254.51ms
step:4776/5100 train_loss:3.2812 train_time:1212991ms step_avg:254.51ms
step:4777/5100 train_loss:3.3281 train_time:1213245ms step_avg:254.51ms
step:4778/5100 train_loss:3.1719 train_time:1213494ms step_avg:254.51ms
step:4779/5100 train_loss:3.2969 train_time:1213748ms step_avg:254.51ms
step:4780/5100 train_loss:3.3750 train_time:1213997ms step_avg:254.51ms
step:4781/5100 train_loss:3.2812 train_time:1214247ms step_avg:254.51ms
step:4782/5100 train_loss:3.1875 train_time:1214497ms step_avg:254.50ms
step:4783/5100 train_loss:3.0938 train_time:1214748ms step_avg:254.50ms
step:4784/5100 train_loss:3.1406 train_time:1214998ms step_avg:254.50ms
step:4785/5100 train_loss:3.2188 train_time:1215248ms step_avg:254.50ms
step:4786/5100 train_loss:3.6875 train_time:1215498ms step_avg:254.50ms
step:4787/5100 train_loss:3.4688 train_time:1215751ms step_avg:254.50ms
step:4788/5100 train_loss:3.3281 train_time:1215999ms step_avg:254.50ms
step:4789/5100 train_loss:3.4062 train_time:1216252ms step_avg:254.50ms
step:4790/5100 train_loss:3.3594 train_time:1216508ms step_avg:254.50ms
step:4791/5100 train_loss:3.3281 train_time:1216754ms step_avg:254.50ms
step:4792/5100 train_loss:3.2969 train_time:1217011ms step_avg:254.50ms
step:4793/5100 train_loss:3.2031 train_time:1217263ms step_avg:254.50ms
step:4794/5100 train_loss:3.1719 train_time:1217510ms step_avg:254.50ms
step:4795/5100 train_loss:3.1562 train_time:1217763ms step_avg:254.50ms
step:4796/5100 train_loss:3.3438 train_time:1218010ms step_avg:254.49ms
step:4797/5100 train_loss:3.4219 train_time:1218262ms step_avg:254.49ms
step:4798/5100 train_loss:2.9688 train_time:1218511ms step_avg:254.49ms
step:4799/5100 train_loss:3.1875 train_time:1218760ms step_avg:254.49ms
step:4800/5100 train_loss:3.1875 train_time:1219016ms step_avg:254.49ms
step:4801/5100 train_loss:3.2656 train_time:1219264ms step_avg:254.49ms
step:4802/5100 train_loss:3.0156 train_time:1219515ms step_avg:254.49ms
step:4803/5100 train_loss:3.2500 train_time:1219766ms step_avg:254.49ms
step:4804/5100 train_loss:3.4375 train_time:1220019ms step_avg:254.49ms
step:4805/5100 train_loss:3.2969 train_time:1220268ms step_avg:254.49ms
step:4806/5100 train_loss:3.3281 train_time:1220519ms step_avg:254.49ms
step:4807/5100 train_loss:3.3750 train_time:1220772ms step_avg:254.49ms
step:4808/5100 train_loss:3.0781 train_time:1221028ms step_avg:254.49ms
step:4809/5100 train_loss:3.2500 train_time:1221276ms step_avg:254.49ms
step:4810/5100 train_loss:3.2344 train_time:1221527ms step_avg:254.48ms
step:4811/5100 train_loss:3.3750 train_time:1221784ms step_avg:254.49ms
step:4812/5100 train_loss:3.3125 train_time:1222032ms step_avg:254.48ms
step:4813/5100 train_loss:3.3438 train_time:1222285ms step_avg:254.48ms
step:4814/5100 train_loss:3.1875 train_time:1222536ms step_avg:254.48ms
step:4815/5100 train_loss:3.3281 train_time:1222785ms step_avg:254.48ms
step:4816/5100 train_loss:3.8125 train_time:1223037ms step_avg:254.48ms
step:4817/5100 train_loss:3.3594 train_time:1223291ms step_avg:254.48ms
step:4818/5100 train_loss:3.2812 train_time:1223540ms step_avg:254.48ms
step:4819/5100 train_loss:3.1719 train_time:1223792ms step_avg:254.48ms
step:4820/5100 train_loss:3.2969 train_time:1224047ms step_avg:254.48ms
step:4821/5100 train_loss:3.3281 train_time:1224294ms step_avg:254.48ms
step:4822/5100 train_loss:3.3750 train_time:1224544ms step_avg:254.48ms
step:4823/5100 train_loss:3.4375 train_time:1224793ms step_avg:254.48ms
step:4824/5100 train_loss:3.1562 train_time:1225043ms step_avg:254.48ms
step:4825/5100 train_loss:3.2969 train_time:1225294ms step_avg:254.47ms
step:4826/5100 train_loss:3.2188 train_time:1225546ms step_avg:254.47ms
step:4827/5100 train_loss:3.1406 train_time:1225798ms step_avg:254.47ms
step:4828/5100 train_loss:3.2969 train_time:1226051ms step_avg:254.47ms
step:4829/5100 train_loss:3.1875 train_time:1226301ms step_avg:254.47ms
step:4830/5100 train_loss:3.3438 train_time:1226551ms step_avg:254.47ms
step:4831/5100 train_loss:3.5469 train_time:1226802ms step_avg:254.47ms
step:4832/5100 train_loss:3.2344 train_time:1227056ms step_avg:254.47ms
step:4833/5100 train_loss:3.3438 train_time:1227307ms step_avg:254.47ms
step:4834/5100 train_loss:3.2656 train_time:1227566ms step_avg:254.47ms
step:4835/5100 train_loss:3.4219 train_time:1227808ms step_avg:254.47ms
step:4836/5100 train_loss:3.2812 train_time:1228062ms step_avg:254.47ms
step:4837/5100 train_loss:3.6250 train_time:1228311ms step_avg:254.47ms
step:4838/5100 train_loss:3.2969 train_time:1228563ms step_avg:254.47ms
step:4839/5100 train_loss:3.3125 train_time:1228818ms step_avg:254.47ms
step:4840/5100 train_loss:3.2500 train_time:1229069ms step_avg:254.47ms
step:4841/5100 train_loss:3.3281 train_time:1229319ms step_avg:254.46ms
step:4842/5100 train_loss:3.2656 train_time:1229570ms step_avg:254.46ms
step:4843/5100 train_loss:3.1875 train_time:1229822ms step_avg:254.46ms
step:4844/5100 train_loss:3.0938 train_time:1230072ms step_avg:254.46ms
step:4845/5100 train_loss:3.2500 train_time:1230330ms step_avg:254.46ms
step:4846/5100 train_loss:3.2500 train_time:1230575ms step_avg:254.46ms
step:4847/5100 train_loss:3.4844 train_time:1230829ms step_avg:254.46ms
step:4848/5100 train_loss:3.2031 train_time:1231080ms step_avg:254.46ms
step:4849/5100 train_loss:3.3750 train_time:1231331ms step_avg:254.46ms
step:4850/5100 train_loss:3.3281 train_time:1231582ms step_avg:254.46ms
step:4851/5100 train_loss:3.3594 train_time:1231831ms step_avg:254.46ms
step:4852/5100 train_loss:2.8750 train_time:1232081ms step_avg:254.46ms
step:4853/5100 train_loss:3.1250 train_time:1232332ms step_avg:254.46ms
step:4854/5100 train_loss:3.2500 train_time:1232582ms step_avg:254.46ms
step:4855/5100 train_loss:3.2656 train_time:1232832ms step_avg:254.45ms
step:4856/5100 train_loss:3.5312 train_time:1233083ms step_avg:254.45ms
step:4857/5100 train_loss:3.2188 train_time:1233339ms step_avg:254.45ms
step:4858/5100 train_loss:3.3125 train_time:1233585ms step_avg:254.45ms
step:4859/5100 train_loss:3.3281 train_time:1233837ms step_avg:254.45ms
step:4860/5100 train_loss:3.2812 train_time:1234092ms step_avg:254.45ms
step:4861/5100 train_loss:3.2656 train_time:1234340ms step_avg:254.45ms
step:4862/5100 train_loss:3.2969 train_time:1234596ms step_avg:254.45ms
step:4863/5100 train_loss:3.3281 train_time:1234847ms step_avg:254.45ms
step:4864/5100 train_loss:3.1719 train_time:1235094ms step_avg:254.45ms
step:4865/5100 train_loss:3.4062 train_time:1235345ms step_avg:254.45ms
step:4866/5100 train_loss:3.0469 train_time:1235598ms step_avg:254.45ms
step:4867/5100 train_loss:3.2969 train_time:1235857ms step_avg:254.45ms
step:4868/5100 train_loss:3.3281 train_time:1236107ms step_avg:254.45ms
step:4869/5100 train_loss:3.2969 train_time:1236359ms step_avg:254.45ms
step:4870/5100 train_loss:3.3438 train_time:1236601ms step_avg:254.44ms
step:4871/5100 train_loss:3.4062 train_time:1236857ms step_avg:254.44ms
step:4872/5100 train_loss:3.2500 train_time:1237114ms step_avg:254.45ms
step:4873/5100 train_loss:3.5312 train_time:1237366ms step_avg:254.45ms
step:4874/5100 train_loss:3.3750 train_time:1237616ms step_avg:254.44ms
step:4875/5100 train_loss:3.4531 train_time:1237867ms step_avg:254.44ms
step:4875/5100 val_loss:3.2883 train_time:1238025ms step_avg:254.48ms
step:4876/5100 train_loss:3.2812 train_time:1238119ms step_avg:254.44ms
step:4877/5100 train_loss:3.1562 train_time:1238371ms step_avg:254.44ms
step:4878/5100 train_loss:3.2500 train_time:1238620ms step_avg:254.44ms
step:4879/5100 train_loss:3.0938 train_time:1238873ms step_avg:254.44ms
step:4880/5100 train_loss:3.3906 train_time:1239123ms step_avg:254.44ms
step:4881/5100 train_loss:3.2969 train_time:1239375ms step_avg:254.44ms
step:4882/5100 train_loss:3.4219 train_time:1239627ms step_avg:254.44ms
step:4883/5100 train_loss:3.4062 train_time:1239879ms step_avg:254.44ms
step:4884/5100 train_loss:3.2500 train_time:1240128ms step_avg:254.44ms
step:4885/5100 train_loss:3.1719 train_time:1240382ms step_avg:254.44ms
step:4886/5100 train_loss:3.3594 train_time:1240633ms step_avg:254.44ms
step:4887/5100 train_loss:3.3750 train_time:1240882ms step_avg:254.44ms
step:4888/5100 train_loss:3.1875 train_time:1241134ms step_avg:254.44ms
step:4889/5100 train_loss:3.1250 train_time:1241384ms step_avg:254.43ms
step:4890/5100 train_loss:3.4062 train_time:1241640ms step_avg:254.43ms
step:4891/5100 train_loss:3.2656 train_time:1241889ms step_avg:254.43ms
step:4892/5100 train_loss:3.3750 train_time:1242141ms step_avg:254.43ms
step:4893/5100 train_loss:3.2500 train_time:1242394ms step_avg:254.43ms
step:4894/5100 train_loss:3.5000 train_time:1242645ms step_avg:254.43ms
step:4895/5100 train_loss:3.6250 train_time:1242901ms step_avg:254.43ms
step:4896/5100 train_loss:3.2812 train_time:1243149ms step_avg:254.43ms
step:4897/5100 train_loss:3.2031 train_time:1243398ms step_avg:254.43ms
step:4898/5100 train_loss:3.2188 train_time:1243650ms step_avg:254.43ms
step:4899/5100 train_loss:3.2031 train_time:1243901ms step_avg:254.43ms
step:4900/5100 train_loss:3.3125 train_time:1244154ms step_avg:254.43ms
step:4901/5100 train_loss:3.1719 train_time:1244410ms step_avg:254.43ms
step:4902/5100 train_loss:3.2188 train_time:1244664ms step_avg:254.43ms
step:4903/5100 train_loss:3.3594 train_time:1244916ms step_avg:254.43ms
step:4904/5100 train_loss:3.2344 train_time:1245160ms step_avg:254.43ms
step:4905/5100 train_loss:3.2812 train_time:1245409ms step_avg:254.42ms
step:4906/5100 train_loss:3.3750 train_time:1245658ms step_avg:254.42ms
step:4907/5100 train_loss:3.1562 train_time:1245909ms step_avg:254.42ms
step:4908/5100 train_loss:3.1719 train_time:1246160ms step_avg:254.42ms
step:4909/5100 train_loss:3.1406 train_time:1246415ms step_avg:254.42ms
step:4910/5100 train_loss:3.3125 train_time:1246669ms step_avg:254.42ms
step:4911/5100 train_loss:3.3438 train_time:1246914ms step_avg:254.42ms
step:4912/5100 train_loss:3.3594 train_time:1247165ms step_avg:254.42ms
step:4913/5100 train_loss:3.3594 train_time:1247416ms step_avg:254.42ms
step:4914/5100 train_loss:3.2031 train_time:1247667ms step_avg:254.42ms
step:4915/5100 train_loss:3.0625 train_time:1248018ms step_avg:254.44ms
step:4916/5100 train_loss:3.3594 train_time:1248273ms step_avg:254.44ms
step:4917/5100 train_loss:3.3594 train_time:1248526ms step_avg:254.44ms
step:4918/5100 train_loss:3.1406 train_time:1248772ms step_avg:254.44ms
step:4919/5100 train_loss:3.3281 train_time:1249024ms step_avg:254.44ms
step:4920/5100 train_loss:3.2500 train_time:1249279ms step_avg:254.44ms
step:4921/5100 train_loss:3.3594 train_time:1249527ms step_avg:254.43ms
step:4922/5100 train_loss:3.4375 train_time:1249784ms step_avg:254.43ms
step:4923/5100 train_loss:3.2812 train_time:1250026ms step_avg:254.43ms
step:4924/5100 train_loss:3.2188 train_time:1250277ms step_avg:254.43ms
step:4925/5100 train_loss:3.4219 train_time:1250528ms step_avg:254.43ms
step:4926/5100 train_loss:3.2969 train_time:1250778ms step_avg:254.43ms
step:4927/5100 train_loss:3.1875 train_time:1251029ms step_avg:254.43ms
step:4928/5100 train_loss:3.2031 train_time:1251281ms step_avg:254.43ms
step:4929/5100 train_loss:3.2656 train_time:1251533ms step_avg:254.43ms
step:4930/5100 train_loss:3.3750 train_time:1251783ms step_avg:254.43ms
step:4931/5100 train_loss:4.0938 train_time:1252042ms step_avg:254.43ms
step:4932/5100 train_loss:3.2969 train_time:1252294ms step_avg:254.43ms
step:4933/5100 train_loss:3.3125 train_time:1252541ms step_avg:254.43ms
step:4934/5100 train_loss:3.3906 train_time:1252790ms step_avg:254.43ms
step:4935/5100 train_loss:2.9844 train_time:1253043ms step_avg:254.42ms
step:4936/5100 train_loss:3.4375 train_time:1253292ms step_avg:254.42ms
step:4937/5100 train_loss:3.3594 train_time:1253543ms step_avg:254.42ms
step:4938/5100 train_loss:3.4531 train_time:1253793ms step_avg:254.42ms
step:4939/5100 train_loss:3.3906 train_time:1254044ms step_avg:254.42ms
step:4940/5100 train_loss:3.6094 train_time:1254686ms step_avg:254.50ms
step:4941/5100 train_loss:3.2500 train_time:1254951ms step_avg:254.50ms
step:4942/5100 train_loss:3.3750 train_time:1255200ms step_avg:254.50ms
step:4943/5100 train_loss:2.9844 train_time:1255451ms step_avg:254.50ms
step:4944/5100 train_loss:3.3750 train_time:1255702ms step_avg:254.50ms
step:4945/5100 train_loss:3.7969 train_time:1255952ms step_avg:254.50ms
step:4946/5100 train_loss:3.1719 train_time:1256204ms step_avg:254.50ms
step:4947/5100 train_loss:3.2031 train_time:1256454ms step_avg:254.50ms
step:4948/5100 train_loss:3.4219 train_time:1256709ms step_avg:254.50ms
step:4949/5100 train_loss:3.1094 train_time:1256956ms step_avg:254.50ms
step:4950/5100 train_loss:3.3906 train_time:1257207ms step_avg:254.50ms
step:4951/5100 train_loss:3.2031 train_time:1257460ms step_avg:254.50ms
step:4952/5100 train_loss:3.4062 train_time:1257712ms step_avg:254.49ms
step:4953/5100 train_loss:3.2188 train_time:1257962ms step_avg:254.49ms
step:4954/5100 train_loss:3.2188 train_time:1258215ms step_avg:254.49ms
step:4955/5100 train_loss:3.1719 train_time:1258465ms step_avg:254.49ms
step:4956/5100 train_loss:3.1406 train_time:1258716ms step_avg:254.49ms
step:4957/5100 train_loss:3.3438 train_time:1258967ms step_avg:254.49ms
step:4958/5100 train_loss:3.1875 train_time:1259218ms step_avg:254.49ms
step:4959/5100 train_loss:3.2031 train_time:1259470ms step_avg:254.49ms
step:4960/5100 train_loss:3.3281 train_time:1259723ms step_avg:254.49ms
step:4961/5100 train_loss:3.5938 train_time:1259971ms step_avg:254.49ms
step:4962/5100 train_loss:3.1875 train_time:1260222ms step_avg:254.49ms
step:4963/5100 train_loss:3.3438 train_time:1260472ms step_avg:254.49ms
step:4964/5100 train_loss:3.1875 train_time:1260725ms step_avg:254.49ms
step:4965/5100 train_loss:4.3750 train_time:1260972ms step_avg:254.48ms
step:4966/5100 train_loss:3.2188 train_time:1261224ms step_avg:254.48ms
step:4967/5100 train_loss:3.2969 train_time:1261479ms step_avg:254.48ms
step:4968/5100 train_loss:3.3438 train_time:1261728ms step_avg:254.48ms
step:4969/5100 train_loss:4.4375 train_time:1261978ms step_avg:254.48ms
step:4970/5100 train_loss:3.4844 train_time:1262231ms step_avg:254.48ms
step:4971/5100 train_loss:3.3750 train_time:1262480ms step_avg:254.48ms
step:4972/5100 train_loss:3.3438 train_time:1262736ms step_avg:254.48ms
step:4973/5100 train_loss:3.3594 train_time:1262989ms step_avg:254.48ms
step:4974/5100 train_loss:3.2500 train_time:1263238ms step_avg:254.48ms
step:4975/5100 train_loss:3.2500 train_time:1263490ms step_avg:254.48ms
step:4976/5100 train_loss:3.3594 train_time:1263741ms step_avg:254.48ms
step:4977/5100 train_loss:3.2656 train_time:1263991ms step_avg:254.48ms
step:4978/5100 train_loss:3.1875 train_time:1264243ms step_avg:254.48ms
step:4979/5100 train_loss:3.3281 train_time:1264493ms step_avg:254.48ms
step:4980/5100 train_loss:3.1875 train_time:1264742ms step_avg:254.48ms
step:4981/5100 train_loss:3.4531 train_time:1264992ms step_avg:254.47ms
step:4982/5100 train_loss:3.4062 train_time:1265243ms step_avg:254.47ms
step:4983/5100 train_loss:3.0938 train_time:1265496ms step_avg:254.47ms
step:4984/5100 train_loss:2.9844 train_time:1265746ms step_avg:254.47ms
step:4985/5100 train_loss:3.6719 train_time:1265996ms step_avg:254.47ms
step:4986/5100 train_loss:3.5625 train_time:1266249ms step_avg:254.47ms
step:4987/5100 train_loss:3.2812 train_time:1266504ms step_avg:254.47ms
step:4988/5100 train_loss:3.3281 train_time:1266754ms step_avg:254.47ms
step:4989/5100 train_loss:3.3438 train_time:1267005ms step_avg:254.47ms
step:4990/5100 train_loss:3.2344 train_time:1267254ms step_avg:254.47ms
step:4991/5100 train_loss:3.2344 train_time:1267504ms step_avg:254.47ms
step:4992/5100 train_loss:3.3906 train_time:1267754ms step_avg:254.47ms
step:4993/5100 train_loss:3.0625 train_time:1268007ms step_avg:254.47ms
step:4994/5100 train_loss:3.2969 train_time:1268260ms step_avg:254.47ms
step:4995/5100 train_loss:3.2344 train_time:1268513ms step_avg:254.47ms
step:4996/5100 train_loss:3.4844 train_time:1268758ms step_avg:254.46ms
step:4997/5100 train_loss:3.3281 train_time:1269012ms step_avg:254.46ms
step:4998/5100 train_loss:3.3281 train_time:1269260ms step_avg:254.46ms
step:4999/5100 train_loss:3.3906 train_time:1269516ms step_avg:254.46ms
step:5000/5100 train_loss:3.5000 train_time:1269767ms step_avg:254.46ms
step:5000/5100 val_loss:3.2802 train_time:1269924ms step_avg:254.49ms
step:5001/5100 train_loss:3.3281 train_time:1270021ms step_avg:254.46ms
step:5002/5100 train_loss:3.3125 train_time:1270268ms step_avg:254.46ms
step:5003/5100 train_loss:3.3125 train_time:1270520ms step_avg:254.46ms
step:5004/5100 train_loss:3.3906 train_time:1270774ms step_avg:254.46ms
step:5005/5100 train_loss:3.1875 train_time:1271025ms step_avg:254.46ms
step:5006/5100 train_loss:3.0625 train_time:1271275ms step_avg:254.46ms
step:5007/5100 train_loss:3.2500 train_time:1271526ms step_avg:254.46ms
step:5008/5100 train_loss:3.3281 train_time:1271784ms step_avg:254.46ms
step:5009/5100 train_loss:3.0938 train_time:1272029ms step_avg:254.46ms
step:5010/5100 train_loss:3.2500 train_time:1272279ms step_avg:254.46ms
step:5011/5100 train_loss:3.6250 train_time:1272529ms step_avg:254.45ms
step:5012/5100 train_loss:3.2344 train_time:1272780ms step_avg:254.45ms
step:5013/5100 train_loss:3.2969 train_time:1273032ms step_avg:254.45ms
step:5014/5100 train_loss:3.0625 train_time:1273283ms step_avg:254.45ms
step:5015/5100 train_loss:3.3125 train_time:1273535ms step_avg:254.45ms
step:5016/5100 train_loss:3.2344 train_time:1273783ms step_avg:254.45ms
step:5017/5100 train_loss:3.1719 train_time:1274033ms step_avg:254.45ms
step:5018/5100 train_loss:3.2500 train_time:1274285ms step_avg:254.45ms
step:5019/5100 train_loss:3.2656 train_time:1274537ms step_avg:254.45ms
step:5020/5100 train_loss:3.9531 train_time:1274788ms step_avg:254.45ms
step:5021/5100 train_loss:3.1719 train_time:1275040ms step_avg:254.45ms
step:5022/5100 train_loss:3.2344 train_time:1275290ms step_avg:254.45ms
step:5023/5100 train_loss:3.2969 train_time:1275539ms step_avg:254.45ms
step:5024/5100 train_loss:3.4375 train_time:1275793ms step_avg:254.45ms
step:5025/5100 train_loss:3.1875 train_time:1276046ms step_avg:254.45ms
step:5026/5100 train_loss:3.5625 train_time:1276294ms step_avg:254.44ms
step:5027/5100 train_loss:3.2031 train_time:1276545ms step_avg:254.44ms
step:5028/5100 train_loss:3.3438 train_time:1276795ms step_avg:254.44ms
step:5029/5100 train_loss:3.4219 train_time:1277050ms step_avg:254.44ms
step:5030/5100 train_loss:3.3906 train_time:1277299ms step_avg:254.44ms
step:5031/5100 train_loss:3.2031 train_time:1277549ms step_avg:254.44ms
step:5032/5100 train_loss:3.2812 train_time:1277802ms step_avg:254.44ms
step:5033/5100 train_loss:3.0938 train_time:1278055ms step_avg:254.44ms
step:5034/5100 train_loss:3.3750 train_time:1278304ms step_avg:254.44ms
step:5035/5100 train_loss:3.4219 train_time:1278560ms step_avg:254.44ms
step:5036/5100 train_loss:3.1719 train_time:1278808ms step_avg:254.44ms
step:5037/5100 train_loss:3.2031 train_time:1279056ms step_avg:254.44ms
step:5038/5100 train_loss:3.1719 train_time:1279308ms step_avg:254.44ms
step:5039/5100 train_loss:3.2656 train_time:1279559ms step_avg:254.44ms
step:5040/5100 train_loss:3.1875 train_time:1279814ms step_avg:254.44ms
step:5041/5100 train_loss:3.4531 train_time:1280060ms step_avg:254.43ms
step:5042/5100 train_loss:3.2500 train_time:1280311ms step_avg:254.43ms
step:5043/5100 train_loss:3.3594 train_time:1280564ms step_avg:254.43ms
step:5044/5100 train_loss:3.2500 train_time:1280816ms step_avg:254.43ms
step:5045/5100 train_loss:3.4688 train_time:1281066ms step_avg:254.43ms
step:5046/5100 train_loss:3.1406 train_time:1281318ms step_avg:254.43ms
step:5047/5100 train_loss:3.2656 train_time:1281570ms step_avg:254.43ms
step:5048/5100 train_loss:2.8750 train_time:1281821ms step_avg:254.43ms
step:5049/5100 train_loss:3.3750 train_time:1282069ms step_avg:254.43ms
step:5050/5100 train_loss:3.2656 train_time:1282322ms step_avg:254.43ms
step:5051/5100 train_loss:3.1875 train_time:1282575ms step_avg:254.43ms
step:5052/5100 train_loss:3.2656 train_time:1282825ms step_avg:254.43ms
step:5053/5100 train_loss:3.2188 train_time:1283074ms step_avg:254.43ms
step:5054/5100 train_loss:3.3906 train_time:1283326ms step_avg:254.43ms
step:5055/5100 train_loss:3.5312 train_time:1283580ms step_avg:254.43ms
step:5056/5100 train_loss:3.3125 train_time:1283829ms step_avg:254.43ms
step:5057/5100 train_loss:3.2500 train_time:1284079ms step_avg:254.42ms
step:5058/5100 train_loss:3.1562 train_time:1284332ms step_avg:254.42ms
step:5059/5100 train_loss:2.9375 train_time:1284585ms step_avg:254.42ms
step:5060/5100 train_loss:3.2500 train_time:1284836ms step_avg:254.42ms
step:5061/5100 train_loss:3.2656 train_time:1285091ms step_avg:254.42ms
step:5062/5100 train_loss:3.2500 train_time:1285339ms step_avg:254.42ms
step:5063/5100 train_loss:3.4844 train_time:1285588ms step_avg:254.42ms
step:5064/5100 train_loss:3.3438 train_time:1285839ms step_avg:254.42ms
step:5065/5100 train_loss:3.3281 train_time:1286090ms step_avg:254.42ms
step:5066/5100 train_loss:3.3594 train_time:1286348ms step_avg:254.42ms
step:5067/5100 train_loss:3.8281 train_time:1286598ms step_avg:254.42ms
step:5068/5100 train_loss:3.2500 train_time:1286848ms step_avg:254.42ms
step:5069/5100 train_loss:3.5156 train_time:1287096ms step_avg:254.42ms
step:5070/5100 train_loss:3.3438 train_time:1287348ms step_avg:254.42ms
step:5071/5100 train_loss:3.4531 train_time:1287598ms step_avg:254.42ms
step:5072/5100 train_loss:3.2656 train_time:1287848ms step_avg:254.41ms
step:5073/5100 train_loss:3.3906 train_time:1288101ms step_avg:254.41ms
step:5074/5100 train_loss:3.4531 train_time:1288352ms step_avg:254.41ms
step:5075/5100 train_loss:3.3438 train_time:1288602ms step_avg:254.41ms
step:5076/5100 train_loss:3.2500 train_time:1288853ms step_avg:254.41ms
step:5077/5100 train_loss:3.1875 train_time:1289102ms step_avg:254.41ms
step:5078/5100 train_loss:3.3438 train_time:1289356ms step_avg:254.41ms
step:5079/5100 train_loss:3.5156 train_time:1289606ms step_avg:254.41ms
step:5080/5100 train_loss:3.4688 train_time:1289858ms step_avg:254.41ms
step:5081/5100 train_loss:3.2969 train_time:1290112ms step_avg:254.41ms
step:5082/5100 train_loss:3.3750 train_time:1290360ms step_avg:254.41ms
step:5083/5100 train_loss:3.1562 train_time:1290615ms step_avg:254.41ms
step:5084/5100 train_loss:3.2500 train_time:1290865ms step_avg:254.41ms
step:5085/5100 train_loss:3.1719 train_time:1291117ms step_avg:254.41ms
step:5086/5100 train_loss:3.4375 train_time:1291364ms step_avg:254.41ms
step:5087/5100 train_loss:3.3438 train_time:1291618ms step_avg:254.41ms
step:5088/5100 train_loss:3.2500 train_time:1291863ms step_avg:254.40ms
step:5089/5100 train_loss:3.3281 train_time:1292117ms step_avg:254.40ms
step:5090/5100 train_loss:3.3750 train_time:1292367ms step_avg:254.40ms
step:5091/5100 train_loss:3.3125 train_time:1292619ms step_avg:254.40ms
step:5092/5100 train_loss:3.3125 train_time:1292871ms step_avg:254.40ms
step:5093/5100 train_loss:3.0938 train_time:1293125ms step_avg:254.40ms
step:5094/5100 train_loss:3.2500 train_time:1293375ms step_avg:254.40ms
step:5095/5100 train_loss:3.3125 train_time:1293630ms step_avg:254.40ms
step:5096/5100 train_loss:3.2969 train_time:1293885ms step_avg:254.40ms
step:5097/5100 train_loss:3.2344 train_time:1294132ms step_avg:254.40ms
step:5098/5100 train_loss:3.4062 train_time:1294384ms step_avg:254.40ms
step:5099/5100 train_loss:3.3125 train_time:1294634ms step_avg:254.40ms
step:5100/5100 train_loss:3.2188 train_time:1294883ms step_avg:254.40ms
step:5100/5100 val_loss:3.2765 train_time:1295046ms step_avg:254.43ms
peak memory consumption: 22060 MiB
Metrics saved to logs/metrics.json
