====================================================================================================
import os
import sys
with open(sys.argv[0]) as f:
    code = f.read()
import uuid
import glob
import time
import json
import math
from dataclasses import dataclass

import numpy as np

os.environ.setdefault("TASK_QUEUE_ENABLE", "2")
os.environ.setdefault("CPU_AFFINITY_CONF", "1")
os.environ["PYTORCH_NPU_ALLOC_CONF"] = "expandable_segments:True"
os.environ["TORCH_NPU_COMPILE_CACHE_DIR"] = f"/tmp/record005_rms_l4_{os.environ.get('LOCAL_RANK', '0')}"
import torch
import torch_npu
torch.empty(1, device="npu", requires_grad=True).backward()

from torch import nn
import torch.nn.functional as F
import torch.distributed as dist
from torch.nn.parallel import DistributedDataParallel as DDP

_CAUSAL_MASK_CACHE = {}

def get_compressed_causal_mask(device):
    key = str(device)
    mask = _CAUSAL_MASK_CACHE.get(key)
    if mask is None:
        mask = torch.triu(torch.ones((2048, 2048), device=device, dtype=torch.bool), diagonal=1)
        _CAUSAL_MASK_CACHE[key] = mask
    return mask


def manual_add_rms_norm(a, b, gamma):
    residual = a + b
    rstd = torch.rsqrt((residual * residual).mean(dim=-1, keepdim=True) + torch.finfo(residual.dtype).eps)
    return residual * rstd * gamma, residual


compiled_add_rms_norm = torch.compile(manual_add_rms_norm, backend='npu', dynamic=False)


def fused_add_rms_norm(a, b, gamma):
    return compiled_add_rms_norm(a, b, gamma)

# -----------------------------------------------------------------------------
# Muon optimizer

def zeropower_via_svd(G, steps=None):
    U, S, V = G.svd()
    return U @ V.T

def zeropower_via_newtonschulz5(G, steps=10, eps=1e-7):
    assert len(G.shape) == 2
    a, b, c = (3.4445, -4.7750,  2.0315)
    X = G.bfloat16()
    X /= (X.norm() + eps)
    if G.size(0) > G.size(1):
        X = X.T
    for _ in range(steps):
        A = X @ X.T
        B = A @ X
        X = a * X + b * B + c * A @ B
    if G.size(0) > G.size(1):
        X = X.T
    return X

def zeropower_via_newtonschulz5_batched(G, steps=10, eps=1e-7):
    """Apply the same Newton-Schulz iteration independently to a matrix batch."""
    assert len(G.shape) == 3
    a, b, c = (3.4445, -4.7750, 2.0315)
    X = G.bfloat16()
    X /= (torch.linalg.vector_norm(X, dim=(-2, -1), keepdim=True) + eps)
    transpose = G.size(-2) > G.size(-1)
    if transpose:
        X = X.transpose(-2, -1)
    for _ in range(steps):
        A = X @ X.transpose(-2, -1)
        B = A @ X
        X = a * X + b * B + c * A @ B
    if transpose:
        X = X.transpose(-2, -1)
    return X

zeropower_backends = dict(svd=zeropower_via_svd, newtonschulz5=zeropower_via_newtonschulz5)

class Muon(torch.optim.Optimizer):
    def __init__(self, params, lr=3e-4, momentum=0.95, nesterov=True,
                 backend='newtonschulz5', backend_steps=5, rank=0, world_size=1):
        defaults = dict(lr=lr, momentum=momentum, nesterov=nesterov, backend=backend, backend_steps=backend_steps)
        super().__init__(params, defaults)
        self.rank = rank
        self.world_size = world_size
        self._collective_layout = None

    def _get_collective_layout(self, params):
        if self._collective_layout is not None:
            return self._collective_layout
        if self.world_size != 16 or len(params) != 48:
            raise RuntimeError(
                f"balanced Muon all-gather requires 48 params on 16 ranks, "
                f"got {len(params)} params on {self.world_size} ranks"
            )
        owners = [
            (index // 4) // 3 if index % 4 == 0 else 4 + index // 4
            for index in range(len(params))
        ]
        offsets = []
        loads = [0] * self.world_size
        for param, owner in zip(params, owners):
            offsets.append(loads[owner])
            loads[owner] += param.numel()
        if len(set(loads)) != 1:
            raise RuntimeError(f"Muon all-gather layout is not balanced: {loads}")
        width = loads[0]
        local_updates = torch.zeros(
            width, device=params[0].device, dtype=torch.bfloat16
        )
        gathered_updates = torch.empty(
            self.world_size * width,
            device=params[0].device,
            dtype=torch.bfloat16,
        )
        self._collective_layout = (
            owners, offsets, width, local_updates, gathered_updates
        )
        return self._collective_layout

    def step(self):
        for group in self.param_groups:
            lr = group['lr']
            momentum = group['momentum']
            zeropower_backend = zeropower_backends[group['backend']]
            params = [p for p in group['params'] if p.grad is not None]
            owners, offsets, width, local_updates, gathered_updates = self._get_collective_layout(params)
            local_updates.zero_()
            qkv_batches = []
            for i, p in enumerate(params):
                g = p.grad
                state = self.state[p]
                if 'momentum_buffer' not in state:
                    state['momentum_buffer'] = torch.zeros_like(g)
                if owners[i] == self.rank:
                    buf = state['momentum_buffer']
                    buf.mul_(momentum).add_(g)
                    if group['nesterov']:
                        g = g.add(buf, alpha=momentum)
                    if g.size(0) == 3 * g.size(1) and group['backend'] == 'newtonschulz5':
                        qkv_batches.append((i, p, g.view(3, g.size(1), g.size(1))))
                        continue
                    elif g.size(0) == 3 * g.size(1):
                        g = torch.cat([zeropower_backend(g1, steps=group['backend_steps']) for g1 in g.split(g.size(1))])
                    else:
                        g = zeropower_backend(g, steps=group['backend_steps'])
                    start = offsets[i]
                    local_updates[start:start + p.numel()].copy_(g.reshape(-1))
            if qkv_batches:
                batched = torch.cat([entry[2] for entry in qkv_batches], dim=0)
                batched = zeropower_via_newtonschulz5_batched(
                    batched, steps=group['backend_steps']
                )
                for update, (i, p, _) in zip(batched.split(3), qkv_batches):
                    start = offsets[i]
                    local_updates[start:start + p.numel()].copy_(update.reshape(-1))
            dist.all_gather_into_tensor(gathered_updates, local_updates)
            for i, p in enumerate(params):
                start = owners[i] * width + offsets[i]
                g = gathered_updates[start:start + p.numel()].view_as(p)
                scale = (g.size(1) if g.size(0) == 3 * g.size(1) else max(g.size(0), g.size(1)))**0.5
                p.data.add_(g, alpha=-lr * scale)

    @torch.no_grad()
    def synchronize_state(self):
        """Materialize owner momentum on every rank before checkpointing."""
        for group in self.param_groups:
            params = list(group['params'])
            owners, offsets, width, local_buffer, gathered_buffer = self._get_collective_layout(params)
            local_buffer.zero_()
            for i, p in enumerate(params):
                if owners[i] == self.rank:
                    start = offsets[i]
                    local_buffer[start:start + p.numel()].copy_(
                        self.state[p]['momentum_buffer'].reshape(-1)
                    )
            dist.all_gather_into_tensor(gathered_buffer, local_buffer)
            for i, p in enumerate(params):
                start = owners[i] * width + offsets[i]
                self.state[p]['momentum_buffer'].copy_(
                    gathered_buffer[start:start + p.numel()].view_as(p)
                )

# -----------------------------------------------------------------------------
# PyTorch nn.Module definitions for the GPT-2 model

class Rotary(torch.nn.Module):
    def __init__(self, dim, base=10000):
        super().__init__()
        self.inv_freq = 1.0 / (base ** (torch.arange(0, dim, 2).float() / dim))
        self.seq_len_cached = None
        self.cos_cached = None
        self.sin_cached = None

    def forward(self, x):
        seq_len = x.shape[1]
        if seq_len != self.seq_len_cached:
            self.seq_len_cached = seq_len
            t = torch.arange(seq_len, device=x.device).type_as(self.inv_freq)
            freqs = torch.outer(t, self.inv_freq).to(x.device)
            cos = freqs.cos().bfloat16()
            sin = freqs.sin().bfloat16()
            self.cos_cached = torch.cat((cos, cos), dim=-1)
            self.sin_cached = torch.cat((-sin, -sin), dim=-1)
        return self.cos_cached[None, :, None, :], self.sin_cached[None, :, None, :]

def apply_rotary_emb(x, cos, sin):
    assert x.ndim == 4
    d = x.shape[3]//2
    x1 = x[..., :d]
    x2 = x[..., d:]
    y1 = x1 * cos + x2 * sin
    y2 = x1 * (-sin) + x2 * cos
    return torch.cat([y1, y2], 3).type_as(x)

class CausalSelfAttention(nn.Module):
    def __init__(self, config):
        super().__init__()
        self.n_head = config.n_head
        self.n_embd = config.n_embd
        self.head_dim = self.n_embd // self.n_head
        assert self.n_embd % self.n_head == 0
        self.c_qkv = nn.Linear(self.n_embd, 3 * self.n_embd, bias=False)
        self.c_proj = nn.Linear(self.n_embd, self.n_embd, bias=False)
        self.c_proj.weight.data.zero_()
        self.rotary = Rotary(self.head_dim)
        self.register_buffer('qk_norm_weight', torch.ones(self.head_dim, dtype=torch.bfloat16), persistent=False)

    def _load_from_state_dict(self, state_dict, prefix, *args, **kwargs):
        fused_key = prefix + 'c_qkv.weight'
        legacy_keys = [prefix + f'c_{name}.weight' for name in ('q', 'k', 'v')]
        if fused_key not in state_dict and all(key in state_dict for key in legacy_keys):
            state_dict[fused_key] = torch.cat([state_dict.pop(key) for key in legacy_keys], dim=0)
        super()._load_from_state_dict(state_dict, prefix, *args, **kwargs)

    def forward(self, x):
        B, T, C = x.size()
        qkv = self.c_qkv(x).view(B, T, 3, self.n_head, self.head_dim)
        q, k, v = qkv.unbind(dim=2)
        cos, sin = self.rotary(q)
        q = torch_npu.npu_rms_norm(q, self.qk_norm_weight, torch.finfo(torch.float32).eps)[0]
        k = torch_npu.npu_rms_norm(k, self.qk_norm_weight, torch.finfo(torch.float32).eps)[0]
        q = torch_npu.npu_rotary_mul(q, cos, sin, 'half')
        k = torch_npu.npu_rotary_mul(k, cos, sin, 'half')
        y = torch_npu.npu_fusion_attention(
            q, k, v, self.n_head, "BSND",
            atten_mask=get_compressed_causal_mask(q.device),
            scale=1.0 / math.sqrt(self.head_dim), keep_prob=1.0,
            pre_tockens=65536, next_tockens=0, inner_precise=0, sparse_mode=2,
        )[0].view_as(x)
        y = self.c_proj(y)
        return y

def mlp_activation_where(x):
    return torch.where(x > 0, x * x, torch.zeros((), device=x.device, dtype=x.dtype))


compiled_mlp_activation = torch.compile(mlp_activation_where, backend='npu', dynamic=False)


class MLP(nn.Module):
    def __init__(self, config):
        super().__init__()
        self.c_fc    = nn.Linear(config.n_embd, 4 * config.n_embd, bias=False)
        self.c_proj  = nn.Linear(4 * config.n_embd, config.n_embd, bias=False)
        self.c_proj.weight.data.zero_()

    def forward(self, x):
        x = self.c_fc(x)
        x = compiled_mlp_activation(x)
        x = self.c_proj(x)
        return x

class Block(nn.Module):
    def __init__(self, config):
        super().__init__()
        self.attn = CausalSelfAttention(config)
        self.mlp = MLP(config)
        self.register_buffer('rms_weight', torch.ones(config.n_embd), persistent=False)

    def forward(self, x, normalized_x):
        normalized_x, x = fused_add_rms_norm(x, self.attn(normalized_x), self.rms_weight)
        normalized_x, x = fused_add_rms_norm(x, self.mlp(normalized_x), self.rms_weight)
        return x, normalized_x

# -----------------------------------------------------------------------------
# The main GPT-2 model

@dataclass
class GPTConfig:
    vocab_size : int = 50304
    n_layer : int = 12
    n_head : int = 6
    n_embd : int = 768

class GPT(nn.Module):
    def __init__(self, config):
        super().__init__()
        self.config = config
        self.transformer = nn.ModuleDict(dict(
            wte = nn.Embedding(config.vocab_size, config.n_embd),
            h = nn.ModuleList([Block(config) for _ in range(config.n_layer)]),
        ))
        self.lm_head = nn.Linear(config.n_embd, config.vocab_size, bias=False)
        self.transformer.wte.weight = self.lm_head.weight

    def forward(self, idx, targets=None, return_logits=True):
        x = self.transformer.wte(idx)
        normalized_x = F.rms_norm(x, (x.size(-1),))
        for block in self.transformer.h:
            x, normalized_x = block(x, normalized_x)
        x = normalized_x
        if targets is not None:
            logits = self.lm_head(x)
            if self.training:
                loss = torch_npu.npu_cross_entropy_loss(
                    logits.view(-1, logits.size(-1)),
                    targets.view(-1),
                    None,
                    "mean",
                    -1,
                    0.0,
                    0.0,
                    False,
                )[0].squeeze(0)
            else:
                loss = F.cross_entropy(
                    logits.view(-1, logits.size(-1)),
                    targets.view(-1),
                    ignore_index=-1,
                )
        else:
            logits = self.lm_head(x[:, [-1], :])
            logits = logits.float()
            loss = None
        if not return_logits:
            logits = None
        return logits, loss

# -----------------------------------------------------------------------------
# Our own simple Distributed Data Loader

def _peek_data_shard(filename):
    with open(filename, "rb") as f:
        header = np.frombuffer(f.read(256*4), dtype=np.int32)
    if header[0] != 20240520:
        print("ERROR: magic number mismatch in the data .bin file!")
        exit(1)
    assert header[1] == 1, "unsupported version"
    ntok = header[2]
    return ntok

def _load_data_shard(filename):
    with open(filename, "rb") as f:
        header = np.frombuffer(f.read(256*4), dtype=np.int32)
        assert header[0] == 20240520, "magic number mismatch in the data .bin file"
        assert header[1] == 1, "unsupported version"
        ntok = header[2]
        tokens = np.frombuffer(f.read(), dtype=np.uint16)
    assert len(tokens) == ntok, "number of tokens read does not match header?"
    return tokens

class DistributedDataLoader:
    def __init__(self, filename_pattern, B, T, process_rank, num_processes):
        self.process_rank = process_rank
        self.num_processes = num_processes
        self.B = B
        self.T = T
        self.files = sorted(glob.glob(filename_pattern))
        assert len(self.files) > 0, f"did not find any files that match the pattern {filename_pattern}"
        ntok_total = 0
        for fname in self.files:
            shard_ntok = _peek_data_shard(fname)
            assert shard_ntok >= num_processes * B * T + 1
            ntok_total += int(shard_ntok)
        self.ntok_total = ntok_total
        self.reset()

    def reset(self):
        self.current_shard = 0
        self.current_position = self.process_rank * self.B * self.T
        self.tokens = _load_data_shard(self.files[self.current_shard])

    def advance(self):
        self.current_shard = (self.current_shard + 1) % len(self.files)
        self.current_position = self.process_rank * self.B * self.T
        self.tokens = _load_data_shard(self.files[self.current_shard])

    def next_batch(self):
        B = self.B
        T = self.T
        buf = self.tokens[self.current_position : self.current_position+B*T+1]
        buf = torch.tensor(buf.astype(np.int32), dtype=torch.long)
        x = (buf[:-1]).view(B, T)
        y = (buf[1:]).view(B, T)
        self.current_position += B * T * self.num_processes
        if self.current_position + (B * T * self.num_processes + 1) > len(self.tokens):
            self.advance()
        return x.npu(), y.npu()

# -----------------------------------------------------------------------------
# int main

@dataclass
class Hyperparameters:
    input_bin : str = 'data/fineweb10B/fineweb_train_*.bin'
    input_val_bin : str = 'data/fineweb10B/fineweb_val_*.bin'
    batch_size : int = 8*64
    device_batch_size : int = 32
    sequence_length : int = 1024
    num_iterations : int = 5100
    learning_rate : float = 0.0036
    warmup_iters : int = 0
    warmdown_iters : int = 1450
    weight_decay : float = 0
    val_loss_every : int = 125
    val_tokens : int = 10485760
    save_every : int = 0
args = Hyperparameters()

data_path = os.environ.get("DATA_PATH", ".")
args.input_bin = os.path.join(data_path, args.input_bin)
args.input_val_bin = os.path.join(data_path, args.input_val_bin)

assert torch.npu.is_available()
dist.init_process_group(backend='hccl')
ddp_rank = int(os.environ['RANK'])
ddp_local_rank = int(os.environ['LOCAL_RANK'])
ddp_world_size = int(os.environ['WORLD_SIZE'])
device = f'npu:{ddp_local_rank}'
torch.npu.set_device(device)
print(f"using device: {device}")
master_process = (ddp_rank == 0)

B, T = args.device_batch_size, args.sequence_length
assert args.val_tokens % (B * T * ddp_world_size) == 0
val_steps = args.val_tokens // (B * T * ddp_world_size)
assert args.batch_size % (B * ddp_world_size) == 0
train_accumulation_steps = args.batch_size // (B * ddp_world_size)

train_loader = DistributedDataLoader(args.input_bin, B, T, ddp_rank, ddp_world_size)
val_loader = DistributedDataLoader(args.input_val_bin, B, T, ddp_rank, ddp_world_size)
if master_process:
    print(f"Training DataLoader: total number of tokens: {train_loader.ntok_total} across {len(train_loader.files)} files")
    print(f"Validation DataLoader: total number of tokens: {val_loader.ntok_total} across {len(val_loader.files)} files")
    print(f"train_accumulation_steps: {train_accumulation_steps}")
x, y = train_loader.next_batch()

num_vocab = 50304
model = GPT(GPTConfig(vocab_size=num_vocab, n_layer=12, n_head=6, n_embd=768))
model = model.npu()
model = DDP(
    model,
    device_ids=[ddp_local_rank],
    broadcast_buffers=False,
    gradient_as_bucket_view=True,
    static_graph=True,
    bucket_cap_mb=50,
)
raw_model = model.module
ctx = torch.amp.autocast(device_type='npu', dtype=torch.bfloat16)

optimizer1 = torch.optim.AdamW(raw_model.lm_head.parameters(), lr=args.learning_rate, betas=(0.9, 0.95),
                               weight_decay=args.weight_decay, fused=False)
optimizer2 = Muon(raw_model.transformer.h.parameters(), lr=0.1*args.learning_rate, momentum=0.95,
                  rank=ddp_rank, world_size=ddp_world_size)
optimizers = [optimizer1, optimizer2]

def get_lr(it):
    assert it <= args.num_iterations
    if it < args.warmup_iters:
        return (it+1) / args.warmup_iters
    elif it < args.num_iterations - args.warmdown_iters:
        return 1.0
    else:
        decay_ratio = (args.num_iterations - it) / args.warmdown_iters
        return decay_ratio
schedulers = [torch.optim.lr_scheduler.LambdaLR(opt, get_lr) for opt in optimizers]

logfile = None
run_dir = os.environ.get("RUN_DIR", None)
if master_process:
    run_id = os.environ.get("RUN_ID", str(uuid.uuid4()))
    if run_dir is None:
        run_dir = f'logs/{run_id}'
    os.makedirs(run_dir, exist_ok=True)
    logfile = os.path.join(run_dir, 'train.log')
    with open(logfile, "w") as f:
        f.write('='*100 + '\n')
        f.write(code)
        f.write('='*100 + '\n')
        f.write(f"Running pytorch {torch.version.__version__}\n")
        import subprocess
        result = subprocess.run(['npu-smi', 'info'], stdout=subprocess.PIPE, stderr=subprocess.PIPE, text=True)
        f.write(f'{result.stdout}\n')
        f.write('='*100 + '\n')

training_time_ms = 0
torch.npu.synchronize()
t0 = time.time()
train_loader.reset()
for step in range(args.num_iterations + 1):
    last_step = (step == args.num_iterations)
    if step == 10:
        training_time_ms = 0
        t0 = time.time()
    timed_steps = float('nan') if step <= 11 else (step - 10) + 1

    if (last_step or (args.val_loss_every > 0 and step % args.val_loss_every == 0)):
        torch.npu.synchronize()
        training_time_ms += 1000 * (time.time() - t0)
        model.eval()
        val_loader.reset()
        val_loss = 0.0
        for _ in range(val_steps):
            x_val, y_val = val_loader.next_batch()
            with ctx:
                _, loss = model(x_val, y_val, return_logits=False)
                val_loss += loss.detach()
                del loss
        dist.all_reduce(val_loss, op=dist.ReduceOp.AVG)
        val_loss /= val_steps
        if master_process:
            print(f'step:{step}/{args.num_iterations} val_loss:{val_loss:.4f} train_time:{training_time_ms:.0f}ms step_avg:{training_time_ms/(timed_steps-1):.2f}ms')
            if logfile:
                with open(logfile, "a") as f:
                    f.write(f'step:{step}/{args.num_iterations} val_loss:{val_loss:.4f} train_time:{training_time_ms:.0f}ms step_avg:{training_time_ms/(timed_steps-1):.2f}ms\n')
        torch.npu.synchronize()
        t0 = time.time()

    save_step = last_step or (args.save_every > 0 and step % args.save_every == 0)
    if save_step:
        torch.npu.synchronize()
        if master_process:
            training_time_ms += 1000 * (time.time() - t0)
        optimizer2.synchronize_state()
    if master_process and save_step:
        if run_dir:
            log = dict(step=step, code=code, model=raw_model.state_dict(), optimizers=[opt.state_dict() for opt in optimizers])
            torch.save(log, os.path.join(run_dir, f'state_step{step:06d}.pt'))
    if save_step:
        torch.npu.synchronize()
        if master_process:
            t0 = time.time()

    if last_step:
        break

    model.train()
    for i in range(1, train_accumulation_steps+1):
        with ctx:
            _, loss = model(x, y, return_logits=False)
            train_loss = loss.detach()
        x, y = train_loader.next_batch()
        if i < train_accumulation_steps:
            with model.no_sync():
                loss.backward()
        else:
            loss.backward()
    if train_accumulation_steps > 1:
        for p in model.parameters():
            p.grad /= train_accumulation_steps
    for opt, sched in zip(optimizers, schedulers):
        opt.step()
        sched.step()
    model.zero_grad(set_to_none=True)

    if master_process:
        approx_time = training_time_ms + 1000 * (time.time() - t0)
        print(f"step:{step+1}/{args.num_iterations} train_loss:deferred train_time:{approx_time:.0f}ms step_avg:{approx_time/timed_steps:.2f}ms")
        if logfile:
            with open(logfile, "a") as f:
                f.write(f"step:{step+1}/{args.num_iterations} train_loss:deferred train_time:{approx_time:.0f}ms step_avg:{approx_time/timed_steps:.2f}ms\n")

if master_process:
    print(f"peak memory consumption: {torch.npu.max_memory_allocated() // 1024 // 1024} MiB")

    if run_dir and logfile:
        final_val = float(val_loss.item()) if val_loss is not None else None
        metrics = {"final_val_loss": final_val, "training_time_ms": training_time_ms}
        metrics_path = os.path.join(run_dir, "metrics.json")
        with open(metrics_path, "w") as f:
            json.dump(metrics, f, indent=2)
        print(f"Metrics saved to {metrics_path}")

dist.destroy_process_group()
====================================================================================================
Running pytorch 2.7.1+cpu
+------------------------------------------------------------------------------------------------+
| npu-smi 25.5.2                   Version: 25.5.2                                               |
+---------------------------+---------------+----------------------------------------------------+
| NPU   Name                | Health        | Power(W)    Temp(C)           Hugepages-Usage(page)|
| Chip  Phy-ID              | Bus-Id        | AICore(%)   Memory-Usage(MB)  HBM-Usage(MB)        |
+===========================+===============+====================================================+
| 0     Ascend910           | OK            | 194.4       40                0    / 0             |
| 0     0                   | 0000:9D:00.0  | 0           0    / 0          5580 / 65536         |
+------------------------------------------------------------------------------------------------+
| 0     Ascend910           | OK            | -           39                0    / 0             |
| 1     1                   | 0000:9F:00.0  | 0           0    / 0          4397 / 65536         |
+===========================+===============+====================================================+
| 1     Ascend910           | OK            | 195.9       40                0    / 0             |
| 0     2                   | 0000:99:00.0  | 0           0    / 0          4634 / 65536         |
+------------------------------------------------------------------------------------------------+
| 1     Ascend910           | OK            | -           40                0    / 0             |
| 1     3                   | 0000:9B:00.0  | 0           0    / 0          4400 / 65536         |
+===========================+===============+====================================================+
| 2     Ascend910           | OK            | 191.4       42                0    / 0             |
| 0     4                   | 0000:95:00.0  | 0           0    / 0          4645 / 65536         |
+------------------------------------------------------------------------------------------------+
| 2     Ascend910           | OK            | -           41                0    / 0             |
| 1     5                   | 0000:97:00.0  | 0           0    / 0          4388 / 65536         |
+===========================+===============+====================================================+
| 3     Ascend910           | OK            | 187.7       41                0    / 0             |
| 0     6                   | 0000:91:00.0  | 0           0    / 0          4632 / 65536         |
+------------------------------------------------------------------------------------------------+
| 3     Ascend910           | OK            | -           40                0    / 0             |
| 1     7                   | 0000:93:00.0  | 0           0    / 0          4400 / 65536         |
+===========================+===============+====================================================+
| 4     Ascend910           | OK            | 194.3       39                0    / 0             |
| 0     8                   | 0000:8D:00.0  | 0           0    / 0          4644 / 65536         |
+------------------------------------------------------------------------------------------------+
| 4     Ascend910           | OK            | -           38                0    / 0             |
| 1     9                   | 0000:8F:00.0  | 0           0    / 0          5585 / 65536         |
+===========================+===============+====================================================+
| 5     Ascend910           | OK            | 197.6       40                0    / 0             |
| 0     10                  | 0000:89:00.0  | 0           0    / 0          4646 / 65536         |
+------------------------------------------------------------------------------------------------+
| 5     Ascend910           | OK            | -           39                0    / 0             |
| 1     11                  | 0000:8B:00.0  | 0           0    / 0          4908 / 65536         |
+===========================+===============+====================================================+
| 6     Ascend910           | OK            | 199.3       40                0    / 0             |
| 0     12                  | 0000:85:00.0  | 0           0    / 0          5165 / 65536         |
+------------------------------------------------------------------------------------------------+
| 6     Ascend910           | OK            | -           42                0    / 0             |
| 1     13                  | 0000:87:00.0  | 0           0    / 0          5109 / 65536         |
+===========================+===============+====================================================+
| 7     Ascend910           | OK            | 167.5       43                0    / 0             |
| 0     14                  | 0000:81:00.0  | 0           0    / 0          4643 / 65536         |
+------------------------------------------------------------------------------------------------+
| 7     Ascend910           | OK            | -           41                0    / 0             |
| 1     15                  | 0000:83:00.0  | 0           0    / 0          4390 / 65536         |
+===========================+===============+====================================================+
+---------------------------+---------------+----------------------------------------------------+
| NPU     Chip              | Process id    | Process name             | Process memory(MB)      |
+===========================+===============+====================================================+
| 0       0                 | 707245        | python3.10               | 1563                    |
| 0       0                 | 707246        | python3.10               | 116                     |
| 0       0                 | 707247        | python3.10               | 116                     |
| 0       0                 | 707248        | python3.10               | 116                     |
| 0       0                 | 707249        | python3.10               | 116                     |
| 0       0                 | 707250        | python3.10               | 116                     |
| 0       0                 | 707251        | python3.10               | 116                     |
| 0       0                 | 707252        | python3.10               | 116                     |
| 0       1                 | 707246        | python3.10               | 1563                    |
+===========================+===============+====================================================+
| 1       0                 | 707247        | python3.10               | 1563                    |
| 1       1                 | 707248        | python3.10               | 1563                    |
+===========================+===============+====================================================+
| 2       0                 | 707249        | python3.10               | 1563                    |
| 2       1                 | 707250        | python3.10               | 1563                    |
+===========================+===============+====================================================+
| 3       0                 | 707251        | python3.10               | 1563                    |
| 3       1                 | 707252        | python3.10               | 1563                    |
+===========================+===============+====================================================+
| 4       0                 | 707253        | python3.10               | 1563                    |
| 4       1                 | 707254        | python3.10               | 1723                    |
+===========================+===============+====================================================+
| 5       0                 | 707255        | python3.10               | 1563                    |
| 5       1                 | 707256        | python3.10               | 2083                    |
+===========================+===============+====================================================+
| 6       0                 | 707257        | python3.10               | 2083                    |
| 6       1                 | 707258        | python3.10               | 2283                    |
+===========================+===============+====================================================+
| 7       0                 | 707259        | python3.10               | 1563                    |
| 7       1                 | 707260        | python3.10               | 1563                    |
+===========================+===============+====================================================+

====================================================================================================
step:0/5100 val_loss:15.9812 train_time:62ms step_avg:nanms
step:1/5100 train_loss:deferred train_time:5010ms step_avg:nanms
step:2/5100 train_loss:deferred train_time:5274ms step_avg:nanms
step:3/5100 train_loss:deferred train_time:5540ms step_avg:nanms
step:4/5100 train_loss:deferred train_time:5806ms step_avg:nanms
step:5/5100 train_loss:deferred train_time:6070ms step_avg:nanms
step:6/5100 train_loss:deferred train_time:6335ms step_avg:nanms
step:7/5100 train_loss:deferred train_time:6597ms step_avg:nanms
step:8/5100 train_loss:deferred train_time:6861ms step_avg:nanms
step:9/5100 train_loss:deferred train_time:7124ms step_avg:nanms
step:10/5100 train_loss:deferred train_time:7389ms step_avg:nanms
step:11/5100 train_loss:deferred train_time:264ms step_avg:nanms
step:12/5100 train_loss:deferred train_time:527ms step_avg:nanms
step:13/5100 train_loss:deferred train_time:792ms step_avg:264.09ms
step:14/5100 train_loss:deferred train_time:1056ms step_avg:263.89ms
step:15/5100 train_loss:deferred train_time:1320ms step_avg:263.93ms
step:16/5100 train_loss:deferred train_time:1583ms step_avg:263.91ms
step:17/5100 train_loss:deferred train_time:1848ms step_avg:264.03ms
step:18/5100 train_loss:deferred train_time:2111ms step_avg:263.84ms
step:19/5100 train_loss:deferred train_time:2373ms step_avg:263.72ms
step:20/5100 train_loss:deferred train_time:2637ms step_avg:263.74ms
step:21/5100 train_loss:deferred train_time:2900ms step_avg:263.67ms
step:22/5100 train_loss:deferred train_time:3163ms step_avg:263.62ms
step:23/5100 train_loss:deferred train_time:3428ms step_avg:263.72ms
step:24/5100 train_loss:deferred train_time:3693ms step_avg:263.77ms
step:25/5100 train_loss:deferred train_time:3956ms step_avg:263.75ms
step:26/5100 train_loss:deferred train_time:4221ms step_avg:263.83ms
step:27/5100 train_loss:deferred train_time:4486ms step_avg:263.87ms
step:28/5100 train_loss:deferred train_time:4750ms step_avg:263.90ms
step:29/5100 train_loss:deferred train_time:5014ms step_avg:263.87ms
step:30/5100 train_loss:deferred train_time:5281ms step_avg:264.03ms
step:31/5100 train_loss:deferred train_time:5542ms step_avg:263.89ms
step:32/5100 train_loss:deferred train_time:5806ms step_avg:263.91ms
step:33/5100 train_loss:deferred train_time:6069ms step_avg:263.88ms
step:34/5100 train_loss:deferred train_time:6332ms step_avg:263.83ms
step:35/5100 train_loss:deferred train_time:6597ms step_avg:263.86ms
step:36/5100 train_loss:deferred train_time:6861ms step_avg:263.87ms
step:37/5100 train_loss:deferred train_time:7125ms step_avg:263.89ms
step:38/5100 train_loss:deferred train_time:7389ms step_avg:263.88ms
step:39/5100 train_loss:deferred train_time:7653ms step_avg:263.88ms
step:40/5100 train_loss:deferred train_time:7916ms step_avg:263.88ms
step:41/5100 train_loss:deferred train_time:8183ms step_avg:263.96ms
step:42/5100 train_loss:deferred train_time:8445ms step_avg:263.92ms
step:43/5100 train_loss:deferred train_time:8707ms step_avg:263.86ms
step:44/5100 train_loss:deferred train_time:8972ms step_avg:263.87ms
step:45/5100 train_loss:deferred train_time:9235ms step_avg:263.87ms
step:46/5100 train_loss:deferred train_time:9499ms step_avg:263.87ms
step:47/5100 train_loss:deferred train_time:9764ms step_avg:263.88ms
step:48/5100 train_loss:deferred train_time:10027ms step_avg:263.87ms
step:49/5100 train_loss:deferred train_time:10291ms step_avg:263.87ms
step:50/5100 train_loss:deferred train_time:10555ms step_avg:263.87ms
step:51/5100 train_loss:deferred train_time:10819ms step_avg:263.87ms
step:52/5100 train_loss:deferred train_time:11082ms step_avg:263.86ms
step:53/5100 train_loss:deferred train_time:11347ms step_avg:263.89ms
step:54/5100 train_loss:deferred train_time:11612ms step_avg:263.90ms
step:55/5100 train_loss:deferred train_time:11875ms step_avg:263.89ms
step:56/5100 train_loss:deferred train_time:12138ms step_avg:263.87ms
step:57/5100 train_loss:deferred train_time:12403ms step_avg:263.90ms
step:58/5100 train_loss:deferred train_time:12668ms step_avg:263.91ms
step:59/5100 train_loss:deferred train_time:12932ms step_avg:263.91ms
step:60/5100 train_loss:deferred train_time:13196ms step_avg:263.91ms
step:61/5100 train_loss:deferred train_time:13461ms step_avg:263.94ms
step:62/5100 train_loss:deferred train_time:13723ms step_avg:263.91ms
step:63/5100 train_loss:deferred train_time:13987ms step_avg:263.91ms
step:64/5100 train_loss:deferred train_time:14251ms step_avg:263.91ms
step:65/5100 train_loss:deferred train_time:14513ms step_avg:263.88ms
step:66/5100 train_loss:deferred train_time:14777ms step_avg:263.87ms
step:67/5100 train_loss:deferred train_time:15040ms step_avg:263.86ms
step:68/5100 train_loss:deferred train_time:15305ms step_avg:263.87ms
step:69/5100 train_loss:deferred train_time:15568ms step_avg:263.86ms
step:70/5100 train_loss:deferred train_time:15832ms step_avg:263.86ms
step:71/5100 train_loss:deferred train_time:16095ms step_avg:263.86ms
step:72/5100 train_loss:deferred train_time:16361ms step_avg:263.88ms
step:73/5100 train_loss:deferred train_time:16628ms step_avg:263.93ms
step:74/5100 train_loss:deferred train_time:16891ms step_avg:263.93ms
step:75/5100 train_loss:deferred train_time:17156ms step_avg:263.93ms
step:76/5100 train_loss:deferred train_time:17419ms step_avg:263.92ms
step:77/5100 train_loss:deferred train_time:17683ms step_avg:263.92ms
step:78/5100 train_loss:deferred train_time:17946ms step_avg:263.91ms
step:79/5100 train_loss:deferred train_time:18210ms step_avg:263.91ms
step:80/5100 train_loss:deferred train_time:18473ms step_avg:263.90ms
step:81/5100 train_loss:deferred train_time:18738ms step_avg:263.92ms
step:82/5100 train_loss:deferred train_time:19005ms step_avg:263.96ms
step:83/5100 train_loss:deferred train_time:19268ms step_avg:263.95ms
step:84/5100 train_loss:deferred train_time:19531ms step_avg:263.94ms
step:85/5100 train_loss:deferred train_time:19796ms step_avg:263.94ms
step:86/5100 train_loss:deferred train_time:20058ms step_avg:263.92ms
step:87/5100 train_loss:deferred train_time:20321ms step_avg:263.91ms
step:88/5100 train_loss:deferred train_time:20585ms step_avg:263.91ms
step:89/5100 train_loss:deferred train_time:20850ms step_avg:263.92ms
step:90/5100 train_loss:deferred train_time:21114ms step_avg:263.93ms
step:91/5100 train_loss:deferred train_time:21377ms step_avg:263.91ms
step:92/5100 train_loss:deferred train_time:21642ms step_avg:263.93ms
step:93/5100 train_loss:deferred train_time:21906ms step_avg:263.93ms
step:94/5100 train_loss:deferred train_time:22169ms step_avg:263.92ms
step:95/5100 train_loss:deferred train_time:22436ms step_avg:263.95ms
step:96/5100 train_loss:deferred train_time:22698ms step_avg:263.93ms
step:97/5100 train_loss:deferred train_time:22962ms step_avg:263.93ms
step:98/5100 train_loss:deferred train_time:23226ms step_avg:263.93ms
step:99/5100 train_loss:deferred train_time:23490ms step_avg:263.93ms
step:100/5100 train_loss:deferred train_time:23754ms step_avg:263.93ms
step:101/5100 train_loss:deferred train_time:24019ms step_avg:263.95ms
step:102/5100 train_loss:deferred train_time:24284ms step_avg:263.95ms
step:103/5100 train_loss:deferred train_time:24546ms step_avg:263.94ms
step:104/5100 train_loss:deferred train_time:24810ms step_avg:263.94ms
step:105/5100 train_loss:deferred train_time:25074ms step_avg:263.94ms
step:106/5100 train_loss:deferred train_time:25337ms step_avg:263.93ms
step:107/5100 train_loss:deferred train_time:25602ms step_avg:263.94ms
step:108/5100 train_loss:deferred train_time:25865ms step_avg:263.93ms
step:109/5100 train_loss:deferred train_time:26129ms step_avg:263.92ms
step:110/5100 train_loss:deferred train_time:26393ms step_avg:263.93ms
step:111/5100 train_loss:deferred train_time:26657ms step_avg:263.93ms
step:112/5100 train_loss:deferred train_time:26922ms step_avg:263.94ms
step:113/5100 train_loss:deferred train_time:27185ms step_avg:263.93ms
step:114/5100 train_loss:deferred train_time:27448ms step_avg:263.93ms
step:115/5100 train_loss:deferred train_time:27714ms step_avg:263.94ms
step:116/5100 train_loss:deferred train_time:27979ms step_avg:263.95ms
step:117/5100 train_loss:deferred train_time:28244ms step_avg:263.96ms
step:118/5100 train_loss:deferred train_time:28507ms step_avg:263.95ms
step:119/5100 train_loss:deferred train_time:28770ms step_avg:263.94ms
step:120/5100 train_loss:deferred train_time:29036ms step_avg:263.96ms
step:121/5100 train_loss:deferred train_time:29299ms step_avg:263.96ms
step:122/5100 train_loss:deferred train_time:29564ms step_avg:263.96ms
step:123/5100 train_loss:deferred train_time:29829ms step_avg:263.97ms
step:124/5100 train_loss:deferred train_time:30091ms step_avg:263.96ms
step:125/5100 train_loss:deferred train_time:30356ms step_avg:263.97ms
step:125/5100 val_loss:4.9642 train_time:30517ms step_avg:265.36ms
step:126/5100 train_loss:deferred train_time:30621ms step_avg:263.97ms
step:127/5100 train_loss:deferred train_time:30884ms step_avg:263.97ms
step:128/5100 train_loss:deferred train_time:31146ms step_avg:263.95ms
step:129/5100 train_loss:deferred train_time:31409ms step_avg:263.94ms
step:130/5100 train_loss:deferred train_time:31673ms step_avg:263.94ms
step:131/5100 train_loss:deferred train_time:31937ms step_avg:263.94ms
step:132/5100 train_loss:deferred train_time:32201ms step_avg:263.94ms
step:133/5100 train_loss:deferred train_time:32468ms step_avg:263.96ms
step:134/5100 train_loss:deferred train_time:32731ms step_avg:263.96ms
step:135/5100 train_loss:deferred train_time:32995ms step_avg:263.96ms
step:136/5100 train_loss:deferred train_time:33255ms step_avg:263.93ms
step:137/5100 train_loss:deferred train_time:33520ms step_avg:263.93ms
step:138/5100 train_loss:deferred train_time:33783ms step_avg:263.93ms
step:139/5100 train_loss:deferred train_time:34047ms step_avg:263.93ms
step:140/5100 train_loss:deferred train_time:34313ms step_avg:263.95ms
step:141/5100 train_loss:deferred train_time:34577ms step_avg:263.95ms
step:142/5100 train_loss:deferred train_time:34840ms step_avg:263.94ms
step:143/5100 train_loss:deferred train_time:35105ms step_avg:263.94ms
step:144/5100 train_loss:deferred train_time:35369ms step_avg:263.95ms
step:145/5100 train_loss:deferred train_time:35634ms step_avg:263.95ms
step:146/5100 train_loss:deferred train_time:35896ms step_avg:263.94ms
step:147/5100 train_loss:deferred train_time:36162ms step_avg:263.96ms
step:148/5100 train_loss:deferred train_time:36426ms step_avg:263.96ms
step:149/5100 train_loss:deferred train_time:36689ms step_avg:263.95ms
step:150/5100 train_loss:deferred train_time:36956ms step_avg:263.97ms
step:151/5100 train_loss:deferred train_time:37219ms step_avg:263.96ms
step:152/5100 train_loss:deferred train_time:37481ms step_avg:263.95ms
step:153/5100 train_loss:deferred train_time:37747ms step_avg:263.96ms
step:154/5100 train_loss:deferred train_time:38010ms step_avg:263.96ms
step:155/5100 train_loss:deferred train_time:38276ms step_avg:263.97ms
step:156/5100 train_loss:deferred train_time:38540ms step_avg:263.97ms
step:157/5100 train_loss:deferred train_time:38803ms step_avg:263.96ms
step:158/5100 train_loss:deferred train_time:39068ms step_avg:263.98ms
step:159/5100 train_loss:deferred train_time:39333ms step_avg:263.98ms
step:160/5100 train_loss:deferred train_time:39596ms step_avg:263.98ms
step:161/5100 train_loss:deferred train_time:39859ms step_avg:263.96ms
step:162/5100 train_loss:deferred train_time:40124ms step_avg:263.97ms
step:163/5100 train_loss:deferred train_time:40387ms step_avg:263.97ms
step:164/5100 train_loss:deferred train_time:40651ms step_avg:263.97ms
step:165/5100 train_loss:deferred train_time:40914ms step_avg:263.96ms
step:166/5100 train_loss:deferred train_time:41179ms step_avg:263.97ms
step:167/5100 train_loss:deferred train_time:41442ms step_avg:263.96ms
step:168/5100 train_loss:deferred train_time:41706ms step_avg:263.96ms
step:169/5100 train_loss:deferred train_time:41969ms step_avg:263.95ms
step:170/5100 train_loss:deferred train_time:42235ms step_avg:263.97ms
step:171/5100 train_loss:deferred train_time:42497ms step_avg:263.96ms
step:172/5100 train_loss:deferred train_time:42762ms step_avg:263.96ms
step:173/5100 train_loss:deferred train_time:43033ms step_avg:264.01ms
step:174/5100 train_loss:deferred train_time:43292ms step_avg:263.98ms
step:175/5100 train_loss:deferred train_time:43556ms step_avg:263.97ms
step:176/5100 train_loss:deferred train_time:43819ms step_avg:263.97ms
step:177/5100 train_loss:deferred train_time:44082ms step_avg:263.97ms
step:178/5100 train_loss:deferred train_time:44347ms step_avg:263.97ms
step:179/5100 train_loss:deferred train_time:44613ms step_avg:263.98ms
step:180/5100 train_loss:deferred train_time:44878ms step_avg:263.99ms
step:181/5100 train_loss:deferred train_time:45142ms step_avg:263.99ms
step:182/5100 train_loss:deferred train_time:45406ms step_avg:263.99ms
step:183/5100 train_loss:deferred train_time:45669ms step_avg:263.98ms
step:184/5100 train_loss:deferred train_time:45934ms step_avg:263.99ms
step:185/5100 train_loss:deferred train_time:46198ms step_avg:263.99ms
step:186/5100 train_loss:deferred train_time:46462ms step_avg:263.99ms
step:187/5100 train_loss:deferred train_time:46725ms step_avg:263.98ms
step:188/5100 train_loss:deferred train_time:46988ms step_avg:263.98ms
step:189/5100 train_loss:deferred train_time:47252ms step_avg:263.98ms
step:190/5100 train_loss:deferred train_time:47836ms step_avg:265.75ms
step:191/5100 train_loss:deferred train_time:48097ms step_avg:265.73ms
step:192/5100 train_loss:deferred train_time:48361ms step_avg:265.72ms
step:193/5100 train_loss:deferred train_time:48627ms step_avg:265.72ms
step:194/5100 train_loss:deferred train_time:48890ms step_avg:265.71ms
step:195/5100 train_loss:deferred train_time:49154ms step_avg:265.70ms
step:196/5100 train_loss:deferred train_time:49419ms step_avg:265.69ms
step:197/5100 train_loss:deferred train_time:49682ms step_avg:265.68ms
step:198/5100 train_loss:deferred train_time:49946ms step_avg:265.67ms
step:199/5100 train_loss:deferred train_time:50208ms step_avg:265.65ms
step:200/5100 train_loss:deferred train_time:50472ms step_avg:265.64ms
step:201/5100 train_loss:deferred train_time:50737ms step_avg:265.64ms
step:202/5100 train_loss:deferred train_time:51001ms step_avg:265.63ms
step:203/5100 train_loss:deferred train_time:51266ms step_avg:265.62ms
step:204/5100 train_loss:deferred train_time:51530ms step_avg:265.62ms
step:205/5100 train_loss:deferred train_time:51795ms step_avg:265.62ms
step:206/5100 train_loss:deferred train_time:52058ms step_avg:265.60ms
step:207/5100 train_loss:deferred train_time:52322ms step_avg:265.59ms
step:208/5100 train_loss:deferred train_time:52588ms step_avg:265.60ms
step:209/5100 train_loss:deferred train_time:52851ms step_avg:265.58ms
step:210/5100 train_loss:deferred train_time:53117ms step_avg:265.59ms
step:211/5100 train_loss:deferred train_time:53381ms step_avg:265.58ms
step:212/5100 train_loss:deferred train_time:53645ms step_avg:265.57ms
step:213/5100 train_loss:deferred train_time:53909ms step_avg:265.56ms
step:214/5100 train_loss:deferred train_time:54174ms step_avg:265.56ms
step:215/5100 train_loss:deferred train_time:54438ms step_avg:265.55ms
step:216/5100 train_loss:deferred train_time:54702ms step_avg:265.54ms
step:217/5100 train_loss:deferred train_time:54967ms step_avg:265.54ms
step:218/5100 train_loss:deferred train_time:55230ms step_avg:265.53ms
step:219/5100 train_loss:deferred train_time:55493ms step_avg:265.52ms
step:220/5100 train_loss:deferred train_time:55759ms step_avg:265.52ms
step:221/5100 train_loss:deferred train_time:56022ms step_avg:265.51ms
step:222/5100 train_loss:deferred train_time:56286ms step_avg:265.50ms
step:223/5100 train_loss:deferred train_time:56550ms step_avg:265.49ms
step:224/5100 train_loss:deferred train_time:56814ms step_avg:265.48ms
step:225/5100 train_loss:deferred train_time:57078ms step_avg:265.48ms
step:226/5100 train_loss:deferred train_time:57341ms step_avg:265.47ms
step:227/5100 train_loss:deferred train_time:57605ms step_avg:265.46ms
step:228/5100 train_loss:deferred train_time:57870ms step_avg:265.46ms
step:229/5100 train_loss:deferred train_time:58134ms step_avg:265.45ms
step:230/5100 train_loss:deferred train_time:58398ms step_avg:265.44ms
step:231/5100 train_loss:deferred train_time:58663ms step_avg:265.44ms
step:232/5100 train_loss:deferred train_time:58927ms step_avg:265.44ms
step:233/5100 train_loss:deferred train_time:59191ms step_avg:265.43ms
step:234/5100 train_loss:deferred train_time:59455ms step_avg:265.42ms
step:235/5100 train_loss:deferred train_time:59719ms step_avg:265.42ms
step:236/5100 train_loss:deferred train_time:59982ms step_avg:265.41ms
step:237/5100 train_loss:deferred train_time:60246ms step_avg:265.40ms
step:238/5100 train_loss:deferred train_time:60509ms step_avg:265.39ms
step:239/5100 train_loss:deferred train_time:60773ms step_avg:265.39ms
step:240/5100 train_loss:deferred train_time:61037ms step_avg:265.38ms
step:241/5100 train_loss:deferred train_time:61301ms step_avg:265.37ms
step:242/5100 train_loss:deferred train_time:61566ms step_avg:265.37ms
step:243/5100 train_loss:deferred train_time:61833ms step_avg:265.38ms
step:244/5100 train_loss:deferred train_time:62094ms step_avg:265.36ms
step:245/5100 train_loss:deferred train_time:62358ms step_avg:265.35ms
step:246/5100 train_loss:deferred train_time:62623ms step_avg:265.35ms
step:247/5100 train_loss:deferred train_time:62886ms step_avg:265.34ms
step:248/5100 train_loss:deferred train_time:63149ms step_avg:265.33ms
step:249/5100 train_loss:deferred train_time:63413ms step_avg:265.32ms
step:250/5100 train_loss:deferred train_time:63677ms step_avg:265.32ms
step:250/5100 val_loss:4.3253 train_time:63838ms step_avg:265.99ms
step:251/5100 train_loss:deferred train_time:63941ms step_avg:265.32ms
step:252/5100 train_loss:deferred train_time:64203ms step_avg:265.30ms
step:253/5100 train_loss:deferred train_time:64468ms step_avg:265.30ms
step:254/5100 train_loss:deferred train_time:64733ms step_avg:265.30ms
step:255/5100 train_loss:deferred train_time:64997ms step_avg:265.29ms
step:256/5100 train_loss:deferred train_time:65261ms step_avg:265.29ms
step:257/5100 train_loss:deferred train_time:65526ms step_avg:265.29ms
step:258/5100 train_loss:deferred train_time:65789ms step_avg:265.28ms
step:259/5100 train_loss:deferred train_time:66053ms step_avg:265.27ms
step:260/5100 train_loss:deferred train_time:66318ms step_avg:265.27ms
step:261/5100 train_loss:deferred train_time:66583ms step_avg:265.27ms
step:262/5100 train_loss:deferred train_time:66847ms step_avg:265.27ms
step:263/5100 train_loss:deferred train_time:67111ms step_avg:265.26ms
step:264/5100 train_loss:deferred train_time:67375ms step_avg:265.26ms
step:265/5100 train_loss:deferred train_time:67637ms step_avg:265.24ms
step:266/5100 train_loss:deferred train_time:67901ms step_avg:265.24ms
step:267/5100 train_loss:deferred train_time:68165ms step_avg:265.24ms
step:268/5100 train_loss:deferred train_time:68430ms step_avg:265.23ms
step:269/5100 train_loss:deferred train_time:68696ms step_avg:265.24ms
step:270/5100 train_loss:deferred train_time:68959ms step_avg:265.23ms
step:271/5100 train_loss:deferred train_time:69225ms step_avg:265.23ms
step:272/5100 train_loss:deferred train_time:69489ms step_avg:265.23ms
step:273/5100 train_loss:deferred train_time:69753ms step_avg:265.22ms
step:274/5100 train_loss:deferred train_time:70017ms step_avg:265.21ms
step:275/5100 train_loss:deferred train_time:70279ms step_avg:265.21ms
step:276/5100 train_loss:deferred train_time:70544ms step_avg:265.20ms
step:277/5100 train_loss:deferred train_time:70808ms step_avg:265.20ms
step:278/5100 train_loss:deferred train_time:71071ms step_avg:265.19ms
step:279/5100 train_loss:deferred train_time:71335ms step_avg:265.19ms
step:280/5100 train_loss:deferred train_time:71600ms step_avg:265.19ms
step:281/5100 train_loss:deferred train_time:71864ms step_avg:265.18ms
step:282/5100 train_loss:deferred train_time:72129ms step_avg:265.18ms
step:283/5100 train_loss:deferred train_time:72393ms step_avg:265.17ms
step:284/5100 train_loss:deferred train_time:72656ms step_avg:265.17ms
step:285/5100 train_loss:deferred train_time:72920ms step_avg:265.17ms
step:286/5100 train_loss:deferred train_time:73186ms step_avg:265.17ms
step:287/5100 train_loss:deferred train_time:73450ms step_avg:265.16ms
step:288/5100 train_loss:deferred train_time:73714ms step_avg:265.16ms
step:289/5100 train_loss:deferred train_time:73977ms step_avg:265.15ms
step:290/5100 train_loss:deferred train_time:74240ms step_avg:265.14ms
step:291/5100 train_loss:deferred train_time:74503ms step_avg:265.14ms
step:292/5100 train_loss:deferred train_time:74768ms step_avg:265.14ms
step:293/5100 train_loss:deferred train_time:75034ms step_avg:265.14ms
step:294/5100 train_loss:deferred train_time:75297ms step_avg:265.13ms
step:295/5100 train_loss:deferred train_time:75561ms step_avg:265.13ms
step:296/5100 train_loss:deferred train_time:75824ms step_avg:265.12ms
step:297/5100 train_loss:deferred train_time:76089ms step_avg:265.12ms
step:298/5100 train_loss:deferred train_time:76352ms step_avg:265.11ms
step:299/5100 train_loss:deferred train_time:76616ms step_avg:265.11ms
step:300/5100 train_loss:deferred train_time:76880ms step_avg:265.10ms
step:301/5100 train_loss:deferred train_time:77144ms step_avg:265.10ms
step:302/5100 train_loss:deferred train_time:77409ms step_avg:265.10ms
step:303/5100 train_loss:deferred train_time:77673ms step_avg:265.10ms
step:304/5100 train_loss:deferred train_time:77937ms step_avg:265.09ms
step:305/5100 train_loss:deferred train_time:78200ms step_avg:265.09ms
step:306/5100 train_loss:deferred train_time:78464ms step_avg:265.08ms
step:307/5100 train_loss:deferred train_time:78727ms step_avg:265.07ms
step:308/5100 train_loss:deferred train_time:78991ms step_avg:265.07ms
step:309/5100 train_loss:deferred train_time:79256ms step_avg:265.07ms
step:310/5100 train_loss:deferred train_time:79521ms step_avg:265.07ms
step:311/5100 train_loss:deferred train_time:79782ms step_avg:265.06ms
step:312/5100 train_loss:deferred train_time:80046ms step_avg:265.05ms
step:313/5100 train_loss:deferred train_time:80310ms step_avg:265.05ms
step:314/5100 train_loss:deferred train_time:80575ms step_avg:265.05ms
step:315/5100 train_loss:deferred train_time:80839ms step_avg:265.05ms
step:316/5100 train_loss:deferred train_time:81105ms step_avg:265.05ms
step:317/5100 train_loss:deferred train_time:81369ms step_avg:265.05ms
step:318/5100 train_loss:deferred train_time:81633ms step_avg:265.04ms
step:319/5100 train_loss:deferred train_time:81897ms step_avg:265.04ms
step:320/5100 train_loss:deferred train_time:82160ms step_avg:265.03ms
step:321/5100 train_loss:deferred train_time:82424ms step_avg:265.03ms
step:322/5100 train_loss:deferred train_time:82689ms step_avg:265.03ms
step:323/5100 train_loss:deferred train_time:82954ms step_avg:265.03ms
step:324/5100 train_loss:deferred train_time:83220ms step_avg:265.03ms
step:325/5100 train_loss:deferred train_time:83482ms step_avg:265.02ms
step:326/5100 train_loss:deferred train_time:83746ms step_avg:265.02ms
step:327/5100 train_loss:deferred train_time:84010ms step_avg:265.01ms
step:328/5100 train_loss:deferred train_time:84274ms step_avg:265.01ms
step:329/5100 train_loss:deferred train_time:84537ms step_avg:265.01ms
step:330/5100 train_loss:deferred train_time:84801ms step_avg:265.00ms
step:331/5100 train_loss:deferred train_time:85064ms step_avg:265.00ms
step:332/5100 train_loss:deferred train_time:85331ms step_avg:265.00ms
step:333/5100 train_loss:deferred train_time:85595ms step_avg:265.00ms
step:334/5100 train_loss:deferred train_time:85859ms step_avg:265.00ms
step:335/5100 train_loss:deferred train_time:86121ms step_avg:264.99ms
step:336/5100 train_loss:deferred train_time:86383ms step_avg:264.98ms
step:337/5100 train_loss:deferred train_time:86647ms step_avg:264.98ms
step:338/5100 train_loss:deferred train_time:86911ms step_avg:264.97ms
step:339/5100 train_loss:deferred train_time:87175ms step_avg:264.97ms
step:340/5100 train_loss:deferred train_time:87441ms step_avg:264.97ms
step:341/5100 train_loss:deferred train_time:87705ms step_avg:264.97ms
step:342/5100 train_loss:deferred train_time:87968ms step_avg:264.96ms
step:343/5100 train_loss:deferred train_time:88231ms step_avg:264.96ms
step:344/5100 train_loss:deferred train_time:88496ms step_avg:264.96ms
step:345/5100 train_loss:deferred train_time:88761ms step_avg:264.96ms
step:346/5100 train_loss:deferred train_time:89025ms step_avg:264.96ms
step:347/5100 train_loss:deferred train_time:89289ms step_avg:264.95ms
step:348/5100 train_loss:deferred train_time:89554ms step_avg:264.95ms
step:349/5100 train_loss:deferred train_time:89818ms step_avg:264.95ms
step:350/5100 train_loss:deferred train_time:90081ms step_avg:264.94ms
step:351/5100 train_loss:deferred train_time:90346ms step_avg:264.94ms
step:352/5100 train_loss:deferred train_time:90608ms step_avg:264.93ms
step:353/5100 train_loss:deferred train_time:90873ms step_avg:264.93ms
step:354/5100 train_loss:deferred train_time:91137ms step_avg:264.93ms
step:355/5100 train_loss:deferred train_time:91400ms step_avg:264.93ms
step:356/5100 train_loss:deferred train_time:91663ms step_avg:264.92ms
step:357/5100 train_loss:deferred train_time:91928ms step_avg:264.92ms
step:358/5100 train_loss:deferred train_time:92193ms step_avg:264.92ms
step:359/5100 train_loss:deferred train_time:92458ms step_avg:264.92ms
step:360/5100 train_loss:deferred train_time:92721ms step_avg:264.92ms
step:361/5100 train_loss:deferred train_time:92983ms step_avg:264.91ms
step:362/5100 train_loss:deferred train_time:93245ms step_avg:264.90ms
step:363/5100 train_loss:deferred train_time:93510ms step_avg:264.90ms
step:364/5100 train_loss:deferred train_time:93776ms step_avg:264.90ms
step:365/5100 train_loss:deferred train_time:94041ms step_avg:264.90ms
step:366/5100 train_loss:deferred train_time:94305ms step_avg:264.90ms
step:367/5100 train_loss:deferred train_time:94572ms step_avg:264.91ms
step:368/5100 train_loss:deferred train_time:94835ms step_avg:264.90ms
step:369/5100 train_loss:deferred train_time:95099ms step_avg:264.90ms
step:370/5100 train_loss:deferred train_time:95360ms step_avg:264.89ms
step:371/5100 train_loss:deferred train_time:95624ms step_avg:264.89ms
step:372/5100 train_loss:deferred train_time:95888ms step_avg:264.88ms
step:373/5100 train_loss:deferred train_time:96153ms step_avg:264.88ms
step:374/5100 train_loss:deferred train_time:96417ms step_avg:264.88ms
step:375/5100 train_loss:deferred train_time:96680ms step_avg:264.88ms
step:375/5100 val_loss:4.0533 train_time:96843ms step_avg:265.32ms
step:376/5100 train_loss:deferred train_time:96945ms step_avg:264.88ms
step:377/5100 train_loss:deferred train_time:97207ms step_avg:264.87ms
step:378/5100 train_loss:deferred train_time:97469ms step_avg:264.86ms
step:379/5100 train_loss:deferred train_time:97794ms step_avg:265.02ms
step:380/5100 train_loss:deferred train_time:98059ms step_avg:265.02ms
step:381/5100 train_loss:deferred train_time:98773ms step_avg:266.24ms
step:382/5100 train_loss:deferred train_time:99036ms step_avg:266.23ms
step:383/5100 train_loss:deferred train_time:99301ms step_avg:266.22ms
step:384/5100 train_loss:deferred train_time:99565ms step_avg:266.22ms
step:385/5100 train_loss:deferred train_time:99828ms step_avg:266.21ms
step:386/5100 train_loss:deferred train_time:100093ms step_avg:266.20ms
step:387/5100 train_loss:deferred train_time:100357ms step_avg:266.20ms
step:388/5100 train_loss:deferred train_time:100620ms step_avg:266.19ms
step:389/5100 train_loss:deferred train_time:100883ms step_avg:266.18ms
step:390/5100 train_loss:deferred train_time:101149ms step_avg:266.18ms
step:391/5100 train_loss:deferred train_time:101412ms step_avg:266.17ms
step:392/5100 train_loss:deferred train_time:101675ms step_avg:266.16ms
step:393/5100 train_loss:deferred train_time:101939ms step_avg:266.16ms
step:394/5100 train_loss:deferred train_time:102205ms step_avg:266.16ms
step:395/5100 train_loss:deferred train_time:102468ms step_avg:266.15ms
step:396/5100 train_loss:deferred train_time:102734ms step_avg:266.15ms
step:397/5100 train_loss:deferred train_time:102999ms step_avg:266.15ms
step:398/5100 train_loss:deferred train_time:103263ms step_avg:266.14ms
step:399/5100 train_loss:deferred train_time:103527ms step_avg:266.14ms
step:400/5100 train_loss:deferred train_time:103791ms step_avg:266.13ms
step:401/5100 train_loss:deferred train_time:104055ms step_avg:266.12ms
step:402/5100 train_loss:deferred train_time:104319ms step_avg:266.12ms
step:403/5100 train_loss:deferred train_time:104581ms step_avg:266.11ms
step:404/5100 train_loss:deferred train_time:104846ms step_avg:266.11ms
step:405/5100 train_loss:deferred train_time:105111ms step_avg:266.10ms
step:406/5100 train_loss:deferred train_time:105374ms step_avg:266.10ms
step:407/5100 train_loss:deferred train_time:105636ms step_avg:266.09ms
step:408/5100 train_loss:deferred train_time:105900ms step_avg:266.08ms
step:409/5100 train_loss:deferred train_time:106164ms step_avg:266.08ms
step:410/5100 train_loss:deferred train_time:106428ms step_avg:266.07ms
step:411/5100 train_loss:deferred train_time:106691ms step_avg:266.06ms
step:412/5100 train_loss:deferred train_time:106955ms step_avg:266.06ms
step:413/5100 train_loss:deferred train_time:107221ms step_avg:266.06ms
step:414/5100 train_loss:deferred train_time:107485ms step_avg:266.05ms
step:415/5100 train_loss:deferred train_time:107749ms step_avg:266.05ms
step:416/5100 train_loss:deferred train_time:108013ms step_avg:266.04ms
step:417/5100 train_loss:deferred train_time:108279ms step_avg:266.04ms
step:418/5100 train_loss:deferred train_time:108542ms step_avg:266.03ms
step:419/5100 train_loss:deferred train_time:108809ms step_avg:266.04ms
step:420/5100 train_loss:deferred train_time:109074ms step_avg:266.03ms
step:421/5100 train_loss:deferred train_time:109336ms step_avg:266.02ms
step:422/5100 train_loss:deferred train_time:109601ms step_avg:266.02ms
step:423/5100 train_loss:deferred train_time:109864ms step_avg:266.02ms
step:424/5100 train_loss:deferred train_time:110128ms step_avg:266.01ms
step:425/5100 train_loss:deferred train_time:110391ms step_avg:266.00ms
step:426/5100 train_loss:deferred train_time:110653ms step_avg:265.99ms
step:427/5100 train_loss:deferred train_time:110918ms step_avg:265.99ms
step:428/5100 train_loss:deferred train_time:111181ms step_avg:265.98ms
step:429/5100 train_loss:deferred train_time:111446ms step_avg:265.98ms
step:430/5100 train_loss:deferred train_time:111710ms step_avg:265.98ms
step:431/5100 train_loss:deferred train_time:111972ms step_avg:265.97ms
step:432/5100 train_loss:deferred train_time:112237ms step_avg:265.96ms
step:433/5100 train_loss:deferred train_time:112500ms step_avg:265.96ms
step:434/5100 train_loss:deferred train_time:112764ms step_avg:265.95ms
step:435/5100 train_loss:deferred train_time:113030ms step_avg:265.95ms
step:436/5100 train_loss:deferred train_time:113294ms step_avg:265.95ms
step:437/5100 train_loss:deferred train_time:113557ms step_avg:265.94ms
step:438/5100 train_loss:deferred train_time:113821ms step_avg:265.94ms
step:439/5100 train_loss:deferred train_time:114084ms step_avg:265.93ms
step:440/5100 train_loss:deferred train_time:114348ms step_avg:265.93ms
step:441/5100 train_loss:deferred train_time:114612ms step_avg:265.92ms
step:442/5100 train_loss:deferred train_time:114876ms step_avg:265.92ms
step:443/5100 train_loss:deferred train_time:115142ms step_avg:265.92ms
step:444/5100 train_loss:deferred train_time:115405ms step_avg:265.91ms
step:445/5100 train_loss:deferred train_time:115669ms step_avg:265.91ms
step:446/5100 train_loss:deferred train_time:115933ms step_avg:265.90ms
step:447/5100 train_loss:deferred train_time:116197ms step_avg:265.90ms
step:448/5100 train_loss:deferred train_time:116463ms step_avg:265.90ms
step:449/5100 train_loss:deferred train_time:116726ms step_avg:265.89ms
step:450/5100 train_loss:deferred train_time:116990ms step_avg:265.89ms
step:451/5100 train_loss:deferred train_time:117255ms step_avg:265.88ms
step:452/5100 train_loss:deferred train_time:117518ms step_avg:265.88ms
step:453/5100 train_loss:deferred train_time:117782ms step_avg:265.87ms
step:454/5100 train_loss:deferred train_time:118045ms step_avg:265.87ms
step:455/5100 train_loss:deferred train_time:118309ms step_avg:265.86ms
step:456/5100 train_loss:deferred train_time:118573ms step_avg:265.86ms
step:457/5100 train_loss:deferred train_time:118838ms step_avg:265.86ms
step:458/5100 train_loss:deferred train_time:119105ms step_avg:265.86ms
step:459/5100 train_loss:deferred train_time:119368ms step_avg:265.85ms
step:460/5100 train_loss:deferred train_time:119633ms step_avg:265.85ms
step:461/5100 train_loss:deferred train_time:119896ms step_avg:265.84ms
step:462/5100 train_loss:deferred train_time:120160ms step_avg:265.84ms
step:463/5100 train_loss:deferred train_time:120423ms step_avg:265.83ms
step:464/5100 train_loss:deferred train_time:120686ms step_avg:265.83ms
step:465/5100 train_loss:deferred train_time:120951ms step_avg:265.83ms
step:466/5100 train_loss:deferred train_time:121214ms step_avg:265.82ms
step:467/5100 train_loss:deferred train_time:121479ms step_avg:265.82ms
step:468/5100 train_loss:deferred train_time:121743ms step_avg:265.81ms
step:469/5100 train_loss:deferred train_time:122013ms step_avg:265.82ms
step:470/5100 train_loss:deferred train_time:122277ms step_avg:265.82ms
step:471/5100 train_loss:deferred train_time:122541ms step_avg:265.82ms
step:472/5100 train_loss:deferred train_time:122804ms step_avg:265.81ms
step:473/5100 train_loss:deferred train_time:123067ms step_avg:265.80ms
step:474/5100 train_loss:deferred train_time:123331ms step_avg:265.80ms
step:475/5100 train_loss:deferred train_time:123594ms step_avg:265.79ms
step:476/5100 train_loss:deferred train_time:123859ms step_avg:265.79ms
step:477/5100 train_loss:deferred train_time:124117ms step_avg:265.78ms
step:478/5100 train_loss:deferred train_time:124381ms step_avg:265.77ms
step:479/5100 train_loss:deferred train_time:124645ms step_avg:265.77ms
step:480/5100 train_loss:deferred train_time:124910ms step_avg:265.77ms
step:481/5100 train_loss:deferred train_time:125172ms step_avg:265.76ms
step:482/5100 train_loss:deferred train_time:125435ms step_avg:265.75ms
step:483/5100 train_loss:deferred train_time:125699ms step_avg:265.75ms
step:484/5100 train_loss:deferred train_time:125962ms step_avg:265.74ms
step:485/5100 train_loss:deferred train_time:126227ms step_avg:265.74ms
step:486/5100 train_loss:deferred train_time:126489ms step_avg:265.73ms
step:487/5100 train_loss:deferred train_time:126753ms step_avg:265.73ms
step:488/5100 train_loss:deferred train_time:127017ms step_avg:265.73ms
step:489/5100 train_loss:deferred train_time:127281ms step_avg:265.72ms
step:490/5100 train_loss:deferred train_time:127545ms step_avg:265.72ms
step:491/5100 train_loss:deferred train_time:127809ms step_avg:265.72ms
step:492/5100 train_loss:deferred train_time:128072ms step_avg:265.71ms
step:493/5100 train_loss:deferred train_time:128337ms step_avg:265.71ms
step:494/5100 train_loss:deferred train_time:128600ms step_avg:265.70ms
step:495/5100 train_loss:deferred train_time:128865ms step_avg:265.70ms
step:496/5100 train_loss:deferred train_time:129129ms step_avg:265.70ms
step:497/5100 train_loss:deferred train_time:129392ms step_avg:265.69ms
step:498/5100 train_loss:deferred train_time:129657ms step_avg:265.69ms
step:499/5100 train_loss:deferred train_time:129922ms step_avg:265.69ms
step:500/5100 train_loss:deferred train_time:130186ms step_avg:265.69ms
step:500/5100 val_loss:3.9176 train_time:130350ms step_avg:266.02ms
step:501/5100 train_loss:deferred train_time:130452ms step_avg:265.69ms
step:502/5100 train_loss:deferred train_time:130715ms step_avg:265.68ms
step:503/5100 train_loss:deferred train_time:130978ms step_avg:265.67ms
step:504/5100 train_loss:deferred train_time:131241ms step_avg:265.67ms
step:505/5100 train_loss:deferred train_time:131506ms step_avg:265.67ms
step:506/5100 train_loss:deferred train_time:131772ms step_avg:265.67ms
step:507/5100 train_loss:deferred train_time:132034ms step_avg:265.66ms
step:508/5100 train_loss:deferred train_time:132299ms step_avg:265.66ms
step:509/5100 train_loss:deferred train_time:132562ms step_avg:265.65ms
step:510/5100 train_loss:deferred train_time:132826ms step_avg:265.65ms
step:511/5100 train_loss:deferred train_time:133089ms step_avg:265.65ms
step:512/5100 train_loss:deferred train_time:133352ms step_avg:265.64ms
step:513/5100 train_loss:deferred train_time:133616ms step_avg:265.64ms
step:514/5100 train_loss:deferred train_time:133881ms step_avg:265.64ms
step:515/5100 train_loss:deferred train_time:134145ms step_avg:265.63ms
step:516/5100 train_loss:deferred train_time:134409ms step_avg:265.63ms
step:517/5100 train_loss:deferred train_time:134673ms step_avg:265.63ms
step:518/5100 train_loss:deferred train_time:134936ms step_avg:265.62ms
step:519/5100 train_loss:deferred train_time:135201ms step_avg:265.62ms
step:520/5100 train_loss:deferred train_time:135464ms step_avg:265.62ms
step:521/5100 train_loss:deferred train_time:135728ms step_avg:265.61ms
step:522/5100 train_loss:deferred train_time:135993ms step_avg:265.61ms
step:523/5100 train_loss:deferred train_time:136256ms step_avg:265.61ms
step:524/5100 train_loss:deferred train_time:136522ms step_avg:265.61ms
step:525/5100 train_loss:deferred train_time:136787ms step_avg:265.61ms
step:526/5100 train_loss:deferred train_time:137052ms step_avg:265.60ms
step:527/5100 train_loss:deferred train_time:137313ms step_avg:265.60ms
step:528/5100 train_loss:deferred train_time:137578ms step_avg:265.59ms
step:529/5100 train_loss:deferred train_time:137842ms step_avg:265.59ms
step:530/5100 train_loss:deferred train_time:138106ms step_avg:265.59ms
step:531/5100 train_loss:deferred train_time:138371ms step_avg:265.59ms
step:532/5100 train_loss:deferred train_time:138633ms step_avg:265.58ms
step:533/5100 train_loss:deferred train_time:138896ms step_avg:265.58ms
step:534/5100 train_loss:deferred train_time:139160ms step_avg:265.57ms
step:535/5100 train_loss:deferred train_time:139425ms step_avg:265.57ms
step:536/5100 train_loss:deferred train_time:139689ms step_avg:265.57ms
step:537/5100 train_loss:deferred train_time:139954ms step_avg:265.57ms
step:538/5100 train_loss:deferred train_time:140217ms step_avg:265.56ms
step:539/5100 train_loss:deferred train_time:140481ms step_avg:265.56ms
step:540/5100 train_loss:deferred train_time:140744ms step_avg:265.56ms
step:541/5100 train_loss:deferred train_time:141010ms step_avg:265.56ms
step:542/5100 train_loss:deferred train_time:141274ms step_avg:265.55ms
step:543/5100 train_loss:deferred train_time:141538ms step_avg:265.55ms
step:544/5100 train_loss:deferred train_time:141802ms step_avg:265.55ms
step:545/5100 train_loss:deferred train_time:142067ms step_avg:265.55ms
step:546/5100 train_loss:deferred train_time:142330ms step_avg:265.54ms
step:547/5100 train_loss:deferred train_time:142594ms step_avg:265.54ms
step:548/5100 train_loss:deferred train_time:142858ms step_avg:265.54ms
step:549/5100 train_loss:deferred train_time:143122ms step_avg:265.53ms
step:550/5100 train_loss:deferred train_time:143386ms step_avg:265.53ms
step:551/5100 train_loss:deferred train_time:143651ms step_avg:265.53ms
step:552/5100 train_loss:deferred train_time:143916ms step_avg:265.53ms
step:553/5100 train_loss:deferred train_time:144180ms step_avg:265.53ms
step:554/5100 train_loss:deferred train_time:144446ms step_avg:265.52ms
step:555/5100 train_loss:deferred train_time:144710ms step_avg:265.52ms
step:556/5100 train_loss:deferred train_time:144973ms step_avg:265.52ms
step:557/5100 train_loss:deferred train_time:145239ms step_avg:265.52ms
step:558/5100 train_loss:deferred train_time:145501ms step_avg:265.51ms
step:559/5100 train_loss:deferred train_time:145767ms step_avg:265.51ms
step:560/5100 train_loss:deferred train_time:146033ms step_avg:265.51ms
step:561/5100 train_loss:deferred train_time:146298ms step_avg:265.51ms
step:562/5100 train_loss:deferred train_time:146561ms step_avg:265.51ms
step:563/5100 train_loss:deferred train_time:146825ms step_avg:265.51ms
step:564/5100 train_loss:deferred train_time:147089ms step_avg:265.50ms
step:565/5100 train_loss:deferred train_time:147353ms step_avg:265.50ms
step:566/5100 train_loss:deferred train_time:147618ms step_avg:265.50ms
step:567/5100 train_loss:deferred train_time:147881ms step_avg:265.50ms
step:568/5100 train_loss:deferred train_time:148146ms step_avg:265.49ms
step:569/5100 train_loss:deferred train_time:148410ms step_avg:265.49ms
step:570/5100 train_loss:deferred train_time:149145ms step_avg:266.33ms
step:571/5100 train_loss:deferred train_time:149407ms step_avg:266.32ms
step:572/5100 train_loss:deferred train_time:149671ms step_avg:266.32ms
step:573/5100 train_loss:deferred train_time:149936ms step_avg:266.32ms
step:574/5100 train_loss:deferred train_time:150198ms step_avg:266.31ms
step:575/5100 train_loss:deferred train_time:150463ms step_avg:266.31ms
step:576/5100 train_loss:deferred train_time:150727ms step_avg:266.30ms
step:577/5100 train_loss:deferred train_time:150991ms step_avg:266.30ms
step:578/5100 train_loss:deferred train_time:151254ms step_avg:266.29ms
step:579/5100 train_loss:deferred train_time:151516ms step_avg:266.29ms
step:580/5100 train_loss:deferred train_time:151781ms step_avg:266.28ms
step:581/5100 train_loss:deferred train_time:152047ms step_avg:266.28ms
step:582/5100 train_loss:deferred train_time:152310ms step_avg:266.28ms
step:583/5100 train_loss:deferred train_time:152575ms step_avg:266.27ms
step:584/5100 train_loss:deferred train_time:152840ms step_avg:266.27ms
step:585/5100 train_loss:deferred train_time:153103ms step_avg:266.27ms
step:586/5100 train_loss:deferred train_time:153366ms step_avg:266.26ms
step:587/5100 train_loss:deferred train_time:153632ms step_avg:266.26ms
step:588/5100 train_loss:deferred train_time:153898ms step_avg:266.26ms
step:589/5100 train_loss:deferred train_time:154159ms step_avg:266.25ms
step:590/5100 train_loss:deferred train_time:154423ms step_avg:266.25ms
step:591/5100 train_loss:deferred train_time:154687ms step_avg:266.24ms
step:592/5100 train_loss:deferred train_time:154952ms step_avg:266.24ms
step:593/5100 train_loss:deferred train_time:155216ms step_avg:266.24ms
step:594/5100 train_loss:deferred train_time:155479ms step_avg:266.23ms
step:595/5100 train_loss:deferred train_time:155743ms step_avg:266.23ms
step:596/5100 train_loss:deferred train_time:156009ms step_avg:266.23ms
step:597/5100 train_loss:deferred train_time:156273ms step_avg:266.22ms
step:598/5100 train_loss:deferred train_time:156536ms step_avg:266.22ms
step:599/5100 train_loss:deferred train_time:156800ms step_avg:266.21ms
step:600/5100 train_loss:deferred train_time:157066ms step_avg:266.21ms
step:601/5100 train_loss:deferred train_time:157331ms step_avg:266.21ms
step:602/5100 train_loss:deferred train_time:157595ms step_avg:266.21ms
step:603/5100 train_loss:deferred train_time:157858ms step_avg:266.20ms
step:604/5100 train_loss:deferred train_time:158121ms step_avg:266.20ms
step:605/5100 train_loss:deferred train_time:158387ms step_avg:266.20ms
step:606/5100 train_loss:deferred train_time:158649ms step_avg:266.19ms
step:607/5100 train_loss:deferred train_time:158913ms step_avg:266.19ms
step:608/5100 train_loss:deferred train_time:159177ms step_avg:266.18ms
step:609/5100 train_loss:deferred train_time:159441ms step_avg:266.18ms
step:610/5100 train_loss:deferred train_time:159705ms step_avg:266.17ms
step:611/5100 train_loss:deferred train_time:159971ms step_avg:266.17ms
step:612/5100 train_loss:deferred train_time:160234ms step_avg:266.17ms
step:613/5100 train_loss:deferred train_time:160498ms step_avg:266.17ms
step:614/5100 train_loss:deferred train_time:160762ms step_avg:266.16ms
step:615/5100 train_loss:deferred train_time:161026ms step_avg:266.16ms
step:616/5100 train_loss:deferred train_time:161289ms step_avg:266.15ms
step:617/5100 train_loss:deferred train_time:161554ms step_avg:266.15ms
step:618/5100 train_loss:deferred train_time:161815ms step_avg:266.14ms
step:619/5100 train_loss:deferred train_time:162079ms step_avg:266.14ms
step:620/5100 train_loss:deferred train_time:162343ms step_avg:266.14ms
step:621/5100 train_loss:deferred train_time:162608ms step_avg:266.13ms
step:622/5100 train_loss:deferred train_time:162872ms step_avg:266.13ms
step:623/5100 train_loss:deferred train_time:163136ms step_avg:266.13ms
step:624/5100 train_loss:deferred train_time:163400ms step_avg:266.12ms
step:625/5100 train_loss:deferred train_time:163664ms step_avg:266.12ms
step:625/5100 val_loss:3.8316 train_time:163828ms step_avg:266.39ms
step:626/5100 train_loss:deferred train_time:163929ms step_avg:266.12ms
step:627/5100 train_loss:deferred train_time:164189ms step_avg:266.11ms
step:628/5100 train_loss:deferred train_time:164454ms step_avg:266.11ms
step:629/5100 train_loss:deferred train_time:164720ms step_avg:266.11ms
step:630/5100 train_loss:deferred train_time:164984ms step_avg:266.10ms
step:631/5100 train_loss:deferred train_time:165248ms step_avg:266.10ms
step:632/5100 train_loss:deferred train_time:165513ms step_avg:266.10ms
step:633/5100 train_loss:deferred train_time:165778ms step_avg:266.10ms
step:634/5100 train_loss:deferred train_time:166042ms step_avg:266.09ms
step:635/5100 train_loss:deferred train_time:166305ms step_avg:266.09ms
step:636/5100 train_loss:deferred train_time:166569ms step_avg:266.09ms
step:637/5100 train_loss:deferred train_time:166833ms step_avg:266.08ms
step:638/5100 train_loss:deferred train_time:167098ms step_avg:266.08ms
step:639/5100 train_loss:deferred train_time:167362ms step_avg:266.08ms
step:640/5100 train_loss:deferred train_time:167626ms step_avg:266.07ms
step:641/5100 train_loss:deferred train_time:167890ms step_avg:266.07ms
step:642/5100 train_loss:deferred train_time:168153ms step_avg:266.07ms
step:643/5100 train_loss:deferred train_time:168417ms step_avg:266.06ms
step:644/5100 train_loss:deferred train_time:168681ms step_avg:266.06ms
step:645/5100 train_loss:deferred train_time:168945ms step_avg:266.06ms
step:646/5100 train_loss:deferred train_time:169212ms step_avg:266.06ms
step:647/5100 train_loss:deferred train_time:169475ms step_avg:266.05ms
step:648/5100 train_loss:deferred train_time:169737ms step_avg:266.05ms
step:649/5100 train_loss:deferred train_time:170002ms step_avg:266.04ms
step:650/5100 train_loss:deferred train_time:170267ms step_avg:266.04ms
step:651/5100 train_loss:deferred train_time:170531ms step_avg:266.04ms
step:652/5100 train_loss:deferred train_time:170796ms step_avg:266.04ms
step:653/5100 train_loss:deferred train_time:171060ms step_avg:266.03ms
step:654/5100 train_loss:deferred train_time:171324ms step_avg:266.03ms
step:655/5100 train_loss:deferred train_time:171588ms step_avg:266.03ms
step:656/5100 train_loss:deferred train_time:171852ms step_avg:266.02ms
step:657/5100 train_loss:deferred train_time:172116ms step_avg:266.02ms
step:658/5100 train_loss:deferred train_time:172378ms step_avg:266.02ms
step:659/5100 train_loss:deferred train_time:172642ms step_avg:266.01ms
step:660/5100 train_loss:deferred train_time:172906ms step_avg:266.01ms
step:661/5100 train_loss:deferred train_time:173171ms step_avg:266.01ms
step:662/5100 train_loss:deferred train_time:173435ms step_avg:266.00ms
step:663/5100 train_loss:deferred train_time:173699ms step_avg:266.00ms
step:664/5100 train_loss:deferred train_time:173963ms step_avg:266.00ms
step:665/5100 train_loss:deferred train_time:174227ms step_avg:266.00ms
step:666/5100 train_loss:deferred train_time:174491ms step_avg:265.99ms
step:667/5100 train_loss:deferred train_time:174756ms step_avg:265.99ms
step:668/5100 train_loss:deferred train_time:175020ms step_avg:265.99ms
step:669/5100 train_loss:deferred train_time:175283ms step_avg:265.98ms
step:670/5100 train_loss:deferred train_time:175548ms step_avg:265.98ms
step:671/5100 train_loss:deferred train_time:175812ms step_avg:265.98ms
step:672/5100 train_loss:deferred train_time:176077ms step_avg:265.98ms
step:673/5100 train_loss:deferred train_time:176340ms step_avg:265.97ms
step:674/5100 train_loss:deferred train_time:176601ms step_avg:265.97ms
step:675/5100 train_loss:deferred train_time:176866ms step_avg:265.96ms
step:676/5100 train_loss:deferred train_time:177129ms step_avg:265.96ms
step:677/5100 train_loss:deferred train_time:177392ms step_avg:265.96ms
step:678/5100 train_loss:deferred train_time:177655ms step_avg:265.95ms
step:679/5100 train_loss:deferred train_time:177920ms step_avg:265.95ms
step:680/5100 train_loss:deferred train_time:178185ms step_avg:265.95ms
step:681/5100 train_loss:deferred train_time:178448ms step_avg:265.94ms
step:682/5100 train_loss:deferred train_time:178712ms step_avg:265.94ms
step:683/5100 train_loss:deferred train_time:178976ms step_avg:265.94ms
step:684/5100 train_loss:deferred train_time:179240ms step_avg:265.94ms
step:685/5100 train_loss:deferred train_time:179505ms step_avg:265.93ms
step:686/5100 train_loss:deferred train_time:179769ms step_avg:265.93ms
step:687/5100 train_loss:deferred train_time:180032ms step_avg:265.93ms
step:688/5100 train_loss:deferred train_time:180296ms step_avg:265.92ms
step:689/5100 train_loss:deferred train_time:180565ms step_avg:265.93ms
step:690/5100 train_loss:deferred train_time:180829ms step_avg:265.92ms
step:691/5100 train_loss:deferred train_time:181093ms step_avg:265.92ms
step:692/5100 train_loss:deferred train_time:181357ms step_avg:265.92ms
step:693/5100 train_loss:deferred train_time:181621ms step_avg:265.92ms
step:694/5100 train_loss:deferred train_time:181885ms step_avg:265.91ms
step:695/5100 train_loss:deferred train_time:182149ms step_avg:265.91ms
step:696/5100 train_loss:deferred train_time:182414ms step_avg:265.91ms
step:697/5100 train_loss:deferred train_time:182677ms step_avg:265.91ms
step:698/5100 train_loss:deferred train_time:182940ms step_avg:265.90ms
step:699/5100 train_loss:deferred train_time:183205ms step_avg:265.90ms
step:700/5100 train_loss:deferred train_time:183468ms step_avg:265.90ms
step:701/5100 train_loss:deferred train_time:183732ms step_avg:265.89ms
step:702/5100 train_loss:deferred train_time:183996ms step_avg:265.89ms
step:703/5100 train_loss:deferred train_time:184260ms step_avg:265.89ms
step:704/5100 train_loss:deferred train_time:184524ms step_avg:265.89ms
step:705/5100 train_loss:deferred train_time:184788ms step_avg:265.88ms
step:706/5100 train_loss:deferred train_time:185053ms step_avg:265.88ms
step:707/5100 train_loss:deferred train_time:185317ms step_avg:265.88ms
step:708/5100 train_loss:deferred train_time:185581ms step_avg:265.87ms
step:709/5100 train_loss:deferred train_time:185844ms step_avg:265.87ms
step:710/5100 train_loss:deferred train_time:186109ms step_avg:265.87ms
step:711/5100 train_loss:deferred train_time:186372ms step_avg:265.87ms
step:712/5100 train_loss:deferred train_time:186637ms step_avg:265.86ms
step:713/5100 train_loss:deferred train_time:186901ms step_avg:265.86ms
step:714/5100 train_loss:deferred train_time:187163ms step_avg:265.86ms
step:715/5100 train_loss:deferred train_time:187428ms step_avg:265.86ms
step:716/5100 train_loss:deferred train_time:187693ms step_avg:265.85ms
step:717/5100 train_loss:deferred train_time:187957ms step_avg:265.85ms
step:718/5100 train_loss:deferred train_time:188221ms step_avg:265.85ms
step:719/5100 train_loss:deferred train_time:188485ms step_avg:265.85ms
step:720/5100 train_loss:deferred train_time:188749ms step_avg:265.84ms
step:721/5100 train_loss:deferred train_time:189013ms step_avg:265.84ms
step:722/5100 train_loss:deferred train_time:189278ms step_avg:265.84ms
step:723/5100 train_loss:deferred train_time:189541ms step_avg:265.84ms
step:724/5100 train_loss:deferred train_time:189804ms step_avg:265.83ms
step:725/5100 train_loss:deferred train_time:190069ms step_avg:265.83ms
step:726/5100 train_loss:deferred train_time:190332ms step_avg:265.83ms
step:727/5100 train_loss:deferred train_time:190597ms step_avg:265.83ms
step:728/5100 train_loss:deferred train_time:190860ms step_avg:265.82ms
step:729/5100 train_loss:deferred train_time:191125ms step_avg:265.82ms
step:730/5100 train_loss:deferred train_time:191388ms step_avg:265.82ms
step:731/5100 train_loss:deferred train_time:191654ms step_avg:265.82ms
step:732/5100 train_loss:deferred train_time:191919ms step_avg:265.82ms
step:733/5100 train_loss:deferred train_time:192183ms step_avg:265.81ms
step:734/5100 train_loss:deferred train_time:192446ms step_avg:265.81ms
step:735/5100 train_loss:deferred train_time:192710ms step_avg:265.81ms
step:736/5100 train_loss:deferred train_time:192973ms step_avg:265.80ms
step:737/5100 train_loss:deferred train_time:193237ms step_avg:265.80ms
step:738/5100 train_loss:deferred train_time:193500ms step_avg:265.80ms
step:739/5100 train_loss:deferred train_time:193763ms step_avg:265.79ms
step:740/5100 train_loss:deferred train_time:194026ms step_avg:265.79ms
step:741/5100 train_loss:deferred train_time:194291ms step_avg:265.79ms
step:742/5100 train_loss:deferred train_time:194555ms step_avg:265.79ms
step:743/5100 train_loss:deferred train_time:194818ms step_avg:265.78ms
step:744/5100 train_loss:deferred train_time:195082ms step_avg:265.78ms
step:745/5100 train_loss:deferred train_time:195346ms step_avg:265.78ms
step:746/5100 train_loss:deferred train_time:195610ms step_avg:265.77ms
step:747/5100 train_loss:deferred train_time:195874ms step_avg:265.77ms
step:748/5100 train_loss:deferred train_time:196137ms step_avg:265.77ms
step:749/5100 train_loss:deferred train_time:196402ms step_avg:265.77ms
step:750/5100 train_loss:deferred train_time:196666ms step_avg:265.76ms
step:750/5100 val_loss:3.7714 train_time:196829ms step_avg:265.98ms
step:751/5100 train_loss:deferred train_time:196932ms step_avg:265.77ms
step:752/5100 train_loss:deferred train_time:197194ms step_avg:265.76ms
step:753/5100 train_loss:deferred train_time:197458ms step_avg:265.76ms
step:754/5100 train_loss:deferred train_time:197722ms step_avg:265.76ms
step:755/5100 train_loss:deferred train_time:197986ms step_avg:265.75ms
step:756/5100 train_loss:deferred train_time:198249ms step_avg:265.75ms
step:757/5100 train_loss:deferred train_time:198647ms step_avg:265.93ms
step:758/5100 train_loss:deferred train_time:198911ms step_avg:265.92ms
step:759/5100 train_loss:deferred train_time:199175ms step_avg:265.92ms
step:760/5100 train_loss:deferred train_time:199989ms step_avg:266.65ms
step:761/5100 train_loss:deferred train_time:200250ms step_avg:266.64ms
step:762/5100 train_loss:deferred train_time:200514ms step_avg:266.64ms
step:763/5100 train_loss:deferred train_time:200777ms step_avg:266.64ms
step:764/5100 train_loss:deferred train_time:201045ms step_avg:266.64ms
step:765/5100 train_loss:deferred train_time:201310ms step_avg:266.64ms
step:766/5100 train_loss:deferred train_time:201575ms step_avg:266.63ms
step:767/5100 train_loss:deferred train_time:201839ms step_avg:266.63ms
step:768/5100 train_loss:deferred train_time:202102ms step_avg:266.63ms
step:769/5100 train_loss:deferred train_time:202366ms step_avg:266.62ms
step:770/5100 train_loss:deferred train_time:202628ms step_avg:266.62ms
step:771/5100 train_loss:deferred train_time:202892ms step_avg:266.61ms
step:772/5100 train_loss:deferred train_time:203157ms step_avg:266.61ms
step:773/5100 train_loss:deferred train_time:203419ms step_avg:266.60ms
step:774/5100 train_loss:deferred train_time:203683ms step_avg:266.60ms
step:775/5100 train_loss:deferred train_time:203947ms step_avg:266.60ms
step:776/5100 train_loss:deferred train_time:204212ms step_avg:266.60ms
step:777/5100 train_loss:deferred train_time:204475ms step_avg:266.59ms
step:778/5100 train_loss:deferred train_time:204741ms step_avg:266.59ms
step:779/5100 train_loss:deferred train_time:205004ms step_avg:266.58ms
step:780/5100 train_loss:deferred train_time:205270ms step_avg:266.58ms
step:781/5100 train_loss:deferred train_time:205534ms step_avg:266.58ms
step:782/5100 train_loss:deferred train_time:205798ms step_avg:266.58ms
step:783/5100 train_loss:deferred train_time:206061ms step_avg:266.57ms
step:784/5100 train_loss:deferred train_time:206325ms step_avg:266.57ms
step:785/5100 train_loss:deferred train_time:206591ms step_avg:266.57ms
step:786/5100 train_loss:deferred train_time:206853ms step_avg:266.56ms
step:787/5100 train_loss:deferred train_time:207117ms step_avg:266.56ms
step:788/5100 train_loss:deferred train_time:207383ms step_avg:266.56ms
step:789/5100 train_loss:deferred train_time:207646ms step_avg:266.55ms
step:790/5100 train_loss:deferred train_time:207910ms step_avg:266.55ms
step:791/5100 train_loss:deferred train_time:208174ms step_avg:266.55ms
step:792/5100 train_loss:deferred train_time:208438ms step_avg:266.54ms
step:793/5100 train_loss:deferred train_time:208701ms step_avg:266.54ms
step:794/5100 train_loss:deferred train_time:208964ms step_avg:266.54ms
step:795/5100 train_loss:deferred train_time:209229ms step_avg:266.53ms
step:796/5100 train_loss:deferred train_time:209493ms step_avg:266.53ms
step:797/5100 train_loss:deferred train_time:209758ms step_avg:266.53ms
step:798/5100 train_loss:deferred train_time:210022ms step_avg:266.53ms
step:799/5100 train_loss:deferred train_time:210286ms step_avg:266.52ms
step:800/5100 train_loss:deferred train_time:210550ms step_avg:266.52ms
step:801/5100 train_loss:deferred train_time:210815ms step_avg:266.52ms
step:802/5100 train_loss:deferred train_time:211078ms step_avg:266.51ms
step:803/5100 train_loss:deferred train_time:211343ms step_avg:266.51ms
step:804/5100 train_loss:deferred train_time:211607ms step_avg:266.51ms
step:805/5100 train_loss:deferred train_time:211873ms step_avg:266.51ms
step:806/5100 train_loss:deferred train_time:212136ms step_avg:266.50ms
step:807/5100 train_loss:deferred train_time:212400ms step_avg:266.50ms
step:808/5100 train_loss:deferred train_time:212663ms step_avg:266.50ms
step:809/5100 train_loss:deferred train_time:212928ms step_avg:266.49ms
step:810/5100 train_loss:deferred train_time:213192ms step_avg:266.49ms
step:811/5100 train_loss:deferred train_time:213456ms step_avg:266.49ms
step:812/5100 train_loss:deferred train_time:213719ms step_avg:266.48ms
step:813/5100 train_loss:deferred train_time:213985ms step_avg:266.48ms
step:814/5100 train_loss:deferred train_time:214249ms step_avg:266.48ms
step:815/5100 train_loss:deferred train_time:214511ms step_avg:266.47ms
step:816/5100 train_loss:deferred train_time:214776ms step_avg:266.47ms
step:817/5100 train_loss:deferred train_time:215039ms step_avg:266.47ms
step:818/5100 train_loss:deferred train_time:215303ms step_avg:266.46ms
step:819/5100 train_loss:deferred train_time:215570ms step_avg:266.46ms
step:820/5100 train_loss:deferred train_time:215833ms step_avg:266.46ms
step:821/5100 train_loss:deferred train_time:216097ms step_avg:266.46ms
step:822/5100 train_loss:deferred train_time:216362ms step_avg:266.46ms
step:823/5100 train_loss:deferred train_time:216624ms step_avg:266.45ms
step:824/5100 train_loss:deferred train_time:216888ms step_avg:266.45ms
step:825/5100 train_loss:deferred train_time:217152ms step_avg:266.44ms
step:826/5100 train_loss:deferred train_time:217416ms step_avg:266.44ms
step:827/5100 train_loss:deferred train_time:217679ms step_avg:266.44ms
step:828/5100 train_loss:deferred train_time:217944ms step_avg:266.44ms
step:829/5100 train_loss:deferred train_time:218208ms step_avg:266.43ms
step:830/5100 train_loss:deferred train_time:218471ms step_avg:266.43ms
step:831/5100 train_loss:deferred train_time:218735ms step_avg:266.42ms
step:832/5100 train_loss:deferred train_time:218999ms step_avg:266.42ms
step:833/5100 train_loss:deferred train_time:219264ms step_avg:266.42ms
step:834/5100 train_loss:deferred train_time:219528ms step_avg:266.42ms
step:835/5100 train_loss:deferred train_time:219790ms step_avg:266.41ms
step:836/5100 train_loss:deferred train_time:220055ms step_avg:266.41ms
step:837/5100 train_loss:deferred train_time:220318ms step_avg:266.41ms
step:838/5100 train_loss:deferred train_time:220582ms step_avg:266.40ms
step:839/5100 train_loss:deferred train_time:220845ms step_avg:266.40ms
step:840/5100 train_loss:deferred train_time:221109ms step_avg:266.40ms
step:841/5100 train_loss:deferred train_time:221373ms step_avg:266.39ms
step:842/5100 train_loss:deferred train_time:221637ms step_avg:266.39ms
step:843/5100 train_loss:deferred train_time:221900ms step_avg:266.39ms
step:844/5100 train_loss:deferred train_time:222163ms step_avg:266.38ms
step:845/5100 train_loss:deferred train_time:222427ms step_avg:266.38ms
step:846/5100 train_loss:deferred train_time:222691ms step_avg:266.38ms
step:847/5100 train_loss:deferred train_time:222955ms step_avg:266.37ms
step:848/5100 train_loss:deferred train_time:223222ms step_avg:266.37ms
step:849/5100 train_loss:deferred train_time:223485ms step_avg:266.37ms
step:850/5100 train_loss:deferred train_time:223749ms step_avg:266.37ms
step:851/5100 train_loss:deferred train_time:224011ms step_avg:266.36ms
step:852/5100 train_loss:deferred train_time:224274ms step_avg:266.36ms
step:853/5100 train_loss:deferred train_time:224539ms step_avg:266.36ms
step:854/5100 train_loss:deferred train_time:224803ms step_avg:266.35ms
step:855/5100 train_loss:deferred train_time:225068ms step_avg:266.35ms
step:856/5100 train_loss:deferred train_time:225331ms step_avg:266.35ms
step:857/5100 train_loss:deferred train_time:225595ms step_avg:266.35ms
step:858/5100 train_loss:deferred train_time:225859ms step_avg:266.34ms
step:859/5100 train_loss:deferred train_time:226123ms step_avg:266.34ms
step:860/5100 train_loss:deferred train_time:226387ms step_avg:266.34ms
step:861/5100 train_loss:deferred train_time:226651ms step_avg:266.34ms
step:862/5100 train_loss:deferred train_time:226915ms step_avg:266.33ms
step:863/5100 train_loss:deferred train_time:227179ms step_avg:266.33ms
step:864/5100 train_loss:deferred train_time:227444ms step_avg:266.33ms
step:865/5100 train_loss:deferred train_time:227707ms step_avg:266.32ms
step:866/5100 train_loss:deferred train_time:227971ms step_avg:266.32ms
step:867/5100 train_loss:deferred train_time:228234ms step_avg:266.32ms
step:868/5100 train_loss:deferred train_time:228499ms step_avg:266.32ms
step:869/5100 train_loss:deferred train_time:228763ms step_avg:266.31ms
step:870/5100 train_loss:deferred train_time:229027ms step_avg:266.31ms
step:871/5100 train_loss:deferred train_time:229291ms step_avg:266.31ms
step:872/5100 train_loss:deferred train_time:229554ms step_avg:266.30ms
step:873/5100 train_loss:deferred train_time:229819ms step_avg:266.30ms
step:874/5100 train_loss:deferred train_time:230083ms step_avg:266.30ms
step:875/5100 train_loss:deferred train_time:230346ms step_avg:266.30ms
step:875/5100 val_loss:3.7234 train_time:230508ms step_avg:266.48ms
step:876/5100 train_loss:deferred train_time:230608ms step_avg:266.29ms
step:877/5100 train_loss:deferred train_time:230872ms step_avg:266.29ms
step:878/5100 train_loss:deferred train_time:231136ms step_avg:266.29ms
step:879/5100 train_loss:deferred train_time:231400ms step_avg:266.28ms
step:880/5100 train_loss:deferred train_time:231664ms step_avg:266.28ms
step:881/5100 train_loss:deferred train_time:231928ms step_avg:266.28ms
step:882/5100 train_loss:deferred train_time:232192ms step_avg:266.28ms
step:883/5100 train_loss:deferred train_time:232458ms step_avg:266.28ms
step:884/5100 train_loss:deferred train_time:232722ms step_avg:266.27ms
step:885/5100 train_loss:deferred train_time:232985ms step_avg:266.27ms
step:886/5100 train_loss:deferred train_time:233248ms step_avg:266.26ms
step:887/5100 train_loss:deferred train_time:233513ms step_avg:266.26ms
step:888/5100 train_loss:deferred train_time:233775ms step_avg:266.26ms
step:889/5100 train_loss:deferred train_time:234041ms step_avg:266.26ms
step:890/5100 train_loss:deferred train_time:234308ms step_avg:266.26ms
step:891/5100 train_loss:deferred train_time:234567ms step_avg:266.25ms
step:892/5100 train_loss:deferred train_time:234830ms step_avg:266.25ms
step:893/5100 train_loss:deferred train_time:235094ms step_avg:266.24ms
step:894/5100 train_loss:deferred train_time:235358ms step_avg:266.24ms
step:895/5100 train_loss:deferred train_time:235623ms step_avg:266.24ms
step:896/5100 train_loss:deferred train_time:235886ms step_avg:266.24ms
step:897/5100 train_loss:deferred train_time:236150ms step_avg:266.23ms
step:898/5100 train_loss:deferred train_time:236413ms step_avg:266.23ms
step:899/5100 train_loss:deferred train_time:236677ms step_avg:266.23ms
step:900/5100 train_loss:deferred train_time:236942ms step_avg:266.23ms
step:901/5100 train_loss:deferred train_time:237207ms step_avg:266.23ms
step:902/5100 train_loss:deferred train_time:237471ms step_avg:266.22ms
step:903/5100 train_loss:deferred train_time:237736ms step_avg:266.22ms
step:904/5100 train_loss:deferred train_time:237999ms step_avg:266.22ms
step:905/5100 train_loss:deferred train_time:238263ms step_avg:266.22ms
step:906/5100 train_loss:deferred train_time:238527ms step_avg:266.21ms
step:907/5100 train_loss:deferred train_time:238790ms step_avg:266.21ms
step:908/5100 train_loss:deferred train_time:239056ms step_avg:266.21ms
step:909/5100 train_loss:deferred train_time:239319ms step_avg:266.21ms
step:910/5100 train_loss:deferred train_time:239582ms step_avg:266.20ms
step:911/5100 train_loss:deferred train_time:239846ms step_avg:266.20ms
step:912/5100 train_loss:deferred train_time:240109ms step_avg:266.20ms
step:913/5100 train_loss:deferred train_time:240373ms step_avg:266.19ms
step:914/5100 train_loss:deferred train_time:240636ms step_avg:266.19ms
step:915/5100 train_loss:deferred train_time:240899ms step_avg:266.19ms
step:916/5100 train_loss:deferred train_time:241163ms step_avg:266.18ms
step:917/5100 train_loss:deferred train_time:241429ms step_avg:266.18ms
step:918/5100 train_loss:deferred train_time:241693ms step_avg:266.18ms
step:919/5100 train_loss:deferred train_time:241957ms step_avg:266.18ms
step:920/5100 train_loss:deferred train_time:242220ms step_avg:266.18ms
step:921/5100 train_loss:deferred train_time:242484ms step_avg:266.17ms
step:922/5100 train_loss:deferred train_time:242748ms step_avg:266.17ms
step:923/5100 train_loss:deferred train_time:243010ms step_avg:266.17ms
step:924/5100 train_loss:deferred train_time:243274ms step_avg:266.16ms
step:925/5100 train_loss:deferred train_time:243539ms step_avg:266.16ms
step:926/5100 train_loss:deferred train_time:243805ms step_avg:266.16ms
step:927/5100 train_loss:deferred train_time:244069ms step_avg:266.16ms
step:928/5100 train_loss:deferred train_time:244333ms step_avg:266.16ms
step:929/5100 train_loss:deferred train_time:244595ms step_avg:266.15ms
step:930/5100 train_loss:deferred train_time:244860ms step_avg:266.15ms
step:931/5100 train_loss:deferred train_time:245124ms step_avg:266.15ms
step:932/5100 train_loss:deferred train_time:245386ms step_avg:266.15ms
step:933/5100 train_loss:deferred train_time:245650ms step_avg:266.14ms
step:934/5100 train_loss:deferred train_time:245914ms step_avg:266.14ms
step:935/5100 train_loss:deferred train_time:246179ms step_avg:266.14ms
step:936/5100 train_loss:deferred train_time:246443ms step_avg:266.14ms
step:937/5100 train_loss:deferred train_time:246707ms step_avg:266.14ms
step:938/5100 train_loss:deferred train_time:246972ms step_avg:266.13ms
step:939/5100 train_loss:deferred train_time:247235ms step_avg:266.13ms
step:940/5100 train_loss:deferred train_time:247500ms step_avg:266.13ms
step:941/5100 train_loss:deferred train_time:247762ms step_avg:266.12ms
step:942/5100 train_loss:deferred train_time:248025ms step_avg:266.12ms
step:943/5100 train_loss:deferred train_time:248291ms step_avg:266.12ms
step:944/5100 train_loss:deferred train_time:248556ms step_avg:266.12ms
step:945/5100 train_loss:deferred train_time:248819ms step_avg:266.12ms
step:946/5100 train_loss:deferred train_time:249229ms step_avg:266.27ms
step:947/5100 train_loss:deferred train_time:249492ms step_avg:266.27ms
step:948/5100 train_loss:deferred train_time:249756ms step_avg:266.26ms
step:949/5100 train_loss:deferred train_time:250021ms step_avg:266.26ms
step:950/5100 train_loss:deferred train_time:250682ms step_avg:266.68ms
step:951/5100 train_loss:deferred train_time:250980ms step_avg:266.72ms
step:952/5100 train_loss:deferred train_time:251244ms step_avg:266.71ms
step:953/5100 train_loss:deferred train_time:251508ms step_avg:266.71ms
step:954/5100 train_loss:deferred train_time:251772ms step_avg:266.71ms
step:955/5100 train_loss:deferred train_time:252036ms step_avg:266.70ms
step:956/5100 train_loss:deferred train_time:252299ms step_avg:266.70ms
step:957/5100 train_loss:deferred train_time:252565ms step_avg:266.70ms
step:958/5100 train_loss:deferred train_time:252830ms step_avg:266.70ms
step:959/5100 train_loss:deferred train_time:253094ms step_avg:266.70ms
step:960/5100 train_loss:deferred train_time:253358ms step_avg:266.69ms
step:961/5100 train_loss:deferred train_time:253622ms step_avg:266.69ms
step:962/5100 train_loss:deferred train_time:253888ms step_avg:266.69ms
step:963/5100 train_loss:deferred train_time:254150ms step_avg:266.68ms
step:964/5100 train_loss:deferred train_time:254412ms step_avg:266.68ms
step:965/5100 train_loss:deferred train_time:254676ms step_avg:266.68ms
step:966/5100 train_loss:deferred train_time:254940ms step_avg:266.67ms
step:967/5100 train_loss:deferred train_time:255204ms step_avg:266.67ms
step:968/5100 train_loss:deferred train_time:255467ms step_avg:266.67ms
step:969/5100 train_loss:deferred train_time:255730ms step_avg:266.66ms
step:970/5100 train_loss:deferred train_time:255995ms step_avg:266.66ms
step:971/5100 train_loss:deferred train_time:256259ms step_avg:266.66ms
step:972/5100 train_loss:deferred train_time:256523ms step_avg:266.66ms
step:973/5100 train_loss:deferred train_time:256787ms step_avg:266.65ms
step:974/5100 train_loss:deferred train_time:257051ms step_avg:266.65ms
step:975/5100 train_loss:deferred train_time:257317ms step_avg:266.65ms
step:976/5100 train_loss:deferred train_time:257580ms step_avg:266.65ms
step:977/5100 train_loss:deferred train_time:257844ms step_avg:266.64ms
step:978/5100 train_loss:deferred train_time:258110ms step_avg:266.64ms
step:979/5100 train_loss:deferred train_time:258372ms step_avg:266.64ms
step:980/5100 train_loss:deferred train_time:258636ms step_avg:266.64ms
step:981/5100 train_loss:deferred train_time:258901ms step_avg:266.63ms
step:982/5100 train_loss:deferred train_time:259165ms step_avg:266.63ms
step:983/5100 train_loss:deferred train_time:259429ms step_avg:266.63ms
step:984/5100 train_loss:deferred train_time:259694ms step_avg:266.63ms
step:985/5100 train_loss:deferred train_time:259957ms step_avg:266.62ms
step:986/5100 train_loss:deferred train_time:260221ms step_avg:266.62ms
step:987/5100 train_loss:deferred train_time:260487ms step_avg:266.62ms
step:988/5100 train_loss:deferred train_time:260751ms step_avg:266.62ms
step:989/5100 train_loss:deferred train_time:261015ms step_avg:266.61ms
step:990/5100 train_loss:deferred train_time:261277ms step_avg:266.61ms
step:991/5100 train_loss:deferred train_time:261542ms step_avg:266.61ms
step:992/5100 train_loss:deferred train_time:261805ms step_avg:266.60ms
step:993/5100 train_loss:deferred train_time:262071ms step_avg:266.60ms
step:994/5100 train_loss:deferred train_time:262335ms step_avg:266.60ms
step:995/5100 train_loss:deferred train_time:262597ms step_avg:266.60ms
step:996/5100 train_loss:deferred train_time:262862ms step_avg:266.59ms
step:997/5100 train_loss:deferred train_time:263127ms step_avg:266.59ms
step:998/5100 train_loss:deferred train_time:263391ms step_avg:266.59ms
step:999/5100 train_loss:deferred train_time:263655ms step_avg:266.59ms
step:1000/5100 train_loss:deferred train_time:263921ms step_avg:266.59ms
step:1000/5100 val_loss:3.6824 train_time:264082ms step_avg:266.75ms
step:1001/5100 train_loss:deferred train_time:264186ms step_avg:266.59ms
step:1002/5100 train_loss:deferred train_time:264450ms step_avg:266.58ms
step:1003/5100 train_loss:deferred train_time:264713ms step_avg:266.58ms
step:1004/5100 train_loss:deferred train_time:264977ms step_avg:266.58ms
step:1005/5100 train_loss:deferred train_time:265242ms step_avg:266.57ms
step:1006/5100 train_loss:deferred train_time:265505ms step_avg:266.57ms
step:1007/5100 train_loss:deferred train_time:265770ms step_avg:266.57ms
step:1008/5100 train_loss:deferred train_time:266034ms step_avg:266.57ms
step:1009/5100 train_loss:deferred train_time:266297ms step_avg:266.56ms
step:1010/5100 train_loss:deferred train_time:266561ms step_avg:266.56ms
step:1011/5100 train_loss:deferred train_time:266824ms step_avg:266.56ms
step:1012/5100 train_loss:deferred train_time:267087ms step_avg:266.55ms
step:1013/5100 train_loss:deferred train_time:267352ms step_avg:266.55ms
step:1014/5100 train_loss:deferred train_time:267616ms step_avg:266.55ms
step:1015/5100 train_loss:deferred train_time:267880ms step_avg:266.55ms
step:1016/5100 train_loss:deferred train_time:268145ms step_avg:266.55ms
step:1017/5100 train_loss:deferred train_time:268410ms step_avg:266.54ms
step:1018/5100 train_loss:deferred train_time:268673ms step_avg:266.54ms
step:1019/5100 train_loss:deferred train_time:268937ms step_avg:266.54ms
step:1020/5100 train_loss:deferred train_time:269200ms step_avg:266.53ms
step:1021/5100 train_loss:deferred train_time:269464ms step_avg:266.53ms
step:1022/5100 train_loss:deferred train_time:269728ms step_avg:266.53ms
step:1023/5100 train_loss:deferred train_time:269991ms step_avg:266.53ms
step:1024/5100 train_loss:deferred train_time:270253ms step_avg:266.52ms
step:1025/5100 train_loss:deferred train_time:270520ms step_avg:266.52ms
step:1026/5100 train_loss:deferred train_time:270783ms step_avg:266.52ms
step:1027/5100 train_loss:deferred train_time:271046ms step_avg:266.51ms
step:1028/5100 train_loss:deferred train_time:271310ms step_avg:266.51ms
step:1029/5100 train_loss:deferred train_time:271574ms step_avg:266.51ms
step:1030/5100 train_loss:deferred train_time:271840ms step_avg:266.51ms
step:1031/5100 train_loss:deferred train_time:272105ms step_avg:266.51ms
step:1032/5100 train_loss:deferred train_time:272368ms step_avg:266.50ms
step:1033/5100 train_loss:deferred train_time:272632ms step_avg:266.50ms
step:1034/5100 train_loss:deferred train_time:272896ms step_avg:266.50ms
step:1035/5100 train_loss:deferred train_time:273159ms step_avg:266.50ms
step:1036/5100 train_loss:deferred train_time:273423ms step_avg:266.49ms
step:1037/5100 train_loss:deferred train_time:273687ms step_avg:266.49ms
step:1038/5100 train_loss:deferred train_time:273952ms step_avg:266.49ms
step:1039/5100 train_loss:deferred train_time:274216ms step_avg:266.49ms
step:1040/5100 train_loss:deferred train_time:274479ms step_avg:266.48ms
step:1041/5100 train_loss:deferred train_time:274743ms step_avg:266.48ms
step:1042/5100 train_loss:deferred train_time:275008ms step_avg:266.48ms
step:1043/5100 train_loss:deferred train_time:275271ms step_avg:266.48ms
step:1044/5100 train_loss:deferred train_time:275536ms step_avg:266.48ms
step:1045/5100 train_loss:deferred train_time:275799ms step_avg:266.47ms
step:1046/5100 train_loss:deferred train_time:276065ms step_avg:266.47ms
step:1047/5100 train_loss:deferred train_time:276329ms step_avg:266.47ms
step:1048/5100 train_loss:deferred train_time:276593ms step_avg:266.47ms
step:1049/5100 train_loss:deferred train_time:276857ms step_avg:266.46ms
step:1050/5100 train_loss:deferred train_time:277121ms step_avg:266.46ms
step:1051/5100 train_loss:deferred train_time:277385ms step_avg:266.46ms
step:1052/5100 train_loss:deferred train_time:277648ms step_avg:266.46ms
step:1053/5100 train_loss:deferred train_time:277912ms step_avg:266.45ms
step:1054/5100 train_loss:deferred train_time:278176ms step_avg:266.45ms
step:1055/5100 train_loss:deferred train_time:278440ms step_avg:266.45ms
step:1056/5100 train_loss:deferred train_time:278705ms step_avg:266.45ms
step:1057/5100 train_loss:deferred train_time:278971ms step_avg:266.45ms
step:1058/5100 train_loss:deferred train_time:279236ms step_avg:266.45ms
step:1059/5100 train_loss:deferred train_time:279499ms step_avg:266.44ms
step:1060/5100 train_loss:deferred train_time:279762ms step_avg:266.44ms
step:1061/5100 train_loss:deferred train_time:280027ms step_avg:266.44ms
step:1062/5100 train_loss:deferred train_time:280291ms step_avg:266.44ms
step:1063/5100 train_loss:deferred train_time:280555ms step_avg:266.43ms
step:1064/5100 train_loss:deferred train_time:280819ms step_avg:266.43ms
step:1065/5100 train_loss:deferred train_time:281083ms step_avg:266.43ms
step:1066/5100 train_loss:deferred train_time:281347ms step_avg:266.43ms
step:1067/5100 train_loss:deferred train_time:281611ms step_avg:266.42ms
step:1068/5100 train_loss:deferred train_time:281876ms step_avg:266.42ms
step:1069/5100 train_loss:deferred train_time:282138ms step_avg:266.42ms
step:1070/5100 train_loss:deferred train_time:282403ms step_avg:266.42ms
step:1071/5100 train_loss:deferred train_time:282667ms step_avg:266.42ms
step:1072/5100 train_loss:deferred train_time:282931ms step_avg:266.41ms
step:1073/5100 train_loss:deferred train_time:283196ms step_avg:266.41ms
step:1074/5100 train_loss:deferred train_time:283460ms step_avg:266.41ms
step:1075/5100 train_loss:deferred train_time:283725ms step_avg:266.41ms
step:1076/5100 train_loss:deferred train_time:283988ms step_avg:266.41ms
step:1077/5100 train_loss:deferred train_time:284252ms step_avg:266.40ms
step:1078/5100 train_loss:deferred train_time:284515ms step_avg:266.40ms
step:1079/5100 train_loss:deferred train_time:284779ms step_avg:266.40ms
step:1080/5100 train_loss:deferred train_time:285043ms step_avg:266.40ms
step:1081/5100 train_loss:deferred train_time:285307ms step_avg:266.39ms
step:1082/5100 train_loss:deferred train_time:285571ms step_avg:266.39ms
step:1083/5100 train_loss:deferred train_time:285834ms step_avg:266.39ms
step:1084/5100 train_loss:deferred train_time:286099ms step_avg:266.39ms
step:1085/5100 train_loss:deferred train_time:286363ms step_avg:266.38ms
step:1086/5100 train_loss:deferred train_time:286627ms step_avg:266.38ms
step:1087/5100 train_loss:deferred train_time:286890ms step_avg:266.38ms
step:1088/5100 train_loss:deferred train_time:287155ms step_avg:266.38ms
step:1089/5100 train_loss:deferred train_time:287419ms step_avg:266.37ms
step:1090/5100 train_loss:deferred train_time:287682ms step_avg:266.37ms
step:1091/5100 train_loss:deferred train_time:287946ms step_avg:266.37ms
step:1092/5100 train_loss:deferred train_time:288211ms step_avg:266.37ms
step:1093/5100 train_loss:deferred train_time:288475ms step_avg:266.37ms
step:1094/5100 train_loss:deferred train_time:288738ms step_avg:266.36ms
step:1095/5100 train_loss:deferred train_time:289002ms step_avg:266.36ms
step:1096/5100 train_loss:deferred train_time:289268ms step_avg:266.36ms
step:1097/5100 train_loss:deferred train_time:289532ms step_avg:266.36ms
step:1098/5100 train_loss:deferred train_time:289794ms step_avg:266.36ms
step:1099/5100 train_loss:deferred train_time:290058ms step_avg:266.35ms
step:1100/5100 train_loss:deferred train_time:290322ms step_avg:266.35ms
step:1101/5100 train_loss:deferred train_time:290586ms step_avg:266.35ms
step:1102/5100 train_loss:deferred train_time:290850ms step_avg:266.35ms
step:1103/5100 train_loss:deferred train_time:291115ms step_avg:266.34ms
step:1104/5100 train_loss:deferred train_time:291378ms step_avg:266.34ms
step:1105/5100 train_loss:deferred train_time:291642ms step_avg:266.34ms
step:1106/5100 train_loss:deferred train_time:291906ms step_avg:266.34ms
step:1107/5100 train_loss:deferred train_time:292172ms step_avg:266.34ms
step:1108/5100 train_loss:deferred train_time:292435ms step_avg:266.33ms
step:1109/5100 train_loss:deferred train_time:292700ms step_avg:266.33ms
step:1110/5100 train_loss:deferred train_time:292963ms step_avg:266.33ms
step:1111/5100 train_loss:deferred train_time:293226ms step_avg:266.33ms
step:1112/5100 train_loss:deferred train_time:293490ms step_avg:266.33ms
step:1113/5100 train_loss:deferred train_time:293755ms step_avg:266.32ms
step:1114/5100 train_loss:deferred train_time:294018ms step_avg:266.32ms
step:1115/5100 train_loss:deferred train_time:294281ms step_avg:266.32ms
step:1116/5100 train_loss:deferred train_time:294545ms step_avg:266.32ms
step:1117/5100 train_loss:deferred train_time:294815ms step_avg:266.32ms
step:1118/5100 train_loss:deferred train_time:295078ms step_avg:266.32ms
step:1119/5100 train_loss:deferred train_time:295340ms step_avg:266.31ms
step:1120/5100 train_loss:deferred train_time:295602ms step_avg:266.31ms
step:1121/5100 train_loss:deferred train_time:295866ms step_avg:266.31ms
step:1122/5100 train_loss:deferred train_time:296130ms step_avg:266.30ms
step:1123/5100 train_loss:deferred train_time:296393ms step_avg:266.30ms
step:1124/5100 train_loss:deferred train_time:296657ms step_avg:266.30ms
step:1125/5100 train_loss:deferred train_time:296923ms step_avg:266.30ms
step:1125/5100 val_loss:3.6552 train_time:297084ms step_avg:266.44ms
step:1126/5100 train_loss:deferred train_time:297187ms step_avg:266.30ms
step:1127/5100 train_loss:deferred train_time:297452ms step_avg:266.30ms
step:1128/5100 train_loss:deferred train_time:297716ms step_avg:266.29ms
step:1129/5100 train_loss:deferred train_time:297981ms step_avg:266.29ms
step:1130/5100 train_loss:deferred train_time:298244ms step_avg:266.29ms
step:1131/5100 train_loss:deferred train_time:298508ms step_avg:266.29ms
step:1132/5100 train_loss:deferred train_time:298770ms step_avg:266.28ms
step:1133/5100 train_loss:deferred train_time:299034ms step_avg:266.28ms
step:1134/5100 train_loss:deferred train_time:299298ms step_avg:266.28ms
step:1135/5100 train_loss:deferred train_time:299614ms step_avg:266.32ms
step:1136/5100 train_loss:deferred train_time:299877ms step_avg:266.32ms
step:1137/5100 train_loss:deferred train_time:300141ms step_avg:266.32ms
step:1138/5100 train_loss:deferred train_time:300405ms step_avg:266.32ms
step:1139/5100 train_loss:deferred train_time:300670ms step_avg:266.32ms
step:1140/5100 train_loss:deferred train_time:301020ms step_avg:266.39ms
step:1141/5100 train_loss:deferred train_time:301581ms step_avg:266.65ms
step:1142/5100 train_loss:deferred train_time:301844ms step_avg:266.65ms
step:1143/5100 train_loss:deferred train_time:302108ms step_avg:266.64ms
step:1144/5100 train_loss:deferred train_time:302371ms step_avg:266.64ms
step:1145/5100 train_loss:deferred train_time:302633ms step_avg:266.64ms
step:1146/5100 train_loss:deferred train_time:302897ms step_avg:266.64ms
step:1147/5100 train_loss:deferred train_time:303161ms step_avg:266.63ms
step:1148/5100 train_loss:deferred train_time:303424ms step_avg:266.63ms
step:1149/5100 train_loss:deferred train_time:303690ms step_avg:266.63ms
step:1150/5100 train_loss:deferred train_time:303952ms step_avg:266.62ms
step:1151/5100 train_loss:deferred train_time:304216ms step_avg:266.62ms
step:1152/5100 train_loss:deferred train_time:304482ms step_avg:266.62ms
step:1153/5100 train_loss:deferred train_time:304745ms step_avg:266.62ms
step:1154/5100 train_loss:deferred train_time:305008ms step_avg:266.62ms
step:1155/5100 train_loss:deferred train_time:305273ms step_avg:266.61ms
step:1156/5100 train_loss:deferred train_time:305536ms step_avg:266.61ms
step:1157/5100 train_loss:deferred train_time:305803ms step_avg:266.61ms
step:1158/5100 train_loss:deferred train_time:306065ms step_avg:266.61ms
step:1159/5100 train_loss:deferred train_time:306328ms step_avg:266.60ms
step:1160/5100 train_loss:deferred train_time:306591ms step_avg:266.60ms
step:1161/5100 train_loss:deferred train_time:306855ms step_avg:266.60ms
step:1162/5100 train_loss:deferred train_time:307119ms step_avg:266.60ms
step:1163/5100 train_loss:deferred train_time:307385ms step_avg:266.60ms
step:1164/5100 train_loss:deferred train_time:307649ms step_avg:266.59ms
step:1165/5100 train_loss:deferred train_time:307912ms step_avg:266.59ms
step:1166/5100 train_loss:deferred train_time:308177ms step_avg:266.59ms
step:1167/5100 train_loss:deferred train_time:308440ms step_avg:266.59ms
step:1168/5100 train_loss:deferred train_time:308705ms step_avg:266.58ms
step:1169/5100 train_loss:deferred train_time:308970ms step_avg:266.58ms
step:1170/5100 train_loss:deferred train_time:309233ms step_avg:266.58ms
step:1171/5100 train_loss:deferred train_time:309497ms step_avg:266.58ms
step:1172/5100 train_loss:deferred train_time:309760ms step_avg:266.58ms
step:1173/5100 train_loss:deferred train_time:310024ms step_avg:266.57ms
step:1174/5100 train_loss:deferred train_time:310289ms step_avg:266.57ms
step:1175/5100 train_loss:deferred train_time:310553ms step_avg:266.57ms
step:1176/5100 train_loss:deferred train_time:310816ms step_avg:266.57ms
step:1177/5100 train_loss:deferred train_time:311081ms step_avg:266.56ms
step:1178/5100 train_loss:deferred train_time:311345ms step_avg:266.56ms
step:1179/5100 train_loss:deferred train_time:311610ms step_avg:266.56ms
step:1180/5100 train_loss:deferred train_time:311873ms step_avg:266.56ms
step:1181/5100 train_loss:deferred train_time:312137ms step_avg:266.56ms
step:1182/5100 train_loss:deferred train_time:312400ms step_avg:266.55ms
step:1183/5100 train_loss:deferred train_time:312665ms step_avg:266.55ms
step:1184/5100 train_loss:deferred train_time:312929ms step_avg:266.55ms
step:1185/5100 train_loss:deferred train_time:313194ms step_avg:266.55ms
step:1186/5100 train_loss:deferred train_time:313459ms step_avg:266.55ms
step:1187/5100 train_loss:deferred train_time:313724ms step_avg:266.55ms
step:1188/5100 train_loss:deferred train_time:313987ms step_avg:266.54ms
step:1189/5100 train_loss:deferred train_time:314252ms step_avg:266.54ms
step:1190/5100 train_loss:deferred train_time:314513ms step_avg:266.54ms
step:1191/5100 train_loss:deferred train_time:314775ms step_avg:266.53ms
step:1192/5100 train_loss:deferred train_time:315039ms step_avg:266.53ms
step:1193/5100 train_loss:deferred train_time:315305ms step_avg:266.53ms
step:1194/5100 train_loss:deferred train_time:315569ms step_avg:266.53ms
step:1195/5100 train_loss:deferred train_time:315833ms step_avg:266.53ms
step:1196/5100 train_loss:deferred train_time:316096ms step_avg:266.52ms
step:1197/5100 train_loss:deferred train_time:316360ms step_avg:266.52ms
step:1198/5100 train_loss:deferred train_time:316623ms step_avg:266.52ms
step:1199/5100 train_loss:deferred train_time:316889ms step_avg:266.52ms
step:1200/5100 train_loss:deferred train_time:317154ms step_avg:266.52ms
step:1201/5100 train_loss:deferred train_time:317418ms step_avg:266.51ms
step:1202/5100 train_loss:deferred train_time:317681ms step_avg:266.51ms
step:1203/5100 train_loss:deferred train_time:317945ms step_avg:266.51ms
step:1204/5100 train_loss:deferred train_time:318209ms step_avg:266.51ms
step:1205/5100 train_loss:deferred train_time:318473ms step_avg:266.50ms
step:1206/5100 train_loss:deferred train_time:318735ms step_avg:266.50ms
step:1207/5100 train_loss:deferred train_time:319000ms step_avg:266.50ms
step:1208/5100 train_loss:deferred train_time:319265ms step_avg:266.50ms
step:1209/5100 train_loss:deferred train_time:319527ms step_avg:266.49ms
step:1210/5100 train_loss:deferred train_time:319792ms step_avg:266.49ms
step:1211/5100 train_loss:deferred train_time:320056ms step_avg:266.49ms
step:1212/5100 train_loss:deferred train_time:320322ms step_avg:266.49ms
step:1213/5100 train_loss:deferred train_time:320585ms step_avg:266.49ms
step:1214/5100 train_loss:deferred train_time:320850ms step_avg:266.49ms
step:1215/5100 train_loss:deferred train_time:321114ms step_avg:266.48ms
step:1216/5100 train_loss:deferred train_time:321378ms step_avg:266.48ms
step:1217/5100 train_loss:deferred train_time:321642ms step_avg:266.48ms
step:1218/5100 train_loss:deferred train_time:321905ms step_avg:266.48ms
step:1219/5100 train_loss:deferred train_time:322168ms step_avg:266.47ms
step:1220/5100 train_loss:deferred train_time:322433ms step_avg:266.47ms
step:1221/5100 train_loss:deferred train_time:322697ms step_avg:266.47ms
step:1222/5100 train_loss:deferred train_time:322962ms step_avg:266.47ms
step:1223/5100 train_loss:deferred train_time:323226ms step_avg:266.47ms
step:1224/5100 train_loss:deferred train_time:323490ms step_avg:266.47ms
step:1225/5100 train_loss:deferred train_time:323753ms step_avg:266.46ms
step:1226/5100 train_loss:deferred train_time:324016ms step_avg:266.46ms
step:1227/5100 train_loss:deferred train_time:324280ms step_avg:266.46ms
step:1228/5100 train_loss:deferred train_time:324545ms step_avg:266.46ms
step:1229/5100 train_loss:deferred train_time:324810ms step_avg:266.46ms
step:1230/5100 train_loss:deferred train_time:325074ms step_avg:266.45ms
step:1231/5100 train_loss:deferred train_time:325338ms step_avg:266.45ms
step:1232/5100 train_loss:deferred train_time:325602ms step_avg:266.45ms
step:1233/5100 train_loss:deferred train_time:325866ms step_avg:266.45ms
step:1234/5100 train_loss:deferred train_time:326130ms step_avg:266.45ms
step:1235/5100 train_loss:deferred train_time:326394ms step_avg:266.44ms
step:1236/5100 train_loss:deferred train_time:326659ms step_avg:266.44ms
step:1237/5100 train_loss:deferred train_time:326923ms step_avg:266.44ms
step:1238/5100 train_loss:deferred train_time:327187ms step_avg:266.44ms
step:1239/5100 train_loss:deferred train_time:327451ms step_avg:266.44ms
step:1240/5100 train_loss:deferred train_time:327713ms step_avg:266.43ms
step:1241/5100 train_loss:deferred train_time:327976ms step_avg:266.43ms
step:1242/5100 train_loss:deferred train_time:328241ms step_avg:266.43ms
step:1243/5100 train_loss:deferred train_time:328505ms step_avg:266.43ms
step:1244/5100 train_loss:deferred train_time:328769ms step_avg:266.43ms
step:1245/5100 train_loss:deferred train_time:329032ms step_avg:266.42ms
step:1246/5100 train_loss:deferred train_time:329296ms step_avg:266.42ms
step:1247/5100 train_loss:deferred train_time:329558ms step_avg:266.42ms
step:1248/5100 train_loss:deferred train_time:329821ms step_avg:266.41ms
step:1249/5100 train_loss:deferred train_time:330087ms step_avg:266.41ms
step:1250/5100 train_loss:deferred train_time:330350ms step_avg:266.41ms
step:1250/5100 val_loss:3.6243 train_time:330512ms step_avg:266.54ms
step:1251/5100 train_loss:deferred train_time:330615ms step_avg:266.41ms
step:1252/5100 train_loss:deferred train_time:330875ms step_avg:266.41ms
step:1253/5100 train_loss:deferred train_time:331139ms step_avg:266.40ms
step:1254/5100 train_loss:deferred train_time:331404ms step_avg:266.40ms
step:1255/5100 train_loss:deferred train_time:331667ms step_avg:266.40ms
step:1256/5100 train_loss:deferred train_time:331934ms step_avg:266.40ms
step:1257/5100 train_loss:deferred train_time:332198ms step_avg:266.40ms
step:1258/5100 train_loss:deferred train_time:332462ms step_avg:266.40ms
step:1259/5100 train_loss:deferred train_time:332726ms step_avg:266.39ms
step:1260/5100 train_loss:deferred train_time:332990ms step_avg:266.39ms
step:1261/5100 train_loss:deferred train_time:333253ms step_avg:266.39ms
step:1262/5100 train_loss:deferred train_time:333517ms step_avg:266.39ms
step:1263/5100 train_loss:deferred train_time:333779ms step_avg:266.38ms
step:1264/5100 train_loss:deferred train_time:334043ms step_avg:266.38ms
step:1265/5100 train_loss:deferred train_time:334308ms step_avg:266.38ms
step:1266/5100 train_loss:deferred train_time:334571ms step_avg:266.38ms
step:1267/5100 train_loss:deferred train_time:334834ms step_avg:266.38ms
step:1268/5100 train_loss:deferred train_time:335099ms step_avg:266.37ms
step:1269/5100 train_loss:deferred train_time:335363ms step_avg:266.37ms
step:1270/5100 train_loss:deferred train_time:335627ms step_avg:266.37ms
step:1271/5100 train_loss:deferred train_time:335892ms step_avg:266.37ms
step:1272/5100 train_loss:deferred train_time:336155ms step_avg:266.37ms
step:1273/5100 train_loss:deferred train_time:336419ms step_avg:266.36ms
step:1274/5100 train_loss:deferred train_time:336682ms step_avg:266.36ms
step:1275/5100 train_loss:deferred train_time:336946ms step_avg:266.36ms
step:1276/5100 train_loss:deferred train_time:337210ms step_avg:266.36ms
step:1277/5100 train_loss:deferred train_time:337474ms step_avg:266.36ms
step:1278/5100 train_loss:deferred train_time:337737ms step_avg:266.35ms
step:1279/5100 train_loss:deferred train_time:338001ms step_avg:266.35ms
step:1280/5100 train_loss:deferred train_time:338265ms step_avg:266.35ms
step:1281/5100 train_loss:deferred train_time:338529ms step_avg:266.35ms
step:1282/5100 train_loss:deferred train_time:338793ms step_avg:266.35ms
step:1283/5100 train_loss:deferred train_time:339059ms step_avg:266.35ms
step:1284/5100 train_loss:deferred train_time:339322ms step_avg:266.34ms
step:1285/5100 train_loss:deferred train_time:339586ms step_avg:266.34ms
step:1286/5100 train_loss:deferred train_time:339852ms step_avg:266.34ms
step:1287/5100 train_loss:deferred train_time:340115ms step_avg:266.34ms
step:1288/5100 train_loss:deferred train_time:340379ms step_avg:266.34ms
step:1289/5100 train_loss:deferred train_time:340642ms step_avg:266.33ms
step:1290/5100 train_loss:deferred train_time:340908ms step_avg:266.33ms
step:1291/5100 train_loss:deferred train_time:341172ms step_avg:266.33ms
step:1292/5100 train_loss:deferred train_time:341436ms step_avg:266.33ms
step:1293/5100 train_loss:deferred train_time:341700ms step_avg:266.33ms
step:1294/5100 train_loss:deferred train_time:341964ms step_avg:266.33ms
step:1295/5100 train_loss:deferred train_time:342227ms step_avg:266.32ms
step:1296/5100 train_loss:deferred train_time:342492ms step_avg:266.32ms
step:1297/5100 train_loss:deferred train_time:342756ms step_avg:266.32ms
step:1298/5100 train_loss:deferred train_time:343019ms step_avg:266.32ms
step:1299/5100 train_loss:deferred train_time:343283ms step_avg:266.32ms
step:1300/5100 train_loss:deferred train_time:343547ms step_avg:266.32ms
step:1301/5100 train_loss:deferred train_time:343811ms step_avg:266.31ms
step:1302/5100 train_loss:deferred train_time:344075ms step_avg:266.31ms
step:1303/5100 train_loss:deferred train_time:344340ms step_avg:266.31ms
step:1304/5100 train_loss:deferred train_time:344603ms step_avg:266.31ms
step:1305/5100 train_loss:deferred train_time:344868ms step_avg:266.31ms
step:1306/5100 train_loss:deferred train_time:345132ms step_avg:266.31ms
step:1307/5100 train_loss:deferred train_time:345396ms step_avg:266.30ms
step:1308/5100 train_loss:deferred train_time:345660ms step_avg:266.30ms
step:1309/5100 train_loss:deferred train_time:345924ms step_avg:266.30ms
step:1310/5100 train_loss:deferred train_time:346188ms step_avg:266.30ms
step:1311/5100 train_loss:deferred train_time:346452ms step_avg:266.30ms
step:1312/5100 train_loss:deferred train_time:346716ms step_avg:266.29ms
step:1313/5100 train_loss:deferred train_time:346979ms step_avg:266.29ms
step:1314/5100 train_loss:deferred train_time:347243ms step_avg:266.29ms
step:1315/5100 train_loss:deferred train_time:347508ms step_avg:266.29ms
step:1316/5100 train_loss:deferred train_time:347772ms step_avg:266.29ms
step:1317/5100 train_loss:deferred train_time:348036ms step_avg:266.29ms
step:1318/5100 train_loss:deferred train_time:348299ms step_avg:266.28ms
step:1319/5100 train_loss:deferred train_time:348563ms step_avg:266.28ms
step:1320/5100 train_loss:deferred train_time:348826ms step_avg:266.28ms
step:1321/5100 train_loss:deferred train_time:349091ms step_avg:266.28ms
step:1322/5100 train_loss:deferred train_time:349353ms step_avg:266.28ms
step:1323/5100 train_loss:deferred train_time:349617ms step_avg:266.27ms
step:1324/5100 train_loss:deferred train_time:349939ms step_avg:266.32ms
step:1325/5100 train_loss:deferred train_time:350203ms step_avg:266.31ms
step:1326/5100 train_loss:deferred train_time:350466ms step_avg:266.31ms
step:1327/5100 train_loss:deferred train_time:350732ms step_avg:266.31ms
step:1328/5100 train_loss:deferred train_time:350995ms step_avg:266.31ms
step:1329/5100 train_loss:deferred train_time:351259ms step_avg:266.31ms
step:1330/5100 train_loss:deferred train_time:351888ms step_avg:266.58ms
step:1331/5100 train_loss:deferred train_time:352149ms step_avg:266.58ms
step:1332/5100 train_loss:deferred train_time:352414ms step_avg:266.58ms
step:1333/5100 train_loss:deferred train_time:352677ms step_avg:266.57ms
step:1334/5100 train_loss:deferred train_time:352943ms step_avg:266.57ms
step:1335/5100 train_loss:deferred train_time:353207ms step_avg:266.57ms
step:1336/5100 train_loss:deferred train_time:353471ms step_avg:266.57ms
step:1337/5100 train_loss:deferred train_time:353735ms step_avg:266.57ms
step:1338/5100 train_loss:deferred train_time:354000ms step_avg:266.57ms
step:1339/5100 train_loss:deferred train_time:354265ms step_avg:266.56ms
step:1340/5100 train_loss:deferred train_time:354527ms step_avg:266.56ms
step:1341/5100 train_loss:deferred train_time:354792ms step_avg:266.56ms
step:1342/5100 train_loss:deferred train_time:355055ms step_avg:266.56ms
step:1343/5100 train_loss:deferred train_time:355318ms step_avg:266.56ms
step:1344/5100 train_loss:deferred train_time:355582ms step_avg:266.55ms
step:1345/5100 train_loss:deferred train_time:355846ms step_avg:266.55ms
step:1346/5100 train_loss:deferred train_time:356110ms step_avg:266.55ms
step:1347/5100 train_loss:deferred train_time:356377ms step_avg:266.55ms
step:1348/5100 train_loss:deferred train_time:356639ms step_avg:266.55ms
step:1349/5100 train_loss:deferred train_time:356903ms step_avg:266.54ms
step:1350/5100 train_loss:deferred train_time:357167ms step_avg:266.54ms
step:1351/5100 train_loss:deferred train_time:357432ms step_avg:266.54ms
step:1352/5100 train_loss:deferred train_time:357695ms step_avg:266.54ms
step:1353/5100 train_loss:deferred train_time:357960ms step_avg:266.54ms
step:1354/5100 train_loss:deferred train_time:358224ms step_avg:266.54ms
step:1355/5100 train_loss:deferred train_time:358488ms step_avg:266.53ms
step:1356/5100 train_loss:deferred train_time:358754ms step_avg:266.53ms
step:1357/5100 train_loss:deferred train_time:359018ms step_avg:266.53ms
step:1358/5100 train_loss:deferred train_time:359282ms step_avg:266.53ms
step:1359/5100 train_loss:deferred train_time:359548ms step_avg:266.53ms
step:1360/5100 train_loss:deferred train_time:359811ms step_avg:266.53ms
step:1361/5100 train_loss:deferred train_time:360074ms step_avg:266.52ms
step:1362/5100 train_loss:deferred train_time:360339ms step_avg:266.52ms
step:1363/5100 train_loss:deferred train_time:360603ms step_avg:266.52ms
step:1364/5100 train_loss:deferred train_time:360867ms step_avg:266.52ms
step:1365/5100 train_loss:deferred train_time:361131ms step_avg:266.52ms
step:1366/5100 train_loss:deferred train_time:361393ms step_avg:266.51ms
step:1367/5100 train_loss:deferred train_time:361659ms step_avg:266.51ms
step:1368/5100 train_loss:deferred train_time:361922ms step_avg:266.51ms
step:1369/5100 train_loss:deferred train_time:362187ms step_avg:266.51ms
step:1370/5100 train_loss:deferred train_time:362451ms step_avg:266.51ms
step:1371/5100 train_loss:deferred train_time:362715ms step_avg:266.51ms
step:1372/5100 train_loss:deferred train_time:362979ms step_avg:266.50ms
step:1373/5100 train_loss:deferred train_time:363245ms step_avg:266.50ms
step:1374/5100 train_loss:deferred train_time:363508ms step_avg:266.50ms
step:1375/5100 train_loss:deferred train_time:363773ms step_avg:266.50ms
step:1375/5100 val_loss:3.6053 train_time:363934ms step_avg:266.62ms
step:1376/5100 train_loss:deferred train_time:364038ms step_avg:266.50ms
step:1377/5100 train_loss:deferred train_time:364300ms step_avg:266.50ms
step:1378/5100 train_loss:deferred train_time:364563ms step_avg:266.49ms
step:1379/5100 train_loss:deferred train_time:364826ms step_avg:266.49ms
step:1380/5100 train_loss:deferred train_time:365090ms step_avg:266.49ms
step:1381/5100 train_loss:deferred train_time:365352ms step_avg:266.49ms
step:1382/5100 train_loss:deferred train_time:365616ms step_avg:266.48ms
step:1383/5100 train_loss:deferred train_time:365880ms step_avg:266.48ms
step:1384/5100 train_loss:deferred train_time:366144ms step_avg:266.48ms
step:1385/5100 train_loss:deferred train_time:366408ms step_avg:266.48ms
step:1386/5100 train_loss:deferred train_time:366671ms step_avg:266.48ms
step:1387/5100 train_loss:deferred train_time:366935ms step_avg:266.47ms
step:1388/5100 train_loss:deferred train_time:367200ms step_avg:266.47ms
step:1389/5100 train_loss:deferred train_time:367465ms step_avg:266.47ms
step:1390/5100 train_loss:deferred train_time:367729ms step_avg:266.47ms
step:1391/5100 train_loss:deferred train_time:367993ms step_avg:266.47ms
step:1392/5100 train_loss:deferred train_time:368256ms step_avg:266.47ms
step:1393/5100 train_loss:deferred train_time:368520ms step_avg:266.46ms
step:1394/5100 train_loss:deferred train_time:368784ms step_avg:266.46ms
step:1395/5100 train_loss:deferred train_time:369048ms step_avg:266.46ms
step:1396/5100 train_loss:deferred train_time:369311ms step_avg:266.46ms
step:1397/5100 train_loss:deferred train_time:369576ms step_avg:266.46ms
step:1398/5100 train_loss:deferred train_time:369839ms step_avg:266.45ms
step:1399/5100 train_loss:deferred train_time:370103ms step_avg:266.45ms
step:1400/5100 train_loss:deferred train_time:370368ms step_avg:266.45ms
step:1401/5100 train_loss:deferred train_time:370631ms step_avg:266.45ms
step:1402/5100 train_loss:deferred train_time:370895ms step_avg:266.45ms
step:1403/5100 train_loss:deferred train_time:371159ms step_avg:266.45ms
step:1404/5100 train_loss:deferred train_time:371424ms step_avg:266.44ms
step:1405/5100 train_loss:deferred train_time:371689ms step_avg:266.44ms
step:1406/5100 train_loss:deferred train_time:371952ms step_avg:266.44ms
step:1407/5100 train_loss:deferred train_time:372217ms step_avg:266.44ms
step:1408/5100 train_loss:deferred train_time:372482ms step_avg:266.44ms
step:1409/5100 train_loss:deferred train_time:372745ms step_avg:266.44ms
step:1410/5100 train_loss:deferred train_time:373008ms step_avg:266.43ms
step:1411/5100 train_loss:deferred train_time:373272ms step_avg:266.43ms
step:1412/5100 train_loss:deferred train_time:373536ms step_avg:266.43ms
step:1413/5100 train_loss:deferred train_time:373800ms step_avg:266.43ms
step:1414/5100 train_loss:deferred train_time:374064ms step_avg:266.43ms
step:1415/5100 train_loss:deferred train_time:374329ms step_avg:266.43ms
step:1416/5100 train_loss:deferred train_time:374593ms step_avg:266.42ms
step:1417/5100 train_loss:deferred train_time:374857ms step_avg:266.42ms
step:1418/5100 train_loss:deferred train_time:375122ms step_avg:266.42ms
step:1419/5100 train_loss:deferred train_time:375385ms step_avg:266.42ms
step:1420/5100 train_loss:deferred train_time:375649ms step_avg:266.42ms
step:1421/5100 train_loss:deferred train_time:375914ms step_avg:266.42ms
step:1422/5100 train_loss:deferred train_time:376177ms step_avg:266.41ms
step:1423/5100 train_loss:deferred train_time:376440ms step_avg:266.41ms
step:1424/5100 train_loss:deferred train_time:376705ms step_avg:266.41ms
step:1425/5100 train_loss:deferred train_time:376969ms step_avg:266.41ms
step:1426/5100 train_loss:deferred train_time:377234ms step_avg:266.41ms
step:1427/5100 train_loss:deferred train_time:377497ms step_avg:266.41ms
step:1428/5100 train_loss:deferred train_time:377761ms step_avg:266.40ms
step:1429/5100 train_loss:deferred train_time:378025ms step_avg:266.40ms
step:1430/5100 train_loss:deferred train_time:378289ms step_avg:266.40ms
step:1431/5100 train_loss:deferred train_time:378553ms step_avg:266.40ms
step:1432/5100 train_loss:deferred train_time:378818ms step_avg:266.40ms
step:1433/5100 train_loss:deferred train_time:379082ms step_avg:266.40ms
step:1434/5100 train_loss:deferred train_time:379345ms step_avg:266.39ms
step:1435/5100 train_loss:deferred train_time:379609ms step_avg:266.39ms
step:1436/5100 train_loss:deferred train_time:379875ms step_avg:266.39ms
step:1437/5100 train_loss:deferred train_time:380138ms step_avg:266.39ms
step:1438/5100 train_loss:deferred train_time:380402ms step_avg:266.39ms
step:1439/5100 train_loss:deferred train_time:380666ms step_avg:266.39ms
step:1440/5100 train_loss:deferred train_time:380930ms step_avg:266.38ms
step:1441/5100 train_loss:deferred train_time:381194ms step_avg:266.38ms
step:1442/5100 train_loss:deferred train_time:381458ms step_avg:266.38ms
step:1443/5100 train_loss:deferred train_time:381724ms step_avg:266.38ms
step:1444/5100 train_loss:deferred train_time:381987ms step_avg:266.38ms
step:1445/5100 train_loss:deferred train_time:382252ms step_avg:266.38ms
step:1446/5100 train_loss:deferred train_time:382515ms step_avg:266.38ms
step:1447/5100 train_loss:deferred train_time:382780ms step_avg:266.37ms
step:1448/5100 train_loss:deferred train_time:383042ms step_avg:266.37ms
step:1449/5100 train_loss:deferred train_time:383304ms step_avg:266.37ms
step:1450/5100 train_loss:deferred train_time:383568ms step_avg:266.37ms
step:1451/5100 train_loss:deferred train_time:383832ms step_avg:266.37ms
step:1452/5100 train_loss:deferred train_time:384098ms step_avg:266.36ms
step:1453/5100 train_loss:deferred train_time:384361ms step_avg:266.36ms
step:1454/5100 train_loss:deferred train_time:384625ms step_avg:266.36ms
step:1455/5100 train_loss:deferred train_time:384890ms step_avg:266.36ms
step:1456/5100 train_loss:deferred train_time:385154ms step_avg:266.36ms
step:1457/5100 train_loss:deferred train_time:385419ms step_avg:266.36ms
step:1458/5100 train_loss:deferred train_time:385682ms step_avg:266.36ms
step:1459/5100 train_loss:deferred train_time:385945ms step_avg:266.35ms
step:1460/5100 train_loss:deferred train_time:386211ms step_avg:266.35ms
step:1461/5100 train_loss:deferred train_time:386475ms step_avg:266.35ms
step:1462/5100 train_loss:deferred train_time:386738ms step_avg:266.35ms
step:1463/5100 train_loss:deferred train_time:387003ms step_avg:266.35ms
step:1464/5100 train_loss:deferred train_time:387265ms step_avg:266.34ms
step:1465/5100 train_loss:deferred train_time:387530ms step_avg:266.34ms
step:1466/5100 train_loss:deferred train_time:387793ms step_avg:266.34ms
step:1467/5100 train_loss:deferred train_time:388056ms step_avg:266.34ms
step:1468/5100 train_loss:deferred train_time:388321ms step_avg:266.34ms
step:1469/5100 train_loss:deferred train_time:388586ms step_avg:266.34ms
step:1470/5100 train_loss:deferred train_time:388850ms step_avg:266.34ms
step:1471/5100 train_loss:deferred train_time:389112ms step_avg:266.33ms
step:1472/5100 train_loss:deferred train_time:389377ms step_avg:266.33ms
step:1473/5100 train_loss:deferred train_time:389640ms step_avg:266.33ms
step:1474/5100 train_loss:deferred train_time:389904ms step_avg:266.33ms
step:1475/5100 train_loss:deferred train_time:390169ms step_avg:266.33ms
step:1476/5100 train_loss:deferred train_time:390432ms step_avg:266.32ms
step:1477/5100 train_loss:deferred train_time:390696ms step_avg:266.32ms
step:1478/5100 train_loss:deferred train_time:390960ms step_avg:266.32ms
step:1479/5100 train_loss:deferred train_time:391224ms step_avg:266.32ms
step:1480/5100 train_loss:deferred train_time:391489ms step_avg:266.32ms
step:1481/5100 train_loss:deferred train_time:391753ms step_avg:266.32ms
step:1482/5100 train_loss:deferred train_time:392018ms step_avg:266.32ms
step:1483/5100 train_loss:deferred train_time:392282ms step_avg:266.31ms
step:1484/5100 train_loss:deferred train_time:392545ms step_avg:266.31ms
step:1485/5100 train_loss:deferred train_time:392808ms step_avg:266.31ms
step:1486/5100 train_loss:deferred train_time:393073ms step_avg:266.31ms
step:1487/5100 train_loss:deferred train_time:393338ms step_avg:266.31ms
step:1488/5100 train_loss:deferred train_time:393603ms step_avg:266.31ms
step:1489/5100 train_loss:deferred train_time:393869ms step_avg:266.31ms
step:1490/5100 train_loss:deferred train_time:394132ms step_avg:266.31ms
step:1491/5100 train_loss:deferred train_time:394398ms step_avg:266.31ms
step:1492/5100 train_loss:deferred train_time:394661ms step_avg:266.30ms
step:1493/5100 train_loss:deferred train_time:394927ms step_avg:266.30ms
step:1494/5100 train_loss:deferred train_time:395190ms step_avg:266.30ms
step:1495/5100 train_loss:deferred train_time:395454ms step_avg:266.30ms
step:1496/5100 train_loss:deferred train_time:395717ms step_avg:266.30ms
step:1497/5100 train_loss:deferred train_time:395980ms step_avg:266.29ms
step:1498/5100 train_loss:deferred train_time:396244ms step_avg:266.29ms
step:1499/5100 train_loss:deferred train_time:396507ms step_avg:266.29ms
step:1500/5100 train_loss:deferred train_time:396771ms step_avg:266.29ms
step:1500/5100 val_loss:3.5805 train_time:396934ms step_avg:266.40ms
step:1501/5100 train_loss:deferred train_time:397036ms step_avg:266.29ms
step:1502/5100 train_loss:deferred train_time:397299ms step_avg:266.29ms
step:1503/5100 train_loss:deferred train_time:397562ms step_avg:266.28ms
step:1504/5100 train_loss:deferred train_time:397827ms step_avg:266.28ms
step:1505/5100 train_loss:deferred train_time:398090ms step_avg:266.28ms
step:1506/5100 train_loss:deferred train_time:398355ms step_avg:266.28ms
step:1507/5100 train_loss:deferred train_time:398619ms step_avg:266.28ms
step:1508/5100 train_loss:deferred train_time:398881ms step_avg:266.28ms
step:1509/5100 train_loss:deferred train_time:399145ms step_avg:266.27ms
step:1510/5100 train_loss:deferred train_time:399408ms step_avg:266.27ms
step:1511/5100 train_loss:deferred train_time:399672ms step_avg:266.27ms
step:1512/5100 train_loss:deferred train_time:399935ms step_avg:266.27ms
step:1513/5100 train_loss:deferred train_time:400337ms step_avg:266.36ms
step:1514/5100 train_loss:deferred train_time:400601ms step_avg:266.36ms
step:1515/5100 train_loss:deferred train_time:400866ms step_avg:266.36ms
step:1516/5100 train_loss:deferred train_time:401129ms step_avg:266.35ms
step:1517/5100 train_loss:deferred train_time:401394ms step_avg:266.35ms
step:1518/5100 train_loss:deferred train_time:401659ms step_avg:266.35ms
step:1519/5100 train_loss:deferred train_time:401921ms step_avg:266.35ms
step:1520/5100 train_loss:deferred train_time:402601ms step_avg:266.62ms
step:1521/5100 train_loss:deferred train_time:402865ms step_avg:266.62ms
step:1522/5100 train_loss:deferred train_time:403126ms step_avg:266.62ms
step:1523/5100 train_loss:deferred train_time:403389ms step_avg:266.62ms
step:1524/5100 train_loss:deferred train_time:403652ms step_avg:266.61ms
step:1525/5100 train_loss:deferred train_time:403915ms step_avg:266.61ms
step:1526/5100 train_loss:deferred train_time:404180ms step_avg:266.61ms
step:1527/5100 train_loss:deferred train_time:404443ms step_avg:266.61ms
step:1528/5100 train_loss:deferred train_time:404708ms step_avg:266.61ms
step:1529/5100 train_loss:deferred train_time:404971ms step_avg:266.60ms
step:1530/5100 train_loss:deferred train_time:405234ms step_avg:266.60ms
step:1531/5100 train_loss:deferred train_time:405498ms step_avg:266.60ms
step:1532/5100 train_loss:deferred train_time:405762ms step_avg:266.60ms
step:1533/5100 train_loss:deferred train_time:406026ms step_avg:266.60ms
step:1534/5100 train_loss:deferred train_time:406290ms step_avg:266.59ms
step:1535/5100 train_loss:deferred train_time:406553ms step_avg:266.59ms
step:1536/5100 train_loss:deferred train_time:406819ms step_avg:266.59ms
step:1537/5100 train_loss:deferred train_time:407082ms step_avg:266.59ms
step:1538/5100 train_loss:deferred train_time:407346ms step_avg:266.59ms
step:1539/5100 train_loss:deferred train_time:407609ms step_avg:266.59ms
step:1540/5100 train_loss:deferred train_time:407874ms step_avg:266.58ms
step:1541/5100 train_loss:deferred train_time:408137ms step_avg:266.58ms
step:1542/5100 train_loss:deferred train_time:408401ms step_avg:266.58ms
step:1543/5100 train_loss:deferred train_time:408664ms step_avg:266.58ms
step:1544/5100 train_loss:deferred train_time:408928ms step_avg:266.58ms
step:1545/5100 train_loss:deferred train_time:409193ms step_avg:266.57ms
step:1546/5100 train_loss:deferred train_time:409456ms step_avg:266.57ms
step:1547/5100 train_loss:deferred train_time:409720ms step_avg:266.57ms
step:1548/5100 train_loss:deferred train_time:409984ms step_avg:266.57ms
step:1549/5100 train_loss:deferred train_time:410247ms step_avg:266.57ms
step:1550/5100 train_loss:deferred train_time:410511ms step_avg:266.57ms
step:1551/5100 train_loss:deferred train_time:410775ms step_avg:266.56ms
step:1552/5100 train_loss:deferred train_time:411042ms step_avg:266.56ms
step:1553/5100 train_loss:deferred train_time:411304ms step_avg:266.56ms
step:1554/5100 train_loss:deferred train_time:411569ms step_avg:266.56ms
step:1555/5100 train_loss:deferred train_time:411832ms step_avg:266.56ms
step:1556/5100 train_loss:deferred train_time:412096ms step_avg:266.56ms
step:1557/5100 train_loss:deferred train_time:412361ms step_avg:266.56ms
step:1558/5100 train_loss:deferred train_time:412624ms step_avg:266.55ms
step:1559/5100 train_loss:deferred train_time:412889ms step_avg:266.55ms
step:1560/5100 train_loss:deferred train_time:413153ms step_avg:266.55ms
step:1561/5100 train_loss:deferred train_time:413417ms step_avg:266.55ms
step:1562/5100 train_loss:deferred train_time:413681ms step_avg:266.55ms
step:1563/5100 train_loss:deferred train_time:413946ms step_avg:266.55ms
step:1564/5100 train_loss:deferred train_time:414210ms step_avg:266.54ms
step:1565/5100 train_loss:deferred train_time:414475ms step_avg:266.54ms
step:1566/5100 train_loss:deferred train_time:414737ms step_avg:266.54ms
step:1567/5100 train_loss:deferred train_time:415002ms step_avg:266.54ms
step:1568/5100 train_loss:deferred train_time:415264ms step_avg:266.54ms
step:1569/5100 train_loss:deferred train_time:415527ms step_avg:266.53ms
step:1570/5100 train_loss:deferred train_time:415790ms step_avg:266.53ms
step:1571/5100 train_loss:deferred train_time:416054ms step_avg:266.53ms
step:1572/5100 train_loss:deferred train_time:416319ms step_avg:266.53ms
step:1573/5100 train_loss:deferred train_time:416585ms step_avg:266.53ms
step:1574/5100 train_loss:deferred train_time:416846ms step_avg:266.53ms
step:1575/5100 train_loss:deferred train_time:417113ms step_avg:266.53ms
step:1576/5100 train_loss:deferred train_time:417377ms step_avg:266.52ms
step:1577/5100 train_loss:deferred train_time:417639ms step_avg:266.52ms
step:1578/5100 train_loss:deferred train_time:417903ms step_avg:266.52ms
step:1579/5100 train_loss:deferred train_time:418165ms step_avg:266.52ms
step:1580/5100 train_loss:deferred train_time:418430ms step_avg:266.52ms
step:1581/5100 train_loss:deferred train_time:418693ms step_avg:266.51ms
step:1582/5100 train_loss:deferred train_time:418957ms step_avg:266.51ms
step:1583/5100 train_loss:deferred train_time:419222ms step_avg:266.51ms
step:1584/5100 train_loss:deferred train_time:419486ms step_avg:266.51ms
step:1585/5100 train_loss:deferred train_time:419750ms step_avg:266.51ms
step:1586/5100 train_loss:deferred train_time:420014ms step_avg:266.51ms
step:1587/5100 train_loss:deferred train_time:420279ms step_avg:266.51ms
step:1588/5100 train_loss:deferred train_time:420544ms step_avg:266.50ms
step:1589/5100 train_loss:deferred train_time:420805ms step_avg:266.50ms
step:1590/5100 train_loss:deferred train_time:421069ms step_avg:266.50ms
step:1591/5100 train_loss:deferred train_time:421332ms step_avg:266.50ms
step:1592/5100 train_loss:deferred train_time:421596ms step_avg:266.50ms
step:1593/5100 train_loss:deferred train_time:421860ms step_avg:266.49ms
step:1594/5100 train_loss:deferred train_time:422123ms step_avg:266.49ms
step:1595/5100 train_loss:deferred train_time:422389ms step_avg:266.49ms
step:1596/5100 train_loss:deferred train_time:422653ms step_avg:266.49ms
step:1597/5100 train_loss:deferred train_time:422918ms step_avg:266.49ms
step:1598/5100 train_loss:deferred train_time:423182ms step_avg:266.49ms
step:1599/5100 train_loss:deferred train_time:423445ms step_avg:266.49ms
step:1600/5100 train_loss:deferred train_time:423707ms step_avg:266.48ms
step:1601/5100 train_loss:deferred train_time:423973ms step_avg:266.48ms
step:1602/5100 train_loss:deferred train_time:424239ms step_avg:266.48ms
step:1603/5100 train_loss:deferred train_time:424501ms step_avg:266.48ms
step:1604/5100 train_loss:deferred train_time:424766ms step_avg:266.48ms
step:1605/5100 train_loss:deferred train_time:425030ms step_avg:266.48ms
step:1606/5100 train_loss:deferred train_time:425294ms step_avg:266.48ms
step:1607/5100 train_loss:deferred train_time:425559ms step_avg:266.47ms
step:1608/5100 train_loss:deferred train_time:425822ms step_avg:266.47ms
step:1609/5100 train_loss:deferred train_time:426086ms step_avg:266.47ms
step:1610/5100 train_loss:deferred train_time:426351ms step_avg:266.47ms
step:1611/5100 train_loss:deferred train_time:426614ms step_avg:266.47ms
step:1612/5100 train_loss:deferred train_time:426877ms step_avg:266.47ms
step:1613/5100 train_loss:deferred train_time:427142ms step_avg:266.46ms
step:1614/5100 train_loss:deferred train_time:427406ms step_avg:266.46ms
step:1615/5100 train_loss:deferred train_time:427670ms step_avg:266.46ms
step:1616/5100 train_loss:deferred train_time:427934ms step_avg:266.46ms
step:1617/5100 train_loss:deferred train_time:428198ms step_avg:266.46ms
step:1618/5100 train_loss:deferred train_time:428462ms step_avg:266.46ms
step:1619/5100 train_loss:deferred train_time:428727ms step_avg:266.46ms
step:1620/5100 train_loss:deferred train_time:428991ms step_avg:266.45ms
step:1621/5100 train_loss:deferred train_time:429256ms step_avg:266.45ms
step:1622/5100 train_loss:deferred train_time:429520ms step_avg:266.45ms
step:1623/5100 train_loss:deferred train_time:429783ms step_avg:266.45ms
step:1624/5100 train_loss:deferred train_time:430046ms step_avg:266.45ms
step:1625/5100 train_loss:deferred train_time:430310ms step_avg:266.45ms
step:1625/5100 val_loss:3.5646 train_time:430472ms step_avg:266.55ms
step:1626/5100 train_loss:deferred train_time:430574ms step_avg:266.44ms
step:1627/5100 train_loss:deferred train_time:430837ms step_avg:266.44ms
step:1628/5100 train_loss:deferred train_time:431103ms step_avg:266.44ms
step:1629/5100 train_loss:deferred train_time:431367ms step_avg:266.44ms
step:1630/5100 train_loss:deferred train_time:431631ms step_avg:266.44ms
step:1631/5100 train_loss:deferred train_time:431894ms step_avg:266.44ms
step:1632/5100 train_loss:deferred train_time:432158ms step_avg:266.44ms
step:1633/5100 train_loss:deferred train_time:432422ms step_avg:266.43ms
step:1634/5100 train_loss:deferred train_time:432685ms step_avg:266.43ms
step:1635/5100 train_loss:deferred train_time:432948ms step_avg:266.43ms
step:1636/5100 train_loss:deferred train_time:433212ms step_avg:266.43ms
step:1637/5100 train_loss:deferred train_time:433478ms step_avg:266.43ms
step:1638/5100 train_loss:deferred train_time:433740ms step_avg:266.43ms
step:1639/5100 train_loss:deferred train_time:434004ms step_avg:266.42ms
step:1640/5100 train_loss:deferred train_time:434270ms step_avg:266.42ms
step:1641/5100 train_loss:deferred train_time:434533ms step_avg:266.42ms
step:1642/5100 train_loss:deferred train_time:434796ms step_avg:266.42ms
step:1643/5100 train_loss:deferred train_time:435061ms step_avg:266.42ms
step:1644/5100 train_loss:deferred train_time:435326ms step_avg:266.42ms
step:1645/5100 train_loss:deferred train_time:435589ms step_avg:266.42ms
step:1646/5100 train_loss:deferred train_time:435851ms step_avg:266.41ms
step:1647/5100 train_loss:deferred train_time:436117ms step_avg:266.41ms
step:1648/5100 train_loss:deferred train_time:436379ms step_avg:266.41ms
step:1649/5100 train_loss:deferred train_time:436644ms step_avg:266.41ms
step:1650/5100 train_loss:deferred train_time:436908ms step_avg:266.41ms
step:1651/5100 train_loss:deferred train_time:437171ms step_avg:266.41ms
step:1652/5100 train_loss:deferred train_time:437436ms step_avg:266.40ms
step:1653/5100 train_loss:deferred train_time:437702ms step_avg:266.40ms
step:1654/5100 train_loss:deferred train_time:437966ms step_avg:266.40ms
step:1655/5100 train_loss:deferred train_time:438231ms step_avg:266.40ms
step:1656/5100 train_loss:deferred train_time:438494ms step_avg:266.40ms
step:1657/5100 train_loss:deferred train_time:438758ms step_avg:266.40ms
step:1658/5100 train_loss:deferred train_time:439023ms step_avg:266.40ms
step:1659/5100 train_loss:deferred train_time:439287ms step_avg:266.40ms
step:1660/5100 train_loss:deferred train_time:439552ms step_avg:266.39ms
step:1661/5100 train_loss:deferred train_time:439816ms step_avg:266.39ms
step:1662/5100 train_loss:deferred train_time:440079ms step_avg:266.39ms
step:1663/5100 train_loss:deferred train_time:440342ms step_avg:266.39ms
step:1664/5100 train_loss:deferred train_time:440608ms step_avg:266.39ms
step:1665/5100 train_loss:deferred train_time:440871ms step_avg:266.39ms
step:1666/5100 train_loss:deferred train_time:441136ms step_avg:266.39ms
step:1667/5100 train_loss:deferred train_time:441400ms step_avg:266.38ms
step:1668/5100 train_loss:deferred train_time:441664ms step_avg:266.38ms
step:1669/5100 train_loss:deferred train_time:441929ms step_avg:266.38ms
step:1670/5100 train_loss:deferred train_time:442193ms step_avg:266.38ms
step:1671/5100 train_loss:deferred train_time:442457ms step_avg:266.38ms
step:1672/5100 train_loss:deferred train_time:442721ms step_avg:266.38ms
step:1673/5100 train_loss:deferred train_time:442988ms step_avg:266.38ms
step:1674/5100 train_loss:deferred train_time:443250ms step_avg:266.38ms
step:1675/5100 train_loss:deferred train_time:443513ms step_avg:266.37ms
step:1676/5100 train_loss:deferred train_time:443777ms step_avg:266.37ms
step:1677/5100 train_loss:deferred train_time:444041ms step_avg:266.37ms
step:1678/5100 train_loss:deferred train_time:444305ms step_avg:266.37ms
step:1679/5100 train_loss:deferred train_time:444569ms step_avg:266.37ms
step:1680/5100 train_loss:deferred train_time:444833ms step_avg:266.37ms
step:1681/5100 train_loss:deferred train_time:445097ms step_avg:266.37ms
step:1682/5100 train_loss:deferred train_time:445362ms step_avg:266.36ms
step:1683/5100 train_loss:deferred train_time:445625ms step_avg:266.36ms
step:1684/5100 train_loss:deferred train_time:445889ms step_avg:266.36ms
step:1685/5100 train_loss:deferred train_time:446153ms step_avg:266.36ms
step:1686/5100 train_loss:deferred train_time:446416ms step_avg:266.36ms
step:1687/5100 train_loss:deferred train_time:446681ms step_avg:266.36ms
step:1688/5100 train_loss:deferred train_time:446946ms step_avg:266.36ms
step:1689/5100 train_loss:deferred train_time:447209ms step_avg:266.35ms
step:1690/5100 train_loss:deferred train_time:447472ms step_avg:266.35ms
step:1691/5100 train_loss:deferred train_time:447740ms step_avg:266.35ms
step:1692/5100 train_loss:deferred train_time:448003ms step_avg:266.35ms
step:1693/5100 train_loss:deferred train_time:448267ms step_avg:266.35ms
step:1694/5100 train_loss:deferred train_time:448532ms step_avg:266.35ms
step:1695/5100 train_loss:deferred train_time:448796ms step_avg:266.35ms
step:1696/5100 train_loss:deferred train_time:449058ms step_avg:266.35ms
step:1697/5100 train_loss:deferred train_time:449323ms step_avg:266.34ms
step:1698/5100 train_loss:deferred train_time:449587ms step_avg:266.34ms
step:1699/5100 train_loss:deferred train_time:449850ms step_avg:266.34ms
step:1700/5100 train_loss:deferred train_time:450114ms step_avg:266.34ms
step:1701/5100 train_loss:deferred train_time:450380ms step_avg:266.34ms
step:1702/5100 train_loss:deferred train_time:450733ms step_avg:266.39ms
step:1703/5100 train_loss:deferred train_time:450998ms step_avg:266.39ms
step:1704/5100 train_loss:deferred train_time:451261ms step_avg:266.39ms
step:1705/5100 train_loss:deferred train_time:451528ms step_avg:266.39ms
step:1706/5100 train_loss:deferred train_time:451791ms step_avg:266.39ms
step:1707/5100 train_loss:deferred train_time:452054ms step_avg:266.38ms
step:1708/5100 train_loss:deferred train_time:452318ms step_avg:266.38ms
step:1709/5100 train_loss:deferred train_time:452581ms step_avg:266.38ms
step:1710/5100 train_loss:deferred train_time:453272ms step_avg:266.63ms
step:1711/5100 train_loss:deferred train_time:453535ms step_avg:266.63ms
step:1712/5100 train_loss:deferred train_time:453799ms step_avg:266.63ms
step:1713/5100 train_loss:deferred train_time:454064ms step_avg:266.63ms
step:1714/5100 train_loss:deferred train_time:454327ms step_avg:266.62ms
step:1715/5100 train_loss:deferred train_time:454590ms step_avg:266.62ms
step:1716/5100 train_loss:deferred train_time:454855ms step_avg:266.62ms
step:1717/5100 train_loss:deferred train_time:455119ms step_avg:266.62ms
step:1718/5100 train_loss:deferred train_time:455382ms step_avg:266.62ms
step:1719/5100 train_loss:deferred train_time:455646ms step_avg:266.62ms
step:1720/5100 train_loss:deferred train_time:455910ms step_avg:266.61ms
step:1721/5100 train_loss:deferred train_time:456174ms step_avg:266.61ms
step:1722/5100 train_loss:deferred train_time:456438ms step_avg:266.61ms
step:1723/5100 train_loss:deferred train_time:456702ms step_avg:266.61ms
step:1724/5100 train_loss:deferred train_time:456966ms step_avg:266.61ms
step:1725/5100 train_loss:deferred train_time:457231ms step_avg:266.61ms
step:1726/5100 train_loss:deferred train_time:457495ms step_avg:266.61ms
step:1727/5100 train_loss:deferred train_time:457758ms step_avg:266.60ms
step:1728/5100 train_loss:deferred train_time:458020ms step_avg:266.60ms
step:1729/5100 train_loss:deferred train_time:458284ms step_avg:266.60ms
step:1730/5100 train_loss:deferred train_time:458548ms step_avg:266.60ms
step:1731/5100 train_loss:deferred train_time:458811ms step_avg:266.60ms
step:1732/5100 train_loss:deferred train_time:459077ms step_avg:266.60ms
step:1733/5100 train_loss:deferred train_time:459342ms step_avg:266.59ms
step:1734/5100 train_loss:deferred train_time:459606ms step_avg:266.59ms
step:1735/5100 train_loss:deferred train_time:459869ms step_avg:266.59ms
step:1736/5100 train_loss:deferred train_time:460130ms step_avg:266.59ms
step:1737/5100 train_loss:deferred train_time:460397ms step_avg:266.59ms
step:1738/5100 train_loss:deferred train_time:460660ms step_avg:266.59ms
step:1739/5100 train_loss:deferred train_time:460923ms step_avg:266.58ms
step:1740/5100 train_loss:deferred train_time:461186ms step_avg:266.58ms
step:1741/5100 train_loss:deferred train_time:461451ms step_avg:266.58ms
step:1742/5100 train_loss:deferred train_time:461715ms step_avg:266.58ms
step:1743/5100 train_loss:deferred train_time:461978ms step_avg:266.58ms
step:1744/5100 train_loss:deferred train_time:462243ms step_avg:266.58ms
step:1745/5100 train_loss:deferred train_time:462507ms step_avg:266.57ms
step:1746/5100 train_loss:deferred train_time:462770ms step_avg:266.57ms
step:1747/5100 train_loss:deferred train_time:463034ms step_avg:266.57ms
step:1748/5100 train_loss:deferred train_time:463298ms step_avg:266.57ms
step:1749/5100 train_loss:deferred train_time:463562ms step_avg:266.57ms
step:1750/5100 train_loss:deferred train_time:463825ms step_avg:266.57ms
step:1750/5100 val_loss:3.5461 train_time:463987ms step_avg:266.66ms
step:1751/5100 train_loss:deferred train_time:464090ms step_avg:266.56ms
step:1752/5100 train_loss:deferred train_time:464352ms step_avg:266.56ms
step:1753/5100 train_loss:deferred train_time:464616ms step_avg:266.56ms
step:1754/5100 train_loss:deferred train_time:464879ms step_avg:266.56ms
step:1755/5100 train_loss:deferred train_time:465143ms step_avg:266.56ms
step:1756/5100 train_loss:deferred train_time:465408ms step_avg:266.56ms
step:1757/5100 train_loss:deferred train_time:465671ms step_avg:266.55ms
step:1758/5100 train_loss:deferred train_time:465936ms step_avg:266.55ms
step:1759/5100 train_loss:deferred train_time:466200ms step_avg:266.55ms
step:1760/5100 train_loss:deferred train_time:466465ms step_avg:266.55ms
step:1761/5100 train_loss:deferred train_time:466729ms step_avg:266.55ms
step:1762/5100 train_loss:deferred train_time:466993ms step_avg:266.55ms
step:1763/5100 train_loss:deferred train_time:467258ms step_avg:266.55ms
step:1764/5100 train_loss:deferred train_time:467522ms step_avg:266.55ms
step:1765/5100 train_loss:deferred train_time:467785ms step_avg:266.54ms
step:1766/5100 train_loss:deferred train_time:468048ms step_avg:266.54ms
step:1767/5100 train_loss:deferred train_time:468312ms step_avg:266.54ms
step:1768/5100 train_loss:deferred train_time:468575ms step_avg:266.54ms
step:1769/5100 train_loss:deferred train_time:468839ms step_avg:266.54ms
step:1770/5100 train_loss:deferred train_time:469103ms step_avg:266.54ms
step:1771/5100 train_loss:deferred train_time:469366ms step_avg:266.53ms
step:1772/5100 train_loss:deferred train_time:469630ms step_avg:266.53ms
step:1773/5100 train_loss:deferred train_time:469894ms step_avg:266.53ms
step:1774/5100 train_loss:deferred train_time:470158ms step_avg:266.53ms
step:1775/5100 train_loss:deferred train_time:470423ms step_avg:266.53ms
step:1776/5100 train_loss:deferred train_time:470686ms step_avg:266.53ms
step:1777/5100 train_loss:deferred train_time:470950ms step_avg:266.53ms
step:1778/5100 train_loss:deferred train_time:471215ms step_avg:266.52ms
step:1779/5100 train_loss:deferred train_time:471479ms step_avg:266.52ms
step:1780/5100 train_loss:deferred train_time:471743ms step_avg:266.52ms
step:1781/5100 train_loss:deferred train_time:472006ms step_avg:266.52ms
step:1782/5100 train_loss:deferred train_time:472270ms step_avg:266.52ms
step:1783/5100 train_loss:deferred train_time:472536ms step_avg:266.52ms
step:1784/5100 train_loss:deferred train_time:472800ms step_avg:266.52ms
step:1785/5100 train_loss:deferred train_time:473064ms step_avg:266.51ms
step:1786/5100 train_loss:deferred train_time:473326ms step_avg:266.51ms
step:1787/5100 train_loss:deferred train_time:473591ms step_avg:266.51ms
step:1788/5100 train_loss:deferred train_time:473854ms step_avg:266.51ms
step:1789/5100 train_loss:deferred train_time:474118ms step_avg:266.51ms
step:1790/5100 train_loss:deferred train_time:474383ms step_avg:266.51ms
step:1791/5100 train_loss:deferred train_time:474646ms step_avg:266.51ms
step:1792/5100 train_loss:deferred train_time:474909ms step_avg:266.50ms
step:1793/5100 train_loss:deferred train_time:475174ms step_avg:266.50ms
step:1794/5100 train_loss:deferred train_time:475438ms step_avg:266.50ms
step:1795/5100 train_loss:deferred train_time:475702ms step_avg:266.50ms
step:1796/5100 train_loss:deferred train_time:475965ms step_avg:266.50ms
step:1797/5100 train_loss:deferred train_time:476230ms step_avg:266.50ms
step:1798/5100 train_loss:deferred train_time:476494ms step_avg:266.50ms
step:1799/5100 train_loss:deferred train_time:476758ms step_avg:266.49ms
step:1800/5100 train_loss:deferred train_time:477022ms step_avg:266.49ms
step:1801/5100 train_loss:deferred train_time:477287ms step_avg:266.49ms
step:1802/5100 train_loss:deferred train_time:477551ms step_avg:266.49ms
step:1803/5100 train_loss:deferred train_time:477813ms step_avg:266.49ms
step:1804/5100 train_loss:deferred train_time:478079ms step_avg:266.49ms
step:1805/5100 train_loss:deferred train_time:478343ms step_avg:266.49ms
step:1806/5100 train_loss:deferred train_time:478606ms step_avg:266.48ms
step:1807/5100 train_loss:deferred train_time:478873ms step_avg:266.48ms
step:1808/5100 train_loss:deferred train_time:479135ms step_avg:266.48ms
step:1809/5100 train_loss:deferred train_time:479400ms step_avg:266.48ms
step:1810/5100 train_loss:deferred train_time:479661ms step_avg:266.48ms
step:1811/5100 train_loss:deferred train_time:479925ms step_avg:266.48ms
step:1812/5100 train_loss:deferred train_time:480189ms step_avg:266.48ms
step:1813/5100 train_loss:deferred train_time:480455ms step_avg:266.48ms
step:1814/5100 train_loss:deferred train_time:480718ms step_avg:266.47ms
step:1815/5100 train_loss:deferred train_time:480982ms step_avg:266.47ms
step:1816/5100 train_loss:deferred train_time:481247ms step_avg:266.47ms
step:1817/5100 train_loss:deferred train_time:481510ms step_avg:266.47ms
step:1818/5100 train_loss:deferred train_time:481775ms step_avg:266.47ms
step:1819/5100 train_loss:deferred train_time:482038ms step_avg:266.47ms
step:1820/5100 train_loss:deferred train_time:482301ms step_avg:266.46ms
step:1821/5100 train_loss:deferred train_time:482566ms step_avg:266.46ms
step:1822/5100 train_loss:deferred train_time:482829ms step_avg:266.46ms
step:1823/5100 train_loss:deferred train_time:483092ms step_avg:266.46ms
step:1824/5100 train_loss:deferred train_time:483355ms step_avg:266.46ms
step:1825/5100 train_loss:deferred train_time:483619ms step_avg:266.46ms
step:1826/5100 train_loss:deferred train_time:483882ms step_avg:266.45ms
step:1827/5100 train_loss:deferred train_time:484146ms step_avg:266.45ms
step:1828/5100 train_loss:deferred train_time:484412ms step_avg:266.45ms
step:1829/5100 train_loss:deferred train_time:484676ms step_avg:266.45ms
step:1830/5100 train_loss:deferred train_time:484939ms step_avg:266.45ms
step:1831/5100 train_loss:deferred train_time:485203ms step_avg:266.45ms
step:1832/5100 train_loss:deferred train_time:485467ms step_avg:266.45ms
step:1833/5100 train_loss:deferred train_time:485732ms step_avg:266.45ms
step:1834/5100 train_loss:deferred train_time:485995ms step_avg:266.44ms
step:1835/5100 train_loss:deferred train_time:486259ms step_avg:266.44ms
step:1836/5100 train_loss:deferred train_time:486524ms step_avg:266.44ms
step:1837/5100 train_loss:deferred train_time:486789ms step_avg:266.44ms
step:1838/5100 train_loss:deferred train_time:487052ms step_avg:266.44ms
step:1839/5100 train_loss:deferred train_time:487316ms step_avg:266.44ms
step:1840/5100 train_loss:deferred train_time:487580ms step_avg:266.44ms
step:1841/5100 train_loss:deferred train_time:487844ms step_avg:266.44ms
step:1842/5100 train_loss:deferred train_time:488106ms step_avg:266.43ms
step:1843/5100 train_loss:deferred train_time:488371ms step_avg:266.43ms
step:1844/5100 train_loss:deferred train_time:488637ms step_avg:266.43ms
step:1845/5100 train_loss:deferred train_time:488901ms step_avg:266.43ms
step:1846/5100 train_loss:deferred train_time:489163ms step_avg:266.43ms
step:1847/5100 train_loss:deferred train_time:489427ms step_avg:266.43ms
step:1848/5100 train_loss:deferred train_time:489690ms step_avg:266.43ms
step:1849/5100 train_loss:deferred train_time:489953ms step_avg:266.42ms
step:1850/5100 train_loss:deferred train_time:490217ms step_avg:266.42ms
step:1851/5100 train_loss:deferred train_time:490481ms step_avg:266.42ms
step:1852/5100 train_loss:deferred train_time:490746ms step_avg:266.42ms
step:1853/5100 train_loss:deferred train_time:491010ms step_avg:266.42ms
step:1854/5100 train_loss:deferred train_time:491275ms step_avg:266.42ms
step:1855/5100 train_loss:deferred train_time:491538ms step_avg:266.42ms
step:1856/5100 train_loss:deferred train_time:491802ms step_avg:266.42ms
step:1857/5100 train_loss:deferred train_time:492066ms step_avg:266.41ms
step:1858/5100 train_loss:deferred train_time:492330ms step_avg:266.41ms
step:1859/5100 train_loss:deferred train_time:492595ms step_avg:266.41ms
step:1860/5100 train_loss:deferred train_time:492861ms step_avg:266.41ms
step:1861/5100 train_loss:deferred train_time:493123ms step_avg:266.41ms
step:1862/5100 train_loss:deferred train_time:493388ms step_avg:266.41ms
step:1863/5100 train_loss:deferred train_time:493652ms step_avg:266.41ms
step:1864/5100 train_loss:deferred train_time:493916ms step_avg:266.41ms
step:1865/5100 train_loss:deferred train_time:494181ms step_avg:266.40ms
step:1866/5100 train_loss:deferred train_time:494443ms step_avg:266.40ms
step:1867/5100 train_loss:deferred train_time:494706ms step_avg:266.40ms
step:1868/5100 train_loss:deferred train_time:494971ms step_avg:266.40ms
step:1869/5100 train_loss:deferred train_time:495236ms step_avg:266.40ms
step:1870/5100 train_loss:deferred train_time:495500ms step_avg:266.40ms
step:1871/5100 train_loss:deferred train_time:495764ms step_avg:266.40ms
step:1872/5100 train_loss:deferred train_time:496028ms step_avg:266.40ms
step:1873/5100 train_loss:deferred train_time:496291ms step_avg:266.39ms
step:1874/5100 train_loss:deferred train_time:496555ms step_avg:266.39ms
step:1875/5100 train_loss:deferred train_time:496818ms step_avg:266.39ms
step:1875/5100 val_loss:3.5317 train_time:496983ms step_avg:266.48ms
step:1876/5100 train_loss:deferred train_time:497087ms step_avg:266.39ms
step:1877/5100 train_loss:deferred train_time:497350ms step_avg:266.39ms
step:1878/5100 train_loss:deferred train_time:497612ms step_avg:266.39ms
step:1879/5100 train_loss:deferred train_time:497878ms step_avg:266.39ms
step:1880/5100 train_loss:deferred train_time:498142ms step_avg:266.39ms
step:1881/5100 train_loss:deferred train_time:498405ms step_avg:266.38ms
step:1882/5100 train_loss:deferred train_time:498668ms step_avg:266.38ms
step:1883/5100 train_loss:deferred train_time:498932ms step_avg:266.38ms
step:1884/5100 train_loss:deferred train_time:499197ms step_avg:266.38ms
step:1885/5100 train_loss:deferred train_time:499458ms step_avg:266.38ms
step:1886/5100 train_loss:deferred train_time:499722ms step_avg:266.38ms
step:1887/5100 train_loss:deferred train_time:499985ms step_avg:266.37ms
step:1888/5100 train_loss:deferred train_time:500248ms step_avg:266.37ms
step:1889/5100 train_loss:deferred train_time:500514ms step_avg:266.37ms
step:1890/5100 train_loss:deferred train_time:500777ms step_avg:266.37ms
step:1891/5100 train_loss:deferred train_time:501097ms step_avg:266.40ms
step:1892/5100 train_loss:deferred train_time:501362ms step_avg:266.40ms
step:1893/5100 train_loss:deferred train_time:501626ms step_avg:266.40ms
step:1894/5100 train_loss:deferred train_time:501889ms step_avg:266.40ms
step:1895/5100 train_loss:deferred train_time:502153ms step_avg:266.39ms
step:1896/5100 train_loss:deferred train_time:502417ms step_avg:266.39ms
step:1897/5100 train_loss:deferred train_time:502681ms step_avg:266.39ms
step:1898/5100 train_loss:deferred train_time:502945ms step_avg:266.39ms
step:1899/5100 train_loss:deferred train_time:503209ms step_avg:266.39ms
step:1900/5100 train_loss:deferred train_time:503891ms step_avg:266.61ms
step:1901/5100 train_loss:deferred train_time:504154ms step_avg:266.61ms
step:1902/5100 train_loss:deferred train_time:504418ms step_avg:266.61ms
step:1903/5100 train_loss:deferred train_time:504682ms step_avg:266.60ms
step:1904/5100 train_loss:deferred train_time:504946ms step_avg:266.60ms
step:1905/5100 train_loss:deferred train_time:505209ms step_avg:266.60ms
step:1906/5100 train_loss:deferred train_time:505474ms step_avg:266.60ms
step:1907/5100 train_loss:deferred train_time:505738ms step_avg:266.60ms
step:1908/5100 train_loss:deferred train_time:506001ms step_avg:266.60ms
step:1909/5100 train_loss:deferred train_time:506265ms step_avg:266.60ms
step:1910/5100 train_loss:deferred train_time:506528ms step_avg:266.59ms
step:1911/5100 train_loss:deferred train_time:506792ms step_avg:266.59ms
step:1912/5100 train_loss:deferred train_time:507056ms step_avg:266.59ms
step:1913/5100 train_loss:deferred train_time:507319ms step_avg:266.59ms
step:1914/5100 train_loss:deferred train_time:507584ms step_avg:266.59ms
step:1915/5100 train_loss:deferred train_time:507847ms step_avg:266.59ms
step:1916/5100 train_loss:deferred train_time:508111ms step_avg:266.59ms
step:1917/5100 train_loss:deferred train_time:508377ms step_avg:266.58ms
step:1918/5100 train_loss:deferred train_time:508641ms step_avg:266.58ms
step:1919/5100 train_loss:deferred train_time:508905ms step_avg:266.58ms
step:1920/5100 train_loss:deferred train_time:509168ms step_avg:266.58ms
step:1921/5100 train_loss:deferred train_time:509434ms step_avg:266.58ms
step:1922/5100 train_loss:deferred train_time:509697ms step_avg:266.58ms
step:1923/5100 train_loss:deferred train_time:509961ms step_avg:266.58ms
step:1924/5100 train_loss:deferred train_time:510226ms step_avg:266.58ms
step:1925/5100 train_loss:deferred train_time:510489ms step_avg:266.57ms
step:1926/5100 train_loss:deferred train_time:510752ms step_avg:266.57ms
step:1927/5100 train_loss:deferred train_time:511016ms step_avg:266.57ms
step:1928/5100 train_loss:deferred train_time:511280ms step_avg:266.57ms
step:1929/5100 train_loss:deferred train_time:511544ms step_avg:266.57ms
step:1930/5100 train_loss:deferred train_time:511809ms step_avg:266.57ms
step:1931/5100 train_loss:deferred train_time:512074ms step_avg:266.57ms
step:1932/5100 train_loss:deferred train_time:512335ms step_avg:266.56ms
step:1933/5100 train_loss:deferred train_time:512600ms step_avg:266.56ms
step:1934/5100 train_loss:deferred train_time:512863ms step_avg:266.56ms
step:1935/5100 train_loss:deferred train_time:513131ms step_avg:266.56ms
step:1936/5100 train_loss:deferred train_time:513392ms step_avg:266.56ms
step:1937/5100 train_loss:deferred train_time:513656ms step_avg:266.56ms
step:1938/5100 train_loss:deferred train_time:513921ms step_avg:266.56ms
step:1939/5100 train_loss:deferred train_time:514184ms step_avg:266.55ms
step:1940/5100 train_loss:deferred train_time:514448ms step_avg:266.55ms
step:1941/5100 train_loss:deferred train_time:514712ms step_avg:266.55ms
step:1942/5100 train_loss:deferred train_time:514978ms step_avg:266.55ms
step:1943/5100 train_loss:deferred train_time:515241ms step_avg:266.55ms
step:1944/5100 train_loss:deferred train_time:515505ms step_avg:266.55ms
step:1945/5100 train_loss:deferred train_time:515768ms step_avg:266.55ms
step:1946/5100 train_loss:deferred train_time:516034ms step_avg:266.55ms
step:1947/5100 train_loss:deferred train_time:516298ms step_avg:266.55ms
step:1948/5100 train_loss:deferred train_time:516563ms step_avg:266.54ms
step:1949/5100 train_loss:deferred train_time:516825ms step_avg:266.54ms
step:1950/5100 train_loss:deferred train_time:517089ms step_avg:266.54ms
step:1951/5100 train_loss:deferred train_time:517353ms step_avg:266.54ms
step:1952/5100 train_loss:deferred train_time:517616ms step_avg:266.54ms
step:1953/5100 train_loss:deferred train_time:517880ms step_avg:266.54ms
step:1954/5100 train_loss:deferred train_time:518144ms step_avg:266.53ms
step:1955/5100 train_loss:deferred train_time:518410ms step_avg:266.53ms
step:1956/5100 train_loss:deferred train_time:518673ms step_avg:266.53ms
step:1957/5100 train_loss:deferred train_time:518937ms step_avg:266.53ms
step:1958/5100 train_loss:deferred train_time:519200ms step_avg:266.53ms
step:1959/5100 train_loss:deferred train_time:519465ms step_avg:266.53ms
step:1960/5100 train_loss:deferred train_time:519728ms step_avg:266.53ms
step:1961/5100 train_loss:deferred train_time:519992ms step_avg:266.53ms
step:1962/5100 train_loss:deferred train_time:520255ms step_avg:266.52ms
step:1963/5100 train_loss:deferred train_time:520519ms step_avg:266.52ms
step:1964/5100 train_loss:deferred train_time:520783ms step_avg:266.52ms
step:1965/5100 train_loss:deferred train_time:521047ms step_avg:266.52ms
step:1966/5100 train_loss:deferred train_time:521310ms step_avg:266.52ms
step:1967/5100 train_loss:deferred train_time:521574ms step_avg:266.52ms
step:1968/5100 train_loss:deferred train_time:521838ms step_avg:266.52ms
step:1969/5100 train_loss:deferred train_time:522103ms step_avg:266.52ms
step:1970/5100 train_loss:deferred train_time:522366ms step_avg:266.51ms
step:1971/5100 train_loss:deferred train_time:522630ms step_avg:266.51ms
step:1972/5100 train_loss:deferred train_time:522893ms step_avg:266.51ms
step:1973/5100 train_loss:deferred train_time:523157ms step_avg:266.51ms
step:1974/5100 train_loss:deferred train_time:523421ms step_avg:266.51ms
step:1975/5100 train_loss:deferred train_time:523685ms step_avg:266.51ms
step:1976/5100 train_loss:deferred train_time:523948ms step_avg:266.50ms
step:1977/5100 train_loss:deferred train_time:524213ms step_avg:266.50ms
step:1978/5100 train_loss:deferred train_time:524477ms step_avg:266.50ms
step:1979/5100 train_loss:deferred train_time:524740ms step_avg:266.50ms
step:1980/5100 train_loss:deferred train_time:525007ms step_avg:266.50ms
step:1981/5100 train_loss:deferred train_time:525270ms step_avg:266.50ms
step:1982/5100 train_loss:deferred train_time:525534ms step_avg:266.50ms
step:1983/5100 train_loss:deferred train_time:525798ms step_avg:266.50ms
step:1984/5100 train_loss:deferred train_time:526062ms step_avg:266.50ms
step:1985/5100 train_loss:deferred train_time:526325ms step_avg:266.49ms
step:1986/5100 train_loss:deferred train_time:526589ms step_avg:266.49ms
step:1987/5100 train_loss:deferred train_time:526853ms step_avg:266.49ms
step:1988/5100 train_loss:deferred train_time:527117ms step_avg:266.49ms
step:1989/5100 train_loss:deferred train_time:527381ms step_avg:266.49ms
step:1990/5100 train_loss:deferred train_time:527644ms step_avg:266.49ms
step:1991/5100 train_loss:deferred train_time:527910ms step_avg:266.49ms
step:1992/5100 train_loss:deferred train_time:528173ms step_avg:266.48ms
step:1993/5100 train_loss:deferred train_time:528437ms step_avg:266.48ms
step:1994/5100 train_loss:deferred train_time:528701ms step_avg:266.48ms
step:1995/5100 train_loss:deferred train_time:528966ms step_avg:266.48ms
step:1996/5100 train_loss:deferred train_time:529228ms step_avg:266.48ms
step:1997/5100 train_loss:deferred train_time:529492ms step_avg:266.48ms
step:1998/5100 train_loss:deferred train_time:529757ms step_avg:266.48ms
step:1999/5100 train_loss:deferred train_time:530021ms step_avg:266.48ms
step:2000/5100 train_loss:deferred train_time:530285ms step_avg:266.47ms
step:2000/5100 val_loss:3.5175 train_time:530448ms step_avg:266.56ms
step:2001/5100 train_loss:deferred train_time:530552ms step_avg:266.48ms
step:2002/5100 train_loss:deferred train_time:530815ms step_avg:266.47ms
step:2003/5100 train_loss:deferred train_time:531076ms step_avg:266.47ms
step:2004/5100 train_loss:deferred train_time:531343ms step_avg:266.47ms
step:2005/5100 train_loss:deferred train_time:531605ms step_avg:266.47ms
step:2006/5100 train_loss:deferred train_time:531868ms step_avg:266.47ms
step:2007/5100 train_loss:deferred train_time:532132ms step_avg:266.47ms
step:2008/5100 train_loss:deferred train_time:532396ms step_avg:266.46ms
step:2009/5100 train_loss:deferred train_time:532660ms step_avg:266.46ms
step:2010/5100 train_loss:deferred train_time:532923ms step_avg:266.46ms
step:2011/5100 train_loss:deferred train_time:533188ms step_avg:266.46ms
step:2012/5100 train_loss:deferred train_time:533453ms step_avg:266.46ms
step:2013/5100 train_loss:deferred train_time:533717ms step_avg:266.46ms
step:2014/5100 train_loss:deferred train_time:533980ms step_avg:266.46ms
step:2015/5100 train_loss:deferred train_time:534244ms step_avg:266.46ms
step:2016/5100 train_loss:deferred train_time:534508ms step_avg:266.45ms
step:2017/5100 train_loss:deferred train_time:534771ms step_avg:266.45ms
step:2018/5100 train_loss:deferred train_time:535035ms step_avg:266.45ms
step:2019/5100 train_loss:deferred train_time:535299ms step_avg:266.45ms
step:2020/5100 train_loss:deferred train_time:535564ms step_avg:266.45ms
step:2021/5100 train_loss:deferred train_time:535827ms step_avg:266.45ms
step:2022/5100 train_loss:deferred train_time:536092ms step_avg:266.45ms
step:2023/5100 train_loss:deferred train_time:536354ms step_avg:266.45ms
step:2024/5100 train_loss:deferred train_time:536620ms step_avg:266.44ms
step:2025/5100 train_loss:deferred train_time:536882ms step_avg:266.44ms
step:2026/5100 train_loss:deferred train_time:537148ms step_avg:266.44ms
step:2027/5100 train_loss:deferred train_time:537412ms step_avg:266.44ms
step:2028/5100 train_loss:deferred train_time:537676ms step_avg:266.44ms
step:2029/5100 train_loss:deferred train_time:537941ms step_avg:266.44ms
step:2030/5100 train_loss:deferred train_time:538204ms step_avg:266.44ms
step:2031/5100 train_loss:deferred train_time:538468ms step_avg:266.44ms
step:2032/5100 train_loss:deferred train_time:538732ms step_avg:266.44ms
step:2033/5100 train_loss:deferred train_time:538996ms step_avg:266.43ms
step:2034/5100 train_loss:deferred train_time:539258ms step_avg:266.43ms
step:2035/5100 train_loss:deferred train_time:539523ms step_avg:266.43ms
step:2036/5100 train_loss:deferred train_time:539788ms step_avg:266.43ms
step:2037/5100 train_loss:deferred train_time:540052ms step_avg:266.43ms
step:2038/5100 train_loss:deferred train_time:540314ms step_avg:266.43ms
step:2039/5100 train_loss:deferred train_time:540580ms step_avg:266.43ms
step:2040/5100 train_loss:deferred train_time:540843ms step_avg:266.43ms
step:2041/5100 train_loss:deferred train_time:541106ms step_avg:266.42ms
step:2042/5100 train_loss:deferred train_time:541369ms step_avg:266.42ms
step:2043/5100 train_loss:deferred train_time:541634ms step_avg:266.42ms
step:2044/5100 train_loss:deferred train_time:541899ms step_avg:266.42ms
step:2045/5100 train_loss:deferred train_time:542162ms step_avg:266.42ms
step:2046/5100 train_loss:deferred train_time:542425ms step_avg:266.42ms
step:2047/5100 train_loss:deferred train_time:542689ms step_avg:266.42ms
step:2048/5100 train_loss:deferred train_time:542953ms step_avg:266.41ms
step:2049/5100 train_loss:deferred train_time:543217ms step_avg:266.41ms
step:2050/5100 train_loss:deferred train_time:543482ms step_avg:266.41ms
step:2051/5100 train_loss:deferred train_time:543745ms step_avg:266.41ms
step:2052/5100 train_loss:deferred train_time:544010ms step_avg:266.41ms
step:2053/5100 train_loss:deferred train_time:544274ms step_avg:266.41ms
step:2054/5100 train_loss:deferred train_time:544538ms step_avg:266.41ms
step:2055/5100 train_loss:deferred train_time:544803ms step_avg:266.41ms
step:2056/5100 train_loss:deferred train_time:545066ms step_avg:266.41ms
step:2057/5100 train_loss:deferred train_time:545330ms step_avg:266.40ms
step:2058/5100 train_loss:deferred train_time:545594ms step_avg:266.40ms
step:2059/5100 train_loss:deferred train_time:545860ms step_avg:266.40ms
step:2060/5100 train_loss:deferred train_time:546123ms step_avg:266.40ms
step:2061/5100 train_loss:deferred train_time:546389ms step_avg:266.40ms
step:2062/5100 train_loss:deferred train_time:546653ms step_avg:266.40ms
step:2063/5100 train_loss:deferred train_time:546915ms step_avg:266.40ms
step:2064/5100 train_loss:deferred train_time:547181ms step_avg:266.40ms
step:2065/5100 train_loss:deferred train_time:547445ms step_avg:266.40ms
step:2066/5100 train_loss:deferred train_time:547709ms step_avg:266.40ms
step:2067/5100 train_loss:deferred train_time:547972ms step_avg:266.39ms
step:2068/5100 train_loss:deferred train_time:548235ms step_avg:266.39ms
step:2069/5100 train_loss:deferred train_time:548501ms step_avg:266.39ms
step:2070/5100 train_loss:deferred train_time:548764ms step_avg:266.39ms
step:2071/5100 train_loss:deferred train_time:549027ms step_avg:266.39ms
step:2072/5100 train_loss:deferred train_time:549291ms step_avg:266.39ms
step:2073/5100 train_loss:deferred train_time:549556ms step_avg:266.39ms
step:2074/5100 train_loss:deferred train_time:549820ms step_avg:266.39ms
step:2075/5100 train_loss:deferred train_time:550084ms step_avg:266.38ms
step:2076/5100 train_loss:deferred train_time:550346ms step_avg:266.38ms
step:2077/5100 train_loss:deferred train_time:550611ms step_avg:266.38ms
step:2078/5100 train_loss:deferred train_time:550875ms step_avg:266.38ms
step:2079/5100 train_loss:deferred train_time:551142ms step_avg:266.38ms
step:2080/5100 train_loss:deferred train_time:551543ms step_avg:266.45ms
step:2081/5100 train_loss:deferred train_time:551807ms step_avg:266.44ms
step:2082/5100 train_loss:deferred train_time:552069ms step_avg:266.44ms
step:2083/5100 train_loss:deferred train_time:552332ms step_avg:266.44ms
step:2084/5100 train_loss:deferred train_time:552598ms step_avg:266.44ms
step:2085/5100 train_loss:deferred train_time:552862ms step_avg:266.44ms
step:2086/5100 train_loss:deferred train_time:553126ms step_avg:266.44ms
step:2087/5100 train_loss:deferred train_time:553391ms step_avg:266.44ms
step:2088/5100 train_loss:deferred train_time:553654ms step_avg:266.44ms
step:2089/5100 train_loss:deferred train_time:553918ms step_avg:266.43ms
step:2090/5100 train_loss:deferred train_time:554391ms step_avg:266.53ms
step:2091/5100 train_loss:deferred train_time:554689ms step_avg:266.55ms
step:2092/5100 train_loss:deferred train_time:554955ms step_avg:266.55ms
step:2093/5100 train_loss:deferred train_time:555219ms step_avg:266.55ms
step:2094/5100 train_loss:deferred train_time:555482ms step_avg:266.55ms
step:2095/5100 train_loss:deferred train_time:555745ms step_avg:266.54ms
step:2096/5100 train_loss:deferred train_time:556012ms step_avg:266.54ms
step:2097/5100 train_loss:deferred train_time:556275ms step_avg:266.54ms
step:2098/5100 train_loss:deferred train_time:556538ms step_avg:266.54ms
step:2099/5100 train_loss:deferred train_time:556801ms step_avg:266.54ms
step:2100/5100 train_loss:deferred train_time:557067ms step_avg:266.54ms
step:2101/5100 train_loss:deferred train_time:557331ms step_avg:266.54ms
step:2102/5100 train_loss:deferred train_time:557594ms step_avg:266.54ms
step:2103/5100 train_loss:deferred train_time:557857ms step_avg:266.53ms
step:2104/5100 train_loss:deferred train_time:558121ms step_avg:266.53ms
step:2105/5100 train_loss:deferred train_time:558384ms step_avg:266.53ms
step:2106/5100 train_loss:deferred train_time:558648ms step_avg:266.53ms
step:2107/5100 train_loss:deferred train_time:558912ms step_avg:266.53ms
step:2108/5100 train_loss:deferred train_time:559177ms step_avg:266.53ms
step:2109/5100 train_loss:deferred train_time:559443ms step_avg:266.53ms
step:2110/5100 train_loss:deferred train_time:559707ms step_avg:266.53ms
step:2111/5100 train_loss:deferred train_time:559971ms step_avg:266.53ms
step:2112/5100 train_loss:deferred train_time:560236ms step_avg:266.53ms
step:2113/5100 train_loss:deferred train_time:560499ms step_avg:266.52ms
step:2114/5100 train_loss:deferred train_time:560764ms step_avg:266.52ms
step:2115/5100 train_loss:deferred train_time:561028ms step_avg:266.52ms
step:2116/5100 train_loss:deferred train_time:561292ms step_avg:266.52ms
step:2117/5100 train_loss:deferred train_time:561556ms step_avg:266.52ms
step:2118/5100 train_loss:deferred train_time:561819ms step_avg:266.52ms
step:2119/5100 train_loss:deferred train_time:562084ms step_avg:266.52ms
step:2120/5100 train_loss:deferred train_time:562347ms step_avg:266.52ms
step:2121/5100 train_loss:deferred train_time:562612ms step_avg:266.51ms
step:2122/5100 train_loss:deferred train_time:562877ms step_avg:266.51ms
step:2123/5100 train_loss:deferred train_time:563140ms step_avg:266.51ms
step:2124/5100 train_loss:deferred train_time:563404ms step_avg:266.51ms
step:2125/5100 train_loss:deferred train_time:563667ms step_avg:266.51ms
step:2125/5100 val_loss:3.5062 train_time:563830ms step_avg:266.59ms
step:2126/5100 train_loss:deferred train_time:563933ms step_avg:266.51ms
step:2127/5100 train_loss:deferred train_time:564195ms step_avg:266.51ms
step:2128/5100 train_loss:deferred train_time:564458ms step_avg:266.51ms
step:2129/5100 train_loss:deferred train_time:564721ms step_avg:266.50ms
step:2130/5100 train_loss:deferred train_time:564986ms step_avg:266.50ms
step:2131/5100 train_loss:deferred train_time:565249ms step_avg:266.50ms
step:2132/5100 train_loss:deferred train_time:565513ms step_avg:266.50ms
step:2133/5100 train_loss:deferred train_time:565778ms step_avg:266.50ms
step:2134/5100 train_loss:deferred train_time:566042ms step_avg:266.50ms
step:2135/5100 train_loss:deferred train_time:566307ms step_avg:266.50ms
step:2136/5100 train_loss:deferred train_time:566569ms step_avg:266.50ms
step:2137/5100 train_loss:deferred train_time:566834ms step_avg:266.49ms
step:2138/5100 train_loss:deferred train_time:567098ms step_avg:266.49ms
step:2139/5100 train_loss:deferred train_time:567362ms step_avg:266.49ms
step:2140/5100 train_loss:deferred train_time:567625ms step_avg:266.49ms
step:2141/5100 train_loss:deferred train_time:567890ms step_avg:266.49ms
step:2142/5100 train_loss:deferred train_time:568155ms step_avg:266.49ms
step:2143/5100 train_loss:deferred train_time:568420ms step_avg:266.49ms
step:2144/5100 train_loss:deferred train_time:568684ms step_avg:266.49ms
step:2145/5100 train_loss:deferred train_time:568946ms step_avg:266.49ms
step:2146/5100 train_loss:deferred train_time:569210ms step_avg:266.48ms
step:2147/5100 train_loss:deferred train_time:569474ms step_avg:266.48ms
step:2148/5100 train_loss:deferred train_time:569737ms step_avg:266.48ms
step:2149/5100 train_loss:deferred train_time:570000ms step_avg:266.48ms
step:2150/5100 train_loss:deferred train_time:570266ms step_avg:266.48ms
step:2151/5100 train_loss:deferred train_time:570528ms step_avg:266.48ms
step:2152/5100 train_loss:deferred train_time:570792ms step_avg:266.48ms
step:2153/5100 train_loss:deferred train_time:571056ms step_avg:266.48ms
step:2154/5100 train_loss:deferred train_time:571320ms step_avg:266.47ms
step:2155/5100 train_loss:deferred train_time:571584ms step_avg:266.47ms
step:2156/5100 train_loss:deferred train_time:571847ms step_avg:266.47ms
step:2157/5100 train_loss:deferred train_time:572111ms step_avg:266.47ms
step:2158/5100 train_loss:deferred train_time:572376ms step_avg:266.47ms
step:2159/5100 train_loss:deferred train_time:572640ms step_avg:266.47ms
step:2160/5100 train_loss:deferred train_time:572904ms step_avg:266.47ms
step:2161/5100 train_loss:deferred train_time:573168ms step_avg:266.47ms
step:2162/5100 train_loss:deferred train_time:573433ms step_avg:266.47ms
step:2163/5100 train_loss:deferred train_time:573696ms step_avg:266.46ms
step:2164/5100 train_loss:deferred train_time:573959ms step_avg:266.46ms
step:2165/5100 train_loss:deferred train_time:574224ms step_avg:266.46ms
step:2166/5100 train_loss:deferred train_time:574488ms step_avg:266.46ms
step:2167/5100 train_loss:deferred train_time:574752ms step_avg:266.46ms
step:2168/5100 train_loss:deferred train_time:575016ms step_avg:266.46ms
step:2169/5100 train_loss:deferred train_time:575280ms step_avg:266.46ms
step:2170/5100 train_loss:deferred train_time:575544ms step_avg:266.46ms
step:2171/5100 train_loss:deferred train_time:575806ms step_avg:266.45ms
step:2172/5100 train_loss:deferred train_time:576072ms step_avg:266.45ms
step:2173/5100 train_loss:deferred train_time:576336ms step_avg:266.45ms
step:2174/5100 train_loss:deferred train_time:576599ms step_avg:266.45ms
step:2175/5100 train_loss:deferred train_time:576864ms step_avg:266.45ms
step:2176/5100 train_loss:deferred train_time:577128ms step_avg:266.45ms
step:2177/5100 train_loss:deferred train_time:577391ms step_avg:266.45ms
step:2178/5100 train_loss:deferred train_time:577655ms step_avg:266.45ms
step:2179/5100 train_loss:deferred train_time:577920ms step_avg:266.45ms
step:2180/5100 train_loss:deferred train_time:578185ms step_avg:266.44ms
step:2181/5100 train_loss:deferred train_time:578450ms step_avg:266.44ms
step:2182/5100 train_loss:deferred train_time:578714ms step_avg:266.44ms
step:2183/5100 train_loss:deferred train_time:578978ms step_avg:266.44ms
step:2184/5100 train_loss:deferred train_time:579242ms step_avg:266.44ms
step:2185/5100 train_loss:deferred train_time:579505ms step_avg:266.44ms
step:2186/5100 train_loss:deferred train_time:579771ms step_avg:266.44ms
step:2187/5100 train_loss:deferred train_time:580033ms step_avg:266.44ms
step:2188/5100 train_loss:deferred train_time:580298ms step_avg:266.44ms
step:2189/5100 train_loss:deferred train_time:580561ms step_avg:266.43ms
step:2190/5100 train_loss:deferred train_time:580826ms step_avg:266.43ms
step:2191/5100 train_loss:deferred train_time:581090ms step_avg:266.43ms
step:2192/5100 train_loss:deferred train_time:581354ms step_avg:266.43ms
step:2193/5100 train_loss:deferred train_time:581618ms step_avg:266.43ms
step:2194/5100 train_loss:deferred train_time:581883ms step_avg:266.43ms
step:2195/5100 train_loss:deferred train_time:582146ms step_avg:266.43ms
step:2196/5100 train_loss:deferred train_time:582411ms step_avg:266.43ms
step:2197/5100 train_loss:deferred train_time:582677ms step_avg:266.43ms
step:2198/5100 train_loss:deferred train_time:582937ms step_avg:266.42ms
step:2199/5100 train_loss:deferred train_time:583202ms step_avg:266.42ms
step:2200/5100 train_loss:deferred train_time:583466ms step_avg:266.42ms
step:2201/5100 train_loss:deferred train_time:583729ms step_avg:266.42ms
step:2202/5100 train_loss:deferred train_time:583992ms step_avg:266.42ms
step:2203/5100 train_loss:deferred train_time:584257ms step_avg:266.42ms
step:2204/5100 train_loss:deferred train_time:584521ms step_avg:266.42ms
step:2205/5100 train_loss:deferred train_time:584787ms step_avg:266.42ms
step:2206/5100 train_loss:deferred train_time:585053ms step_avg:266.42ms
step:2207/5100 train_loss:deferred train_time:585314ms step_avg:266.42ms
step:2208/5100 train_loss:deferred train_time:585580ms step_avg:266.41ms
step:2209/5100 train_loss:deferred train_time:585844ms step_avg:266.41ms
step:2210/5100 train_loss:deferred train_time:586109ms step_avg:266.41ms
step:2211/5100 train_loss:deferred train_time:586373ms step_avg:266.41ms
step:2212/5100 train_loss:deferred train_time:586638ms step_avg:266.41ms
step:2213/5100 train_loss:deferred train_time:586903ms step_avg:266.41ms
step:2214/5100 train_loss:deferred train_time:587167ms step_avg:266.41ms
step:2215/5100 train_loss:deferred train_time:587431ms step_avg:266.41ms
step:2216/5100 train_loss:deferred train_time:587696ms step_avg:266.41ms
step:2217/5100 train_loss:deferred train_time:587958ms step_avg:266.41ms
step:2218/5100 train_loss:deferred train_time:588221ms step_avg:266.40ms
step:2219/5100 train_loss:deferred train_time:588486ms step_avg:266.40ms
step:2220/5100 train_loss:deferred train_time:588750ms step_avg:266.40ms
step:2221/5100 train_loss:deferred train_time:589016ms step_avg:266.40ms
step:2222/5100 train_loss:deferred train_time:589279ms step_avg:266.40ms
step:2223/5100 train_loss:deferred train_time:589543ms step_avg:266.40ms
step:2224/5100 train_loss:deferred train_time:589807ms step_avg:266.40ms
step:2225/5100 train_loss:deferred train_time:590070ms step_avg:266.40ms
step:2226/5100 train_loss:deferred train_time:590336ms step_avg:266.40ms
step:2227/5100 train_loss:deferred train_time:590599ms step_avg:266.40ms
step:2228/5100 train_loss:deferred train_time:590863ms step_avg:266.39ms
step:2229/5100 train_loss:deferred train_time:591132ms step_avg:266.40ms
step:2230/5100 train_loss:deferred train_time:591391ms step_avg:266.39ms
step:2231/5100 train_loss:deferred train_time:591657ms step_avg:266.39ms
step:2232/5100 train_loss:deferred train_time:591921ms step_avg:266.39ms
step:2233/5100 train_loss:deferred train_time:592183ms step_avg:266.39ms
step:2234/5100 train_loss:deferred train_time:592449ms step_avg:266.39ms
step:2235/5100 train_loss:deferred train_time:592713ms step_avg:266.39ms
step:2236/5100 train_loss:deferred train_time:592978ms step_avg:266.39ms
step:2237/5100 train_loss:deferred train_time:593240ms step_avg:266.39ms
step:2238/5100 train_loss:deferred train_time:593504ms step_avg:266.38ms
step:2239/5100 train_loss:deferred train_time:593768ms step_avg:266.38ms
step:2240/5100 train_loss:deferred train_time:594032ms step_avg:266.38ms
step:2241/5100 train_loss:deferred train_time:594296ms step_avg:266.38ms
step:2242/5100 train_loss:deferred train_time:594559ms step_avg:266.38ms
step:2243/5100 train_loss:deferred train_time:594822ms step_avg:266.38ms
step:2244/5100 train_loss:deferred train_time:595087ms step_avg:266.38ms
step:2245/5100 train_loss:deferred train_time:595351ms step_avg:266.38ms
step:2246/5100 train_loss:deferred train_time:595617ms step_avg:266.38ms
step:2247/5100 train_loss:deferred train_time:595881ms step_avg:266.37ms
step:2248/5100 train_loss:deferred train_time:596144ms step_avg:266.37ms
step:2249/5100 train_loss:deferred train_time:596408ms step_avg:266.37ms
step:2250/5100 train_loss:deferred train_time:596672ms step_avg:266.37ms
step:2250/5100 val_loss:3.4948 train_time:596836ms step_avg:266.44ms
step:2251/5100 train_loss:deferred train_time:596938ms step_avg:266.37ms
step:2252/5100 train_loss:deferred train_time:597201ms step_avg:266.37ms
step:2253/5100 train_loss:deferred train_time:597466ms step_avg:266.37ms
step:2254/5100 train_loss:deferred train_time:597729ms step_avg:266.37ms
step:2255/5100 train_loss:deferred train_time:597993ms step_avg:266.37ms
step:2256/5100 train_loss:deferred train_time:598258ms step_avg:266.37ms
step:2257/5100 train_loss:deferred train_time:598524ms step_avg:266.37ms
step:2258/5100 train_loss:deferred train_time:598787ms step_avg:266.36ms
step:2259/5100 train_loss:deferred train_time:599052ms step_avg:266.36ms
step:2260/5100 train_loss:deferred train_time:599317ms step_avg:266.36ms
step:2261/5100 train_loss:deferred train_time:599581ms step_avg:266.36ms
step:2262/5100 train_loss:deferred train_time:599845ms step_avg:266.36ms
step:2263/5100 train_loss:deferred train_time:600109ms step_avg:266.36ms
step:2264/5100 train_loss:deferred train_time:600373ms step_avg:266.36ms
step:2265/5100 train_loss:deferred train_time:600637ms step_avg:266.36ms
step:2266/5100 train_loss:deferred train_time:600901ms step_avg:266.36ms
step:2267/5100 train_loss:deferred train_time:601165ms step_avg:266.36ms
step:2268/5100 train_loss:deferred train_time:601428ms step_avg:266.35ms
step:2269/5100 train_loss:deferred train_time:602014ms step_avg:266.50ms
step:2270/5100 train_loss:deferred train_time:602278ms step_avg:266.49ms
step:2271/5100 train_loss:deferred train_time:602543ms step_avg:266.49ms
step:2272/5100 train_loss:deferred train_time:602808ms step_avg:266.49ms
step:2273/5100 train_loss:deferred train_time:603072ms step_avg:266.49ms
step:2274/5100 train_loss:deferred train_time:603336ms step_avg:266.49ms
step:2275/5100 train_loss:deferred train_time:603599ms step_avg:266.49ms
step:2276/5100 train_loss:deferred train_time:603864ms step_avg:266.49ms
step:2277/5100 train_loss:deferred train_time:604127ms step_avg:266.49ms
step:2278/5100 train_loss:deferred train_time:604390ms step_avg:266.49ms
step:2279/5100 train_loss:deferred train_time:604654ms step_avg:266.48ms
step:2280/5100 train_loss:deferred train_time:605004ms step_avg:266.52ms
step:2281/5100 train_loss:deferred train_time:605523ms step_avg:266.63ms
step:2282/5100 train_loss:deferred train_time:605788ms step_avg:266.63ms
step:2283/5100 train_loss:deferred train_time:606052ms step_avg:266.63ms
step:2284/5100 train_loss:deferred train_time:606314ms step_avg:266.63ms
step:2285/5100 train_loss:deferred train_time:606577ms step_avg:266.63ms
step:2286/5100 train_loss:deferred train_time:606841ms step_avg:266.63ms
step:2287/5100 train_loss:deferred train_time:607106ms step_avg:266.63ms
step:2288/5100 train_loss:deferred train_time:607371ms step_avg:266.62ms
step:2289/5100 train_loss:deferred train_time:607635ms step_avg:266.62ms
step:2290/5100 train_loss:deferred train_time:607899ms step_avg:266.62ms
step:2291/5100 train_loss:deferred train_time:608161ms step_avg:266.62ms
step:2292/5100 train_loss:deferred train_time:608427ms step_avg:266.62ms
step:2293/5100 train_loss:deferred train_time:608690ms step_avg:266.62ms
step:2294/5100 train_loss:deferred train_time:608954ms step_avg:266.62ms
step:2295/5100 train_loss:deferred train_time:609216ms step_avg:266.62ms
step:2296/5100 train_loss:deferred train_time:609480ms step_avg:266.61ms
step:2297/5100 train_loss:deferred train_time:609743ms step_avg:266.61ms
step:2298/5100 train_loss:deferred train_time:610007ms step_avg:266.61ms
step:2299/5100 train_loss:deferred train_time:610272ms step_avg:266.61ms
step:2300/5100 train_loss:deferred train_time:610535ms step_avg:266.61ms
step:2301/5100 train_loss:deferred train_time:610799ms step_avg:266.61ms
step:2302/5100 train_loss:deferred train_time:611064ms step_avg:266.61ms
step:2303/5100 train_loss:deferred train_time:611328ms step_avg:266.61ms
step:2304/5100 train_loss:deferred train_time:611591ms step_avg:266.60ms
step:2305/5100 train_loss:deferred train_time:611854ms step_avg:266.60ms
step:2306/5100 train_loss:deferred train_time:612119ms step_avg:266.60ms
step:2307/5100 train_loss:deferred train_time:612382ms step_avg:266.60ms
step:2308/5100 train_loss:deferred train_time:612646ms step_avg:266.60ms
step:2309/5100 train_loss:deferred train_time:612911ms step_avg:266.60ms
step:2310/5100 train_loss:deferred train_time:613175ms step_avg:266.60ms
step:2311/5100 train_loss:deferred train_time:613439ms step_avg:266.60ms
step:2312/5100 train_loss:deferred train_time:613703ms step_avg:266.60ms
step:2313/5100 train_loss:deferred train_time:613969ms step_avg:266.60ms
step:2314/5100 train_loss:deferred train_time:614234ms step_avg:266.59ms
step:2315/5100 train_loss:deferred train_time:614499ms step_avg:266.59ms
step:2316/5100 train_loss:deferred train_time:614763ms step_avg:266.59ms
step:2317/5100 train_loss:deferred train_time:615028ms step_avg:266.59ms
step:2318/5100 train_loss:deferred train_time:615292ms step_avg:266.59ms
step:2319/5100 train_loss:deferred train_time:615555ms step_avg:266.59ms
step:2320/5100 train_loss:deferred train_time:615819ms step_avg:266.59ms
step:2321/5100 train_loss:deferred train_time:616083ms step_avg:266.59ms
step:2322/5100 train_loss:deferred train_time:616346ms step_avg:266.59ms
step:2323/5100 train_loss:deferred train_time:616610ms step_avg:266.58ms
step:2324/5100 train_loss:deferred train_time:616876ms step_avg:266.58ms
step:2325/5100 train_loss:deferred train_time:617139ms step_avg:266.58ms
step:2326/5100 train_loss:deferred train_time:617403ms step_avg:266.58ms
step:2327/5100 train_loss:deferred train_time:617667ms step_avg:266.58ms
step:2328/5100 train_loss:deferred train_time:617931ms step_avg:266.58ms
step:2329/5100 train_loss:deferred train_time:618196ms step_avg:266.58ms
step:2330/5100 train_loss:deferred train_time:618460ms step_avg:266.58ms
step:2331/5100 train_loss:deferred train_time:618723ms step_avg:266.58ms
step:2332/5100 train_loss:deferred train_time:618988ms step_avg:266.58ms
step:2333/5100 train_loss:deferred train_time:619253ms step_avg:266.57ms
step:2334/5100 train_loss:deferred train_time:619518ms step_avg:266.57ms
step:2335/5100 train_loss:deferred train_time:619782ms step_avg:266.57ms
step:2336/5100 train_loss:deferred train_time:620045ms step_avg:266.57ms
step:2337/5100 train_loss:deferred train_time:620309ms step_avg:266.57ms
step:2338/5100 train_loss:deferred train_time:620573ms step_avg:266.57ms
step:2339/5100 train_loss:deferred train_time:620836ms step_avg:266.57ms
step:2340/5100 train_loss:deferred train_time:621101ms step_avg:266.57ms
step:2341/5100 train_loss:deferred train_time:621365ms step_avg:266.57ms
step:2342/5100 train_loss:deferred train_time:621628ms step_avg:266.56ms
step:2343/5100 train_loss:deferred train_time:621891ms step_avg:266.56ms
step:2344/5100 train_loss:deferred train_time:622157ms step_avg:266.56ms
step:2345/5100 train_loss:deferred train_time:622419ms step_avg:266.56ms
step:2346/5100 train_loss:deferred train_time:622685ms step_avg:266.56ms
step:2347/5100 train_loss:deferred train_time:622950ms step_avg:266.56ms
step:2348/5100 train_loss:deferred train_time:623213ms step_avg:266.56ms
step:2349/5100 train_loss:deferred train_time:623477ms step_avg:266.56ms
step:2350/5100 train_loss:deferred train_time:623741ms step_avg:266.56ms
step:2351/5100 train_loss:deferred train_time:624006ms step_avg:266.56ms
step:2352/5100 train_loss:deferred train_time:624270ms step_avg:266.55ms
step:2353/5100 train_loss:deferred train_time:624534ms step_avg:266.55ms
step:2354/5100 train_loss:deferred train_time:624797ms step_avg:266.55ms
step:2355/5100 train_loss:deferred train_time:625062ms step_avg:266.55ms
step:2356/5100 train_loss:deferred train_time:625326ms step_avg:266.55ms
step:2357/5100 train_loss:deferred train_time:625591ms step_avg:266.55ms
step:2358/5100 train_loss:deferred train_time:625855ms step_avg:266.55ms
step:2359/5100 train_loss:deferred train_time:626119ms step_avg:266.55ms
step:2360/5100 train_loss:deferred train_time:626384ms step_avg:266.55ms
step:2361/5100 train_loss:deferred train_time:626648ms step_avg:266.55ms
step:2362/5100 train_loss:deferred train_time:626912ms step_avg:266.54ms
step:2363/5100 train_loss:deferred train_time:627174ms step_avg:266.54ms
step:2364/5100 train_loss:deferred train_time:627438ms step_avg:266.54ms
step:2365/5100 train_loss:deferred train_time:627703ms step_avg:266.54ms
step:2366/5100 train_loss:deferred train_time:627967ms step_avg:266.54ms
step:2367/5100 train_loss:deferred train_time:628231ms step_avg:266.54ms
step:2368/5100 train_loss:deferred train_time:628494ms step_avg:266.54ms
step:2369/5100 train_loss:deferred train_time:628758ms step_avg:266.54ms
step:2370/5100 train_loss:deferred train_time:629020ms step_avg:266.53ms
step:2371/5100 train_loss:deferred train_time:629284ms step_avg:266.53ms
step:2372/5100 train_loss:deferred train_time:629548ms step_avg:266.53ms
step:2373/5100 train_loss:deferred train_time:629813ms step_avg:266.53ms
step:2374/5100 train_loss:deferred train_time:630077ms step_avg:266.53ms
step:2375/5100 train_loss:deferred train_time:630340ms step_avg:266.53ms
step:2375/5100 val_loss:3.4852 train_time:630505ms step_avg:266.60ms
step:2376/5100 train_loss:deferred train_time:630607ms step_avg:266.53ms
step:2377/5100 train_loss:deferred train_time:630869ms step_avg:266.53ms
step:2378/5100 train_loss:deferred train_time:631133ms step_avg:266.53ms
step:2379/5100 train_loss:deferred train_time:631397ms step_avg:266.52ms
step:2380/5100 train_loss:deferred train_time:631661ms step_avg:266.52ms
step:2381/5100 train_loss:deferred train_time:631927ms step_avg:266.52ms
step:2382/5100 train_loss:deferred train_time:632194ms step_avg:266.52ms
step:2383/5100 train_loss:deferred train_time:632457ms step_avg:266.52ms
step:2384/5100 train_loss:deferred train_time:632722ms step_avg:266.52ms
step:2385/5100 train_loss:deferred train_time:632984ms step_avg:266.52ms
step:2386/5100 train_loss:deferred train_time:633247ms step_avg:266.52ms
step:2387/5100 train_loss:deferred train_time:633510ms step_avg:266.52ms
step:2388/5100 train_loss:deferred train_time:633775ms step_avg:266.52ms
step:2389/5100 train_loss:deferred train_time:634039ms step_avg:266.52ms
step:2390/5100 train_loss:deferred train_time:634304ms step_avg:266.51ms
step:2391/5100 train_loss:deferred train_time:634568ms step_avg:266.51ms
step:2392/5100 train_loss:deferred train_time:634833ms step_avg:266.51ms
step:2393/5100 train_loss:deferred train_time:635096ms step_avg:266.51ms
step:2394/5100 train_loss:deferred train_time:635360ms step_avg:266.51ms
step:2395/5100 train_loss:deferred train_time:635623ms step_avg:266.51ms
step:2396/5100 train_loss:deferred train_time:635888ms step_avg:266.51ms
step:2397/5100 train_loss:deferred train_time:636153ms step_avg:266.51ms
step:2398/5100 train_loss:deferred train_time:636417ms step_avg:266.51ms
step:2399/5100 train_loss:deferred train_time:636680ms step_avg:266.51ms
step:2400/5100 train_loss:deferred train_time:636945ms step_avg:266.50ms
step:2401/5100 train_loss:deferred train_time:637209ms step_avg:266.50ms
step:2402/5100 train_loss:deferred train_time:637475ms step_avg:266.50ms
step:2403/5100 train_loss:deferred train_time:637739ms step_avg:266.50ms
step:2404/5100 train_loss:deferred train_time:638003ms step_avg:266.50ms
step:2405/5100 train_loss:deferred train_time:638268ms step_avg:266.50ms
step:2406/5100 train_loss:deferred train_time:638530ms step_avg:266.50ms
step:2407/5100 train_loss:deferred train_time:638794ms step_avg:266.50ms
step:2408/5100 train_loss:deferred train_time:639058ms step_avg:266.50ms
step:2409/5100 train_loss:deferred train_time:639323ms step_avg:266.50ms
step:2410/5100 train_loss:deferred train_time:639587ms step_avg:266.49ms
step:2411/5100 train_loss:deferred train_time:639852ms step_avg:266.49ms
step:2412/5100 train_loss:deferred train_time:640116ms step_avg:266.49ms
step:2413/5100 train_loss:deferred train_time:640378ms step_avg:266.49ms
step:2414/5100 train_loss:deferred train_time:640641ms step_avg:266.49ms
step:2415/5100 train_loss:deferred train_time:640906ms step_avg:266.49ms
step:2416/5100 train_loss:deferred train_time:641169ms step_avg:266.49ms
step:2417/5100 train_loss:deferred train_time:641435ms step_avg:266.49ms
step:2418/5100 train_loss:deferred train_time:641700ms step_avg:266.49ms
step:2419/5100 train_loss:deferred train_time:641964ms step_avg:266.49ms
step:2420/5100 train_loss:deferred train_time:642227ms step_avg:266.48ms
step:2421/5100 train_loss:deferred train_time:642492ms step_avg:266.48ms
step:2422/5100 train_loss:deferred train_time:642756ms step_avg:266.48ms
step:2423/5100 train_loss:deferred train_time:643020ms step_avg:266.48ms
step:2424/5100 train_loss:deferred train_time:643283ms step_avg:266.48ms
step:2425/5100 train_loss:deferred train_time:643548ms step_avg:266.48ms
step:2426/5100 train_loss:deferred train_time:643812ms step_avg:266.48ms
step:2427/5100 train_loss:deferred train_time:644075ms step_avg:266.48ms
step:2428/5100 train_loss:deferred train_time:644341ms step_avg:266.48ms
step:2429/5100 train_loss:deferred train_time:644605ms step_avg:266.48ms
step:2430/5100 train_loss:deferred train_time:644868ms step_avg:266.47ms
step:2431/5100 train_loss:deferred train_time:645131ms step_avg:266.47ms
step:2432/5100 train_loss:deferred train_time:645396ms step_avg:266.47ms
step:2433/5100 train_loss:deferred train_time:645660ms step_avg:266.47ms
step:2434/5100 train_loss:deferred train_time:645924ms step_avg:266.47ms
step:2435/5100 train_loss:deferred train_time:646188ms step_avg:266.47ms
step:2436/5100 train_loss:deferred train_time:646453ms step_avg:266.47ms
step:2437/5100 train_loss:deferred train_time:646718ms step_avg:266.47ms
step:2438/5100 train_loss:deferred train_time:646981ms step_avg:266.47ms
step:2439/5100 train_loss:deferred train_time:647245ms step_avg:266.47ms
step:2440/5100 train_loss:deferred train_time:647511ms step_avg:266.47ms
step:2441/5100 train_loss:deferred train_time:647780ms step_avg:266.47ms
step:2442/5100 train_loss:deferred train_time:648044ms step_avg:266.47ms
step:2443/5100 train_loss:deferred train_time:648307ms step_avg:266.46ms
step:2444/5100 train_loss:deferred train_time:648567ms step_avg:266.46ms
step:2445/5100 train_loss:deferred train_time:648829ms step_avg:266.46ms
step:2446/5100 train_loss:deferred train_time:649092ms step_avg:266.46ms
step:2447/5100 train_loss:deferred train_time:649357ms step_avg:266.46ms
step:2448/5100 train_loss:deferred train_time:649621ms step_avg:266.46ms
step:2449/5100 train_loss:deferred train_time:649885ms step_avg:266.46ms
step:2450/5100 train_loss:deferred train_time:650149ms step_avg:266.45ms
step:2451/5100 train_loss:deferred train_time:650414ms step_avg:266.45ms
step:2452/5100 train_loss:deferred train_time:650677ms step_avg:266.45ms
step:2453/5100 train_loss:deferred train_time:650942ms step_avg:266.45ms
step:2454/5100 train_loss:deferred train_time:651205ms step_avg:266.45ms
step:2455/5100 train_loss:deferred train_time:651469ms step_avg:266.45ms
step:2456/5100 train_loss:deferred train_time:651733ms step_avg:266.45ms
step:2457/5100 train_loss:deferred train_time:651997ms step_avg:266.45ms
step:2458/5100 train_loss:deferred train_time:652398ms step_avg:266.50ms
step:2459/5100 train_loss:deferred train_time:652662ms step_avg:266.50ms
step:2460/5100 train_loss:deferred train_time:652928ms step_avg:266.50ms
step:2461/5100 train_loss:deferred train_time:653191ms step_avg:266.50ms
step:2462/5100 train_loss:deferred train_time:653455ms step_avg:266.50ms
step:2463/5100 train_loss:deferred train_time:653719ms step_avg:266.50ms
step:2464/5100 train_loss:deferred train_time:653983ms step_avg:266.50ms
step:2465/5100 train_loss:deferred train_time:654246ms step_avg:266.50ms
step:2466/5100 train_loss:deferred train_time:654510ms step_avg:266.49ms
step:2467/5100 train_loss:deferred train_time:654773ms step_avg:266.49ms
step:2468/5100 train_loss:deferred train_time:655038ms step_avg:266.49ms
step:2469/5100 train_loss:deferred train_time:655301ms step_avg:266.49ms
step:2470/5100 train_loss:deferred train_time:655921ms step_avg:266.63ms
step:2471/5100 train_loss:deferred train_time:656182ms step_avg:266.63ms
step:2472/5100 train_loss:deferred train_time:656446ms step_avg:266.63ms
step:2473/5100 train_loss:deferred train_time:656709ms step_avg:266.63ms
step:2474/5100 train_loss:deferred train_time:656972ms step_avg:266.63ms
step:2475/5100 train_loss:deferred train_time:657237ms step_avg:266.63ms
step:2476/5100 train_loss:deferred train_time:657501ms step_avg:266.63ms
step:2477/5100 train_loss:deferred train_time:657766ms step_avg:266.63ms
step:2478/5100 train_loss:deferred train_time:658030ms step_avg:266.62ms
step:2479/5100 train_loss:deferred train_time:658294ms step_avg:266.62ms
step:2480/5100 train_loss:deferred train_time:658557ms step_avg:266.62ms
step:2481/5100 train_loss:deferred train_time:658823ms step_avg:266.62ms
step:2482/5100 train_loss:deferred train_time:659087ms step_avg:266.62ms
step:2483/5100 train_loss:deferred train_time:659352ms step_avg:266.62ms
step:2484/5100 train_loss:deferred train_time:659616ms step_avg:266.62ms
step:2485/5100 train_loss:deferred train_time:659880ms step_avg:266.62ms
step:2486/5100 train_loss:deferred train_time:660145ms step_avg:266.62ms
step:2487/5100 train_loss:deferred train_time:660408ms step_avg:266.62ms
step:2488/5100 train_loss:deferred train_time:660672ms step_avg:266.61ms
step:2489/5100 train_loss:deferred train_time:660935ms step_avg:266.61ms
step:2490/5100 train_loss:deferred train_time:661198ms step_avg:266.61ms
step:2491/5100 train_loss:deferred train_time:661462ms step_avg:266.61ms
step:2492/5100 train_loss:deferred train_time:661726ms step_avg:266.61ms
step:2493/5100 train_loss:deferred train_time:661990ms step_avg:266.61ms
step:2494/5100 train_loss:deferred train_time:662256ms step_avg:266.61ms
step:2495/5100 train_loss:deferred train_time:662519ms step_avg:266.61ms
step:2496/5100 train_loss:deferred train_time:662782ms step_avg:266.61ms
step:2497/5100 train_loss:deferred train_time:663046ms step_avg:266.60ms
step:2498/5100 train_loss:deferred train_time:663312ms step_avg:266.60ms
step:2499/5100 train_loss:deferred train_time:663573ms step_avg:266.60ms
step:2500/5100 train_loss:deferred train_time:663838ms step_avg:266.60ms
step:2500/5100 val_loss:3.4759 train_time:664000ms step_avg:266.67ms
step:2501/5100 train_loss:deferred train_time:664102ms step_avg:266.60ms
step:2502/5100 train_loss:deferred train_time:664364ms step_avg:266.60ms
step:2503/5100 train_loss:deferred train_time:664628ms step_avg:266.60ms
step:2504/5100 train_loss:deferred train_time:664893ms step_avg:266.60ms
step:2505/5100 train_loss:deferred train_time:665156ms step_avg:266.60ms
step:2506/5100 train_loss:deferred train_time:665418ms step_avg:266.59ms
step:2507/5100 train_loss:deferred train_time:665682ms step_avg:266.59ms
step:2508/5100 train_loss:deferred train_time:665948ms step_avg:266.59ms
step:2509/5100 train_loss:deferred train_time:666211ms step_avg:266.59ms
step:2510/5100 train_loss:deferred train_time:666476ms step_avg:266.59ms
step:2511/5100 train_loss:deferred train_time:666739ms step_avg:266.59ms
step:2512/5100 train_loss:deferred train_time:667003ms step_avg:266.59ms
step:2513/5100 train_loss:deferred train_time:667267ms step_avg:266.59ms
step:2514/5100 train_loss:deferred train_time:667531ms step_avg:266.59ms
step:2515/5100 train_loss:deferred train_time:667795ms step_avg:266.58ms
step:2516/5100 train_loss:deferred train_time:668060ms step_avg:266.58ms
step:2517/5100 train_loss:deferred train_time:668325ms step_avg:266.58ms
step:2518/5100 train_loss:deferred train_time:668588ms step_avg:266.58ms
step:2519/5100 train_loss:deferred train_time:668852ms step_avg:266.58ms
step:2520/5100 train_loss:deferred train_time:669116ms step_avg:266.58ms
step:2521/5100 train_loss:deferred train_time:669381ms step_avg:266.58ms
step:2522/5100 train_loss:deferred train_time:669645ms step_avg:266.58ms
step:2523/5100 train_loss:deferred train_time:669907ms step_avg:266.58ms
step:2524/5100 train_loss:deferred train_time:670171ms step_avg:266.58ms
step:2525/5100 train_loss:deferred train_time:670437ms step_avg:266.58ms
step:2526/5100 train_loss:deferred train_time:670701ms step_avg:266.57ms
step:2527/5100 train_loss:deferred train_time:670966ms step_avg:266.57ms
step:2528/5100 train_loss:deferred train_time:671228ms step_avg:266.57ms
step:2529/5100 train_loss:deferred train_time:671493ms step_avg:266.57ms
step:2530/5100 train_loss:deferred train_time:671756ms step_avg:266.57ms
step:2531/5100 train_loss:deferred train_time:672020ms step_avg:266.57ms
step:2532/5100 train_loss:deferred train_time:672283ms step_avg:266.57ms
step:2533/5100 train_loss:deferred train_time:672548ms step_avg:266.57ms
step:2534/5100 train_loss:deferred train_time:672813ms step_avg:266.57ms
step:2535/5100 train_loss:deferred train_time:673076ms step_avg:266.56ms
step:2536/5100 train_loss:deferred train_time:673339ms step_avg:266.56ms
step:2537/5100 train_loss:deferred train_time:673603ms step_avg:266.56ms
step:2538/5100 train_loss:deferred train_time:673867ms step_avg:266.56ms
step:2539/5100 train_loss:deferred train_time:674132ms step_avg:266.56ms
step:2540/5100 train_loss:deferred train_time:674396ms step_avg:266.56ms
step:2541/5100 train_loss:deferred train_time:674660ms step_avg:266.56ms
step:2542/5100 train_loss:deferred train_time:674925ms step_avg:266.56ms
step:2543/5100 train_loss:deferred train_time:675189ms step_avg:266.56ms
step:2544/5100 train_loss:deferred train_time:675452ms step_avg:266.56ms
step:2545/5100 train_loss:deferred train_time:675716ms step_avg:266.55ms
step:2546/5100 train_loss:deferred train_time:675981ms step_avg:266.55ms
step:2547/5100 train_loss:deferred train_time:676244ms step_avg:266.55ms
step:2548/5100 train_loss:deferred train_time:676507ms step_avg:266.55ms
step:2549/5100 train_loss:deferred train_time:676771ms step_avg:266.55ms
step:2550/5100 train_loss:deferred train_time:677035ms step_avg:266.55ms
step:2551/5100 train_loss:deferred train_time:677299ms step_avg:266.55ms
step:2552/5100 train_loss:deferred train_time:677563ms step_avg:266.55ms
step:2553/5100 train_loss:deferred train_time:677827ms step_avg:266.55ms
step:2554/5100 train_loss:deferred train_time:678093ms step_avg:266.55ms
step:2555/5100 train_loss:deferred train_time:678357ms step_avg:266.55ms
step:2556/5100 train_loss:deferred train_time:678620ms step_avg:266.54ms
step:2557/5100 train_loss:deferred train_time:678885ms step_avg:266.54ms
step:2558/5100 train_loss:deferred train_time:679150ms step_avg:266.54ms
step:2559/5100 train_loss:deferred train_time:679413ms step_avg:266.54ms
step:2560/5100 train_loss:deferred train_time:679675ms step_avg:266.54ms
step:2561/5100 train_loss:deferred train_time:679939ms step_avg:266.54ms
step:2562/5100 train_loss:deferred train_time:680203ms step_avg:266.54ms
step:2563/5100 train_loss:deferred train_time:680468ms step_avg:266.54ms
step:2564/5100 train_loss:deferred train_time:680735ms step_avg:266.54ms
step:2565/5100 train_loss:deferred train_time:680997ms step_avg:266.54ms
step:2566/5100 train_loss:deferred train_time:681263ms step_avg:266.53ms
step:2567/5100 train_loss:deferred train_time:681526ms step_avg:266.53ms
step:2568/5100 train_loss:deferred train_time:681789ms step_avg:266.53ms
step:2569/5100 train_loss:deferred train_time:682053ms step_avg:266.53ms
step:2570/5100 train_loss:deferred train_time:682316ms step_avg:266.53ms
step:2571/5100 train_loss:deferred train_time:682580ms step_avg:266.53ms
step:2572/5100 train_loss:deferred train_time:682843ms step_avg:266.53ms
step:2573/5100 train_loss:deferred train_time:683109ms step_avg:266.53ms
step:2574/5100 train_loss:deferred train_time:683372ms step_avg:266.53ms
step:2575/5100 train_loss:deferred train_time:683638ms step_avg:266.53ms
step:2576/5100 train_loss:deferred train_time:683901ms step_avg:266.52ms
step:2577/5100 train_loss:deferred train_time:684164ms step_avg:266.52ms
step:2578/5100 train_loss:deferred train_time:684430ms step_avg:266.52ms
step:2579/5100 train_loss:deferred train_time:684692ms step_avg:266.52ms
step:2580/5100 train_loss:deferred train_time:684955ms step_avg:266.52ms
step:2581/5100 train_loss:deferred train_time:685219ms step_avg:266.52ms
step:2582/5100 train_loss:deferred train_time:685483ms step_avg:266.52ms
step:2583/5100 train_loss:deferred train_time:685747ms step_avg:266.52ms
step:2584/5100 train_loss:deferred train_time:686013ms step_avg:266.52ms
step:2585/5100 train_loss:deferred train_time:686276ms step_avg:266.52ms
step:2586/5100 train_loss:deferred train_time:686540ms step_avg:266.51ms
step:2587/5100 train_loss:deferred train_time:686804ms step_avg:266.51ms
step:2588/5100 train_loss:deferred train_time:687068ms step_avg:266.51ms
step:2589/5100 train_loss:deferred train_time:687332ms step_avg:266.51ms
step:2590/5100 train_loss:deferred train_time:687596ms step_avg:266.51ms
step:2591/5100 train_loss:deferred train_time:687861ms step_avg:266.51ms
step:2592/5100 train_loss:deferred train_time:688125ms step_avg:266.51ms
step:2593/5100 train_loss:deferred train_time:688390ms step_avg:266.51ms
step:2594/5100 train_loss:deferred train_time:688653ms step_avg:266.51ms
step:2595/5100 train_loss:deferred train_time:688915ms step_avg:266.50ms
step:2596/5100 train_loss:deferred train_time:689179ms step_avg:266.50ms
step:2597/5100 train_loss:deferred train_time:689443ms step_avg:266.50ms
step:2598/5100 train_loss:deferred train_time:689707ms step_avg:266.50ms
step:2599/5100 train_loss:deferred train_time:689970ms step_avg:266.50ms
step:2600/5100 train_loss:deferred train_time:690235ms step_avg:266.50ms
step:2601/5100 train_loss:deferred train_time:690501ms step_avg:266.50ms
step:2602/5100 train_loss:deferred train_time:690764ms step_avg:266.50ms
step:2603/5100 train_loss:deferred train_time:691029ms step_avg:266.50ms
step:2604/5100 train_loss:deferred train_time:691293ms step_avg:266.50ms
step:2605/5100 train_loss:deferred train_time:691556ms step_avg:266.50ms
step:2606/5100 train_loss:deferred train_time:691820ms step_avg:266.49ms
step:2607/5100 train_loss:deferred train_time:692083ms step_avg:266.49ms
step:2608/5100 train_loss:deferred train_time:692345ms step_avg:266.49ms
step:2609/5100 train_loss:deferred train_time:692611ms step_avg:266.49ms
step:2610/5100 train_loss:deferred train_time:692875ms step_avg:266.49ms
step:2611/5100 train_loss:deferred train_time:693139ms step_avg:266.49ms
step:2612/5100 train_loss:deferred train_time:693406ms step_avg:266.49ms
step:2613/5100 train_loss:deferred train_time:693671ms step_avg:266.49ms
step:2614/5100 train_loss:deferred train_time:693935ms step_avg:266.49ms
step:2615/5100 train_loss:deferred train_time:694197ms step_avg:266.49ms
step:2616/5100 train_loss:deferred train_time:694461ms step_avg:266.49ms
step:2617/5100 train_loss:deferred train_time:694725ms step_avg:266.48ms
step:2618/5100 train_loss:deferred train_time:694989ms step_avg:266.48ms
step:2619/5100 train_loss:deferred train_time:695252ms step_avg:266.48ms
step:2620/5100 train_loss:deferred train_time:695517ms step_avg:266.48ms
step:2621/5100 train_loss:deferred train_time:695781ms step_avg:266.48ms
step:2622/5100 train_loss:deferred train_time:696045ms step_avg:266.48ms
step:2623/5100 train_loss:deferred train_time:696311ms step_avg:266.48ms
step:2624/5100 train_loss:deferred train_time:696572ms step_avg:266.48ms
step:2625/5100 train_loss:deferred train_time:696836ms step_avg:266.48ms
step:2625/5100 val_loss:3.4664 train_time:696999ms step_avg:266.54ms
step:2626/5100 train_loss:deferred train_time:697103ms step_avg:266.48ms
step:2627/5100 train_loss:deferred train_time:697365ms step_avg:266.47ms
step:2628/5100 train_loss:deferred train_time:697628ms step_avg:266.47ms
step:2629/5100 train_loss:deferred train_time:697894ms step_avg:266.47ms
step:2630/5100 train_loss:deferred train_time:698157ms step_avg:266.47ms
step:2631/5100 train_loss:deferred train_time:698421ms step_avg:266.47ms
step:2632/5100 train_loss:deferred train_time:698683ms step_avg:266.47ms
step:2633/5100 train_loss:deferred train_time:698946ms step_avg:266.47ms
step:2634/5100 train_loss:deferred train_time:699210ms step_avg:266.47ms
step:2635/5100 train_loss:deferred train_time:699474ms step_avg:266.47ms
step:2636/5100 train_loss:deferred train_time:699739ms step_avg:266.47ms
step:2637/5100 train_loss:deferred train_time:700002ms step_avg:266.46ms
step:2638/5100 train_loss:deferred train_time:700267ms step_avg:266.46ms
step:2639/5100 train_loss:deferred train_time:700531ms step_avg:266.46ms
step:2640/5100 train_loss:deferred train_time:700794ms step_avg:266.46ms
step:2641/5100 train_loss:deferred train_time:701057ms step_avg:266.46ms
step:2642/5100 train_loss:deferred train_time:701325ms step_avg:266.46ms
step:2643/5100 train_loss:deferred train_time:701587ms step_avg:266.46ms
step:2644/5100 train_loss:deferred train_time:701852ms step_avg:266.46ms
step:2645/5100 train_loss:deferred train_time:702113ms step_avg:266.46ms
step:2646/5100 train_loss:deferred train_time:702377ms step_avg:266.46ms
step:2647/5100 train_loss:deferred train_time:702740ms step_avg:266.49ms
step:2648/5100 train_loss:deferred train_time:703002ms step_avg:266.49ms
step:2649/5100 train_loss:deferred train_time:703265ms step_avg:266.49ms
step:2650/5100 train_loss:deferred train_time:703530ms step_avg:266.49ms
step:2651/5100 train_loss:deferred train_time:703795ms step_avg:266.49ms
step:2652/5100 train_loss:deferred train_time:704058ms step_avg:266.49ms
step:2653/5100 train_loss:deferred train_time:704323ms step_avg:266.49ms
step:2654/5100 train_loss:deferred train_time:704586ms step_avg:266.48ms
step:2655/5100 train_loss:deferred train_time:704848ms step_avg:266.48ms
step:2656/5100 train_loss:deferred train_time:705113ms step_avg:266.48ms
step:2657/5100 train_loss:deferred train_time:705377ms step_avg:266.48ms
step:2658/5100 train_loss:deferred train_time:705641ms step_avg:266.48ms
step:2659/5100 train_loss:deferred train_time:705905ms step_avg:266.48ms
step:2660/5100 train_loss:deferred train_time:706265ms step_avg:266.52ms
step:2661/5100 train_loss:deferred train_time:706782ms step_avg:266.61ms
step:2662/5100 train_loss:deferred train_time:707046ms step_avg:266.61ms
step:2663/5100 train_loss:deferred train_time:707311ms step_avg:266.61ms
step:2664/5100 train_loss:deferred train_time:707574ms step_avg:266.61ms
step:2665/5100 train_loss:deferred train_time:707838ms step_avg:266.61ms
step:2666/5100 train_loss:deferred train_time:708103ms step_avg:266.61ms
step:2667/5100 train_loss:deferred train_time:708367ms step_avg:266.60ms
step:2668/5100 train_loss:deferred train_time:708632ms step_avg:266.60ms
step:2669/5100 train_loss:deferred train_time:708896ms step_avg:266.60ms
step:2670/5100 train_loss:deferred train_time:709160ms step_avg:266.60ms
step:2671/5100 train_loss:deferred train_time:709423ms step_avg:266.60ms
step:2672/5100 train_loss:deferred train_time:709685ms step_avg:266.60ms
step:2673/5100 train_loss:deferred train_time:709951ms step_avg:266.60ms
step:2674/5100 train_loss:deferred train_time:710214ms step_avg:266.60ms
step:2675/5100 train_loss:deferred train_time:710478ms step_avg:266.60ms
step:2676/5100 train_loss:deferred train_time:710743ms step_avg:266.60ms
step:2677/5100 train_loss:deferred train_time:711008ms step_avg:266.59ms
step:2678/5100 train_loss:deferred train_time:711272ms step_avg:266.59ms
step:2679/5100 train_loss:deferred train_time:711535ms step_avg:266.59ms
step:2680/5100 train_loss:deferred train_time:711799ms step_avg:266.59ms
step:2681/5100 train_loss:deferred train_time:712063ms step_avg:266.59ms
step:2682/5100 train_loss:deferred train_time:712327ms step_avg:266.59ms
step:2683/5100 train_loss:deferred train_time:712591ms step_avg:266.59ms
step:2684/5100 train_loss:deferred train_time:712856ms step_avg:266.59ms
step:2685/5100 train_loss:deferred train_time:713120ms step_avg:266.59ms
step:2686/5100 train_loss:deferred train_time:713384ms step_avg:266.59ms
step:2687/5100 train_loss:deferred train_time:713648ms step_avg:266.58ms
step:2688/5100 train_loss:deferred train_time:713912ms step_avg:266.58ms
step:2689/5100 train_loss:deferred train_time:714176ms step_avg:266.58ms
step:2690/5100 train_loss:deferred train_time:714440ms step_avg:266.58ms
step:2691/5100 train_loss:deferred train_time:714704ms step_avg:266.58ms
step:2692/5100 train_loss:deferred train_time:714967ms step_avg:266.58ms
step:2693/5100 train_loss:deferred train_time:715231ms step_avg:266.58ms
step:2694/5100 train_loss:deferred train_time:715496ms step_avg:266.58ms
step:2695/5100 train_loss:deferred train_time:715759ms step_avg:266.58ms
step:2696/5100 train_loss:deferred train_time:716022ms step_avg:266.58ms
step:2697/5100 train_loss:deferred train_time:716287ms step_avg:266.57ms
step:2698/5100 train_loss:deferred train_time:716551ms step_avg:266.57ms
step:2699/5100 train_loss:deferred train_time:716815ms step_avg:266.57ms
step:2700/5100 train_loss:deferred train_time:717078ms step_avg:266.57ms
step:2701/5100 train_loss:deferred train_time:717342ms step_avg:266.57ms
step:2702/5100 train_loss:deferred train_time:717607ms step_avg:266.57ms
step:2703/5100 train_loss:deferred train_time:717870ms step_avg:266.57ms
step:2704/5100 train_loss:deferred train_time:718133ms step_avg:266.57ms
step:2705/5100 train_loss:deferred train_time:718397ms step_avg:266.57ms
step:2706/5100 train_loss:deferred train_time:718661ms step_avg:266.57ms
step:2707/5100 train_loss:deferred train_time:718927ms step_avg:266.57ms
step:2708/5100 train_loss:deferred train_time:719191ms step_avg:266.56ms
step:2709/5100 train_loss:deferred train_time:719457ms step_avg:266.56ms
step:2710/5100 train_loss:deferred train_time:719720ms step_avg:266.56ms
step:2711/5100 train_loss:deferred train_time:719984ms step_avg:266.56ms
step:2712/5100 train_loss:deferred train_time:720247ms step_avg:266.56ms
step:2713/5100 train_loss:deferred train_time:720512ms step_avg:266.56ms
step:2714/5100 train_loss:deferred train_time:720776ms step_avg:266.56ms
step:2715/5100 train_loss:deferred train_time:721040ms step_avg:266.56ms
step:2716/5100 train_loss:deferred train_time:721305ms step_avg:266.56ms
step:2717/5100 train_loss:deferred train_time:721569ms step_avg:266.56ms
step:2718/5100 train_loss:deferred train_time:721832ms step_avg:266.56ms
step:2719/5100 train_loss:deferred train_time:722096ms step_avg:266.55ms
step:2720/5100 train_loss:deferred train_time:722359ms step_avg:266.55ms
step:2721/5100 train_loss:deferred train_time:722623ms step_avg:266.55ms
step:2722/5100 train_loss:deferred train_time:722887ms step_avg:266.55ms
step:2723/5100 train_loss:deferred train_time:723151ms step_avg:266.55ms
step:2724/5100 train_loss:deferred train_time:723414ms step_avg:266.55ms
step:2725/5100 train_loss:deferred train_time:723680ms step_avg:266.55ms
step:2726/5100 train_loss:deferred train_time:723943ms step_avg:266.55ms
step:2727/5100 train_loss:deferred train_time:724208ms step_avg:266.55ms
step:2728/5100 train_loss:deferred train_time:724471ms step_avg:266.55ms
step:2729/5100 train_loss:deferred train_time:724736ms step_avg:266.55ms
step:2730/5100 train_loss:deferred train_time:724999ms step_avg:266.54ms
step:2731/5100 train_loss:deferred train_time:725263ms step_avg:266.54ms
step:2732/5100 train_loss:deferred train_time:725527ms step_avg:266.54ms
step:2733/5100 train_loss:deferred train_time:725790ms step_avg:266.54ms
step:2734/5100 train_loss:deferred train_time:726054ms step_avg:266.54ms
step:2735/5100 train_loss:deferred train_time:726318ms step_avg:266.54ms
step:2736/5100 train_loss:deferred train_time:726581ms step_avg:266.54ms
step:2737/5100 train_loss:deferred train_time:726845ms step_avg:266.54ms
step:2738/5100 train_loss:deferred train_time:727108ms step_avg:266.54ms
step:2739/5100 train_loss:deferred train_time:727373ms step_avg:266.53ms
step:2740/5100 train_loss:deferred train_time:727638ms step_avg:266.53ms
step:2741/5100 train_loss:deferred train_time:727902ms step_avg:266.53ms
step:2742/5100 train_loss:deferred train_time:728165ms step_avg:266.53ms
step:2743/5100 train_loss:deferred train_time:728429ms step_avg:266.53ms
step:2744/5100 train_loss:deferred train_time:728694ms step_avg:266.53ms
step:2745/5100 train_loss:deferred train_time:728957ms step_avg:266.53ms
step:2746/5100 train_loss:deferred train_time:729221ms step_avg:266.53ms
step:2747/5100 train_loss:deferred train_time:729485ms step_avg:266.53ms
step:2748/5100 train_loss:deferred train_time:729749ms step_avg:266.53ms
step:2749/5100 train_loss:deferred train_time:730013ms step_avg:266.53ms
step:2750/5100 train_loss:deferred train_time:730277ms step_avg:266.52ms
step:2750/5100 val_loss:3.4598 train_time:730440ms step_avg:266.58ms
step:2751/5100 train_loss:deferred train_time:730544ms step_avg:266.52ms
step:2752/5100 train_loss:deferred train_time:730807ms step_avg:266.52ms
step:2753/5100 train_loss:deferred train_time:731070ms step_avg:266.52ms
step:2754/5100 train_loss:deferred train_time:731334ms step_avg:266.52ms
step:2755/5100 train_loss:deferred train_time:731597ms step_avg:266.52ms
step:2756/5100 train_loss:deferred train_time:731861ms step_avg:266.52ms
step:2757/5100 train_loss:deferred train_time:732124ms step_avg:266.52ms
step:2758/5100 train_loss:deferred train_time:732388ms step_avg:266.52ms
step:2759/5100 train_loss:deferred train_time:732653ms step_avg:266.52ms
step:2760/5100 train_loss:deferred train_time:732917ms step_avg:266.52ms
step:2761/5100 train_loss:deferred train_time:733182ms step_avg:266.51ms
step:2762/5100 train_loss:deferred train_time:733446ms step_avg:266.51ms
step:2763/5100 train_loss:deferred train_time:733710ms step_avg:266.51ms
step:2764/5100 train_loss:deferred train_time:733974ms step_avg:266.51ms
step:2765/5100 train_loss:deferred train_time:734239ms step_avg:266.51ms
step:2766/5100 train_loss:deferred train_time:734502ms step_avg:266.51ms
step:2767/5100 train_loss:deferred train_time:734767ms step_avg:266.51ms
step:2768/5100 train_loss:deferred train_time:735030ms step_avg:266.51ms
step:2769/5100 train_loss:deferred train_time:735295ms step_avg:266.51ms
step:2770/5100 train_loss:deferred train_time:735560ms step_avg:266.51ms
step:2771/5100 train_loss:deferred train_time:735824ms step_avg:266.51ms
step:2772/5100 train_loss:deferred train_time:736088ms step_avg:266.51ms
step:2773/5100 train_loss:deferred train_time:736352ms step_avg:266.50ms
step:2774/5100 train_loss:deferred train_time:736614ms step_avg:266.50ms
step:2775/5100 train_loss:deferred train_time:736879ms step_avg:266.50ms
step:2776/5100 train_loss:deferred train_time:737143ms step_avg:266.50ms
step:2777/5100 train_loss:deferred train_time:737406ms step_avg:266.50ms
step:2778/5100 train_loss:deferred train_time:737670ms step_avg:266.50ms
step:2779/5100 train_loss:deferred train_time:737934ms step_avg:266.50ms
step:2780/5100 train_loss:deferred train_time:738198ms step_avg:266.50ms
step:2781/5100 train_loss:deferred train_time:738464ms step_avg:266.50ms
step:2782/5100 train_loss:deferred train_time:738726ms step_avg:266.50ms
step:2783/5100 train_loss:deferred train_time:738992ms step_avg:266.50ms
step:2784/5100 train_loss:deferred train_time:739256ms step_avg:266.49ms
step:2785/5100 train_loss:deferred train_time:739519ms step_avg:266.49ms
step:2786/5100 train_loss:deferred train_time:739782ms step_avg:266.49ms
step:2787/5100 train_loss:deferred train_time:740045ms step_avg:266.49ms
step:2788/5100 train_loss:deferred train_time:740310ms step_avg:266.49ms
step:2789/5100 train_loss:deferred train_time:740574ms step_avg:266.49ms
step:2790/5100 train_loss:deferred train_time:740838ms step_avg:266.49ms
step:2791/5100 train_loss:deferred train_time:741102ms step_avg:266.49ms
step:2792/5100 train_loss:deferred train_time:741365ms step_avg:266.49ms
step:2793/5100 train_loss:deferred train_time:741629ms step_avg:266.49ms
step:2794/5100 train_loss:deferred train_time:741893ms step_avg:266.48ms
step:2795/5100 train_loss:deferred train_time:742158ms step_avg:266.48ms
step:2796/5100 train_loss:deferred train_time:742423ms step_avg:266.48ms
step:2797/5100 train_loss:deferred train_time:742687ms step_avg:266.48ms
step:2798/5100 train_loss:deferred train_time:742951ms step_avg:266.48ms
step:2799/5100 train_loss:deferred train_time:743215ms step_avg:266.48ms
step:2800/5100 train_loss:deferred train_time:743478ms step_avg:266.48ms
step:2801/5100 train_loss:deferred train_time:743743ms step_avg:266.48ms
step:2802/5100 train_loss:deferred train_time:744006ms step_avg:266.48ms
step:2803/5100 train_loss:deferred train_time:744270ms step_avg:266.48ms
step:2804/5100 train_loss:deferred train_time:744534ms step_avg:266.48ms
step:2805/5100 train_loss:deferred train_time:744798ms step_avg:266.48ms
step:2806/5100 train_loss:deferred train_time:745062ms step_avg:266.47ms
step:2807/5100 train_loss:deferred train_time:745324ms step_avg:266.47ms
step:2808/5100 train_loss:deferred train_time:745589ms step_avg:266.47ms
step:2809/5100 train_loss:deferred train_time:745854ms step_avg:266.47ms
step:2810/5100 train_loss:deferred train_time:746119ms step_avg:266.47ms
step:2811/5100 train_loss:deferred train_time:746381ms step_avg:266.47ms
step:2812/5100 train_loss:deferred train_time:746646ms step_avg:266.47ms
step:2813/5100 train_loss:deferred train_time:746909ms step_avg:266.47ms
step:2814/5100 train_loss:deferred train_time:747174ms step_avg:266.47ms
step:2815/5100 train_loss:deferred train_time:747439ms step_avg:266.47ms
step:2816/5100 train_loss:deferred train_time:747702ms step_avg:266.47ms
step:2817/5100 train_loss:deferred train_time:747966ms step_avg:266.46ms
step:2818/5100 train_loss:deferred train_time:748230ms step_avg:266.46ms
step:2819/5100 train_loss:deferred train_time:748494ms step_avg:266.46ms
step:2820/5100 train_loss:deferred train_time:748758ms step_avg:266.46ms
step:2821/5100 train_loss:deferred train_time:749022ms step_avg:266.46ms
step:2822/5100 train_loss:deferred train_time:749286ms step_avg:266.46ms
step:2823/5100 train_loss:deferred train_time:749550ms step_avg:266.46ms
step:2824/5100 train_loss:deferred train_time:749813ms step_avg:266.46ms
step:2825/5100 train_loss:deferred train_time:750078ms step_avg:266.46ms
step:2826/5100 train_loss:deferred train_time:750341ms step_avg:266.46ms
step:2827/5100 train_loss:deferred train_time:750606ms step_avg:266.46ms
step:2828/5100 train_loss:deferred train_time:750872ms step_avg:266.46ms
step:2829/5100 train_loss:deferred train_time:751136ms step_avg:266.45ms
step:2830/5100 train_loss:deferred train_time:751398ms step_avg:266.45ms
step:2831/5100 train_loss:deferred train_time:751662ms step_avg:266.45ms
step:2832/5100 train_loss:deferred train_time:751926ms step_avg:266.45ms
step:2833/5100 train_loss:deferred train_time:752190ms step_avg:266.45ms
step:2834/5100 train_loss:deferred train_time:752454ms step_avg:266.45ms
step:2835/5100 train_loss:deferred train_time:752718ms step_avg:266.45ms
step:2836/5100 train_loss:deferred train_time:753128ms step_avg:266.50ms
step:2837/5100 train_loss:deferred train_time:753389ms step_avg:266.50ms
step:2838/5100 train_loss:deferred train_time:753653ms step_avg:266.50ms
step:2839/5100 train_loss:deferred train_time:753919ms step_avg:266.50ms
step:2840/5100 train_loss:deferred train_time:754184ms step_avg:266.50ms
step:2841/5100 train_loss:deferred train_time:754449ms step_avg:266.50ms
step:2842/5100 train_loss:deferred train_time:754712ms step_avg:266.49ms
step:2843/5100 train_loss:deferred train_time:754975ms step_avg:266.49ms
step:2844/5100 train_loss:deferred train_time:755240ms step_avg:266.49ms
step:2845/5100 train_loss:deferred train_time:755503ms step_avg:266.49ms
step:2846/5100 train_loss:deferred train_time:755766ms step_avg:266.49ms
step:2847/5100 train_loss:deferred train_time:756031ms step_avg:266.49ms
step:2848/5100 train_loss:deferred train_time:756296ms step_avg:266.49ms
step:2849/5100 train_loss:deferred train_time:756561ms step_avg:266.49ms
step:2850/5100 train_loss:deferred train_time:756912ms step_avg:266.52ms
step:2851/5100 train_loss:deferred train_time:757433ms step_avg:266.61ms
step:2852/5100 train_loss:deferred train_time:757696ms step_avg:266.61ms
step:2853/5100 train_loss:deferred train_time:757960ms step_avg:266.61ms
step:2854/5100 train_loss:deferred train_time:758223ms step_avg:266.60ms
step:2855/5100 train_loss:deferred train_time:758488ms step_avg:266.60ms
step:2856/5100 train_loss:deferred train_time:758751ms step_avg:266.60ms
step:2857/5100 train_loss:deferred train_time:759017ms step_avg:266.60ms
step:2858/5100 train_loss:deferred train_time:759282ms step_avg:266.60ms
step:2859/5100 train_loss:deferred train_time:759546ms step_avg:266.60ms
step:2860/5100 train_loss:deferred train_time:759811ms step_avg:266.60ms
step:2861/5100 train_loss:deferred train_time:760074ms step_avg:266.60ms
step:2862/5100 train_loss:deferred train_time:760337ms step_avg:266.60ms
step:2863/5100 train_loss:deferred train_time:760601ms step_avg:266.60ms
step:2864/5100 train_loss:deferred train_time:760864ms step_avg:266.60ms
step:2865/5100 train_loss:deferred train_time:761129ms step_avg:266.60ms
step:2866/5100 train_loss:deferred train_time:761393ms step_avg:266.59ms
step:2867/5100 train_loss:deferred train_time:761657ms step_avg:266.59ms
step:2868/5100 train_loss:deferred train_time:761921ms step_avg:266.59ms
step:2869/5100 train_loss:deferred train_time:762186ms step_avg:266.59ms
step:2870/5100 train_loss:deferred train_time:762450ms step_avg:266.59ms
step:2871/5100 train_loss:deferred train_time:762714ms step_avg:266.59ms
step:2872/5100 train_loss:deferred train_time:762978ms step_avg:266.59ms
step:2873/5100 train_loss:deferred train_time:763241ms step_avg:266.59ms
step:2874/5100 train_loss:deferred train_time:763505ms step_avg:266.59ms
step:2875/5100 train_loss:deferred train_time:763770ms step_avg:266.59ms
step:2875/5100 val_loss:3.4531 train_time:763931ms step_avg:266.64ms
step:2876/5100 train_loss:deferred train_time:764035ms step_avg:266.59ms
step:2877/5100 train_loss:deferred train_time:764298ms step_avg:266.58ms
step:2878/5100 train_loss:deferred train_time:764562ms step_avg:266.58ms
step:2879/5100 train_loss:deferred train_time:764826ms step_avg:266.58ms
step:2880/5100 train_loss:deferred train_time:765090ms step_avg:266.58ms
step:2881/5100 train_loss:deferred train_time:765354ms step_avg:266.58ms
step:2882/5100 train_loss:deferred train_time:765618ms step_avg:266.58ms
step:2883/5100 train_loss:deferred train_time:765882ms step_avg:266.58ms
step:2884/5100 train_loss:deferred train_time:766146ms step_avg:266.58ms
step:2885/5100 train_loss:deferred train_time:766411ms step_avg:266.58ms
step:2886/5100 train_loss:deferred train_time:766674ms step_avg:266.58ms
step:2887/5100 train_loss:deferred train_time:766938ms step_avg:266.58ms
step:2888/5100 train_loss:deferred train_time:767204ms step_avg:266.58ms
step:2889/5100 train_loss:deferred train_time:767468ms step_avg:266.57ms
step:2890/5100 train_loss:deferred train_time:767734ms step_avg:266.57ms
step:2891/5100 train_loss:deferred train_time:767996ms step_avg:266.57ms
step:2892/5100 train_loss:deferred train_time:768260ms step_avg:266.57ms
step:2893/5100 train_loss:deferred train_time:768524ms step_avg:266.57ms
step:2894/5100 train_loss:deferred train_time:768788ms step_avg:266.57ms
step:2895/5100 train_loss:deferred train_time:769052ms step_avg:266.57ms
step:2896/5100 train_loss:deferred train_time:769316ms step_avg:266.57ms
step:2897/5100 train_loss:deferred train_time:769580ms step_avg:266.57ms
step:2898/5100 train_loss:deferred train_time:769843ms step_avg:266.57ms
step:2899/5100 train_loss:deferred train_time:770108ms step_avg:266.57ms
step:2900/5100 train_loss:deferred train_time:770370ms step_avg:266.56ms
step:2901/5100 train_loss:deferred train_time:770635ms step_avg:266.56ms
step:2902/5100 train_loss:deferred train_time:770899ms step_avg:266.56ms
step:2903/5100 train_loss:deferred train_time:771162ms step_avg:266.56ms
step:2904/5100 train_loss:deferred train_time:771428ms step_avg:266.56ms
step:2905/5100 train_loss:deferred train_time:771693ms step_avg:266.56ms
step:2906/5100 train_loss:deferred train_time:771957ms step_avg:266.56ms
step:2907/5100 train_loss:deferred train_time:772222ms step_avg:266.56ms
step:2908/5100 train_loss:deferred train_time:772486ms step_avg:266.56ms
step:2909/5100 train_loss:deferred train_time:772748ms step_avg:266.56ms
step:2910/5100 train_loss:deferred train_time:773011ms step_avg:266.56ms
step:2911/5100 train_loss:deferred train_time:773276ms step_avg:266.55ms
step:2912/5100 train_loss:deferred train_time:773539ms step_avg:266.55ms
step:2913/5100 train_loss:deferred train_time:773803ms step_avg:266.55ms
step:2914/5100 train_loss:deferred train_time:774067ms step_avg:266.55ms
step:2915/5100 train_loss:deferred train_time:774330ms step_avg:266.55ms
step:2916/5100 train_loss:deferred train_time:774595ms step_avg:266.55ms
step:2917/5100 train_loss:deferred train_time:774859ms step_avg:266.55ms
step:2918/5100 train_loss:deferred train_time:775122ms step_avg:266.55ms
step:2919/5100 train_loss:deferred train_time:775386ms step_avg:266.55ms
step:2920/5100 train_loss:deferred train_time:775651ms step_avg:266.55ms
step:2921/5100 train_loss:deferred train_time:775915ms step_avg:266.55ms
step:2922/5100 train_loss:deferred train_time:776178ms step_avg:266.54ms
step:2923/5100 train_loss:deferred train_time:776442ms step_avg:266.54ms
step:2924/5100 train_loss:deferred train_time:776707ms step_avg:266.54ms
step:2925/5100 train_loss:deferred train_time:776970ms step_avg:266.54ms
step:2926/5100 train_loss:deferred train_time:777234ms step_avg:266.54ms
step:2927/5100 train_loss:deferred train_time:777499ms step_avg:266.54ms
step:2928/5100 train_loss:deferred train_time:777764ms step_avg:266.54ms
step:2929/5100 train_loss:deferred train_time:778027ms step_avg:266.54ms
step:2930/5100 train_loss:deferred train_time:778292ms step_avg:266.54ms
step:2931/5100 train_loss:deferred train_time:778556ms step_avg:266.54ms
step:2932/5100 train_loss:deferred train_time:778821ms step_avg:266.54ms
step:2933/5100 train_loss:deferred train_time:779085ms step_avg:266.54ms
step:2934/5100 train_loss:deferred train_time:779348ms step_avg:266.53ms
step:2935/5100 train_loss:deferred train_time:779613ms step_avg:266.53ms
step:2936/5100 train_loss:deferred train_time:779877ms step_avg:266.53ms
step:2937/5100 train_loss:deferred train_time:780140ms step_avg:266.53ms
step:2938/5100 train_loss:deferred train_time:780404ms step_avg:266.53ms
step:2939/5100 train_loss:deferred train_time:780667ms step_avg:266.53ms
step:2940/5100 train_loss:deferred train_time:780932ms step_avg:266.53ms
step:2941/5100 train_loss:deferred train_time:781194ms step_avg:266.53ms
step:2942/5100 train_loss:deferred train_time:781459ms step_avg:266.53ms
step:2943/5100 train_loss:deferred train_time:781723ms step_avg:266.53ms
step:2944/5100 train_loss:deferred train_time:781987ms step_avg:266.53ms
step:2945/5100 train_loss:deferred train_time:782251ms step_avg:266.52ms
step:2946/5100 train_loss:deferred train_time:782515ms step_avg:266.52ms
step:2947/5100 train_loss:deferred train_time:782779ms step_avg:266.52ms
step:2948/5100 train_loss:deferred train_time:783043ms step_avg:266.52ms
step:2949/5100 train_loss:deferred train_time:783307ms step_avg:266.52ms
step:2950/5100 train_loss:deferred train_time:783572ms step_avg:266.52ms
step:2951/5100 train_loss:deferred train_time:783835ms step_avg:266.52ms
step:2952/5100 train_loss:deferred train_time:784099ms step_avg:266.52ms
step:2953/5100 train_loss:deferred train_time:784362ms step_avg:266.52ms
step:2954/5100 train_loss:deferred train_time:784625ms step_avg:266.52ms
step:2955/5100 train_loss:deferred train_time:784889ms step_avg:266.52ms
step:2956/5100 train_loss:deferred train_time:785154ms step_avg:266.52ms
step:2957/5100 train_loss:deferred train_time:785422ms step_avg:266.52ms
step:2958/5100 train_loss:deferred train_time:785683ms step_avg:266.51ms
step:2959/5100 train_loss:deferred train_time:785948ms step_avg:266.51ms
step:2960/5100 train_loss:deferred train_time:786212ms step_avg:266.51ms
step:2961/5100 train_loss:deferred train_time:786478ms step_avg:266.51ms
step:2962/5100 train_loss:deferred train_time:786742ms step_avg:266.51ms
step:2963/5100 train_loss:deferred train_time:787005ms step_avg:266.51ms
step:2964/5100 train_loss:deferred train_time:787269ms step_avg:266.51ms
step:2965/5100 train_loss:deferred train_time:787533ms step_avg:266.51ms
step:2966/5100 train_loss:deferred train_time:787798ms step_avg:266.51ms
step:2967/5100 train_loss:deferred train_time:788060ms step_avg:266.51ms
step:2968/5100 train_loss:deferred train_time:788324ms step_avg:266.51ms
step:2969/5100 train_loss:deferred train_time:788588ms step_avg:266.50ms
step:2970/5100 train_loss:deferred train_time:788851ms step_avg:266.50ms
step:2971/5100 train_loss:deferred train_time:789115ms step_avg:266.50ms
step:2972/5100 train_loss:deferred train_time:789379ms step_avg:266.50ms
step:2973/5100 train_loss:deferred train_time:789642ms step_avg:266.50ms
step:2974/5100 train_loss:deferred train_time:789906ms step_avg:266.50ms
step:2975/5100 train_loss:deferred train_time:790173ms step_avg:266.50ms
step:2976/5100 train_loss:deferred train_time:790437ms step_avg:266.50ms
step:2977/5100 train_loss:deferred train_time:790700ms step_avg:266.50ms
step:2978/5100 train_loss:deferred train_time:790965ms step_avg:266.50ms
step:2979/5100 train_loss:deferred train_time:791229ms step_avg:266.50ms
step:2980/5100 train_loss:deferred train_time:791495ms step_avg:266.50ms
step:2981/5100 train_loss:deferred train_time:791757ms step_avg:266.50ms
step:2982/5100 train_loss:deferred train_time:792021ms step_avg:266.49ms
step:2983/5100 train_loss:deferred train_time:792285ms step_avg:266.49ms
step:2984/5100 train_loss:deferred train_time:792549ms step_avg:266.49ms
step:2985/5100 train_loss:deferred train_time:792812ms step_avg:266.49ms
step:2986/5100 train_loss:deferred train_time:793074ms step_avg:266.49ms
step:2987/5100 train_loss:deferred train_time:793338ms step_avg:266.49ms
step:2988/5100 train_loss:deferred train_time:793603ms step_avg:266.49ms
step:2989/5100 train_loss:deferred train_time:793867ms step_avg:266.49ms
step:2990/5100 train_loss:deferred train_time:794132ms step_avg:266.49ms
step:2991/5100 train_loss:deferred train_time:794396ms step_avg:266.49ms
step:2992/5100 train_loss:deferred train_time:794660ms step_avg:266.49ms
step:2993/5100 train_loss:deferred train_time:794924ms step_avg:266.48ms
step:2994/5100 train_loss:deferred train_time:795187ms step_avg:266.48ms
step:2995/5100 train_loss:deferred train_time:795452ms step_avg:266.48ms
step:2996/5100 train_loss:deferred train_time:795716ms step_avg:266.48ms
step:2997/5100 train_loss:deferred train_time:795980ms step_avg:266.48ms
step:2998/5100 train_loss:deferred train_time:796243ms step_avg:266.48ms
step:2999/5100 train_loss:deferred train_time:796508ms step_avg:266.48ms
step:3000/5100 train_loss:deferred train_time:796772ms step_avg:266.48ms
step:3000/5100 val_loss:3.4457 train_time:796931ms step_avg:266.53ms
step:3001/5100 train_loss:deferred train_time:797035ms step_avg:266.48ms
step:3002/5100 train_loss:deferred train_time:797298ms step_avg:266.48ms
step:3003/5100 train_loss:deferred train_time:797563ms step_avg:266.48ms
step:3004/5100 train_loss:deferred train_time:797827ms step_avg:266.48ms
step:3005/5100 train_loss:deferred train_time:798090ms step_avg:266.47ms
step:3006/5100 train_loss:deferred train_time:798352ms step_avg:266.47ms
step:3007/5100 train_loss:deferred train_time:798616ms step_avg:266.47ms
step:3008/5100 train_loss:deferred train_time:798881ms step_avg:266.47ms
step:3009/5100 train_loss:deferred train_time:799145ms step_avg:266.47ms
step:3010/5100 train_loss:deferred train_time:799408ms step_avg:266.47ms
step:3011/5100 train_loss:deferred train_time:799673ms step_avg:266.47ms
step:3012/5100 train_loss:deferred train_time:799937ms step_avg:266.47ms
step:3013/5100 train_loss:deferred train_time:800199ms step_avg:266.47ms
step:3014/5100 train_loss:deferred train_time:800463ms step_avg:266.47ms
step:3015/5100 train_loss:deferred train_time:800727ms step_avg:266.47ms
step:3016/5100 train_loss:deferred train_time:800992ms step_avg:266.46ms
step:3017/5100 train_loss:deferred train_time:801258ms step_avg:266.46ms
step:3018/5100 train_loss:deferred train_time:801521ms step_avg:266.46ms
step:3019/5100 train_loss:deferred train_time:801784ms step_avg:266.46ms
step:3020/5100 train_loss:deferred train_time:802046ms step_avg:266.46ms
step:3021/5100 train_loss:deferred train_time:802313ms step_avg:266.46ms
step:3022/5100 train_loss:deferred train_time:802576ms step_avg:266.46ms
step:3023/5100 train_loss:deferred train_time:802840ms step_avg:266.46ms
step:3024/5100 train_loss:deferred train_time:803103ms step_avg:266.46ms
step:3025/5100 train_loss:deferred train_time:803708ms step_avg:266.57ms
step:3026/5100 train_loss:deferred train_time:803970ms step_avg:266.57ms
step:3027/5100 train_loss:deferred train_time:804233ms step_avg:266.57ms
step:3028/5100 train_loss:deferred train_time:804499ms step_avg:266.57ms
step:3029/5100 train_loss:deferred train_time:804762ms step_avg:266.57ms
step:3030/5100 train_loss:deferred train_time:805026ms step_avg:266.56ms
step:3031/5100 train_loss:deferred train_time:805293ms step_avg:266.57ms
step:3032/5100 train_loss:deferred train_time:805557ms step_avg:266.56ms
step:3033/5100 train_loss:deferred train_time:805820ms step_avg:266.56ms
step:3034/5100 train_loss:deferred train_time:806079ms step_avg:266.56ms
step:3035/5100 train_loss:deferred train_time:806346ms step_avg:266.56ms
step:3036/5100 train_loss:deferred train_time:806610ms step_avg:266.56ms
step:3037/5100 train_loss:deferred train_time:806872ms step_avg:266.56ms
step:3038/5100 train_loss:deferred train_time:807136ms step_avg:266.56ms
step:3039/5100 train_loss:deferred train_time:807401ms step_avg:266.56ms
step:3040/5100 train_loss:deferred train_time:807785ms step_avg:266.60ms
step:3041/5100 train_loss:deferred train_time:808307ms step_avg:266.68ms
step:3042/5100 train_loss:deferred train_time:808571ms step_avg:266.68ms
step:3043/5100 train_loss:deferred train_time:808833ms step_avg:266.68ms
step:3044/5100 train_loss:deferred train_time:809097ms step_avg:266.68ms
step:3045/5100 train_loss:deferred train_time:809361ms step_avg:266.68ms
step:3046/5100 train_loss:deferred train_time:809624ms step_avg:266.67ms
step:3047/5100 train_loss:deferred train_time:809887ms step_avg:266.67ms
step:3048/5100 train_loss:deferred train_time:810152ms step_avg:266.67ms
step:3049/5100 train_loss:deferred train_time:810416ms step_avg:266.67ms
step:3050/5100 train_loss:deferred train_time:810681ms step_avg:266.67ms
step:3051/5100 train_loss:deferred train_time:810944ms step_avg:266.67ms
step:3052/5100 train_loss:deferred train_time:811209ms step_avg:266.67ms
step:3053/5100 train_loss:deferred train_time:811474ms step_avg:266.67ms
step:3054/5100 train_loss:deferred train_time:811739ms step_avg:266.67ms
step:3055/5100 train_loss:deferred train_time:812002ms step_avg:266.67ms
step:3056/5100 train_loss:deferred train_time:812266ms step_avg:266.67ms
step:3057/5100 train_loss:deferred train_time:812528ms step_avg:266.67ms
step:3058/5100 train_loss:deferred train_time:812792ms step_avg:266.66ms
step:3059/5100 train_loss:deferred train_time:813057ms step_avg:266.66ms
step:3060/5100 train_loss:deferred train_time:813322ms step_avg:266.66ms
step:3061/5100 train_loss:deferred train_time:813585ms step_avg:266.66ms
step:3062/5100 train_loss:deferred train_time:813851ms step_avg:266.66ms
step:3063/5100 train_loss:deferred train_time:814115ms step_avg:266.66ms
step:3064/5100 train_loss:deferred train_time:814378ms step_avg:266.66ms
step:3065/5100 train_loss:deferred train_time:814641ms step_avg:266.66ms
step:3066/5100 train_loss:deferred train_time:814905ms step_avg:266.66ms
step:3067/5100 train_loss:deferred train_time:815169ms step_avg:266.66ms
step:3068/5100 train_loss:deferred train_time:815435ms step_avg:266.66ms
step:3069/5100 train_loss:deferred train_time:815697ms step_avg:266.65ms
step:3070/5100 train_loss:deferred train_time:815963ms step_avg:266.65ms
step:3071/5100 train_loss:deferred train_time:816225ms step_avg:266.65ms
step:3072/5100 train_loss:deferred train_time:816489ms step_avg:266.65ms
step:3073/5100 train_loss:deferred train_time:816752ms step_avg:266.65ms
step:3074/5100 train_loss:deferred train_time:817016ms step_avg:266.65ms
step:3075/5100 train_loss:deferred train_time:817282ms step_avg:266.65ms
step:3076/5100 train_loss:deferred train_time:817544ms step_avg:266.65ms
step:3077/5100 train_loss:deferred train_time:817808ms step_avg:266.65ms
step:3078/5100 train_loss:deferred train_time:818071ms step_avg:266.65ms
step:3079/5100 train_loss:deferred train_time:818334ms step_avg:266.65ms
step:3080/5100 train_loss:deferred train_time:818599ms step_avg:266.64ms
step:3081/5100 train_loss:deferred train_time:818864ms step_avg:266.64ms
step:3082/5100 train_loss:deferred train_time:819128ms step_avg:266.64ms
step:3083/5100 train_loss:deferred train_time:819391ms step_avg:266.64ms
step:3084/5100 train_loss:deferred train_time:819655ms step_avg:266.64ms
step:3085/5100 train_loss:deferred train_time:819919ms step_avg:266.64ms
step:3086/5100 train_loss:deferred train_time:820183ms step_avg:266.64ms
step:3087/5100 train_loss:deferred train_time:820447ms step_avg:266.64ms
step:3088/5100 train_loss:deferred train_time:820711ms step_avg:266.64ms
step:3089/5100 train_loss:deferred train_time:820974ms step_avg:266.64ms
step:3090/5100 train_loss:deferred train_time:821237ms step_avg:266.64ms
step:3091/5100 train_loss:deferred train_time:821502ms step_avg:266.63ms
step:3092/5100 train_loss:deferred train_time:821765ms step_avg:266.63ms
step:3093/5100 train_loss:deferred train_time:822030ms step_avg:266.63ms
step:3094/5100 train_loss:deferred train_time:822296ms step_avg:266.63ms
step:3095/5100 train_loss:deferred train_time:822559ms step_avg:266.63ms
step:3096/5100 train_loss:deferred train_time:822823ms step_avg:266.63ms
step:3097/5100 train_loss:deferred train_time:823088ms step_avg:266.63ms
step:3098/5100 train_loss:deferred train_time:823351ms step_avg:266.63ms
step:3099/5100 train_loss:deferred train_time:823614ms step_avg:266.63ms
step:3100/5100 train_loss:deferred train_time:823879ms step_avg:266.63ms
step:3101/5100 train_loss:deferred train_time:824143ms step_avg:266.63ms
step:3102/5100 train_loss:deferred train_time:824405ms step_avg:266.63ms
step:3103/5100 train_loss:deferred train_time:824670ms step_avg:266.62ms
step:3104/5100 train_loss:deferred train_time:824933ms step_avg:266.62ms
step:3105/5100 train_loss:deferred train_time:825198ms step_avg:266.62ms
step:3106/5100 train_loss:deferred train_time:825461ms step_avg:266.62ms
step:3107/5100 train_loss:deferred train_time:825725ms step_avg:266.62ms
step:3108/5100 train_loss:deferred train_time:825988ms step_avg:266.62ms
step:3109/5100 train_loss:deferred train_time:826252ms step_avg:266.62ms
step:3110/5100 train_loss:deferred train_time:826516ms step_avg:266.62ms
step:3111/5100 train_loss:deferred train_time:826780ms step_avg:266.62ms
step:3112/5100 train_loss:deferred train_time:827045ms step_avg:266.62ms
step:3113/5100 train_loss:deferred train_time:827310ms step_avg:266.62ms
step:3114/5100 train_loss:deferred train_time:827574ms step_avg:266.62ms
step:3115/5100 train_loss:deferred train_time:827837ms step_avg:266.61ms
step:3116/5100 train_loss:deferred train_time:828102ms step_avg:266.61ms
step:3117/5100 train_loss:deferred train_time:828366ms step_avg:266.61ms
step:3118/5100 train_loss:deferred train_time:828628ms step_avg:266.61ms
step:3119/5100 train_loss:deferred train_time:828893ms step_avg:266.61ms
step:3120/5100 train_loss:deferred train_time:829157ms step_avg:266.61ms
step:3121/5100 train_loss:deferred train_time:829420ms step_avg:266.61ms
step:3122/5100 train_loss:deferred train_time:829684ms step_avg:266.61ms
step:3123/5100 train_loss:deferred train_time:829948ms step_avg:266.61ms
step:3124/5100 train_loss:deferred train_time:830213ms step_avg:266.61ms
step:3125/5100 train_loss:deferred train_time:830476ms step_avg:266.61ms
step:3125/5100 val_loss:3.4380 train_time:830639ms step_avg:266.66ms
step:3126/5100 train_loss:deferred train_time:830741ms step_avg:266.60ms
step:3127/5100 train_loss:deferred train_time:831001ms step_avg:266.60ms
step:3128/5100 train_loss:deferred train_time:831265ms step_avg:266.60ms
step:3129/5100 train_loss:deferred train_time:831531ms step_avg:266.60ms
step:3130/5100 train_loss:deferred train_time:831794ms step_avg:266.60ms
step:3131/5100 train_loss:deferred train_time:832057ms step_avg:266.60ms
step:3132/5100 train_loss:deferred train_time:832322ms step_avg:266.60ms
step:3133/5100 train_loss:deferred train_time:832587ms step_avg:266.60ms
step:3134/5100 train_loss:deferred train_time:832851ms step_avg:266.60ms
step:3135/5100 train_loss:deferred train_time:833114ms step_avg:266.60ms
step:3136/5100 train_loss:deferred train_time:833379ms step_avg:266.60ms
step:3137/5100 train_loss:deferred train_time:833643ms step_avg:266.60ms
step:3138/5100 train_loss:deferred train_time:833906ms step_avg:266.59ms
step:3139/5100 train_loss:deferred train_time:834169ms step_avg:266.59ms
step:3140/5100 train_loss:deferred train_time:834435ms step_avg:266.59ms
step:3141/5100 train_loss:deferred train_time:834698ms step_avg:266.59ms
step:3142/5100 train_loss:deferred train_time:834960ms step_avg:266.59ms
step:3143/5100 train_loss:deferred train_time:835228ms step_avg:266.59ms
step:3144/5100 train_loss:deferred train_time:835489ms step_avg:266.59ms
step:3145/5100 train_loss:deferred train_time:835754ms step_avg:266.59ms
step:3146/5100 train_loss:deferred train_time:836016ms step_avg:266.59ms
step:3147/5100 train_loss:deferred train_time:836281ms step_avg:266.59ms
step:3148/5100 train_loss:deferred train_time:836545ms step_avg:266.59ms
step:3149/5100 train_loss:deferred train_time:836809ms step_avg:266.58ms
step:3150/5100 train_loss:deferred train_time:837074ms step_avg:266.58ms
step:3151/5100 train_loss:deferred train_time:837336ms step_avg:266.58ms
step:3152/5100 train_loss:deferred train_time:837599ms step_avg:266.58ms
step:3153/5100 train_loss:deferred train_time:837863ms step_avg:266.58ms
step:3154/5100 train_loss:deferred train_time:838127ms step_avg:266.58ms
step:3155/5100 train_loss:deferred train_time:838390ms step_avg:266.58ms
step:3156/5100 train_loss:deferred train_time:838656ms step_avg:266.58ms
step:3157/5100 train_loss:deferred train_time:838919ms step_avg:266.58ms
step:3158/5100 train_loss:deferred train_time:839183ms step_avg:266.58ms
step:3159/5100 train_loss:deferred train_time:839447ms step_avg:266.58ms
step:3160/5100 train_loss:deferred train_time:839711ms step_avg:266.57ms
step:3161/5100 train_loss:deferred train_time:839975ms step_avg:266.57ms
step:3162/5100 train_loss:deferred train_time:840240ms step_avg:266.57ms
step:3163/5100 train_loss:deferred train_time:840503ms step_avg:266.57ms
step:3164/5100 train_loss:deferred train_time:840767ms step_avg:266.57ms
step:3165/5100 train_loss:deferred train_time:841032ms step_avg:266.57ms
step:3166/5100 train_loss:deferred train_time:841296ms step_avg:266.57ms
step:3167/5100 train_loss:deferred train_time:841559ms step_avg:266.57ms
step:3168/5100 train_loss:deferred train_time:841822ms step_avg:266.57ms
step:3169/5100 train_loss:deferred train_time:842086ms step_avg:266.57ms
step:3170/5100 train_loss:deferred train_time:842349ms step_avg:266.57ms
step:3171/5100 train_loss:deferred train_time:842613ms step_avg:266.57ms
step:3172/5100 train_loss:deferred train_time:842877ms step_avg:266.56ms
step:3173/5100 train_loss:deferred train_time:843140ms step_avg:266.56ms
step:3174/5100 train_loss:deferred train_time:843404ms step_avg:266.56ms
step:3175/5100 train_loss:deferred train_time:843668ms step_avg:266.56ms
step:3176/5100 train_loss:deferred train_time:843931ms step_avg:266.56ms
step:3177/5100 train_loss:deferred train_time:844196ms step_avg:266.56ms
step:3178/5100 train_loss:deferred train_time:844460ms step_avg:266.56ms
step:3179/5100 train_loss:deferred train_time:844723ms step_avg:266.56ms
step:3180/5100 train_loss:deferred train_time:844988ms step_avg:266.56ms
step:3181/5100 train_loss:deferred train_time:845253ms step_avg:266.56ms
step:3182/5100 train_loss:deferred train_time:845516ms step_avg:266.56ms
step:3183/5100 train_loss:deferred train_time:845781ms step_avg:266.56ms
step:3184/5100 train_loss:deferred train_time:846045ms step_avg:266.55ms
step:3185/5100 train_loss:deferred train_time:846311ms step_avg:266.55ms
step:3186/5100 train_loss:deferred train_time:846575ms step_avg:266.55ms
step:3187/5100 train_loss:deferred train_time:846838ms step_avg:266.55ms
step:3188/5100 train_loss:deferred train_time:847101ms step_avg:266.55ms
step:3189/5100 train_loss:deferred train_time:847366ms step_avg:266.55ms
step:3190/5100 train_loss:deferred train_time:847629ms step_avg:266.55ms
step:3191/5100 train_loss:deferred train_time:847893ms step_avg:266.55ms
step:3192/5100 train_loss:deferred train_time:848158ms step_avg:266.55ms
step:3193/5100 train_loss:deferred train_time:848423ms step_avg:266.55ms
step:3194/5100 train_loss:deferred train_time:848686ms step_avg:266.55ms
step:3195/5100 train_loss:deferred train_time:848950ms step_avg:266.55ms
step:3196/5100 train_loss:deferred train_time:849214ms step_avg:266.55ms
step:3197/5100 train_loss:deferred train_time:849478ms step_avg:266.54ms
step:3198/5100 train_loss:deferred train_time:849742ms step_avg:266.54ms
step:3199/5100 train_loss:deferred train_time:850006ms step_avg:266.54ms
step:3200/5100 train_loss:deferred train_time:850270ms step_avg:266.54ms
step:3201/5100 train_loss:deferred train_time:850534ms step_avg:266.54ms
step:3202/5100 train_loss:deferred train_time:850798ms step_avg:266.54ms
step:3203/5100 train_loss:deferred train_time:851062ms step_avg:266.54ms
step:3204/5100 train_loss:deferred train_time:851326ms step_avg:266.54ms
step:3205/5100 train_loss:deferred train_time:851590ms step_avg:266.54ms
step:3206/5100 train_loss:deferred train_time:851855ms step_avg:266.54ms
step:3207/5100 train_loss:deferred train_time:852120ms step_avg:266.54ms
step:3208/5100 train_loss:deferred train_time:852383ms step_avg:266.54ms
step:3209/5100 train_loss:deferred train_time:852647ms step_avg:266.54ms
step:3210/5100 train_loss:deferred train_time:852910ms step_avg:266.53ms
step:3211/5100 train_loss:deferred train_time:853173ms step_avg:266.53ms
step:3212/5100 train_loss:deferred train_time:853437ms step_avg:266.53ms
step:3213/5100 train_loss:deferred train_time:853702ms step_avg:266.53ms
step:3214/5100 train_loss:deferred train_time:854094ms step_avg:266.57ms
step:3215/5100 train_loss:deferred train_time:854359ms step_avg:266.57ms
step:3216/5100 train_loss:deferred train_time:854622ms step_avg:266.57ms
step:3217/5100 train_loss:deferred train_time:854885ms step_avg:266.57ms
step:3218/5100 train_loss:deferred train_time:855149ms step_avg:266.57ms
step:3219/5100 train_loss:deferred train_time:855414ms step_avg:266.57ms
step:3220/5100 train_loss:deferred train_time:855678ms step_avg:266.57ms
step:3221/5100 train_loss:deferred train_time:855941ms step_avg:266.57ms
step:3222/5100 train_loss:deferred train_time:856204ms step_avg:266.56ms
step:3223/5100 train_loss:deferred train_time:856468ms step_avg:266.56ms
step:3224/5100 train_loss:deferred train_time:856732ms step_avg:266.56ms
step:3225/5100 train_loss:deferred train_time:856997ms step_avg:266.56ms
step:3226/5100 train_loss:deferred train_time:857261ms step_avg:266.56ms
step:3227/5100 train_loss:deferred train_time:857525ms step_avg:266.56ms
step:3228/5100 train_loss:deferred train_time:857788ms step_avg:266.56ms
step:3229/5100 train_loss:deferred train_time:858053ms step_avg:266.56ms
step:3230/5100 train_loss:deferred train_time:858319ms step_avg:266.56ms
step:3231/5100 train_loss:deferred train_time:858826ms step_avg:266.63ms
step:3232/5100 train_loss:deferred train_time:859089ms step_avg:266.63ms
step:3233/5100 train_loss:deferred train_time:859352ms step_avg:266.63ms
step:3234/5100 train_loss:deferred train_time:859615ms step_avg:266.63ms
step:3235/5100 train_loss:deferred train_time:859881ms step_avg:266.63ms
step:3236/5100 train_loss:deferred train_time:860145ms step_avg:266.63ms
step:3237/5100 train_loss:deferred train_time:860411ms step_avg:266.63ms
step:3238/5100 train_loss:deferred train_time:860674ms step_avg:266.63ms
step:3239/5100 train_loss:deferred train_time:860941ms step_avg:266.63ms
step:3240/5100 train_loss:deferred train_time:861202ms step_avg:266.63ms
step:3241/5100 train_loss:deferred train_time:861467ms step_avg:266.63ms
step:3242/5100 train_loss:deferred train_time:861731ms step_avg:266.62ms
step:3243/5100 train_loss:deferred train_time:861995ms step_avg:266.62ms
step:3244/5100 train_loss:deferred train_time:862260ms step_avg:266.62ms
step:3245/5100 train_loss:deferred train_time:862524ms step_avg:266.62ms
step:3246/5100 train_loss:deferred train_time:862786ms step_avg:266.62ms
step:3247/5100 train_loss:deferred train_time:863050ms step_avg:266.62ms
step:3248/5100 train_loss:deferred train_time:863314ms step_avg:266.62ms
step:3249/5100 train_loss:deferred train_time:863578ms step_avg:266.62ms
step:3250/5100 train_loss:deferred train_time:863842ms step_avg:266.62ms
step:3250/5100 val_loss:3.4295 train_time:864004ms step_avg:266.67ms
step:3251/5100 train_loss:deferred train_time:864107ms step_avg:266.62ms
step:3252/5100 train_loss:deferred train_time:864369ms step_avg:266.62ms
step:3253/5100 train_loss:deferred train_time:864633ms step_avg:266.62ms
step:3254/5100 train_loss:deferred train_time:864898ms step_avg:266.61ms
step:3255/5100 train_loss:deferred train_time:865162ms step_avg:266.61ms
step:3256/5100 train_loss:deferred train_time:865425ms step_avg:266.61ms
step:3257/5100 train_loss:deferred train_time:865689ms step_avg:266.61ms
step:3258/5100 train_loss:deferred train_time:865951ms step_avg:266.61ms
step:3259/5100 train_loss:deferred train_time:866217ms step_avg:266.61ms
step:3260/5100 train_loss:deferred train_time:866480ms step_avg:266.61ms
step:3261/5100 train_loss:deferred train_time:866743ms step_avg:266.61ms
step:3262/5100 train_loss:deferred train_time:867006ms step_avg:266.61ms
step:3263/5100 train_loss:deferred train_time:867270ms step_avg:266.61ms
step:3264/5100 train_loss:deferred train_time:867534ms step_avg:266.61ms
step:3265/5100 train_loss:deferred train_time:867797ms step_avg:266.60ms
step:3266/5100 train_loss:deferred train_time:868061ms step_avg:266.60ms
step:3267/5100 train_loss:deferred train_time:868325ms step_avg:266.60ms
step:3268/5100 train_loss:deferred train_time:868590ms step_avg:266.60ms
step:3269/5100 train_loss:deferred train_time:868854ms step_avg:266.60ms
step:3270/5100 train_loss:deferred train_time:869120ms step_avg:266.60ms
step:3271/5100 train_loss:deferred train_time:869384ms step_avg:266.60ms
step:3272/5100 train_loss:deferred train_time:869647ms step_avg:266.60ms
step:3273/5100 train_loss:deferred train_time:869912ms step_avg:266.60ms
step:3274/5100 train_loss:deferred train_time:870176ms step_avg:266.60ms
step:3275/5100 train_loss:deferred train_time:870439ms step_avg:266.60ms
step:3276/5100 train_loss:deferred train_time:870703ms step_avg:266.60ms
step:3277/5100 train_loss:deferred train_time:870966ms step_avg:266.60ms
step:3278/5100 train_loss:deferred train_time:871229ms step_avg:266.59ms
step:3279/5100 train_loss:deferred train_time:871494ms step_avg:266.59ms
step:3280/5100 train_loss:deferred train_time:871759ms step_avg:266.59ms
step:3281/5100 train_loss:deferred train_time:872022ms step_avg:266.59ms
step:3282/5100 train_loss:deferred train_time:872284ms step_avg:266.59ms
step:3283/5100 train_loss:deferred train_time:872548ms step_avg:266.59ms
step:3284/5100 train_loss:deferred train_time:872812ms step_avg:266.59ms
step:3285/5100 train_loss:deferred train_time:873076ms step_avg:266.59ms
step:3286/5100 train_loss:deferred train_time:873340ms step_avg:266.59ms
step:3287/5100 train_loss:deferred train_time:873604ms step_avg:266.59ms
step:3288/5100 train_loss:deferred train_time:873868ms step_avg:266.59ms
step:3289/5100 train_loss:deferred train_time:874133ms step_avg:266.59ms
step:3290/5100 train_loss:deferred train_time:874397ms step_avg:266.58ms
step:3291/5100 train_loss:deferred train_time:874662ms step_avg:266.58ms
step:3292/5100 train_loss:deferred train_time:874926ms step_avg:266.58ms
step:3293/5100 train_loss:deferred train_time:875189ms step_avg:266.58ms
step:3294/5100 train_loss:deferred train_time:875453ms step_avg:266.58ms
step:3295/5100 train_loss:deferred train_time:875718ms step_avg:266.58ms
step:3296/5100 train_loss:deferred train_time:875982ms step_avg:266.58ms
step:3297/5100 train_loss:deferred train_time:876245ms step_avg:266.58ms
step:3298/5100 train_loss:deferred train_time:876508ms step_avg:266.58ms
step:3299/5100 train_loss:deferred train_time:876773ms step_avg:266.58ms
step:3300/5100 train_loss:deferred train_time:877039ms step_avg:266.58ms
step:3301/5100 train_loss:deferred train_time:877302ms step_avg:266.58ms
step:3302/5100 train_loss:deferred train_time:877566ms step_avg:266.58ms
step:3303/5100 train_loss:deferred train_time:877830ms step_avg:266.57ms
step:3304/5100 train_loss:deferred train_time:878094ms step_avg:266.57ms
step:3305/5100 train_loss:deferred train_time:878358ms step_avg:266.57ms
step:3306/5100 train_loss:deferred train_time:878623ms step_avg:266.57ms
step:3307/5100 train_loss:deferred train_time:878886ms step_avg:266.57ms
step:3308/5100 train_loss:deferred train_time:879150ms step_avg:266.57ms
step:3309/5100 train_loss:deferred train_time:879414ms step_avg:266.57ms
step:3310/5100 train_loss:deferred train_time:879677ms step_avg:266.57ms
step:3311/5100 train_loss:deferred train_time:879942ms step_avg:266.57ms
step:3312/5100 train_loss:deferred train_time:880208ms step_avg:266.57ms
step:3313/5100 train_loss:deferred train_time:880472ms step_avg:266.57ms
step:3314/5100 train_loss:deferred train_time:880734ms step_avg:266.57ms
step:3315/5100 train_loss:deferred train_time:880998ms step_avg:266.57ms
step:3316/5100 train_loss:deferred train_time:881262ms step_avg:266.56ms
step:3317/5100 train_loss:deferred train_time:881527ms step_avg:266.56ms
step:3318/5100 train_loss:deferred train_time:881790ms step_avg:266.56ms
step:3319/5100 train_loss:deferred train_time:882055ms step_avg:266.56ms
step:3320/5100 train_loss:deferred train_time:882319ms step_avg:266.56ms
step:3321/5100 train_loss:deferred train_time:882582ms step_avg:266.56ms
step:3322/5100 train_loss:deferred train_time:882846ms step_avg:266.56ms
step:3323/5100 train_loss:deferred train_time:883109ms step_avg:266.56ms
step:3324/5100 train_loss:deferred train_time:883373ms step_avg:266.56ms
step:3325/5100 train_loss:deferred train_time:883637ms step_avg:266.56ms
step:3326/5100 train_loss:deferred train_time:883904ms step_avg:266.56ms
step:3327/5100 train_loss:deferred train_time:884169ms step_avg:266.56ms
step:3328/5100 train_loss:deferred train_time:884433ms step_avg:266.56ms
step:3329/5100 train_loss:deferred train_time:884695ms step_avg:266.55ms
step:3330/5100 train_loss:deferred train_time:884958ms step_avg:266.55ms
step:3331/5100 train_loss:deferred train_time:885224ms step_avg:266.55ms
step:3332/5100 train_loss:deferred train_time:885486ms step_avg:266.55ms
step:3333/5100 train_loss:deferred train_time:885751ms step_avg:266.55ms
step:3334/5100 train_loss:deferred train_time:886015ms step_avg:266.55ms
step:3335/5100 train_loss:deferred train_time:886278ms step_avg:266.55ms
step:3336/5100 train_loss:deferred train_time:886542ms step_avg:266.55ms
step:3337/5100 train_loss:deferred train_time:886807ms step_avg:266.55ms
step:3338/5100 train_loss:deferred train_time:887071ms step_avg:266.55ms
step:3339/5100 train_loss:deferred train_time:887334ms step_avg:266.55ms
step:3340/5100 train_loss:deferred train_time:887598ms step_avg:266.55ms
step:3341/5100 train_loss:deferred train_time:887862ms step_avg:266.55ms
step:3342/5100 train_loss:deferred train_time:888126ms step_avg:266.54ms
step:3343/5100 train_loss:deferred train_time:888390ms step_avg:266.54ms
step:3344/5100 train_loss:deferred train_time:888654ms step_avg:266.54ms
step:3345/5100 train_loss:deferred train_time:888917ms step_avg:266.54ms
step:3346/5100 train_loss:deferred train_time:889181ms step_avg:266.54ms
step:3347/5100 train_loss:deferred train_time:889445ms step_avg:266.54ms
step:3348/5100 train_loss:deferred train_time:889710ms step_avg:266.54ms
step:3349/5100 train_loss:deferred train_time:889974ms step_avg:266.54ms
step:3350/5100 train_loss:deferred train_time:890238ms step_avg:266.54ms
step:3351/5100 train_loss:deferred train_time:890501ms step_avg:266.54ms
step:3352/5100 train_loss:deferred train_time:890766ms step_avg:266.54ms
step:3353/5100 train_loss:deferred train_time:891030ms step_avg:266.54ms
step:3354/5100 train_loss:deferred train_time:891295ms step_avg:266.54ms
step:3355/5100 train_loss:deferred train_time:891558ms step_avg:266.53ms
step:3356/5100 train_loss:deferred train_time:891821ms step_avg:266.53ms
step:3357/5100 train_loss:deferred train_time:892085ms step_avg:266.53ms
step:3358/5100 train_loss:deferred train_time:892349ms step_avg:266.53ms
step:3359/5100 train_loss:deferred train_time:892614ms step_avg:266.53ms
step:3360/5100 train_loss:deferred train_time:892878ms step_avg:266.53ms
step:3361/5100 train_loss:deferred train_time:893143ms step_avg:266.53ms
step:3362/5100 train_loss:deferred train_time:893407ms step_avg:266.53ms
step:3363/5100 train_loss:deferred train_time:893671ms step_avg:266.53ms
step:3364/5100 train_loss:deferred train_time:893935ms step_avg:266.53ms
step:3365/5100 train_loss:deferred train_time:894199ms step_avg:266.53ms
step:3366/5100 train_loss:deferred train_time:894462ms step_avg:266.53ms
step:3367/5100 train_loss:deferred train_time:894726ms step_avg:266.53ms
step:3368/5100 train_loss:deferred train_time:894991ms step_avg:266.52ms
step:3369/5100 train_loss:deferred train_time:895255ms step_avg:266.52ms
step:3370/5100 train_loss:deferred train_time:895518ms step_avg:266.52ms
step:3371/5100 train_loss:deferred train_time:895781ms step_avg:266.52ms
step:3372/5100 train_loss:deferred train_time:896045ms step_avg:266.52ms
step:3373/5100 train_loss:deferred train_time:896310ms step_avg:266.52ms
step:3374/5100 train_loss:deferred train_time:896574ms step_avg:266.52ms
step:3375/5100 train_loss:deferred train_time:896838ms step_avg:266.52ms
step:3375/5100 val_loss:3.4244 train_time:897002ms step_avg:266.57ms
step:3376/5100 train_loss:deferred train_time:897104ms step_avg:266.52ms
step:3377/5100 train_loss:deferred train_time:897367ms step_avg:266.52ms
step:3378/5100 train_loss:deferred train_time:897631ms step_avg:266.52ms
step:3379/5100 train_loss:deferred train_time:897897ms step_avg:266.52ms
step:3380/5100 train_loss:deferred train_time:898161ms step_avg:266.52ms
step:3381/5100 train_loss:deferred train_time:898424ms step_avg:266.52ms
step:3382/5100 train_loss:deferred train_time:898687ms step_avg:266.51ms
step:3383/5100 train_loss:deferred train_time:898950ms step_avg:266.51ms
step:3384/5100 train_loss:deferred train_time:899215ms step_avg:266.51ms
step:3385/5100 train_loss:deferred train_time:899478ms step_avg:266.51ms
step:3386/5100 train_loss:deferred train_time:899741ms step_avg:266.51ms
step:3387/5100 train_loss:deferred train_time:900005ms step_avg:266.51ms
step:3388/5100 train_loss:deferred train_time:900269ms step_avg:266.51ms
step:3389/5100 train_loss:deferred train_time:900533ms step_avg:266.51ms
step:3390/5100 train_loss:deferred train_time:900797ms step_avg:266.51ms
step:3391/5100 train_loss:deferred train_time:901061ms step_avg:266.51ms
step:3392/5100 train_loss:deferred train_time:901325ms step_avg:266.51ms
step:3393/5100 train_loss:deferred train_time:901590ms step_avg:266.51ms
step:3394/5100 train_loss:deferred train_time:901855ms step_avg:266.51ms
step:3395/5100 train_loss:deferred train_time:902118ms step_avg:266.50ms
step:3396/5100 train_loss:deferred train_time:902384ms step_avg:266.50ms
step:3397/5100 train_loss:deferred train_time:902647ms step_avg:266.50ms
step:3398/5100 train_loss:deferred train_time:902910ms step_avg:266.50ms
step:3399/5100 train_loss:deferred train_time:903173ms step_avg:266.50ms
step:3400/5100 train_loss:deferred train_time:903437ms step_avg:266.50ms
step:3401/5100 train_loss:deferred train_time:903701ms step_avg:266.50ms
step:3402/5100 train_loss:deferred train_time:903966ms step_avg:266.50ms
step:3403/5100 train_loss:deferred train_time:904348ms step_avg:266.53ms
step:3404/5100 train_loss:deferred train_time:904611ms step_avg:266.53ms
step:3405/5100 train_loss:deferred train_time:904876ms step_avg:266.53ms
step:3406/5100 train_loss:deferred train_time:905140ms step_avg:266.53ms
step:3407/5100 train_loss:deferred train_time:905403ms step_avg:266.53ms
step:3408/5100 train_loss:deferred train_time:905667ms step_avg:266.53ms
step:3409/5100 train_loss:deferred train_time:905932ms step_avg:266.53ms
step:3410/5100 train_loss:deferred train_time:906195ms step_avg:266.53ms
step:3411/5100 train_loss:deferred train_time:906459ms step_avg:266.53ms
step:3412/5100 train_loss:deferred train_time:906723ms step_avg:266.53ms
step:3413/5100 train_loss:deferred train_time:906988ms step_avg:266.53ms
step:3414/5100 train_loss:deferred train_time:907252ms step_avg:266.53ms
step:3415/5100 train_loss:deferred train_time:907515ms step_avg:266.52ms
step:3416/5100 train_loss:deferred train_time:907779ms step_avg:266.52ms
step:3417/5100 train_loss:deferred train_time:908044ms step_avg:266.52ms
step:3418/5100 train_loss:deferred train_time:908308ms step_avg:266.52ms
step:3419/5100 train_loss:deferred train_time:908573ms step_avg:266.52ms
step:3420/5100 train_loss:deferred train_time:908933ms step_avg:266.55ms
step:3421/5100 train_loss:deferred train_time:909450ms step_avg:266.62ms
step:3422/5100 train_loss:deferred train_time:909716ms step_avg:266.62ms
step:3423/5100 train_loss:deferred train_time:909979ms step_avg:266.62ms
step:3424/5100 train_loss:deferred train_time:910242ms step_avg:266.62ms
step:3425/5100 train_loss:deferred train_time:910507ms step_avg:266.62ms
step:3426/5100 train_loss:deferred train_time:910771ms step_avg:266.62ms
step:3427/5100 train_loss:deferred train_time:911039ms step_avg:266.62ms
step:3428/5100 train_loss:deferred train_time:911303ms step_avg:266.62ms
step:3429/5100 train_loss:deferred train_time:911567ms step_avg:266.62ms
step:3430/5100 train_loss:deferred train_time:911829ms step_avg:266.62ms
step:3431/5100 train_loss:deferred train_time:912092ms step_avg:266.62ms
step:3432/5100 train_loss:deferred train_time:912355ms step_avg:266.61ms
step:3433/5100 train_loss:deferred train_time:912618ms step_avg:266.61ms
step:3434/5100 train_loss:deferred train_time:912882ms step_avg:266.61ms
step:3435/5100 train_loss:deferred train_time:913147ms step_avg:266.61ms
step:3436/5100 train_loss:deferred train_time:913412ms step_avg:266.61ms
step:3437/5100 train_loss:deferred train_time:913677ms step_avg:266.61ms
step:3438/5100 train_loss:deferred train_time:913939ms step_avg:266.61ms
step:3439/5100 train_loss:deferred train_time:914203ms step_avg:266.61ms
step:3440/5100 train_loss:deferred train_time:914466ms step_avg:266.61ms
step:3441/5100 train_loss:deferred train_time:914733ms step_avg:266.61ms
step:3442/5100 train_loss:deferred train_time:914997ms step_avg:266.61ms
step:3443/5100 train_loss:deferred train_time:915261ms step_avg:266.61ms
step:3444/5100 train_loss:deferred train_time:915523ms step_avg:266.61ms
step:3445/5100 train_loss:deferred train_time:915788ms step_avg:266.61ms
step:3446/5100 train_loss:deferred train_time:916051ms step_avg:266.60ms
step:3447/5100 train_loss:deferred train_time:916316ms step_avg:266.60ms
step:3448/5100 train_loss:deferred train_time:916579ms step_avg:266.60ms
step:3449/5100 train_loss:deferred train_time:916843ms step_avg:266.60ms
step:3450/5100 train_loss:deferred train_time:917107ms step_avg:266.60ms
step:3451/5100 train_loss:deferred train_time:917373ms step_avg:266.60ms
step:3452/5100 train_loss:deferred train_time:917637ms step_avg:266.60ms
step:3453/5100 train_loss:deferred train_time:917901ms step_avg:266.60ms
step:3454/5100 train_loss:deferred train_time:918165ms step_avg:266.60ms
step:3455/5100 train_loss:deferred train_time:918429ms step_avg:266.60ms
step:3456/5100 train_loss:deferred train_time:918693ms step_avg:266.60ms
step:3457/5100 train_loss:deferred train_time:918958ms step_avg:266.60ms
step:3458/5100 train_loss:deferred train_time:919222ms step_avg:266.60ms
step:3459/5100 train_loss:deferred train_time:919486ms step_avg:266.59ms
step:3460/5100 train_loss:deferred train_time:919749ms step_avg:266.59ms
step:3461/5100 train_loss:deferred train_time:920014ms step_avg:266.59ms
step:3462/5100 train_loss:deferred train_time:920281ms step_avg:266.59ms
step:3463/5100 train_loss:deferred train_time:920545ms step_avg:266.59ms
step:3464/5100 train_loss:deferred train_time:920808ms step_avg:266.59ms
step:3465/5100 train_loss:deferred train_time:921071ms step_avg:266.59ms
step:3466/5100 train_loss:deferred train_time:921334ms step_avg:266.59ms
step:3467/5100 train_loss:deferred train_time:921600ms step_avg:266.59ms
step:3468/5100 train_loss:deferred train_time:921864ms step_avg:266.59ms
step:3469/5100 train_loss:deferred train_time:922127ms step_avg:266.59ms
step:3470/5100 train_loss:deferred train_time:922391ms step_avg:266.59ms
step:3471/5100 train_loss:deferred train_time:922656ms step_avg:266.59ms
step:3472/5100 train_loss:deferred train_time:922919ms step_avg:266.59ms
step:3473/5100 train_loss:deferred train_time:923183ms step_avg:266.58ms
step:3474/5100 train_loss:deferred train_time:923447ms step_avg:266.58ms
step:3475/5100 train_loss:deferred train_time:923712ms step_avg:266.58ms
step:3476/5100 train_loss:deferred train_time:923977ms step_avg:266.58ms
step:3477/5100 train_loss:deferred train_time:924240ms step_avg:266.58ms
step:3478/5100 train_loss:deferred train_time:924504ms step_avg:266.58ms
step:3479/5100 train_loss:deferred train_time:924768ms step_avg:266.58ms
step:3480/5100 train_loss:deferred train_time:925031ms step_avg:266.58ms
step:3481/5100 train_loss:deferred train_time:925296ms step_avg:266.58ms
step:3482/5100 train_loss:deferred train_time:925559ms step_avg:266.58ms
step:3483/5100 train_loss:deferred train_time:925825ms step_avg:266.58ms
step:3484/5100 train_loss:deferred train_time:926087ms step_avg:266.58ms
step:3485/5100 train_loss:deferred train_time:926351ms step_avg:266.58ms
step:3486/5100 train_loss:deferred train_time:926616ms step_avg:266.58ms
step:3487/5100 train_loss:deferred train_time:926880ms step_avg:266.57ms
step:3488/5100 train_loss:deferred train_time:927146ms step_avg:266.57ms
step:3489/5100 train_loss:deferred train_time:927410ms step_avg:266.57ms
step:3490/5100 train_loss:deferred train_time:927675ms step_avg:266.57ms
step:3491/5100 train_loss:deferred train_time:927940ms step_avg:266.57ms
step:3492/5100 train_loss:deferred train_time:928204ms step_avg:266.57ms
step:3493/5100 train_loss:deferred train_time:928468ms step_avg:266.57ms
step:3494/5100 train_loss:deferred train_time:928732ms step_avg:266.57ms
step:3495/5100 train_loss:deferred train_time:928996ms step_avg:266.57ms
step:3496/5100 train_loss:deferred train_time:929260ms step_avg:266.57ms
step:3497/5100 train_loss:deferred train_time:929523ms step_avg:266.57ms
step:3498/5100 train_loss:deferred train_time:929787ms step_avg:266.57ms
step:3499/5100 train_loss:deferred train_time:930052ms step_avg:266.57ms
step:3500/5100 train_loss:deferred train_time:930317ms step_avg:266.57ms
step:3500/5100 val_loss:3.4167 train_time:930478ms step_avg:266.61ms
step:3501/5100 train_loss:deferred train_time:930583ms step_avg:266.57ms
step:3502/5100 train_loss:deferred train_time:930843ms step_avg:266.56ms
step:3503/5100 train_loss:deferred train_time:931106ms step_avg:266.56ms
step:3504/5100 train_loss:deferred train_time:931370ms step_avg:266.56ms
step:3505/5100 train_loss:deferred train_time:931634ms step_avg:266.56ms
step:3506/5100 train_loss:deferred train_time:931898ms step_avg:266.56ms
step:3507/5100 train_loss:deferred train_time:932163ms step_avg:266.56ms
step:3508/5100 train_loss:deferred train_time:932427ms step_avg:266.56ms
step:3509/5100 train_loss:deferred train_time:932689ms step_avg:266.56ms
step:3510/5100 train_loss:deferred train_time:932954ms step_avg:266.56ms
step:3511/5100 train_loss:deferred train_time:933217ms step_avg:266.56ms
step:3512/5100 train_loss:deferred train_time:933482ms step_avg:266.56ms
step:3513/5100 train_loss:deferred train_time:933745ms step_avg:266.56ms
step:3514/5100 train_loss:deferred train_time:934009ms step_avg:266.56ms
step:3515/5100 train_loss:deferred train_time:934273ms step_avg:266.55ms
step:3516/5100 train_loss:deferred train_time:934537ms step_avg:266.55ms
step:3517/5100 train_loss:deferred train_time:934802ms step_avg:266.55ms
step:3518/5100 train_loss:deferred train_time:935066ms step_avg:266.55ms
step:3519/5100 train_loss:deferred train_time:935329ms step_avg:266.55ms
step:3520/5100 train_loss:deferred train_time:935593ms step_avg:266.55ms
step:3521/5100 train_loss:deferred train_time:935857ms step_avg:266.55ms
step:3522/5100 train_loss:deferred train_time:936122ms step_avg:266.55ms
step:3523/5100 train_loss:deferred train_time:936386ms step_avg:266.55ms
step:3524/5100 train_loss:deferred train_time:936649ms step_avg:266.55ms
step:3525/5100 train_loss:deferred train_time:936912ms step_avg:266.55ms
step:3526/5100 train_loss:deferred train_time:937177ms step_avg:266.55ms
step:3527/5100 train_loss:deferred train_time:937439ms step_avg:266.55ms
step:3528/5100 train_loss:deferred train_time:937704ms step_avg:266.54ms
step:3529/5100 train_loss:deferred train_time:937968ms step_avg:266.54ms
step:3530/5100 train_loss:deferred train_time:938232ms step_avg:266.54ms
step:3531/5100 train_loss:deferred train_time:938496ms step_avg:266.54ms
step:3532/5100 train_loss:deferred train_time:938760ms step_avg:266.54ms
step:3533/5100 train_loss:deferred train_time:939026ms step_avg:266.54ms
step:3534/5100 train_loss:deferred train_time:939290ms step_avg:266.54ms
step:3535/5100 train_loss:deferred train_time:939553ms step_avg:266.54ms
step:3536/5100 train_loss:deferred train_time:939818ms step_avg:266.54ms
step:3537/5100 train_loss:deferred train_time:940081ms step_avg:266.54ms
step:3538/5100 train_loss:deferred train_time:940344ms step_avg:266.54ms
step:3539/5100 train_loss:deferred train_time:940608ms step_avg:266.54ms
step:3540/5100 train_loss:deferred train_time:940872ms step_avg:266.54ms
step:3541/5100 train_loss:deferred train_time:941138ms step_avg:266.54ms
step:3542/5100 train_loss:deferred train_time:941401ms step_avg:266.53ms
step:3543/5100 train_loss:deferred train_time:941664ms step_avg:266.53ms
step:3544/5100 train_loss:deferred train_time:941930ms step_avg:266.53ms
step:3545/5100 train_loss:deferred train_time:942194ms step_avg:266.53ms
step:3546/5100 train_loss:deferred train_time:942458ms step_avg:266.53ms
step:3547/5100 train_loss:deferred train_time:942722ms step_avg:266.53ms
step:3548/5100 train_loss:deferred train_time:942986ms step_avg:266.53ms
step:3549/5100 train_loss:deferred train_time:943251ms step_avg:266.53ms
step:3550/5100 train_loss:deferred train_time:943513ms step_avg:266.53ms
step:3551/5100 train_loss:deferred train_time:943778ms step_avg:266.53ms
step:3552/5100 train_loss:deferred train_time:944039ms step_avg:266.53ms
step:3553/5100 train_loss:deferred train_time:944303ms step_avg:266.53ms
step:3554/5100 train_loss:deferred train_time:944567ms step_avg:266.53ms
step:3555/5100 train_loss:deferred train_time:944831ms step_avg:266.52ms
step:3556/5100 train_loss:deferred train_time:945097ms step_avg:266.52ms
step:3557/5100 train_loss:deferred train_time:945360ms step_avg:266.52ms
step:3558/5100 train_loss:deferred train_time:945625ms step_avg:266.52ms
step:3559/5100 train_loss:deferred train_time:945888ms step_avg:266.52ms
step:3560/5100 train_loss:deferred train_time:946152ms step_avg:266.52ms
step:3561/5100 train_loss:deferred train_time:946415ms step_avg:266.52ms
step:3562/5100 train_loss:deferred train_time:946679ms step_avg:266.52ms
step:3563/5100 train_loss:deferred train_time:946942ms step_avg:266.52ms
step:3564/5100 train_loss:deferred train_time:947207ms step_avg:266.52ms
step:3565/5100 train_loss:deferred train_time:947470ms step_avg:266.52ms
step:3566/5100 train_loss:deferred train_time:947735ms step_avg:266.52ms
step:3567/5100 train_loss:deferred train_time:947999ms step_avg:266.52ms
step:3568/5100 train_loss:deferred train_time:948264ms step_avg:266.52ms
step:3569/5100 train_loss:deferred train_time:948527ms step_avg:266.51ms
step:3570/5100 train_loss:deferred train_time:948790ms step_avg:266.51ms
step:3571/5100 train_loss:deferred train_time:949054ms step_avg:266.51ms
step:3572/5100 train_loss:deferred train_time:949318ms step_avg:266.51ms
step:3573/5100 train_loss:deferred train_time:949583ms step_avg:266.51ms
step:3574/5100 train_loss:deferred train_time:949847ms step_avg:266.51ms
step:3575/5100 train_loss:deferred train_time:950111ms step_avg:266.51ms
step:3576/5100 train_loss:deferred train_time:950375ms step_avg:266.51ms
step:3577/5100 train_loss:deferred train_time:950640ms step_avg:266.51ms
step:3578/5100 train_loss:deferred train_time:950903ms step_avg:266.51ms
step:3579/5100 train_loss:deferred train_time:951166ms step_avg:266.51ms
step:3580/5100 train_loss:deferred train_time:951431ms step_avg:266.51ms
step:3581/5100 train_loss:deferred train_time:951695ms step_avg:266.51ms
step:3582/5100 train_loss:deferred train_time:951959ms step_avg:266.51ms
step:3583/5100 train_loss:deferred train_time:952223ms step_avg:266.51ms
step:3584/5100 train_loss:deferred train_time:952488ms step_avg:266.50ms
step:3585/5100 train_loss:deferred train_time:952751ms step_avg:266.50ms
step:3586/5100 train_loss:deferred train_time:953015ms step_avg:266.50ms
step:3587/5100 train_loss:deferred train_time:953279ms step_avg:266.50ms
step:3588/5100 train_loss:deferred train_time:953543ms step_avg:266.50ms
step:3589/5100 train_loss:deferred train_time:953807ms step_avg:266.50ms
step:3590/5100 train_loss:deferred train_time:954071ms step_avg:266.50ms
step:3591/5100 train_loss:deferred train_time:954334ms step_avg:266.50ms
step:3592/5100 train_loss:deferred train_time:954695ms step_avg:266.53ms
step:3593/5100 train_loss:deferred train_time:954959ms step_avg:266.52ms
step:3594/5100 train_loss:deferred train_time:955225ms step_avg:266.52ms
step:3595/5100 train_loss:deferred train_time:955487ms step_avg:266.52ms
step:3596/5100 train_loss:deferred train_time:955751ms step_avg:266.52ms
step:3597/5100 train_loss:deferred train_time:956014ms step_avg:266.52ms
step:3598/5100 train_loss:deferred train_time:956279ms step_avg:266.52ms
step:3599/5100 train_loss:deferred train_time:956542ms step_avg:266.52ms
step:3600/5100 train_loss:deferred train_time:956806ms step_avg:266.52ms
step:3601/5100 train_loss:deferred train_time:957070ms step_avg:266.52ms
step:3602/5100 train_loss:deferred train_time:957334ms step_avg:266.52ms
step:3603/5100 train_loss:deferred train_time:957597ms step_avg:266.52ms
step:3604/5100 train_loss:deferred train_time:957860ms step_avg:266.52ms
step:3605/5100 train_loss:deferred train_time:958125ms step_avg:266.52ms
step:3606/5100 train_loss:deferred train_time:958390ms step_avg:266.52ms
step:3607/5100 train_loss:deferred train_time:958653ms step_avg:266.51ms
step:3608/5100 train_loss:deferred train_time:958917ms step_avg:266.51ms
step:3609/5100 train_loss:deferred train_time:959181ms step_avg:266.51ms
step:3610/5100 train_loss:deferred train_time:959543ms step_avg:266.54ms
step:3611/5100 train_loss:deferred train_time:960073ms step_avg:266.61ms
step:3612/5100 train_loss:deferred train_time:960337ms step_avg:266.61ms
step:3613/5100 train_loss:deferred train_time:960602ms step_avg:266.61ms
step:3614/5100 train_loss:deferred train_time:960867ms step_avg:266.61ms
step:3615/5100 train_loss:deferred train_time:961131ms step_avg:266.61ms
step:3616/5100 train_loss:deferred train_time:961395ms step_avg:266.61ms
step:3617/5100 train_loss:deferred train_time:961660ms step_avg:266.61ms
step:3618/5100 train_loss:deferred train_time:961924ms step_avg:266.61ms
step:3619/5100 train_loss:deferred train_time:962186ms step_avg:266.61ms
step:3620/5100 train_loss:deferred train_time:962453ms step_avg:266.61ms
step:3621/5100 train_loss:deferred train_time:962716ms step_avg:266.61ms
step:3622/5100 train_loss:deferred train_time:962980ms step_avg:266.61ms
step:3623/5100 train_loss:deferred train_time:963243ms step_avg:266.60ms
step:3624/5100 train_loss:deferred train_time:963506ms step_avg:266.60ms
step:3625/5100 train_loss:deferred train_time:963770ms step_avg:266.60ms
step:3625/5100 val_loss:3.4135 train_time:963931ms step_avg:266.65ms
step:3626/5100 train_loss:deferred train_time:964033ms step_avg:266.60ms
step:3627/5100 train_loss:deferred train_time:964295ms step_avg:266.60ms
step:3628/5100 train_loss:deferred train_time:964559ms step_avg:266.60ms
step:3629/5100 train_loss:deferred train_time:964822ms step_avg:266.60ms
step:3630/5100 train_loss:deferred train_time:965086ms step_avg:266.60ms
step:3631/5100 train_loss:deferred train_time:965350ms step_avg:266.60ms
step:3632/5100 train_loss:deferred train_time:965614ms step_avg:266.60ms
step:3633/5100 train_loss:deferred train_time:965879ms step_avg:266.60ms
step:3634/5100 train_loss:deferred train_time:966145ms step_avg:266.60ms
step:3635/5100 train_loss:deferred train_time:966408ms step_avg:266.60ms
step:3636/5100 train_loss:deferred train_time:966673ms step_avg:266.59ms
step:3637/5100 train_loss:deferred train_time:966936ms step_avg:266.59ms
step:3638/5100 train_loss:deferred train_time:967199ms step_avg:266.59ms
step:3639/5100 train_loss:deferred train_time:967464ms step_avg:266.59ms
step:3640/5100 train_loss:deferred train_time:967726ms step_avg:266.59ms
step:3641/5100 train_loss:deferred train_time:967990ms step_avg:266.59ms
step:3642/5100 train_loss:deferred train_time:968254ms step_avg:266.59ms
step:3643/5100 train_loss:deferred train_time:968518ms step_avg:266.59ms
step:3644/5100 train_loss:deferred train_time:968782ms step_avg:266.59ms
step:3645/5100 train_loss:deferred train_time:969046ms step_avg:266.59ms
step:3646/5100 train_loss:deferred train_time:969310ms step_avg:266.59ms
step:3647/5100 train_loss:deferred train_time:969575ms step_avg:266.59ms
step:3648/5100 train_loss:deferred train_time:969841ms step_avg:266.59ms
step:3649/5100 train_loss:deferred train_time:970104ms step_avg:266.59ms
step:3650/5100 train_loss:deferred train_time:970366ms step_avg:266.58ms
step:3651/5100 train_loss:deferred train_time:970632ms step_avg:266.58ms
step:3652/5100 train_loss:deferred train_time:970895ms step_avg:266.58ms
step:3653/5100 train_loss:deferred train_time:971162ms step_avg:266.58ms
step:3654/5100 train_loss:deferred train_time:971424ms step_avg:266.58ms
step:3655/5100 train_loss:deferred train_time:971688ms step_avg:266.58ms
step:3656/5100 train_loss:deferred train_time:971952ms step_avg:266.58ms
step:3657/5100 train_loss:deferred train_time:972216ms step_avg:266.58ms
step:3658/5100 train_loss:deferred train_time:972480ms step_avg:266.58ms
step:3659/5100 train_loss:deferred train_time:972746ms step_avg:266.58ms
step:3660/5100 train_loss:deferred train_time:973010ms step_avg:266.58ms
step:3661/5100 train_loss:deferred train_time:973274ms step_avg:266.58ms
step:3662/5100 train_loss:deferred train_time:973537ms step_avg:266.58ms
step:3663/5100 train_loss:deferred train_time:973801ms step_avg:266.58ms
step:3664/5100 train_loss:deferred train_time:974065ms step_avg:266.58ms
step:3665/5100 train_loss:deferred train_time:974330ms step_avg:266.57ms
step:3666/5100 train_loss:deferred train_time:974593ms step_avg:266.57ms
step:3667/5100 train_loss:deferred train_time:974858ms step_avg:266.57ms
step:3668/5100 train_loss:deferred train_time:975120ms step_avg:266.57ms
step:3669/5100 train_loss:deferred train_time:975386ms step_avg:266.57ms
step:3670/5100 train_loss:deferred train_time:975649ms step_avg:266.57ms
step:3671/5100 train_loss:deferred train_time:975913ms step_avg:266.57ms
step:3672/5100 train_loss:deferred train_time:976177ms step_avg:266.57ms
step:3673/5100 train_loss:deferred train_time:976441ms step_avg:266.57ms
step:3674/5100 train_loss:deferred train_time:976705ms step_avg:266.57ms
step:3675/5100 train_loss:deferred train_time:976970ms step_avg:266.57ms
step:3676/5100 train_loss:deferred train_time:977233ms step_avg:266.57ms
step:3677/5100 train_loss:deferred train_time:977498ms step_avg:266.57ms
step:3678/5100 train_loss:deferred train_time:977760ms step_avg:266.57ms
step:3679/5100 train_loss:deferred train_time:978024ms step_avg:266.56ms
step:3680/5100 train_loss:deferred train_time:978288ms step_avg:266.56ms
step:3681/5100 train_loss:deferred train_time:978553ms step_avg:266.56ms
step:3682/5100 train_loss:deferred train_time:978817ms step_avg:266.56ms
step:3683/5100 train_loss:deferred train_time:979080ms step_avg:266.56ms
step:3684/5100 train_loss:deferred train_time:979345ms step_avg:266.56ms
step:3685/5100 train_loss:deferred train_time:979608ms step_avg:266.56ms
step:3686/5100 train_loss:deferred train_time:979873ms step_avg:266.56ms
step:3687/5100 train_loss:deferred train_time:980137ms step_avg:266.56ms
step:3688/5100 train_loss:deferred train_time:980402ms step_avg:266.56ms
step:3689/5100 train_loss:deferred train_time:980665ms step_avg:266.56ms
step:3690/5100 train_loss:deferred train_time:980929ms step_avg:266.56ms
step:3691/5100 train_loss:deferred train_time:981194ms step_avg:266.56ms
step:3692/5100 train_loss:deferred train_time:981459ms step_avg:266.56ms
step:3693/5100 train_loss:deferred train_time:981724ms step_avg:266.56ms
step:3694/5100 train_loss:deferred train_time:981986ms step_avg:266.55ms
step:3695/5100 train_loss:deferred train_time:982250ms step_avg:266.55ms
step:3696/5100 train_loss:deferred train_time:982515ms step_avg:266.55ms
step:3697/5100 train_loss:deferred train_time:982777ms step_avg:266.55ms
step:3698/5100 train_loss:deferred train_time:983043ms step_avg:266.55ms
step:3699/5100 train_loss:deferred train_time:983306ms step_avg:266.55ms
step:3700/5100 train_loss:deferred train_time:983571ms step_avg:266.55ms
step:3701/5100 train_loss:deferred train_time:983834ms step_avg:266.55ms
step:3702/5100 train_loss:deferred train_time:984099ms step_avg:266.55ms
step:3703/5100 train_loss:deferred train_time:984363ms step_avg:266.55ms
step:3704/5100 train_loss:deferred train_time:984628ms step_avg:266.55ms
step:3705/5100 train_loss:deferred train_time:984892ms step_avg:266.55ms
step:3706/5100 train_loss:deferred train_time:985155ms step_avg:266.55ms
step:3707/5100 train_loss:deferred train_time:985420ms step_avg:266.55ms
step:3708/5100 train_loss:deferred train_time:985685ms step_avg:266.55ms
step:3709/5100 train_loss:deferred train_time:985950ms step_avg:266.55ms
step:3710/5100 train_loss:deferred train_time:986213ms step_avg:266.54ms
step:3711/5100 train_loss:deferred train_time:986478ms step_avg:266.54ms
step:3712/5100 train_loss:deferred train_time:986741ms step_avg:266.54ms
step:3713/5100 train_loss:deferred train_time:987005ms step_avg:266.54ms
step:3714/5100 train_loss:deferred train_time:987269ms step_avg:266.54ms
step:3715/5100 train_loss:deferred train_time:987531ms step_avg:266.54ms
step:3716/5100 train_loss:deferred train_time:987797ms step_avg:266.54ms
step:3717/5100 train_loss:deferred train_time:988060ms step_avg:266.54ms
step:3718/5100 train_loss:deferred train_time:988324ms step_avg:266.54ms
step:3719/5100 train_loss:deferred train_time:988590ms step_avg:266.54ms
step:3720/5100 train_loss:deferred train_time:988852ms step_avg:266.54ms
step:3721/5100 train_loss:deferred train_time:989117ms step_avg:266.54ms
step:3722/5100 train_loss:deferred train_time:989379ms step_avg:266.54ms
step:3723/5100 train_loss:deferred train_time:989644ms step_avg:266.53ms
step:3724/5100 train_loss:deferred train_time:989908ms step_avg:266.53ms
step:3725/5100 train_loss:deferred train_time:990171ms step_avg:266.53ms
step:3726/5100 train_loss:deferred train_time:990436ms step_avg:266.53ms
step:3727/5100 train_loss:deferred train_time:990701ms step_avg:266.53ms
step:3728/5100 train_loss:deferred train_time:990965ms step_avg:266.53ms
step:3729/5100 train_loss:deferred train_time:991229ms step_avg:266.53ms
step:3730/5100 train_loss:deferred train_time:991493ms step_avg:266.53ms
step:3731/5100 train_loss:deferred train_time:991757ms step_avg:266.53ms
step:3732/5100 train_loss:deferred train_time:992021ms step_avg:266.53ms
step:3733/5100 train_loss:deferred train_time:992286ms step_avg:266.53ms
step:3734/5100 train_loss:deferred train_time:992550ms step_avg:266.53ms
step:3735/5100 train_loss:deferred train_time:992814ms step_avg:266.53ms
step:3736/5100 train_loss:deferred train_time:993079ms step_avg:266.53ms
step:3737/5100 train_loss:deferred train_time:993343ms step_avg:266.53ms
step:3738/5100 train_loss:deferred train_time:993607ms step_avg:266.53ms
step:3739/5100 train_loss:deferred train_time:993871ms step_avg:266.52ms
step:3740/5100 train_loss:deferred train_time:994136ms step_avg:266.52ms
step:3741/5100 train_loss:deferred train_time:994399ms step_avg:266.52ms
step:3742/5100 train_loss:deferred train_time:994664ms step_avg:266.52ms
step:3743/5100 train_loss:deferred train_time:994928ms step_avg:266.52ms
step:3744/5100 train_loss:deferred train_time:995191ms step_avg:266.52ms
step:3745/5100 train_loss:deferred train_time:995455ms step_avg:266.52ms
step:3746/5100 train_loss:deferred train_time:995719ms step_avg:266.52ms
step:3747/5100 train_loss:deferred train_time:995983ms step_avg:266.52ms
step:3748/5100 train_loss:deferred train_time:996247ms step_avg:266.52ms
step:3749/5100 train_loss:deferred train_time:996511ms step_avg:266.52ms
step:3750/5100 train_loss:deferred train_time:996775ms step_avg:266.52ms
step:3750/5100 val_loss:3.4024 train_time:996938ms step_avg:266.56ms
step:3751/5100 train_loss:deferred train_time:997040ms step_avg:266.52ms
step:3752/5100 train_loss:deferred train_time:997303ms step_avg:266.52ms
step:3753/5100 train_loss:deferred train_time:997567ms step_avg:266.52ms
step:3754/5100 train_loss:deferred train_time:997832ms step_avg:266.51ms
step:3755/5100 train_loss:deferred train_time:998094ms step_avg:266.51ms
step:3756/5100 train_loss:deferred train_time:998358ms step_avg:266.51ms
step:3757/5100 train_loss:deferred train_time:998622ms step_avg:266.51ms
step:3758/5100 train_loss:deferred train_time:998886ms step_avg:266.51ms
step:3759/5100 train_loss:deferred train_time:999150ms step_avg:266.51ms
step:3760/5100 train_loss:deferred train_time:999415ms step_avg:266.51ms
step:3761/5100 train_loss:deferred train_time:999678ms step_avg:266.51ms
step:3762/5100 train_loss:deferred train_time:999942ms step_avg:266.51ms
step:3763/5100 train_loss:deferred train_time:1000206ms step_avg:266.51ms
step:3764/5100 train_loss:deferred train_time:1000469ms step_avg:266.51ms
step:3765/5100 train_loss:deferred train_time:1000733ms step_avg:266.51ms
step:3766/5100 train_loss:deferred train_time:1000999ms step_avg:266.51ms
step:3767/5100 train_loss:deferred train_time:1001263ms step_avg:266.51ms
step:3768/5100 train_loss:deferred train_time:1001527ms step_avg:266.51ms
step:3769/5100 train_loss:deferred train_time:1001791ms step_avg:266.50ms
step:3770/5100 train_loss:deferred train_time:1002056ms step_avg:266.50ms
step:3771/5100 train_loss:deferred train_time:1002319ms step_avg:266.50ms
step:3772/5100 train_loss:deferred train_time:1002582ms step_avg:266.50ms
step:3773/5100 train_loss:deferred train_time:1002845ms step_avg:266.50ms
step:3774/5100 train_loss:deferred train_time:1003109ms step_avg:266.50ms
step:3775/5100 train_loss:deferred train_time:1003374ms step_avg:266.50ms
step:3776/5100 train_loss:deferred train_time:1003637ms step_avg:266.50ms
step:3777/5100 train_loss:deferred train_time:1003903ms step_avg:266.50ms
step:3778/5100 train_loss:deferred train_time:1004167ms step_avg:266.50ms
step:3779/5100 train_loss:deferred train_time:1004431ms step_avg:266.50ms
step:3780/5100 train_loss:deferred train_time:1004695ms step_avg:266.50ms
step:3781/5100 train_loss:deferred train_time:1005018ms step_avg:266.51ms
step:3782/5100 train_loss:deferred train_time:1005283ms step_avg:266.51ms
step:3783/5100 train_loss:deferred train_time:1005547ms step_avg:266.51ms
step:3784/5100 train_loss:deferred train_time:1005811ms step_avg:266.51ms
step:3785/5100 train_loss:deferred train_time:1006075ms step_avg:266.51ms
step:3786/5100 train_loss:deferred train_time:1006339ms step_avg:266.51ms
step:3787/5100 train_loss:deferred train_time:1006603ms step_avg:266.51ms
step:3788/5100 train_loss:deferred train_time:1006866ms step_avg:266.51ms
step:3789/5100 train_loss:deferred train_time:1007130ms step_avg:266.51ms
step:3790/5100 train_loss:deferred train_time:1007393ms step_avg:266.51ms
step:3791/5100 train_loss:deferred train_time:1007656ms step_avg:266.51ms
step:3792/5100 train_loss:deferred train_time:1007920ms step_avg:266.50ms
step:3793/5100 train_loss:deferred train_time:1008185ms step_avg:266.50ms
step:3794/5100 train_loss:deferred train_time:1008448ms step_avg:266.50ms
step:3795/5100 train_loss:deferred train_time:1008709ms step_avg:266.50ms
step:3796/5100 train_loss:deferred train_time:1008973ms step_avg:266.50ms
step:3797/5100 train_loss:deferred train_time:1009237ms step_avg:266.50ms
step:3798/5100 train_loss:deferred train_time:1009500ms step_avg:266.50ms
step:3799/5100 train_loss:deferred train_time:1009764ms step_avg:266.50ms
step:3800/5100 train_loss:deferred train_time:1010209ms step_avg:266.55ms
step:3801/5100 train_loss:deferred train_time:1010730ms step_avg:266.61ms
step:3802/5100 train_loss:deferred train_time:1010994ms step_avg:266.61ms
step:3803/5100 train_loss:deferred train_time:1011259ms step_avg:266.61ms
step:3804/5100 train_loss:deferred train_time:1011524ms step_avg:266.61ms
step:3805/5100 train_loss:deferred train_time:1011788ms step_avg:266.61ms
step:3806/5100 train_loss:deferred train_time:1012051ms step_avg:266.61ms
step:3807/5100 train_loss:deferred train_time:1012315ms step_avg:266.61ms
step:3808/5100 train_loss:deferred train_time:1012578ms step_avg:266.61ms
step:3809/5100 train_loss:deferred train_time:1012843ms step_avg:266.61ms
step:3810/5100 train_loss:deferred train_time:1013107ms step_avg:266.61ms
step:3811/5100 train_loss:deferred train_time:1013369ms step_avg:266.61ms
step:3812/5100 train_loss:deferred train_time:1013635ms step_avg:266.61ms
step:3813/5100 train_loss:deferred train_time:1013898ms step_avg:266.60ms
step:3814/5100 train_loss:deferred train_time:1014162ms step_avg:266.60ms
step:3815/5100 train_loss:deferred train_time:1014426ms step_avg:266.60ms
step:3816/5100 train_loss:deferred train_time:1014691ms step_avg:266.60ms
step:3817/5100 train_loss:deferred train_time:1014955ms step_avg:266.60ms
step:3818/5100 train_loss:deferred train_time:1015219ms step_avg:266.60ms
step:3819/5100 train_loss:deferred train_time:1015483ms step_avg:266.60ms
step:3820/5100 train_loss:deferred train_time:1015747ms step_avg:266.60ms
step:3821/5100 train_loss:deferred train_time:1016012ms step_avg:266.60ms
step:3822/5100 train_loss:deferred train_time:1016276ms step_avg:266.60ms
step:3823/5100 train_loss:deferred train_time:1016540ms step_avg:266.60ms
step:3824/5100 train_loss:deferred train_time:1016805ms step_avg:266.60ms
step:3825/5100 train_loss:deferred train_time:1017069ms step_avg:266.60ms
step:3826/5100 train_loss:deferred train_time:1017333ms step_avg:266.60ms
step:3827/5100 train_loss:deferred train_time:1017597ms step_avg:266.60ms
step:3828/5100 train_loss:deferred train_time:1017861ms step_avg:266.60ms
step:3829/5100 train_loss:deferred train_time:1018127ms step_avg:266.60ms
step:3830/5100 train_loss:deferred train_time:1018390ms step_avg:266.59ms
step:3831/5100 train_loss:deferred train_time:1018654ms step_avg:266.59ms
step:3832/5100 train_loss:deferred train_time:1018917ms step_avg:266.59ms
step:3833/5100 train_loss:deferred train_time:1019181ms step_avg:266.59ms
step:3834/5100 train_loss:deferred train_time:1019446ms step_avg:266.59ms
step:3835/5100 train_loss:deferred train_time:1019712ms step_avg:266.59ms
step:3836/5100 train_loss:deferred train_time:1019976ms step_avg:266.59ms
step:3837/5100 train_loss:deferred train_time:1020241ms step_avg:266.59ms
step:3838/5100 train_loss:deferred train_time:1020505ms step_avg:266.59ms
step:3839/5100 train_loss:deferred train_time:1020768ms step_avg:266.59ms
step:3840/5100 train_loss:deferred train_time:1021033ms step_avg:266.59ms
step:3841/5100 train_loss:deferred train_time:1021297ms step_avg:266.59ms
step:3842/5100 train_loss:deferred train_time:1021560ms step_avg:266.59ms
step:3843/5100 train_loss:deferred train_time:1021824ms step_avg:266.59ms
step:3844/5100 train_loss:deferred train_time:1022087ms step_avg:266.59ms
step:3845/5100 train_loss:deferred train_time:1022351ms step_avg:266.58ms
step:3846/5100 train_loss:deferred train_time:1022615ms step_avg:266.58ms
step:3847/5100 train_loss:deferred train_time:1022878ms step_avg:266.58ms
step:3848/5100 train_loss:deferred train_time:1023144ms step_avg:266.58ms
step:3849/5100 train_loss:deferred train_time:1023408ms step_avg:266.58ms
step:3850/5100 train_loss:deferred train_time:1023672ms step_avg:266.58ms
step:3851/5100 train_loss:deferred train_time:1023935ms step_avg:266.58ms
step:3852/5100 train_loss:deferred train_time:1024199ms step_avg:266.58ms
step:3853/5100 train_loss:deferred train_time:1024463ms step_avg:266.58ms
step:3854/5100 train_loss:deferred train_time:1024726ms step_avg:266.58ms
step:3855/5100 train_loss:deferred train_time:1024989ms step_avg:266.58ms
step:3856/5100 train_loss:deferred train_time:1025253ms step_avg:266.58ms
step:3857/5100 train_loss:deferred train_time:1025517ms step_avg:266.58ms
step:3858/5100 train_loss:deferred train_time:1025781ms step_avg:266.58ms
step:3859/5100 train_loss:deferred train_time:1026045ms step_avg:266.57ms
step:3860/5100 train_loss:deferred train_time:1026308ms step_avg:266.57ms
step:3861/5100 train_loss:deferred train_time:1026572ms step_avg:266.57ms
step:3862/5100 train_loss:deferred train_time:1026836ms step_avg:266.57ms
step:3863/5100 train_loss:deferred train_time:1027103ms step_avg:266.57ms
step:3864/5100 train_loss:deferred train_time:1027365ms step_avg:266.57ms
step:3865/5100 train_loss:deferred train_time:1027628ms step_avg:266.57ms
step:3866/5100 train_loss:deferred train_time:1027892ms step_avg:266.57ms
step:3867/5100 train_loss:deferred train_time:1028155ms step_avg:266.57ms
step:3868/5100 train_loss:deferred train_time:1028421ms step_avg:266.57ms
step:3869/5100 train_loss:deferred train_time:1028684ms step_avg:266.57ms
step:3870/5100 train_loss:deferred train_time:1028949ms step_avg:266.57ms
step:3871/5100 train_loss:deferred train_time:1029213ms step_avg:266.57ms
step:3872/5100 train_loss:deferred train_time:1029476ms step_avg:266.57ms
step:3873/5100 train_loss:deferred train_time:1029743ms step_avg:266.57ms
step:3874/5100 train_loss:deferred train_time:1030008ms step_avg:266.57ms
step:3875/5100 train_loss:deferred train_time:1030272ms step_avg:266.56ms
step:3875/5100 val_loss:3.3895 train_time:1030433ms step_avg:266.61ms
step:3876/5100 train_loss:deferred train_time:1030536ms step_avg:266.56ms
step:3877/5100 train_loss:deferred train_time:1030799ms step_avg:266.56ms
step:3878/5100 train_loss:deferred train_time:1031062ms step_avg:266.56ms
step:3879/5100 train_loss:deferred train_time:1031327ms step_avg:266.56ms
step:3880/5100 train_loss:deferred train_time:1031591ms step_avg:266.56ms
step:3881/5100 train_loss:deferred train_time:1031854ms step_avg:266.56ms
step:3882/5100 train_loss:deferred train_time:1032118ms step_avg:266.56ms
step:3883/5100 train_loss:deferred train_time:1032383ms step_avg:266.56ms
step:3884/5100 train_loss:deferred train_time:1032646ms step_avg:266.56ms
step:3885/5100 train_loss:deferred train_time:1032911ms step_avg:266.56ms
step:3886/5100 train_loss:deferred train_time:1033174ms step_avg:266.56ms
step:3887/5100 train_loss:deferred train_time:1033438ms step_avg:266.56ms
step:3888/5100 train_loss:deferred train_time:1033702ms step_avg:266.56ms
step:3889/5100 train_loss:deferred train_time:1033965ms step_avg:266.55ms
step:3890/5100 train_loss:deferred train_time:1034229ms step_avg:266.55ms
step:3891/5100 train_loss:deferred train_time:1034492ms step_avg:266.55ms
step:3892/5100 train_loss:deferred train_time:1034756ms step_avg:266.55ms
step:3893/5100 train_loss:deferred train_time:1035020ms step_avg:266.55ms
step:3894/5100 train_loss:deferred train_time:1035284ms step_avg:266.55ms
step:3895/5100 train_loss:deferred train_time:1035549ms step_avg:266.55ms
step:3896/5100 train_loss:deferred train_time:1035813ms step_avg:266.55ms
step:3897/5100 train_loss:deferred train_time:1036077ms step_avg:266.55ms
step:3898/5100 train_loss:deferred train_time:1036341ms step_avg:266.55ms
step:3899/5100 train_loss:deferred train_time:1036605ms step_avg:266.55ms
step:3900/5100 train_loss:deferred train_time:1036869ms step_avg:266.55ms
step:3901/5100 train_loss:deferred train_time:1037132ms step_avg:266.55ms
step:3902/5100 train_loss:deferred train_time:1037395ms step_avg:266.55ms
step:3903/5100 train_loss:deferred train_time:1037660ms step_avg:266.55ms
step:3904/5100 train_loss:deferred train_time:1037924ms step_avg:266.54ms
step:3905/5100 train_loss:deferred train_time:1038188ms step_avg:266.54ms
step:3906/5100 train_loss:deferred train_time:1038453ms step_avg:266.54ms
step:3907/5100 train_loss:deferred train_time:1038717ms step_avg:266.54ms
step:3908/5100 train_loss:deferred train_time:1038981ms step_avg:266.54ms
step:3909/5100 train_loss:deferred train_time:1039246ms step_avg:266.54ms
step:3910/5100 train_loss:deferred train_time:1039509ms step_avg:266.54ms
step:3911/5100 train_loss:deferred train_time:1039774ms step_avg:266.54ms
step:3912/5100 train_loss:deferred train_time:1040037ms step_avg:266.54ms
step:3913/5100 train_loss:deferred train_time:1040302ms step_avg:266.54ms
step:3914/5100 train_loss:deferred train_time:1040564ms step_avg:266.54ms
step:3915/5100 train_loss:deferred train_time:1040828ms step_avg:266.54ms
step:3916/5100 train_loss:deferred train_time:1041092ms step_avg:266.54ms
step:3917/5100 train_loss:deferred train_time:1041357ms step_avg:266.54ms
step:3918/5100 train_loss:deferred train_time:1041621ms step_avg:266.54ms
step:3919/5100 train_loss:deferred train_time:1041885ms step_avg:266.53ms
step:3920/5100 train_loss:deferred train_time:1042148ms step_avg:266.53ms
step:3921/5100 train_loss:deferred train_time:1042412ms step_avg:266.53ms
step:3922/5100 train_loss:deferred train_time:1042678ms step_avg:266.53ms
step:3923/5100 train_loss:deferred train_time:1042941ms step_avg:266.53ms
step:3924/5100 train_loss:deferred train_time:1043206ms step_avg:266.53ms
step:3925/5100 train_loss:deferred train_time:1043468ms step_avg:266.53ms
step:3926/5100 train_loss:deferred train_time:1043732ms step_avg:266.53ms
step:3927/5100 train_loss:deferred train_time:1043995ms step_avg:266.53ms
step:3928/5100 train_loss:deferred train_time:1044259ms step_avg:266.53ms
step:3929/5100 train_loss:deferred train_time:1044523ms step_avg:266.53ms
step:3930/5100 train_loss:deferred train_time:1044788ms step_avg:266.53ms
step:3931/5100 train_loss:deferred train_time:1045052ms step_avg:266.53ms
step:3932/5100 train_loss:deferred train_time:1045316ms step_avg:266.53ms
step:3933/5100 train_loss:deferred train_time:1045579ms step_avg:266.53ms
step:3934/5100 train_loss:deferred train_time:1045842ms step_avg:266.52ms
step:3935/5100 train_loss:deferred train_time:1046104ms step_avg:266.52ms
step:3936/5100 train_loss:deferred train_time:1046371ms step_avg:266.52ms
step:3937/5100 train_loss:deferred train_time:1046633ms step_avg:266.52ms
step:3938/5100 train_loss:deferred train_time:1046896ms step_avg:266.52ms
step:3939/5100 train_loss:deferred train_time:1047160ms step_avg:266.52ms
step:3940/5100 train_loss:deferred train_time:1047425ms step_avg:266.52ms
step:3941/5100 train_loss:deferred train_time:1047688ms step_avg:266.52ms
step:3942/5100 train_loss:deferred train_time:1047952ms step_avg:266.52ms
step:3943/5100 train_loss:deferred train_time:1048215ms step_avg:266.52ms
step:3944/5100 train_loss:deferred train_time:1048479ms step_avg:266.52ms
step:3945/5100 train_loss:deferred train_time:1048743ms step_avg:266.52ms
step:3946/5100 train_loss:deferred train_time:1049008ms step_avg:266.52ms
step:3947/5100 train_loss:deferred train_time:1049273ms step_avg:266.52ms
step:3948/5100 train_loss:deferred train_time:1049536ms step_avg:266.51ms
step:3949/5100 train_loss:deferred train_time:1049800ms step_avg:266.51ms
step:3950/5100 train_loss:deferred train_time:1050063ms step_avg:266.51ms
step:3951/5100 train_loss:deferred train_time:1050330ms step_avg:266.51ms
step:3952/5100 train_loss:deferred train_time:1050593ms step_avg:266.51ms
step:3953/5100 train_loss:deferred train_time:1050855ms step_avg:266.51ms
step:3954/5100 train_loss:deferred train_time:1051118ms step_avg:266.51ms
step:3955/5100 train_loss:deferred train_time:1051382ms step_avg:266.51ms
step:3956/5100 train_loss:deferred train_time:1051646ms step_avg:266.51ms
step:3957/5100 train_loss:deferred train_time:1051912ms step_avg:266.51ms
step:3958/5100 train_loss:deferred train_time:1052176ms step_avg:266.51ms
step:3959/5100 train_loss:deferred train_time:1052440ms step_avg:266.51ms
step:3960/5100 train_loss:deferred train_time:1052704ms step_avg:266.51ms
step:3961/5100 train_loss:deferred train_time:1052967ms step_avg:266.51ms
step:3962/5100 train_loss:deferred train_time:1053232ms step_avg:266.51ms
step:3963/5100 train_loss:deferred train_time:1053495ms step_avg:266.51ms
step:3964/5100 train_loss:deferred train_time:1053760ms step_avg:266.50ms
step:3965/5100 train_loss:deferred train_time:1054024ms step_avg:266.50ms
step:3966/5100 train_loss:deferred train_time:1054287ms step_avg:266.50ms
step:3967/5100 train_loss:deferred train_time:1054552ms step_avg:266.50ms
step:3968/5100 train_loss:deferred train_time:1054816ms step_avg:266.50ms
step:3969/5100 train_loss:deferred train_time:1055079ms step_avg:266.50ms
step:3970/5100 train_loss:deferred train_time:1055441ms step_avg:266.53ms
step:3971/5100 train_loss:deferred train_time:1055703ms step_avg:266.52ms
step:3972/5100 train_loss:deferred train_time:1055967ms step_avg:266.52ms
step:3973/5100 train_loss:deferred train_time:1056232ms step_avg:266.52ms
step:3974/5100 train_loss:deferred train_time:1056494ms step_avg:266.52ms
step:3975/5100 train_loss:deferred train_time:1056758ms step_avg:266.52ms
step:3976/5100 train_loss:deferred train_time:1057022ms step_avg:266.52ms
step:3977/5100 train_loss:deferred train_time:1057286ms step_avg:266.52ms
step:3978/5100 train_loss:deferred train_time:1057550ms step_avg:266.52ms
step:3979/5100 train_loss:deferred train_time:1057814ms step_avg:266.52ms
step:3980/5100 train_loss:deferred train_time:1058079ms step_avg:266.52ms
step:3981/5100 train_loss:deferred train_time:1058343ms step_avg:266.52ms
step:3982/5100 train_loss:deferred train_time:1058606ms step_avg:266.52ms
step:3983/5100 train_loss:deferred train_time:1058869ms step_avg:266.52ms
step:3984/5100 train_loss:deferred train_time:1059133ms step_avg:266.52ms
step:3985/5100 train_loss:deferred train_time:1059397ms step_avg:266.52ms
step:3986/5100 train_loss:deferred train_time:1059662ms step_avg:266.51ms
step:3987/5100 train_loss:deferred train_time:1059927ms step_avg:266.51ms
step:3988/5100 train_loss:deferred train_time:1060191ms step_avg:266.51ms
step:3989/5100 train_loss:deferred train_time:1060454ms step_avg:266.51ms
step:3990/5100 train_loss:deferred train_time:1060880ms step_avg:266.55ms
step:3991/5100 train_loss:deferred train_time:1061416ms step_avg:266.62ms
step:3992/5100 train_loss:deferred train_time:1061679ms step_avg:266.62ms
step:3993/5100 train_loss:deferred train_time:1061943ms step_avg:266.62ms
step:3994/5100 train_loss:deferred train_time:1062207ms step_avg:266.62ms
step:3995/5100 train_loss:deferred train_time:1062471ms step_avg:266.62ms
step:3996/5100 train_loss:deferred train_time:1062736ms step_avg:266.62ms
step:3997/5100 train_loss:deferred train_time:1063000ms step_avg:266.62ms
step:3998/5100 train_loss:deferred train_time:1063263ms step_avg:266.62ms
step:3999/5100 train_loss:deferred train_time:1063528ms step_avg:266.62ms
step:4000/5100 train_loss:deferred train_time:1063791ms step_avg:266.61ms
step:4000/5100 val_loss:3.3739 train_time:1063955ms step_avg:266.66ms
step:4001/5100 train_loss:deferred train_time:1064057ms step_avg:266.61ms
step:4002/5100 train_loss:deferred train_time:1064319ms step_avg:266.61ms
step:4003/5100 train_loss:deferred train_time:1064583ms step_avg:266.61ms
step:4004/5100 train_loss:deferred train_time:1064848ms step_avg:266.61ms
step:4005/5100 train_loss:deferred train_time:1065111ms step_avg:266.61ms
step:4006/5100 train_loss:deferred train_time:1065375ms step_avg:266.61ms
step:4007/5100 train_loss:deferred train_time:1065639ms step_avg:266.61ms
step:4008/5100 train_loss:deferred train_time:1065904ms step_avg:266.61ms
step:4009/5100 train_loss:deferred train_time:1066168ms step_avg:266.61ms
step:4010/5100 train_loss:deferred train_time:1066432ms step_avg:266.61ms
step:4011/5100 train_loss:deferred train_time:1066695ms step_avg:266.61ms
step:4012/5100 train_loss:deferred train_time:1066958ms step_avg:266.61ms
step:4013/5100 train_loss:deferred train_time:1067223ms step_avg:266.61ms
step:4014/5100 train_loss:deferred train_time:1067491ms step_avg:266.61ms
step:4015/5100 train_loss:deferred train_time:1067755ms step_avg:266.61ms
step:4016/5100 train_loss:deferred train_time:1068017ms step_avg:266.60ms
step:4017/5100 train_loss:deferred train_time:1068283ms step_avg:266.60ms
step:4018/5100 train_loss:deferred train_time:1068546ms step_avg:266.60ms
step:4019/5100 train_loss:deferred train_time:1068810ms step_avg:266.60ms
step:4020/5100 train_loss:deferred train_time:1069074ms step_avg:266.60ms
step:4021/5100 train_loss:deferred train_time:1069338ms step_avg:266.60ms
step:4022/5100 train_loss:deferred train_time:1069602ms step_avg:266.60ms
step:4023/5100 train_loss:deferred train_time:1069867ms step_avg:266.60ms
step:4024/5100 train_loss:deferred train_time:1070130ms step_avg:266.60ms
step:4025/5100 train_loss:deferred train_time:1070393ms step_avg:266.60ms
step:4026/5100 train_loss:deferred train_time:1070657ms step_avg:266.60ms
step:4027/5100 train_loss:deferred train_time:1070921ms step_avg:266.60ms
step:4028/5100 train_loss:deferred train_time:1071185ms step_avg:266.60ms
step:4029/5100 train_loss:deferred train_time:1071449ms step_avg:266.60ms
step:4030/5100 train_loss:deferred train_time:1071713ms step_avg:266.60ms
step:4031/5100 train_loss:deferred train_time:1071975ms step_avg:266.59ms
step:4032/5100 train_loss:deferred train_time:1072238ms step_avg:266.59ms
step:4033/5100 train_loss:deferred train_time:1072503ms step_avg:266.59ms
step:4034/5100 train_loss:deferred train_time:1072768ms step_avg:266.59ms
step:4035/5100 train_loss:deferred train_time:1073032ms step_avg:266.59ms
step:4036/5100 train_loss:deferred train_time:1073297ms step_avg:266.59ms
step:4037/5100 train_loss:deferred train_time:1073559ms step_avg:266.59ms
step:4038/5100 train_loss:deferred train_time:1073824ms step_avg:266.59ms
step:4039/5100 train_loss:deferred train_time:1074087ms step_avg:266.59ms
step:4040/5100 train_loss:deferred train_time:1074351ms step_avg:266.59ms
step:4041/5100 train_loss:deferred train_time:1074614ms step_avg:266.59ms
step:4042/5100 train_loss:deferred train_time:1074878ms step_avg:266.59ms
step:4043/5100 train_loss:deferred train_time:1075141ms step_avg:266.59ms
step:4044/5100 train_loss:deferred train_time:1075405ms step_avg:266.59ms
step:4045/5100 train_loss:deferred train_time:1075668ms step_avg:266.58ms
step:4046/5100 train_loss:deferred train_time:1075931ms step_avg:266.58ms
step:4047/5100 train_loss:deferred train_time:1076195ms step_avg:266.58ms
step:4048/5100 train_loss:deferred train_time:1076459ms step_avg:266.58ms
step:4049/5100 train_loss:deferred train_time:1076724ms step_avg:266.58ms
step:4050/5100 train_loss:deferred train_time:1076987ms step_avg:266.58ms
step:4051/5100 train_loss:deferred train_time:1077251ms step_avg:266.58ms
step:4052/5100 train_loss:deferred train_time:1077515ms step_avg:266.58ms
step:4053/5100 train_loss:deferred train_time:1077779ms step_avg:266.58ms
step:4054/5100 train_loss:deferred train_time:1078042ms step_avg:266.58ms
step:4055/5100 train_loss:deferred train_time:1078306ms step_avg:266.58ms
step:4056/5100 train_loss:deferred train_time:1078571ms step_avg:266.58ms
step:4057/5100 train_loss:deferred train_time:1078834ms step_avg:266.58ms
step:4058/5100 train_loss:deferred train_time:1079098ms step_avg:266.58ms
step:4059/5100 train_loss:deferred train_time:1079362ms step_avg:266.57ms
step:4060/5100 train_loss:deferred train_time:1079628ms step_avg:266.57ms
step:4061/5100 train_loss:deferred train_time:1079891ms step_avg:266.57ms
step:4062/5100 train_loss:deferred train_time:1080155ms step_avg:266.57ms
step:4063/5100 train_loss:deferred train_time:1080419ms step_avg:266.57ms
step:4064/5100 train_loss:deferred train_time:1080682ms step_avg:266.57ms
step:4065/5100 train_loss:deferred train_time:1080944ms step_avg:266.57ms
step:4066/5100 train_loss:deferred train_time:1081211ms step_avg:266.57ms
step:4067/5100 train_loss:deferred train_time:1081474ms step_avg:266.57ms
step:4068/5100 train_loss:deferred train_time:1081739ms step_avg:266.57ms
step:4069/5100 train_loss:deferred train_time:1082004ms step_avg:266.57ms
step:4070/5100 train_loss:deferred train_time:1082267ms step_avg:266.57ms
step:4071/5100 train_loss:deferred train_time:1082529ms step_avg:266.57ms
step:4072/5100 train_loss:deferred train_time:1082792ms step_avg:266.57ms
step:4073/5100 train_loss:deferred train_time:1083057ms step_avg:266.57ms
step:4074/5100 train_loss:deferred train_time:1083320ms step_avg:266.57ms
step:4075/5100 train_loss:deferred train_time:1083584ms step_avg:266.56ms
step:4076/5100 train_loss:deferred train_time:1083850ms step_avg:266.56ms
step:4077/5100 train_loss:deferred train_time:1084114ms step_avg:266.56ms
step:4078/5100 train_loss:deferred train_time:1084378ms step_avg:266.56ms
step:4079/5100 train_loss:deferred train_time:1084642ms step_avg:266.56ms
step:4080/5100 train_loss:deferred train_time:1084905ms step_avg:266.56ms
step:4081/5100 train_loss:deferred train_time:1085168ms step_avg:266.56ms
step:4082/5100 train_loss:deferred train_time:1085431ms step_avg:266.56ms
step:4083/5100 train_loss:deferred train_time:1085695ms step_avg:266.56ms
step:4084/5100 train_loss:deferred train_time:1085965ms step_avg:266.56ms
step:4085/5100 train_loss:deferred train_time:1086229ms step_avg:266.56ms
step:4086/5100 train_loss:deferred train_time:1086493ms step_avg:266.56ms
step:4087/5100 train_loss:deferred train_time:1086755ms step_avg:266.56ms
step:4088/5100 train_loss:deferred train_time:1087015ms step_avg:266.56ms
step:4089/5100 train_loss:deferred train_time:1087278ms step_avg:266.56ms
step:4090/5100 train_loss:deferred train_time:1087542ms step_avg:266.55ms
step:4091/5100 train_loss:deferred train_time:1087806ms step_avg:266.55ms
step:4092/5100 train_loss:deferred train_time:1088071ms step_avg:266.55ms
step:4093/5100 train_loss:deferred train_time:1088335ms step_avg:266.55ms
step:4094/5100 train_loss:deferred train_time:1088598ms step_avg:266.55ms
step:4095/5100 train_loss:deferred train_time:1088862ms step_avg:266.55ms
step:4096/5100 train_loss:deferred train_time:1089127ms step_avg:266.55ms
step:4097/5100 train_loss:deferred train_time:1089391ms step_avg:266.55ms
step:4098/5100 train_loss:deferred train_time:1089655ms step_avg:266.55ms
step:4099/5100 train_loss:deferred train_time:1089918ms step_avg:266.55ms
step:4100/5100 train_loss:deferred train_time:1090182ms step_avg:266.55ms
step:4101/5100 train_loss:deferred train_time:1090448ms step_avg:266.55ms
step:4102/5100 train_loss:deferred train_time:1090712ms step_avg:266.55ms
step:4103/5100 train_loss:deferred train_time:1090974ms step_avg:266.55ms
step:4104/5100 train_loss:deferred train_time:1091240ms step_avg:266.55ms
step:4105/5100 train_loss:deferred train_time:1091505ms step_avg:266.55ms
step:4106/5100 train_loss:deferred train_time:1091768ms step_avg:266.54ms
step:4107/5100 train_loss:deferred train_time:1092033ms step_avg:266.54ms
step:4108/5100 train_loss:deferred train_time:1092296ms step_avg:266.54ms
step:4109/5100 train_loss:deferred train_time:1092560ms step_avg:266.54ms
step:4110/5100 train_loss:deferred train_time:1092823ms step_avg:266.54ms
step:4111/5100 train_loss:deferred train_time:1093087ms step_avg:266.54ms
step:4112/5100 train_loss:deferred train_time:1093351ms step_avg:266.54ms
step:4113/5100 train_loss:deferred train_time:1093616ms step_avg:266.54ms
step:4114/5100 train_loss:deferred train_time:1093882ms step_avg:266.54ms
step:4115/5100 train_loss:deferred train_time:1094146ms step_avg:266.54ms
step:4116/5100 train_loss:deferred train_time:1094411ms step_avg:266.54ms
step:4117/5100 train_loss:deferred train_time:1094674ms step_avg:266.54ms
step:4118/5100 train_loss:deferred train_time:1094937ms step_avg:266.54ms
step:4119/5100 train_loss:deferred train_time:1095199ms step_avg:266.54ms
step:4120/5100 train_loss:deferred train_time:1095464ms step_avg:266.54ms
step:4121/5100 train_loss:deferred train_time:1095728ms step_avg:266.54ms
step:4122/5100 train_loss:deferred train_time:1095992ms step_avg:266.53ms
step:4123/5100 train_loss:deferred train_time:1096255ms step_avg:266.53ms
step:4124/5100 train_loss:deferred train_time:1096520ms step_avg:266.53ms
step:4125/5100 train_loss:deferred train_time:1096785ms step_avg:266.53ms
step:4125/5100 val_loss:3.3606 train_time:1096948ms step_avg:266.57ms
step:4126/5100 train_loss:deferred train_time:1097049ms step_avg:266.53ms
step:4127/5100 train_loss:deferred train_time:1097312ms step_avg:266.53ms
step:4128/5100 train_loss:deferred train_time:1097576ms step_avg:266.53ms
step:4129/5100 train_loss:deferred train_time:1097841ms step_avg:266.53ms
step:4130/5100 train_loss:deferred train_time:1098104ms step_avg:266.53ms
step:4131/5100 train_loss:deferred train_time:1098368ms step_avg:266.53ms
step:4132/5100 train_loss:deferred train_time:1098632ms step_avg:266.53ms
step:4133/5100 train_loss:deferred train_time:1098896ms step_avg:266.53ms
step:4134/5100 train_loss:deferred train_time:1099160ms step_avg:266.53ms
step:4135/5100 train_loss:deferred train_time:1099425ms step_avg:266.53ms
step:4136/5100 train_loss:deferred train_time:1099688ms step_avg:266.53ms
step:4137/5100 train_loss:deferred train_time:1099951ms step_avg:266.53ms
step:4138/5100 train_loss:deferred train_time:1100215ms step_avg:266.52ms
step:4139/5100 train_loss:deferred train_time:1100479ms step_avg:266.52ms
step:4140/5100 train_loss:deferred train_time:1100743ms step_avg:266.52ms
step:4141/5100 train_loss:deferred train_time:1101008ms step_avg:266.52ms
step:4142/5100 train_loss:deferred train_time:1101272ms step_avg:266.52ms
step:4143/5100 train_loss:deferred train_time:1101537ms step_avg:266.52ms
step:4144/5100 train_loss:deferred train_time:1101801ms step_avg:266.52ms
step:4145/5100 train_loss:deferred train_time:1102066ms step_avg:266.52ms
step:4146/5100 train_loss:deferred train_time:1102329ms step_avg:266.52ms
step:4147/5100 train_loss:deferred train_time:1102593ms step_avg:266.52ms
step:4148/5100 train_loss:deferred train_time:1102856ms step_avg:266.52ms
step:4149/5100 train_loss:deferred train_time:1103120ms step_avg:266.52ms
step:4150/5100 train_loss:deferred train_time:1103384ms step_avg:266.52ms
step:4151/5100 train_loss:deferred train_time:1103647ms step_avg:266.52ms
step:4152/5100 train_loss:deferred train_time:1103910ms step_avg:266.52ms
step:4153/5100 train_loss:deferred train_time:1104176ms step_avg:266.52ms
step:4154/5100 train_loss:deferred train_time:1104441ms step_avg:266.52ms
step:4155/5100 train_loss:deferred train_time:1104705ms step_avg:266.51ms
step:4156/5100 train_loss:deferred train_time:1104968ms step_avg:266.51ms
step:4157/5100 train_loss:deferred train_time:1105231ms step_avg:266.51ms
step:4158/5100 train_loss:deferred train_time:1105494ms step_avg:266.51ms
step:4159/5100 train_loss:deferred train_time:1105759ms step_avg:266.51ms
step:4160/5100 train_loss:deferred train_time:1106024ms step_avg:266.51ms
step:4161/5100 train_loss:deferred train_time:1106287ms step_avg:266.51ms
step:4162/5100 train_loss:deferred train_time:1106551ms step_avg:266.51ms
step:4163/5100 train_loss:deferred train_time:1106815ms step_avg:266.51ms
step:4164/5100 train_loss:deferred train_time:1107080ms step_avg:266.51ms
step:4165/5100 train_loss:deferred train_time:1107344ms step_avg:266.51ms
step:4166/5100 train_loss:deferred train_time:1107609ms step_avg:266.51ms
step:4167/5100 train_loss:deferred train_time:1107871ms step_avg:266.51ms
step:4168/5100 train_loss:deferred train_time:1108135ms step_avg:266.51ms
step:4169/5100 train_loss:deferred train_time:1108400ms step_avg:266.51ms
step:4170/5100 train_loss:deferred train_time:1108663ms step_avg:266.51ms
step:4171/5100 train_loss:deferred train_time:1108928ms step_avg:266.51ms
step:4172/5100 train_loss:deferred train_time:1109191ms step_avg:266.50ms
step:4173/5100 train_loss:deferred train_time:1109456ms step_avg:266.50ms
step:4174/5100 train_loss:deferred train_time:1109720ms step_avg:266.50ms
step:4175/5100 train_loss:deferred train_time:1109983ms step_avg:266.50ms
step:4176/5100 train_loss:deferred train_time:1110247ms step_avg:266.50ms
step:4177/5100 train_loss:deferred train_time:1110512ms step_avg:266.50ms
step:4178/5100 train_loss:deferred train_time:1110776ms step_avg:266.50ms
step:4179/5100 train_loss:deferred train_time:1111039ms step_avg:266.50ms
step:4180/5100 train_loss:deferred train_time:1111684ms step_avg:266.59ms
step:4181/5100 train_loss:deferred train_time:1111946ms step_avg:266.59ms
step:4182/5100 train_loss:deferred train_time:1112212ms step_avg:266.59ms
step:4183/5100 train_loss:deferred train_time:1112476ms step_avg:266.59ms
step:4184/5100 train_loss:deferred train_time:1112740ms step_avg:266.59ms
step:4185/5100 train_loss:deferred train_time:1113003ms step_avg:266.59ms
step:4186/5100 train_loss:deferred train_time:1113268ms step_avg:266.59ms
step:4187/5100 train_loss:deferred train_time:1113531ms step_avg:266.59ms
step:4188/5100 train_loss:deferred train_time:1113795ms step_avg:266.59ms
step:4189/5100 train_loss:deferred train_time:1114059ms step_avg:266.59ms
step:4190/5100 train_loss:deferred train_time:1114324ms step_avg:266.58ms
step:4191/5100 train_loss:deferred train_time:1114587ms step_avg:266.58ms
step:4192/5100 train_loss:deferred train_time:1114850ms step_avg:266.58ms
step:4193/5100 train_loss:deferred train_time:1115114ms step_avg:266.58ms
step:4194/5100 train_loss:deferred train_time:1115378ms step_avg:266.58ms
step:4195/5100 train_loss:deferred train_time:1115642ms step_avg:266.58ms
step:4196/5100 train_loss:deferred train_time:1115907ms step_avg:266.58ms
step:4197/5100 train_loss:deferred train_time:1116170ms step_avg:266.58ms
step:4198/5100 train_loss:deferred train_time:1116434ms step_avg:266.58ms
step:4199/5100 train_loss:deferred train_time:1116698ms step_avg:266.58ms
step:4200/5100 train_loss:deferred train_time:1116961ms step_avg:266.58ms
step:4201/5100 train_loss:deferred train_time:1117225ms step_avg:266.58ms
step:4202/5100 train_loss:deferred train_time:1117488ms step_avg:266.58ms
step:4203/5100 train_loss:deferred train_time:1117751ms step_avg:266.58ms
step:4204/5100 train_loss:deferred train_time:1118015ms step_avg:266.57ms
step:4205/5100 train_loss:deferred train_time:1118282ms step_avg:266.57ms
step:4206/5100 train_loss:deferred train_time:1118545ms step_avg:266.57ms
step:4207/5100 train_loss:deferred train_time:1118808ms step_avg:266.57ms
step:4208/5100 train_loss:deferred train_time:1119072ms step_avg:266.57ms
step:4209/5100 train_loss:deferred train_time:1119337ms step_avg:266.57ms
step:4210/5100 train_loss:deferred train_time:1119601ms step_avg:266.57ms
step:4211/5100 train_loss:deferred train_time:1119864ms step_avg:266.57ms
step:4212/5100 train_loss:deferred train_time:1120128ms step_avg:266.57ms
step:4213/5100 train_loss:deferred train_time:1120393ms step_avg:266.57ms
step:4214/5100 train_loss:deferred train_time:1120657ms step_avg:266.57ms
step:4215/5100 train_loss:deferred train_time:1120921ms step_avg:266.57ms
step:4216/5100 train_loss:deferred train_time:1121184ms step_avg:266.57ms
step:4217/5100 train_loss:deferred train_time:1121449ms step_avg:266.57ms
step:4218/5100 train_loss:deferred train_time:1121714ms step_avg:266.57ms
step:4219/5100 train_loss:deferred train_time:1121977ms step_avg:266.57ms
step:4220/5100 train_loss:deferred train_time:1122241ms step_avg:266.57ms
step:4221/5100 train_loss:deferred train_time:1122504ms step_avg:266.56ms
step:4222/5100 train_loss:deferred train_time:1122769ms step_avg:266.56ms
step:4223/5100 train_loss:deferred train_time:1123033ms step_avg:266.56ms
step:4224/5100 train_loss:deferred train_time:1123296ms step_avg:266.56ms
step:4225/5100 train_loss:deferred train_time:1123559ms step_avg:266.56ms
step:4226/5100 train_loss:deferred train_time:1123822ms step_avg:266.56ms
step:4227/5100 train_loss:deferred train_time:1124086ms step_avg:266.56ms
step:4228/5100 train_loss:deferred train_time:1124350ms step_avg:266.56ms
step:4229/5100 train_loss:deferred train_time:1124615ms step_avg:266.56ms
step:4230/5100 train_loss:deferred train_time:1124878ms step_avg:266.56ms
step:4231/5100 train_loss:deferred train_time:1125142ms step_avg:266.56ms
step:4232/5100 train_loss:deferred train_time:1125406ms step_avg:266.56ms
step:4233/5100 train_loss:deferred train_time:1125670ms step_avg:266.56ms
step:4234/5100 train_loss:deferred train_time:1125934ms step_avg:266.56ms
step:4235/5100 train_loss:deferred train_time:1126198ms step_avg:266.56ms
step:4236/5100 train_loss:deferred train_time:1126462ms step_avg:266.56ms
step:4237/5100 train_loss:deferred train_time:1126727ms step_avg:266.55ms
step:4238/5100 train_loss:deferred train_time:1126991ms step_avg:266.55ms
step:4239/5100 train_loss:deferred train_time:1127254ms step_avg:266.55ms
step:4240/5100 train_loss:deferred train_time:1127519ms step_avg:266.55ms
step:4241/5100 train_loss:deferred train_time:1127783ms step_avg:266.55ms
step:4242/5100 train_loss:deferred train_time:1128049ms step_avg:266.55ms
step:4243/5100 train_loss:deferred train_time:1128311ms step_avg:266.55ms
step:4244/5100 train_loss:deferred train_time:1128575ms step_avg:266.55ms
step:4245/5100 train_loss:deferred train_time:1128839ms step_avg:266.55ms
step:4246/5100 train_loss:deferred train_time:1129105ms step_avg:266.55ms
step:4247/5100 train_loss:deferred train_time:1129367ms step_avg:266.55ms
step:4248/5100 train_loss:deferred train_time:1129631ms step_avg:266.55ms
step:4249/5100 train_loss:deferred train_time:1129896ms step_avg:266.55ms
step:4250/5100 train_loss:deferred train_time:1130158ms step_avg:266.55ms
step:4250/5100 val_loss:3.3482 train_time:1130321ms step_avg:266.59ms
step:4251/5100 train_loss:deferred train_time:1130423ms step_avg:266.55ms
step:4252/5100 train_loss:deferred train_time:1130686ms step_avg:266.55ms
step:4253/5100 train_loss:deferred train_time:1130950ms step_avg:266.54ms
step:4254/5100 train_loss:deferred train_time:1131214ms step_avg:266.54ms
step:4255/5100 train_loss:deferred train_time:1131478ms step_avg:266.54ms
step:4256/5100 train_loss:deferred train_time:1131742ms step_avg:266.54ms
step:4257/5100 train_loss:deferred train_time:1132007ms step_avg:266.54ms
step:4258/5100 train_loss:deferred train_time:1132270ms step_avg:266.54ms
step:4259/5100 train_loss:deferred train_time:1132534ms step_avg:266.54ms
step:4260/5100 train_loss:deferred train_time:1132798ms step_avg:266.54ms
step:4261/5100 train_loss:deferred train_time:1133060ms step_avg:266.54ms
step:4262/5100 train_loss:deferred train_time:1133324ms step_avg:266.54ms
step:4263/5100 train_loss:deferred train_time:1133588ms step_avg:266.54ms
step:4264/5100 train_loss:deferred train_time:1133852ms step_avg:266.54ms
step:4265/5100 train_loss:deferred train_time:1134116ms step_avg:266.54ms
step:4266/5100 train_loss:deferred train_time:1134379ms step_avg:266.54ms
step:4267/5100 train_loss:deferred train_time:1134644ms step_avg:266.54ms
step:4268/5100 train_loss:deferred train_time:1134908ms step_avg:266.54ms
step:4269/5100 train_loss:deferred train_time:1135172ms step_avg:266.53ms
step:4270/5100 train_loss:deferred train_time:1135436ms step_avg:266.53ms
step:4271/5100 train_loss:deferred train_time:1135700ms step_avg:266.53ms
step:4272/5100 train_loss:deferred train_time:1135964ms step_avg:266.53ms
step:4273/5100 train_loss:deferred train_time:1136227ms step_avg:266.53ms
step:4274/5100 train_loss:deferred train_time:1136492ms step_avg:266.53ms
step:4275/5100 train_loss:deferred train_time:1136755ms step_avg:266.53ms
step:4276/5100 train_loss:deferred train_time:1137019ms step_avg:266.53ms
step:4277/5100 train_loss:deferred train_time:1137284ms step_avg:266.53ms
step:4278/5100 train_loss:deferred train_time:1137547ms step_avg:266.53ms
step:4279/5100 train_loss:deferred train_time:1137812ms step_avg:266.53ms
step:4280/5100 train_loss:deferred train_time:1138075ms step_avg:266.53ms
step:4281/5100 train_loss:deferred train_time:1138340ms step_avg:266.53ms
step:4282/5100 train_loss:deferred train_time:1138603ms step_avg:266.53ms
step:4283/5100 train_loss:deferred train_time:1138868ms step_avg:266.53ms
step:4284/5100 train_loss:deferred train_time:1139132ms step_avg:266.53ms
step:4285/5100 train_loss:deferred train_time:1139396ms step_avg:266.53ms
step:4286/5100 train_loss:deferred train_time:1139662ms step_avg:266.53ms
step:4287/5100 train_loss:deferred train_time:1139926ms step_avg:266.52ms
step:4288/5100 train_loss:deferred train_time:1140189ms step_avg:266.52ms
step:4289/5100 train_loss:deferred train_time:1140453ms step_avg:266.52ms
step:4290/5100 train_loss:deferred train_time:1140717ms step_avg:266.52ms
step:4291/5100 train_loss:deferred train_time:1140981ms step_avg:266.52ms
step:4292/5100 train_loss:deferred train_time:1141245ms step_avg:266.52ms
step:4293/5100 train_loss:deferred train_time:1141510ms step_avg:266.52ms
step:4294/5100 train_loss:deferred train_time:1141774ms step_avg:266.52ms
step:4295/5100 train_loss:deferred train_time:1142039ms step_avg:266.52ms
step:4296/5100 train_loss:deferred train_time:1142304ms step_avg:266.52ms
step:4297/5100 train_loss:deferred train_time:1142566ms step_avg:266.52ms
step:4298/5100 train_loss:deferred train_time:1142830ms step_avg:266.52ms
step:4299/5100 train_loss:deferred train_time:1143094ms step_avg:266.52ms
step:4300/5100 train_loss:deferred train_time:1143359ms step_avg:266.52ms
step:4301/5100 train_loss:deferred train_time:1143622ms step_avg:266.52ms
step:4302/5100 train_loss:deferred train_time:1143886ms step_avg:266.52ms
step:4303/5100 train_loss:deferred train_time:1144149ms step_avg:266.51ms
step:4304/5100 train_loss:deferred train_time:1144413ms step_avg:266.51ms
step:4305/5100 train_loss:deferred train_time:1144677ms step_avg:266.51ms
step:4306/5100 train_loss:deferred train_time:1144939ms step_avg:266.51ms
step:4307/5100 train_loss:deferred train_time:1145204ms step_avg:266.51ms
step:4308/5100 train_loss:deferred train_time:1145470ms step_avg:266.51ms
step:4309/5100 train_loss:deferred train_time:1145734ms step_avg:266.51ms
step:4310/5100 train_loss:deferred train_time:1145998ms step_avg:266.51ms
step:4311/5100 train_loss:deferred train_time:1146262ms step_avg:266.51ms
step:4312/5100 train_loss:deferred train_time:1146524ms step_avg:266.51ms
step:4313/5100 train_loss:deferred train_time:1146787ms step_avg:266.51ms
step:4314/5100 train_loss:deferred train_time:1147051ms step_avg:266.51ms
step:4315/5100 train_loss:deferred train_time:1147317ms step_avg:266.51ms
step:4316/5100 train_loss:deferred train_time:1147581ms step_avg:266.51ms
step:4317/5100 train_loss:deferred train_time:1147846ms step_avg:266.51ms
step:4318/5100 train_loss:deferred train_time:1148110ms step_avg:266.51ms
step:4319/5100 train_loss:deferred train_time:1148374ms step_avg:266.51ms
step:4320/5100 train_loss:deferred train_time:1148639ms step_avg:266.51ms
step:4321/5100 train_loss:deferred train_time:1148903ms step_avg:266.51ms
step:4322/5100 train_loss:deferred train_time:1149167ms step_avg:266.50ms
step:4323/5100 train_loss:deferred train_time:1149431ms step_avg:266.50ms
step:4324/5100 train_loss:deferred train_time:1149695ms step_avg:266.50ms
step:4325/5100 train_loss:deferred train_time:1149960ms step_avg:266.50ms
step:4326/5100 train_loss:deferred train_time:1150224ms step_avg:266.50ms
step:4327/5100 train_loss:deferred train_time:1150487ms step_avg:266.50ms
step:4328/5100 train_loss:deferred train_time:1150751ms step_avg:266.50ms
step:4329/5100 train_loss:deferred train_time:1151014ms step_avg:266.50ms
step:4330/5100 train_loss:deferred train_time:1151278ms step_avg:266.50ms
step:4331/5100 train_loss:deferred train_time:1151542ms step_avg:266.50ms
step:4332/5100 train_loss:deferred train_time:1151807ms step_avg:266.50ms
step:4333/5100 train_loss:deferred train_time:1152072ms step_avg:266.50ms
step:4334/5100 train_loss:deferred train_time:1152336ms step_avg:266.50ms
step:4335/5100 train_loss:deferred train_time:1152601ms step_avg:266.50ms
step:4336/5100 train_loss:deferred train_time:1152865ms step_avg:266.50ms
step:4337/5100 train_loss:deferred train_time:1153129ms step_avg:266.50ms
step:4338/5100 train_loss:deferred train_time:1153394ms step_avg:266.50ms
step:4339/5100 train_loss:deferred train_time:1153657ms step_avg:266.50ms
step:4340/5100 train_loss:deferred train_time:1153922ms step_avg:266.49ms
step:4341/5100 train_loss:deferred train_time:1154186ms step_avg:266.49ms
step:4342/5100 train_loss:deferred train_time:1154450ms step_avg:266.49ms
step:4343/5100 train_loss:deferred train_time:1154714ms step_avg:266.49ms
step:4344/5100 train_loss:deferred train_time:1154978ms step_avg:266.49ms
step:4345/5100 train_loss:deferred train_time:1155242ms step_avg:266.49ms
step:4346/5100 train_loss:deferred train_time:1155506ms step_avg:266.49ms
step:4347/5100 train_loss:deferred train_time:1155769ms step_avg:266.49ms
step:4348/5100 train_loss:deferred train_time:1156168ms step_avg:266.52ms
step:4349/5100 train_loss:deferred train_time:1156433ms step_avg:266.52ms
step:4350/5100 train_loss:deferred train_time:1156699ms step_avg:266.52ms
step:4351/5100 train_loss:deferred train_time:1156962ms step_avg:266.52ms
step:4352/5100 train_loss:deferred train_time:1157226ms step_avg:266.52ms
step:4353/5100 train_loss:deferred train_time:1157490ms step_avg:266.52ms
step:4354/5100 train_loss:deferred train_time:1157756ms step_avg:266.52ms
step:4355/5100 train_loss:deferred train_time:1158020ms step_avg:266.52ms
step:4356/5100 train_loss:deferred train_time:1158284ms step_avg:266.52ms
step:4357/5100 train_loss:deferred train_time:1158548ms step_avg:266.52ms
step:4358/5100 train_loss:deferred train_time:1158811ms step_avg:266.52ms
step:4359/5100 train_loss:deferred train_time:1159074ms step_avg:266.52ms
step:4360/5100 train_loss:deferred train_time:1159338ms step_avg:266.51ms
step:4361/5100 train_loss:deferred train_time:1159602ms step_avg:266.51ms
step:4362/5100 train_loss:deferred train_time:1159866ms step_avg:266.51ms
step:4363/5100 train_loss:deferred train_time:1160130ms step_avg:266.51ms
step:4364/5100 train_loss:deferred train_time:1160394ms step_avg:266.51ms
step:4365/5100 train_loss:deferred train_time:1160658ms step_avg:266.51ms
step:4366/5100 train_loss:deferred train_time:1160921ms step_avg:266.51ms
step:4367/5100 train_loss:deferred train_time:1161185ms step_avg:266.51ms
step:4368/5100 train_loss:deferred train_time:1161449ms step_avg:266.51ms
step:4369/5100 train_loss:deferred train_time:1161712ms step_avg:266.51ms
step:4370/5100 train_loss:deferred train_time:1162061ms step_avg:266.53ms
step:4371/5100 train_loss:deferred train_time:1162580ms step_avg:266.59ms
step:4372/5100 train_loss:deferred train_time:1162845ms step_avg:266.59ms
step:4373/5100 train_loss:deferred train_time:1163110ms step_avg:266.58ms
step:4374/5100 train_loss:deferred train_time:1163373ms step_avg:266.58ms
step:4375/5100 train_loss:deferred train_time:1163637ms step_avg:266.58ms
step:4375/5100 val_loss:3.3343 train_time:1163799ms step_avg:266.62ms
step:4376/5100 train_loss:deferred train_time:1163901ms step_avg:266.58ms
step:4377/5100 train_loss:deferred train_time:1164164ms step_avg:266.58ms
step:4378/5100 train_loss:deferred train_time:1164427ms step_avg:266.58ms
step:4379/5100 train_loss:deferred train_time:1164691ms step_avg:266.58ms
step:4380/5100 train_loss:deferred train_time:1164955ms step_avg:266.58ms
step:4381/5100 train_loss:deferred train_time:1165218ms step_avg:266.58ms
step:4382/5100 train_loss:deferred train_time:1165481ms step_avg:266.58ms
step:4383/5100 train_loss:deferred train_time:1165745ms step_avg:266.58ms
step:4384/5100 train_loss:deferred train_time:1166011ms step_avg:266.58ms
step:4385/5100 train_loss:deferred train_time:1166276ms step_avg:266.58ms
step:4386/5100 train_loss:deferred train_time:1166539ms step_avg:266.58ms
step:4387/5100 train_loss:deferred train_time:1166805ms step_avg:266.58ms
step:4388/5100 train_loss:deferred train_time:1167069ms step_avg:266.58ms
step:4389/5100 train_loss:deferred train_time:1167333ms step_avg:266.58ms
step:4390/5100 train_loss:deferred train_time:1167595ms step_avg:266.57ms
step:4391/5100 train_loss:deferred train_time:1167859ms step_avg:266.57ms
step:4392/5100 train_loss:deferred train_time:1168123ms step_avg:266.57ms
step:4393/5100 train_loss:deferred train_time:1168387ms step_avg:266.57ms
step:4394/5100 train_loss:deferred train_time:1168652ms step_avg:266.57ms
step:4395/5100 train_loss:deferred train_time:1168914ms step_avg:266.57ms
step:4396/5100 train_loss:deferred train_time:1169181ms step_avg:266.57ms
step:4397/5100 train_loss:deferred train_time:1169445ms step_avg:266.57ms
step:4398/5100 train_loss:deferred train_time:1169707ms step_avg:266.57ms
step:4399/5100 train_loss:deferred train_time:1169970ms step_avg:266.57ms
step:4400/5100 train_loss:deferred train_time:1170236ms step_avg:266.57ms
step:4401/5100 train_loss:deferred train_time:1170498ms step_avg:266.57ms
step:4402/5100 train_loss:deferred train_time:1170763ms step_avg:266.57ms
step:4403/5100 train_loss:deferred train_time:1171026ms step_avg:266.57ms
step:4404/5100 train_loss:deferred train_time:1171289ms step_avg:266.57ms
step:4405/5100 train_loss:deferred train_time:1171554ms step_avg:266.57ms
step:4406/5100 train_loss:deferred train_time:1171817ms step_avg:266.56ms
step:4407/5100 train_loss:deferred train_time:1172083ms step_avg:266.56ms
step:4408/5100 train_loss:deferred train_time:1172346ms step_avg:266.56ms
step:4409/5100 train_loss:deferred train_time:1172611ms step_avg:266.56ms
step:4410/5100 train_loss:deferred train_time:1172875ms step_avg:266.56ms
step:4411/5100 train_loss:deferred train_time:1173138ms step_avg:266.56ms
step:4412/5100 train_loss:deferred train_time:1173402ms step_avg:266.56ms
step:4413/5100 train_loss:deferred train_time:1173667ms step_avg:266.56ms
step:4414/5100 train_loss:deferred train_time:1173930ms step_avg:266.56ms
step:4415/5100 train_loss:deferred train_time:1174194ms step_avg:266.56ms
step:4416/5100 train_loss:deferred train_time:1174457ms step_avg:266.56ms
step:4417/5100 train_loss:deferred train_time:1174721ms step_avg:266.56ms
step:4418/5100 train_loss:deferred train_time:1174986ms step_avg:266.56ms
step:4419/5100 train_loss:deferred train_time:1175249ms step_avg:266.56ms
step:4420/5100 train_loss:deferred train_time:1175513ms step_avg:266.56ms
step:4421/5100 train_loss:deferred train_time:1175777ms step_avg:266.56ms
step:4422/5100 train_loss:deferred train_time:1176041ms step_avg:266.56ms
step:4423/5100 train_loss:deferred train_time:1176303ms step_avg:266.55ms
step:4424/5100 train_loss:deferred train_time:1176569ms step_avg:266.55ms
step:4425/5100 train_loss:deferred train_time:1176833ms step_avg:266.55ms
step:4426/5100 train_loss:deferred train_time:1177098ms step_avg:266.55ms
step:4427/5100 train_loss:deferred train_time:1177362ms step_avg:266.55ms
step:4428/5100 train_loss:deferred train_time:1177625ms step_avg:266.55ms
step:4429/5100 train_loss:deferred train_time:1177890ms step_avg:266.55ms
step:4430/5100 train_loss:deferred train_time:1178153ms step_avg:266.55ms
step:4431/5100 train_loss:deferred train_time:1178416ms step_avg:266.55ms
step:4432/5100 train_loss:deferred train_time:1178680ms step_avg:266.55ms
step:4433/5100 train_loss:deferred train_time:1178943ms step_avg:266.55ms
step:4434/5100 train_loss:deferred train_time:1179208ms step_avg:266.55ms
step:4435/5100 train_loss:deferred train_time:1179473ms step_avg:266.55ms
step:4436/5100 train_loss:deferred train_time:1179737ms step_avg:266.55ms
step:4437/5100 train_loss:deferred train_time:1180001ms step_avg:266.55ms
step:4438/5100 train_loss:deferred train_time:1180266ms step_avg:266.55ms
step:4439/5100 train_loss:deferred train_time:1180530ms step_avg:266.55ms
step:4440/5100 train_loss:deferred train_time:1180793ms step_avg:266.54ms
step:4441/5100 train_loss:deferred train_time:1181057ms step_avg:266.54ms
step:4442/5100 train_loss:deferred train_time:1181321ms step_avg:266.54ms
step:4443/5100 train_loss:deferred train_time:1181585ms step_avg:266.54ms
step:4444/5100 train_loss:deferred train_time:1181848ms step_avg:266.54ms
step:4445/5100 train_loss:deferred train_time:1182112ms step_avg:266.54ms
step:4446/5100 train_loss:deferred train_time:1182376ms step_avg:266.54ms
step:4447/5100 train_loss:deferred train_time:1182640ms step_avg:266.54ms
step:4448/5100 train_loss:deferred train_time:1182905ms step_avg:266.54ms
step:4449/5100 train_loss:deferred train_time:1183169ms step_avg:266.54ms
step:4450/5100 train_loss:deferred train_time:1183433ms step_avg:266.54ms
step:4451/5100 train_loss:deferred train_time:1183697ms step_avg:266.54ms
step:4452/5100 train_loss:deferred train_time:1183960ms step_avg:266.54ms
step:4453/5100 train_loss:deferred train_time:1184224ms step_avg:266.54ms
step:4454/5100 train_loss:deferred train_time:1184490ms step_avg:266.54ms
step:4455/5100 train_loss:deferred train_time:1184754ms step_avg:266.54ms
step:4456/5100 train_loss:deferred train_time:1185019ms step_avg:266.54ms
step:4457/5100 train_loss:deferred train_time:1185282ms step_avg:266.54ms
step:4458/5100 train_loss:deferred train_time:1185547ms step_avg:266.53ms
step:4459/5100 train_loss:deferred train_time:1185810ms step_avg:266.53ms
step:4460/5100 train_loss:deferred train_time:1186074ms step_avg:266.53ms
step:4461/5100 train_loss:deferred train_time:1186338ms step_avg:266.53ms
step:4462/5100 train_loss:deferred train_time:1186600ms step_avg:266.53ms
step:4463/5100 train_loss:deferred train_time:1186865ms step_avg:266.53ms
step:4464/5100 train_loss:deferred train_time:1187127ms step_avg:266.53ms
step:4465/5100 train_loss:deferred train_time:1187393ms step_avg:266.53ms
step:4466/5100 train_loss:deferred train_time:1187657ms step_avg:266.53ms
step:4467/5100 train_loss:deferred train_time:1187921ms step_avg:266.53ms
step:4468/5100 train_loss:deferred train_time:1188184ms step_avg:266.53ms
step:4469/5100 train_loss:deferred train_time:1188448ms step_avg:266.53ms
step:4470/5100 train_loss:deferred train_time:1188712ms step_avg:266.53ms
step:4471/5100 train_loss:deferred train_time:1188976ms step_avg:266.53ms
step:4472/5100 train_loss:deferred train_time:1189239ms step_avg:266.53ms
step:4473/5100 train_loss:deferred train_time:1189503ms step_avg:266.53ms
step:4474/5100 train_loss:deferred train_time:1189767ms step_avg:266.52ms
step:4475/5100 train_loss:deferred train_time:1190031ms step_avg:266.52ms
step:4476/5100 train_loss:deferred train_time:1190296ms step_avg:266.52ms
step:4477/5100 train_loss:deferred train_time:1190560ms step_avg:266.52ms
step:4478/5100 train_loss:deferred train_time:1190823ms step_avg:266.52ms
step:4479/5100 train_loss:deferred train_time:1191087ms step_avg:266.52ms
step:4480/5100 train_loss:deferred train_time:1191351ms step_avg:266.52ms
step:4481/5100 train_loss:deferred train_time:1191615ms step_avg:266.52ms
step:4482/5100 train_loss:deferred train_time:1191879ms step_avg:266.52ms
step:4483/5100 train_loss:deferred train_time:1192142ms step_avg:266.52ms
step:4484/5100 train_loss:deferred train_time:1192408ms step_avg:266.52ms
step:4485/5100 train_loss:deferred train_time:1192672ms step_avg:266.52ms
step:4486/5100 train_loss:deferred train_time:1192936ms step_avg:266.52ms
step:4487/5100 train_loss:deferred train_time:1193200ms step_avg:266.52ms
step:4488/5100 train_loss:deferred train_time:1193464ms step_avg:266.52ms
step:4489/5100 train_loss:deferred train_time:1193729ms step_avg:266.52ms
step:4490/5100 train_loss:deferred train_time:1193993ms step_avg:266.52ms
step:4491/5100 train_loss:deferred train_time:1194256ms step_avg:266.52ms
step:4492/5100 train_loss:deferred train_time:1194521ms step_avg:266.52ms
step:4493/5100 train_loss:deferred train_time:1194785ms step_avg:266.51ms
step:4494/5100 train_loss:deferred train_time:1195049ms step_avg:266.51ms
step:4495/5100 train_loss:deferred train_time:1195313ms step_avg:266.51ms
step:4496/5100 train_loss:deferred train_time:1195577ms step_avg:266.51ms
step:4497/5100 train_loss:deferred train_time:1195840ms step_avg:266.51ms
step:4498/5100 train_loss:deferred train_time:1196103ms step_avg:266.51ms
step:4499/5100 train_loss:deferred train_time:1196369ms step_avg:266.51ms
step:4500/5100 train_loss:deferred train_time:1196633ms step_avg:266.51ms
step:4500/5100 val_loss:3.3225 train_time:1196796ms step_avg:266.55ms
step:4501/5100 train_loss:deferred train_time:1196899ms step_avg:266.51ms
step:4502/5100 train_loss:deferred train_time:1197161ms step_avg:266.51ms
step:4503/5100 train_loss:deferred train_time:1197426ms step_avg:266.51ms
step:4504/5100 train_loss:deferred train_time:1197690ms step_avg:266.51ms
step:4505/5100 train_loss:deferred train_time:1197954ms step_avg:266.51ms
step:4506/5100 train_loss:deferred train_time:1198218ms step_avg:266.51ms
step:4507/5100 train_loss:deferred train_time:1198482ms step_avg:266.51ms
step:4508/5100 train_loss:deferred train_time:1198747ms step_avg:266.51ms
step:4509/5100 train_loss:deferred train_time:1199011ms step_avg:266.51ms
step:4510/5100 train_loss:deferred train_time:1199274ms step_avg:266.51ms
step:4511/5100 train_loss:deferred train_time:1199538ms step_avg:266.50ms
step:4512/5100 train_loss:deferred train_time:1199802ms step_avg:266.50ms
step:4513/5100 train_loss:deferred train_time:1200067ms step_avg:266.50ms
step:4514/5100 train_loss:deferred train_time:1200330ms step_avg:266.50ms
step:4515/5100 train_loss:deferred train_time:1200594ms step_avg:266.50ms
step:4516/5100 train_loss:deferred train_time:1200859ms step_avg:266.50ms
step:4517/5100 train_loss:deferred train_time:1201122ms step_avg:266.50ms
step:4518/5100 train_loss:deferred train_time:1201385ms step_avg:266.50ms
step:4519/5100 train_loss:deferred train_time:1201649ms step_avg:266.50ms
step:4520/5100 train_loss:deferred train_time:1201914ms step_avg:266.50ms
step:4521/5100 train_loss:deferred train_time:1202178ms step_avg:266.50ms
step:4522/5100 train_loss:deferred train_time:1202442ms step_avg:266.50ms
step:4523/5100 train_loss:deferred train_time:1202705ms step_avg:266.50ms
step:4524/5100 train_loss:deferred train_time:1202971ms step_avg:266.50ms
step:4525/5100 train_loss:deferred train_time:1203234ms step_avg:266.50ms
step:4526/5100 train_loss:deferred train_time:1203498ms step_avg:266.50ms
step:4527/5100 train_loss:deferred train_time:1203763ms step_avg:266.50ms
step:4528/5100 train_loss:deferred train_time:1204027ms step_avg:266.50ms
step:4529/5100 train_loss:deferred train_time:1204291ms step_avg:266.50ms
step:4530/5100 train_loss:deferred train_time:1204555ms step_avg:266.49ms
step:4531/5100 train_loss:deferred train_time:1204819ms step_avg:266.49ms
step:4532/5100 train_loss:deferred train_time:1205084ms step_avg:266.49ms
step:4533/5100 train_loss:deferred train_time:1205347ms step_avg:266.49ms
step:4534/5100 train_loss:deferred train_time:1205610ms step_avg:266.49ms
step:4535/5100 train_loss:deferred train_time:1205875ms step_avg:266.49ms
step:4536/5100 train_loss:deferred train_time:1206138ms step_avg:266.49ms
step:4537/5100 train_loss:deferred train_time:1206493ms step_avg:266.51ms
step:4538/5100 train_loss:deferred train_time:1206756ms step_avg:266.51ms
step:4539/5100 train_loss:deferred train_time:1207021ms step_avg:266.51ms
step:4540/5100 train_loss:deferred train_time:1207285ms step_avg:266.51ms
step:4541/5100 train_loss:deferred train_time:1207549ms step_avg:266.51ms
step:4542/5100 train_loss:deferred train_time:1207813ms step_avg:266.51ms
step:4543/5100 train_loss:deferred train_time:1208078ms step_avg:266.51ms
step:4544/5100 train_loss:deferred train_time:1208341ms step_avg:266.51ms
step:4545/5100 train_loss:deferred train_time:1208606ms step_avg:266.51ms
step:4546/5100 train_loss:deferred train_time:1208868ms step_avg:266.51ms
step:4547/5100 train_loss:deferred train_time:1209132ms step_avg:266.50ms
step:4548/5100 train_loss:deferred train_time:1209396ms step_avg:266.50ms
step:4549/5100 train_loss:deferred train_time:1209660ms step_avg:266.50ms
step:4550/5100 train_loss:deferred train_time:1209924ms step_avg:266.50ms
step:4551/5100 train_loss:deferred train_time:1210187ms step_avg:266.50ms
step:4552/5100 train_loss:deferred train_time:1210451ms step_avg:266.50ms
step:4553/5100 train_loss:deferred train_time:1210716ms step_avg:266.50ms
step:4554/5100 train_loss:deferred train_time:1210979ms step_avg:266.50ms
step:4555/5100 train_loss:deferred train_time:1211242ms step_avg:266.50ms
step:4556/5100 train_loss:deferred train_time:1211506ms step_avg:266.50ms
step:4557/5100 train_loss:deferred train_time:1211770ms step_avg:266.50ms
step:4558/5100 train_loss:deferred train_time:1212034ms step_avg:266.50ms
step:4559/5100 train_loss:deferred train_time:1212298ms step_avg:266.50ms
step:4560/5100 train_loss:deferred train_time:1212692ms step_avg:266.53ms
step:4561/5100 train_loss:deferred train_time:1213210ms step_avg:266.58ms
step:4562/5100 train_loss:deferred train_time:1213473ms step_avg:266.58ms
step:4563/5100 train_loss:deferred train_time:1213738ms step_avg:266.58ms
step:4564/5100 train_loss:deferred train_time:1214003ms step_avg:266.58ms
step:4565/5100 train_loss:deferred train_time:1214267ms step_avg:266.58ms
step:4566/5100 train_loss:deferred train_time:1214529ms step_avg:266.58ms
step:4567/5100 train_loss:deferred train_time:1214793ms step_avg:266.58ms
step:4568/5100 train_loss:deferred train_time:1215057ms step_avg:266.58ms
step:4569/5100 train_loss:deferred train_time:1215322ms step_avg:266.58ms
step:4570/5100 train_loss:deferred train_time:1215585ms step_avg:266.58ms
step:4571/5100 train_loss:deferred train_time:1215849ms step_avg:266.58ms
step:4572/5100 train_loss:deferred train_time:1216113ms step_avg:266.57ms
step:4573/5100 train_loss:deferred train_time:1216378ms step_avg:266.57ms
step:4574/5100 train_loss:deferred train_time:1216642ms step_avg:266.57ms
step:4575/5100 train_loss:deferred train_time:1216906ms step_avg:266.57ms
step:4576/5100 train_loss:deferred train_time:1217170ms step_avg:266.57ms
step:4577/5100 train_loss:deferred train_time:1217434ms step_avg:266.57ms
step:4578/5100 train_loss:deferred train_time:1217698ms step_avg:266.57ms
step:4579/5100 train_loss:deferred train_time:1217963ms step_avg:266.57ms
step:4580/5100 train_loss:deferred train_time:1218226ms step_avg:266.57ms
step:4581/5100 train_loss:deferred train_time:1218490ms step_avg:266.57ms
step:4582/5100 train_loss:deferred train_time:1218754ms step_avg:266.57ms
step:4583/5100 train_loss:deferred train_time:1219018ms step_avg:266.57ms
step:4584/5100 train_loss:deferred train_time:1219282ms step_avg:266.57ms
step:4585/5100 train_loss:deferred train_time:1219546ms step_avg:266.57ms
step:4586/5100 train_loss:deferred train_time:1219810ms step_avg:266.57ms
step:4587/5100 train_loss:deferred train_time:1220073ms step_avg:266.57ms
step:4588/5100 train_loss:deferred train_time:1220337ms step_avg:266.57ms
step:4589/5100 train_loss:deferred train_time:1220601ms step_avg:266.57ms
step:4590/5100 train_loss:deferred train_time:1220866ms step_avg:266.56ms
step:4591/5100 train_loss:deferred train_time:1221129ms step_avg:266.56ms
step:4592/5100 train_loss:deferred train_time:1221394ms step_avg:266.56ms
step:4593/5100 train_loss:deferred train_time:1221658ms step_avg:266.56ms
step:4594/5100 train_loss:deferred train_time:1221922ms step_avg:266.56ms
step:4595/5100 train_loss:deferred train_time:1222185ms step_avg:266.56ms
step:4596/5100 train_loss:deferred train_time:1222451ms step_avg:266.56ms
step:4597/5100 train_loss:deferred train_time:1222715ms step_avg:266.56ms
step:4598/5100 train_loss:deferred train_time:1222979ms step_avg:266.56ms
step:4599/5100 train_loss:deferred train_time:1223243ms step_avg:266.56ms
step:4600/5100 train_loss:deferred train_time:1223507ms step_avg:266.56ms
step:4601/5100 train_loss:deferred train_time:1223772ms step_avg:266.56ms
step:4602/5100 train_loss:deferred train_time:1224036ms step_avg:266.56ms
step:4603/5100 train_loss:deferred train_time:1224300ms step_avg:266.56ms
step:4604/5100 train_loss:deferred train_time:1224565ms step_avg:266.56ms
step:4605/5100 train_loss:deferred train_time:1224829ms step_avg:266.56ms
step:4606/5100 train_loss:deferred train_time:1225093ms step_avg:266.56ms
step:4607/5100 train_loss:deferred train_time:1225358ms step_avg:266.56ms
step:4608/5100 train_loss:deferred train_time:1225621ms step_avg:266.56ms
step:4609/5100 train_loss:deferred train_time:1225884ms step_avg:266.55ms
step:4610/5100 train_loss:deferred train_time:1226149ms step_avg:266.55ms
step:4611/5100 train_loss:deferred train_time:1226412ms step_avg:266.55ms
step:4612/5100 train_loss:deferred train_time:1226676ms step_avg:266.55ms
step:4613/5100 train_loss:deferred train_time:1226940ms step_avg:266.55ms
step:4614/5100 train_loss:deferred train_time:1227204ms step_avg:266.55ms
step:4615/5100 train_loss:deferred train_time:1227467ms step_avg:266.55ms
step:4616/5100 train_loss:deferred train_time:1227732ms step_avg:266.55ms
step:4617/5100 train_loss:deferred train_time:1227996ms step_avg:266.55ms
step:4618/5100 train_loss:deferred train_time:1228260ms step_avg:266.55ms
step:4619/5100 train_loss:deferred train_time:1228523ms step_avg:266.55ms
step:4620/5100 train_loss:deferred train_time:1228788ms step_avg:266.55ms
step:4621/5100 train_loss:deferred train_time:1229053ms step_avg:266.55ms
step:4622/5100 train_loss:deferred train_time:1229317ms step_avg:266.55ms
step:4623/5100 train_loss:deferred train_time:1229580ms step_avg:266.55ms
step:4624/5100 train_loss:deferred train_time:1229844ms step_avg:266.55ms
step:4625/5100 train_loss:deferred train_time:1230107ms step_avg:266.55ms
step:4625/5100 val_loss:3.3107 train_time:1230270ms step_avg:266.58ms
step:4626/5100 train_loss:deferred train_time:1230372ms step_avg:266.55ms
step:4627/5100 train_loss:deferred train_time:1230634ms step_avg:266.54ms
step:4628/5100 train_loss:deferred train_time:1230899ms step_avg:266.54ms
step:4629/5100 train_loss:deferred train_time:1231163ms step_avg:266.54ms
step:4630/5100 train_loss:deferred train_time:1231426ms step_avg:266.54ms
step:4631/5100 train_loss:deferred train_time:1231690ms step_avg:266.54ms
step:4632/5100 train_loss:deferred train_time:1231954ms step_avg:266.54ms
step:4633/5100 train_loss:deferred train_time:1232219ms step_avg:266.54ms
step:4634/5100 train_loss:deferred train_time:1232482ms step_avg:266.54ms
step:4635/5100 train_loss:deferred train_time:1232745ms step_avg:266.54ms
step:4636/5100 train_loss:deferred train_time:1233009ms step_avg:266.54ms
step:4637/5100 train_loss:deferred train_time:1233273ms step_avg:266.54ms
step:4638/5100 train_loss:deferred train_time:1233537ms step_avg:266.54ms
step:4639/5100 train_loss:deferred train_time:1233801ms step_avg:266.54ms
step:4640/5100 train_loss:deferred train_time:1234064ms step_avg:266.54ms
step:4641/5100 train_loss:deferred train_time:1234328ms step_avg:266.54ms
step:4642/5100 train_loss:deferred train_time:1234593ms step_avg:266.54ms
step:4643/5100 train_loss:deferred train_time:1234858ms step_avg:266.54ms
step:4644/5100 train_loss:deferred train_time:1235120ms step_avg:266.53ms
step:4645/5100 train_loss:deferred train_time:1235386ms step_avg:266.53ms
step:4646/5100 train_loss:deferred train_time:1235650ms step_avg:266.53ms
step:4647/5100 train_loss:deferred train_time:1235914ms step_avg:266.53ms
step:4648/5100 train_loss:deferred train_time:1236178ms step_avg:266.53ms
step:4649/5100 train_loss:deferred train_time:1236442ms step_avg:266.53ms
step:4650/5100 train_loss:deferred train_time:1236707ms step_avg:266.53ms
step:4651/5100 train_loss:deferred train_time:1236971ms step_avg:266.53ms
step:4652/5100 train_loss:deferred train_time:1237235ms step_avg:266.53ms
step:4653/5100 train_loss:deferred train_time:1237498ms step_avg:266.53ms
step:4654/5100 train_loss:deferred train_time:1237762ms step_avg:266.53ms
step:4655/5100 train_loss:deferred train_time:1238027ms step_avg:266.53ms
step:4656/5100 train_loss:deferred train_time:1238290ms step_avg:266.53ms
step:4657/5100 train_loss:deferred train_time:1238555ms step_avg:266.53ms
step:4658/5100 train_loss:deferred train_time:1238818ms step_avg:266.53ms
step:4659/5100 train_loss:deferred train_time:1239082ms step_avg:266.53ms
step:4660/5100 train_loss:deferred train_time:1239347ms step_avg:266.53ms
step:4661/5100 train_loss:deferred train_time:1239613ms step_avg:266.53ms
step:4662/5100 train_loss:deferred train_time:1239877ms step_avg:266.53ms
step:4663/5100 train_loss:deferred train_time:1240140ms step_avg:266.52ms
step:4664/5100 train_loss:deferred train_time:1240405ms step_avg:266.52ms
step:4665/5100 train_loss:deferred train_time:1240670ms step_avg:266.52ms
step:4666/5100 train_loss:deferred train_time:1240934ms step_avg:266.52ms
step:4667/5100 train_loss:deferred train_time:1241197ms step_avg:266.52ms
step:4668/5100 train_loss:deferred train_time:1241460ms step_avg:266.52ms
step:4669/5100 train_loss:deferred train_time:1241723ms step_avg:266.52ms
step:4670/5100 train_loss:deferred train_time:1241986ms step_avg:266.52ms
step:4671/5100 train_loss:deferred train_time:1242252ms step_avg:266.52ms
step:4672/5100 train_loss:deferred train_time:1242517ms step_avg:266.52ms
step:4673/5100 train_loss:deferred train_time:1242781ms step_avg:266.52ms
step:4674/5100 train_loss:deferred train_time:1243047ms step_avg:266.52ms
step:4675/5100 train_loss:deferred train_time:1243310ms step_avg:266.52ms
step:4676/5100 train_loss:deferred train_time:1243574ms step_avg:266.52ms
step:4677/5100 train_loss:deferred train_time:1243837ms step_avg:266.52ms
step:4678/5100 train_loss:deferred train_time:1244101ms step_avg:266.52ms
step:4679/5100 train_loss:deferred train_time:1244366ms step_avg:266.52ms
step:4680/5100 train_loss:deferred train_time:1244629ms step_avg:266.52ms
step:4681/5100 train_loss:deferred train_time:1244893ms step_avg:266.52ms
step:4682/5100 train_loss:deferred train_time:1245158ms step_avg:266.52ms
step:4683/5100 train_loss:deferred train_time:1245422ms step_avg:266.51ms
step:4684/5100 train_loss:deferred train_time:1245685ms step_avg:266.51ms
step:4685/5100 train_loss:deferred train_time:1245949ms step_avg:266.51ms
step:4686/5100 train_loss:deferred train_time:1246213ms step_avg:266.51ms
step:4687/5100 train_loss:deferred train_time:1246477ms step_avg:266.51ms
step:4688/5100 train_loss:deferred train_time:1246741ms step_avg:266.51ms
step:4689/5100 train_loss:deferred train_time:1247005ms step_avg:266.51ms
step:4690/5100 train_loss:deferred train_time:1247271ms step_avg:266.51ms
step:4691/5100 train_loss:deferred train_time:1247533ms step_avg:266.51ms
step:4692/5100 train_loss:deferred train_time:1247798ms step_avg:266.51ms
step:4693/5100 train_loss:deferred train_time:1248061ms step_avg:266.51ms
step:4694/5100 train_loss:deferred train_time:1248325ms step_avg:266.51ms
step:4695/5100 train_loss:deferred train_time:1248589ms step_avg:266.51ms
step:4696/5100 train_loss:deferred train_time:1248853ms step_avg:266.51ms
step:4697/5100 train_loss:deferred train_time:1249116ms step_avg:266.51ms
step:4698/5100 train_loss:deferred train_time:1249380ms step_avg:266.51ms
step:4699/5100 train_loss:deferred train_time:1249644ms step_avg:266.51ms
step:4700/5100 train_loss:deferred train_time:1249908ms step_avg:266.50ms
step:4701/5100 train_loss:deferred train_time:1250174ms step_avg:266.50ms
step:4702/5100 train_loss:deferred train_time:1250438ms step_avg:266.50ms
step:4703/5100 train_loss:deferred train_time:1250702ms step_avg:266.50ms
step:4704/5100 train_loss:deferred train_time:1250965ms step_avg:266.50ms
step:4705/5100 train_loss:deferred train_time:1251229ms step_avg:266.50ms
step:4706/5100 train_loss:deferred train_time:1251493ms step_avg:266.50ms
step:4707/5100 train_loss:deferred train_time:1251757ms step_avg:266.50ms
step:4708/5100 train_loss:deferred train_time:1252021ms step_avg:266.50ms
step:4709/5100 train_loss:deferred train_time:1252286ms step_avg:266.50ms
step:4710/5100 train_loss:deferred train_time:1252549ms step_avg:266.50ms
step:4711/5100 train_loss:deferred train_time:1252813ms step_avg:266.50ms
step:4712/5100 train_loss:deferred train_time:1253076ms step_avg:266.50ms
step:4713/5100 train_loss:deferred train_time:1253341ms step_avg:266.50ms
step:4714/5100 train_loss:deferred train_time:1253605ms step_avg:266.50ms
step:4715/5100 train_loss:deferred train_time:1253868ms step_avg:266.50ms
step:4716/5100 train_loss:deferred train_time:1254132ms step_avg:266.50ms
step:4717/5100 train_loss:deferred train_time:1254397ms step_avg:266.50ms
step:4718/5100 train_loss:deferred train_time:1254660ms step_avg:266.50ms
step:4719/5100 train_loss:deferred train_time:1254925ms step_avg:266.49ms
step:4720/5100 train_loss:deferred train_time:1255189ms step_avg:266.49ms
step:4721/5100 train_loss:deferred train_time:1255453ms step_avg:266.49ms
step:4722/5100 train_loss:deferred train_time:1255716ms step_avg:266.49ms
step:4723/5100 train_loss:deferred train_time:1255979ms step_avg:266.49ms
step:4724/5100 train_loss:deferred train_time:1256242ms step_avg:266.49ms
step:4725/5100 train_loss:deferred train_time:1256506ms step_avg:266.49ms
step:4726/5100 train_loss:deferred train_time:1256858ms step_avg:266.51ms
step:4727/5100 train_loss:deferred train_time:1257122ms step_avg:266.51ms
step:4728/5100 train_loss:deferred train_time:1257386ms step_avg:266.51ms
step:4729/5100 train_loss:deferred train_time:1257649ms step_avg:266.51ms
step:4730/5100 train_loss:deferred train_time:1257917ms step_avg:266.51ms
step:4731/5100 train_loss:deferred train_time:1258181ms step_avg:266.51ms
step:4732/5100 train_loss:deferred train_time:1258445ms step_avg:266.51ms
step:4733/5100 train_loss:deferred train_time:1258709ms step_avg:266.51ms
step:4734/5100 train_loss:deferred train_time:1258972ms step_avg:266.51ms
step:4735/5100 train_loss:deferred train_time:1259236ms step_avg:266.51ms
step:4736/5100 train_loss:deferred train_time:1259501ms step_avg:266.50ms
step:4737/5100 train_loss:deferred train_time:1259766ms step_avg:266.50ms
step:4738/5100 train_loss:deferred train_time:1260032ms step_avg:266.50ms
step:4739/5100 train_loss:deferred train_time:1260296ms step_avg:266.50ms
step:4740/5100 train_loss:deferred train_time:1260559ms step_avg:266.50ms
step:4741/5100 train_loss:deferred train_time:1260824ms step_avg:266.50ms
step:4742/5100 train_loss:deferred train_time:1261089ms step_avg:266.50ms
step:4743/5100 train_loss:deferred train_time:1261352ms step_avg:266.50ms
step:4744/5100 train_loss:deferred train_time:1261616ms step_avg:266.50ms
step:4745/5100 train_loss:deferred train_time:1261880ms step_avg:266.50ms
step:4746/5100 train_loss:deferred train_time:1262145ms step_avg:266.50ms
step:4747/5100 train_loss:deferred train_time:1262408ms step_avg:266.50ms
step:4748/5100 train_loss:deferred train_time:1262670ms step_avg:266.50ms
step:4749/5100 train_loss:deferred train_time:1262935ms step_avg:266.50ms
step:4750/5100 train_loss:deferred train_time:1263578ms step_avg:266.58ms
step:4750/5100 val_loss:3.2989 train_time:1263737ms step_avg:266.61ms
step:4751/5100 train_loss:deferred train_time:1263840ms step_avg:266.58ms
step:4752/5100 train_loss:deferred train_time:1264102ms step_avg:266.58ms
step:4753/5100 train_loss:deferred train_time:1264366ms step_avg:266.58ms
step:4754/5100 train_loss:deferred train_time:1264630ms step_avg:266.57ms
step:4755/5100 train_loss:deferred train_time:1264893ms step_avg:266.57ms
step:4756/5100 train_loss:deferred train_time:1265157ms step_avg:266.57ms
step:4757/5100 train_loss:deferred train_time:1265421ms step_avg:266.57ms
step:4758/5100 train_loss:deferred train_time:1265686ms step_avg:266.57ms
step:4759/5100 train_loss:deferred train_time:1265950ms step_avg:266.57ms
step:4760/5100 train_loss:deferred train_time:1266213ms step_avg:266.57ms
step:4761/5100 train_loss:deferred train_time:1266478ms step_avg:266.57ms
step:4762/5100 train_loss:deferred train_time:1266742ms step_avg:266.57ms
step:4763/5100 train_loss:deferred train_time:1267008ms step_avg:266.57ms
step:4764/5100 train_loss:deferred train_time:1267270ms step_avg:266.57ms
step:4765/5100 train_loss:deferred train_time:1267535ms step_avg:266.57ms
step:4766/5100 train_loss:deferred train_time:1267798ms step_avg:266.57ms
step:4767/5100 train_loss:deferred train_time:1268062ms step_avg:266.57ms
step:4768/5100 train_loss:deferred train_time:1268326ms step_avg:266.57ms
step:4769/5100 train_loss:deferred train_time:1268590ms step_avg:266.57ms
step:4770/5100 train_loss:deferred train_time:1268853ms step_avg:266.57ms
step:4771/5100 train_loss:deferred train_time:1269117ms step_avg:266.57ms
step:4772/5100 train_loss:deferred train_time:1269381ms step_avg:266.56ms
step:4773/5100 train_loss:deferred train_time:1269645ms step_avg:266.56ms
step:4774/5100 train_loss:deferred train_time:1269908ms step_avg:266.56ms
step:4775/5100 train_loss:deferred train_time:1270173ms step_avg:266.56ms
step:4776/5100 train_loss:deferred train_time:1270437ms step_avg:266.56ms
step:4777/5100 train_loss:deferred train_time:1270700ms step_avg:266.56ms
step:4778/5100 train_loss:deferred train_time:1270965ms step_avg:266.56ms
step:4779/5100 train_loss:deferred train_time:1271228ms step_avg:266.56ms
step:4780/5100 train_loss:deferred train_time:1271493ms step_avg:266.56ms
step:4781/5100 train_loss:deferred train_time:1271757ms step_avg:266.56ms
step:4782/5100 train_loss:deferred train_time:1272021ms step_avg:266.56ms
step:4783/5100 train_loss:deferred train_time:1272285ms step_avg:266.56ms
step:4784/5100 train_loss:deferred train_time:1272548ms step_avg:266.56ms
step:4785/5100 train_loss:deferred train_time:1272813ms step_avg:266.56ms
step:4786/5100 train_loss:deferred train_time:1273076ms step_avg:266.56ms
step:4787/5100 train_loss:deferred train_time:1273340ms step_avg:266.56ms
step:4788/5100 train_loss:deferred train_time:1273604ms step_avg:266.56ms
step:4789/5100 train_loss:deferred train_time:1273868ms step_avg:266.56ms
step:4790/5100 train_loss:deferred train_time:1274134ms step_avg:266.56ms
step:4791/5100 train_loss:deferred train_time:1274399ms step_avg:266.55ms
step:4792/5100 train_loss:deferred train_time:1274662ms step_avg:266.55ms
step:4793/5100 train_loss:deferred train_time:1274927ms step_avg:266.55ms
step:4794/5100 train_loss:deferred train_time:1275190ms step_avg:266.55ms
step:4795/5100 train_loss:deferred train_time:1275455ms step_avg:266.55ms
step:4796/5100 train_loss:deferred train_time:1275720ms step_avg:266.55ms
step:4797/5100 train_loss:deferred train_time:1275983ms step_avg:266.55ms
step:4798/5100 train_loss:deferred train_time:1276246ms step_avg:266.55ms
step:4799/5100 train_loss:deferred train_time:1276510ms step_avg:266.55ms
step:4800/5100 train_loss:deferred train_time:1276775ms step_avg:266.55ms
step:4801/5100 train_loss:deferred train_time:1277039ms step_avg:266.55ms
step:4802/5100 train_loss:deferred train_time:1277305ms step_avg:266.55ms
step:4803/5100 train_loss:deferred train_time:1277570ms step_avg:266.55ms
step:4804/5100 train_loss:deferred train_time:1277834ms step_avg:266.55ms
step:4805/5100 train_loss:deferred train_time:1278098ms step_avg:266.55ms
step:4806/5100 train_loss:deferred train_time:1278364ms step_avg:266.55ms
step:4807/5100 train_loss:deferred train_time:1278626ms step_avg:266.55ms
step:4808/5100 train_loss:deferred train_time:1278888ms step_avg:266.55ms
step:4809/5100 train_loss:deferred train_time:1279152ms step_avg:266.55ms
step:4810/5100 train_loss:deferred train_time:1279416ms step_avg:266.55ms
step:4811/5100 train_loss:deferred train_time:1279680ms step_avg:266.54ms
step:4812/5100 train_loss:deferred train_time:1279944ms step_avg:266.54ms
step:4813/5100 train_loss:deferred train_time:1280208ms step_avg:266.54ms
step:4814/5100 train_loss:deferred train_time:1280473ms step_avg:266.54ms
step:4815/5100 train_loss:deferred train_time:1280736ms step_avg:266.54ms
step:4816/5100 train_loss:deferred train_time:1281000ms step_avg:266.54ms
step:4817/5100 train_loss:deferred train_time:1281264ms step_avg:266.54ms
step:4818/5100 train_loss:deferred train_time:1281528ms step_avg:266.54ms
step:4819/5100 train_loss:deferred train_time:1281792ms step_avg:266.54ms
step:4820/5100 train_loss:deferred train_time:1282057ms step_avg:266.54ms
step:4821/5100 train_loss:deferred train_time:1282321ms step_avg:266.54ms
step:4822/5100 train_loss:deferred train_time:1282585ms step_avg:266.54ms
step:4823/5100 train_loss:deferred train_time:1282849ms step_avg:266.54ms
step:4824/5100 train_loss:deferred train_time:1283114ms step_avg:266.54ms
step:4825/5100 train_loss:deferred train_time:1283378ms step_avg:266.54ms
step:4826/5100 train_loss:deferred train_time:1283641ms step_avg:266.54ms
step:4827/5100 train_loss:deferred train_time:1283905ms step_avg:266.54ms
step:4828/5100 train_loss:deferred train_time:1284169ms step_avg:266.54ms
step:4829/5100 train_loss:deferred train_time:1284433ms step_avg:266.54ms
step:4830/5100 train_loss:deferred train_time:1284696ms step_avg:266.53ms
step:4831/5100 train_loss:deferred train_time:1284960ms step_avg:266.53ms
step:4832/5100 train_loss:deferred train_time:1285225ms step_avg:266.53ms
step:4833/5100 train_loss:deferred train_time:1285489ms step_avg:266.53ms
step:4834/5100 train_loss:deferred train_time:1285753ms step_avg:266.53ms
step:4835/5100 train_loss:deferred train_time:1286017ms step_avg:266.53ms
step:4836/5100 train_loss:deferred train_time:1286281ms step_avg:266.53ms
step:4837/5100 train_loss:deferred train_time:1286549ms step_avg:266.53ms
step:4838/5100 train_loss:deferred train_time:1286812ms step_avg:266.53ms
step:4839/5100 train_loss:deferred train_time:1287074ms step_avg:266.53ms
step:4840/5100 train_loss:deferred train_time:1287340ms step_avg:266.53ms
step:4841/5100 train_loss:deferred train_time:1287603ms step_avg:266.53ms
step:4842/5100 train_loss:deferred train_time:1287867ms step_avg:266.53ms
step:4843/5100 train_loss:deferred train_time:1288131ms step_avg:266.53ms
step:4844/5100 train_loss:deferred train_time:1288394ms step_avg:266.53ms
step:4845/5100 train_loss:deferred train_time:1288657ms step_avg:266.53ms
step:4846/5100 train_loss:deferred train_time:1288921ms step_avg:266.53ms
step:4847/5100 train_loss:deferred train_time:1289185ms step_avg:266.53ms
step:4848/5100 train_loss:deferred train_time:1289450ms step_avg:266.53ms
step:4849/5100 train_loss:deferred train_time:1289713ms step_avg:266.52ms
step:4850/5100 train_loss:deferred train_time:1289978ms step_avg:266.52ms
step:4851/5100 train_loss:deferred train_time:1290241ms step_avg:266.52ms
step:4852/5100 train_loss:deferred train_time:1290506ms step_avg:266.52ms
step:4853/5100 train_loss:deferred train_time:1290771ms step_avg:266.52ms
step:4854/5100 train_loss:deferred train_time:1291035ms step_avg:266.52ms
step:4855/5100 train_loss:deferred train_time:1291299ms step_avg:266.52ms
step:4856/5100 train_loss:deferred train_time:1291563ms step_avg:266.52ms
step:4857/5100 train_loss:deferred train_time:1291826ms step_avg:266.52ms
step:4858/5100 train_loss:deferred train_time:1292089ms step_avg:266.52ms
step:4859/5100 train_loss:deferred train_time:1292353ms step_avg:266.52ms
step:4860/5100 train_loss:deferred train_time:1292618ms step_avg:266.52ms
step:4861/5100 train_loss:deferred train_time:1292881ms step_avg:266.52ms
step:4862/5100 train_loss:deferred train_time:1293145ms step_avg:266.52ms
step:4863/5100 train_loss:deferred train_time:1293410ms step_avg:266.52ms
step:4864/5100 train_loss:deferred train_time:1293673ms step_avg:266.52ms
step:4865/5100 train_loss:deferred train_time:1293937ms step_avg:266.52ms
step:4866/5100 train_loss:deferred train_time:1294201ms step_avg:266.52ms
step:4867/5100 train_loss:deferred train_time:1294465ms step_avg:266.52ms
step:4868/5100 train_loss:deferred train_time:1294729ms step_avg:266.51ms
step:4869/5100 train_loss:deferred train_time:1294993ms step_avg:266.51ms
step:4870/5100 train_loss:deferred train_time:1295257ms step_avg:266.51ms
step:4871/5100 train_loss:deferred train_time:1295520ms step_avg:266.51ms
step:4872/5100 train_loss:deferred train_time:1295785ms step_avg:266.51ms
step:4873/5100 train_loss:deferred train_time:1296049ms step_avg:266.51ms
step:4874/5100 train_loss:deferred train_time:1296312ms step_avg:266.51ms
step:4875/5100 train_loss:deferred train_time:1296576ms step_avg:266.51ms
step:4875/5100 val_loss:3.2888 train_time:1296740ms step_avg:266.54ms
step:4876/5100 train_loss:deferred train_time:1296843ms step_avg:266.51ms
step:4877/5100 train_loss:deferred train_time:1297106ms step_avg:266.51ms
step:4878/5100 train_loss:deferred train_time:1297371ms step_avg:266.51ms
step:4879/5100 train_loss:deferred train_time:1297635ms step_avg:266.51ms
step:4880/5100 train_loss:deferred train_time:1297897ms step_avg:266.51ms
step:4881/5100 train_loss:deferred train_time:1298161ms step_avg:266.51ms
step:4882/5100 train_loss:deferred train_time:1298426ms step_avg:266.51ms
step:4883/5100 train_loss:deferred train_time:1298689ms step_avg:266.51ms
step:4884/5100 train_loss:deferred train_time:1298954ms step_avg:266.51ms
step:4885/5100 train_loss:deferred train_time:1299217ms step_avg:266.51ms
step:4886/5100 train_loss:deferred train_time:1299481ms step_avg:266.51ms
step:4887/5100 train_loss:deferred train_time:1299744ms step_avg:266.50ms
step:4888/5100 train_loss:deferred train_time:1300009ms step_avg:266.50ms
step:4889/5100 train_loss:deferred train_time:1300273ms step_avg:266.50ms
step:4890/5100 train_loss:deferred train_time:1300538ms step_avg:266.50ms
step:4891/5100 train_loss:deferred train_time:1300802ms step_avg:266.50ms
step:4892/5100 train_loss:deferred train_time:1301066ms step_avg:266.50ms
step:4893/5100 train_loss:deferred train_time:1301328ms step_avg:266.50ms
step:4894/5100 train_loss:deferred train_time:1301593ms step_avg:266.50ms
step:4895/5100 train_loss:deferred train_time:1301856ms step_avg:266.50ms
step:4896/5100 train_loss:deferred train_time:1302120ms step_avg:266.50ms
step:4897/5100 train_loss:deferred train_time:1302383ms step_avg:266.50ms
step:4898/5100 train_loss:deferred train_time:1302647ms step_avg:266.50ms
step:4899/5100 train_loss:deferred train_time:1302912ms step_avg:266.50ms
step:4900/5100 train_loss:deferred train_time:1303176ms step_avg:266.50ms
step:4901/5100 train_loss:deferred train_time:1303439ms step_avg:266.50ms
step:4902/5100 train_loss:deferred train_time:1303703ms step_avg:266.50ms
step:4903/5100 train_loss:deferred train_time:1303967ms step_avg:266.50ms
step:4904/5100 train_loss:deferred train_time:1304231ms step_avg:266.50ms
step:4905/5100 train_loss:deferred train_time:1304494ms step_avg:266.50ms
step:4906/5100 train_loss:deferred train_time:1304757ms step_avg:266.49ms
step:4907/5100 train_loss:deferred train_time:1305021ms step_avg:266.49ms
step:4908/5100 train_loss:deferred train_time:1305286ms step_avg:266.49ms
step:4909/5100 train_loss:deferred train_time:1305550ms step_avg:266.49ms
step:4910/5100 train_loss:deferred train_time:1305814ms step_avg:266.49ms
step:4911/5100 train_loss:deferred train_time:1306077ms step_avg:266.49ms
step:4912/5100 train_loss:deferred train_time:1306341ms step_avg:266.49ms
step:4913/5100 train_loss:deferred train_time:1306606ms step_avg:266.49ms
step:4914/5100 train_loss:deferred train_time:1306869ms step_avg:266.49ms
step:4915/5100 train_loss:deferred train_time:1307187ms step_avg:266.50ms
step:4916/5100 train_loss:deferred train_time:1307453ms step_avg:266.50ms
step:4917/5100 train_loss:deferred train_time:1307716ms step_avg:266.50ms
step:4918/5100 train_loss:deferred train_time:1307980ms step_avg:266.50ms
step:4919/5100 train_loss:deferred train_time:1308244ms step_avg:266.50ms
step:4920/5100 train_loss:deferred train_time:1308508ms step_avg:266.50ms
step:4921/5100 train_loss:deferred train_time:1308770ms step_avg:266.50ms
step:4922/5100 train_loss:deferred train_time:1309036ms step_avg:266.50ms
step:4923/5100 train_loss:deferred train_time:1309301ms step_avg:266.50ms
step:4924/5100 train_loss:deferred train_time:1309564ms step_avg:266.50ms
step:4925/5100 train_loss:deferred train_time:1309829ms step_avg:266.50ms
step:4926/5100 train_loss:deferred train_time:1310093ms step_avg:266.50ms
step:4927/5100 train_loss:deferred train_time:1310356ms step_avg:266.50ms
step:4928/5100 train_loss:deferred train_time:1310621ms step_avg:266.49ms
step:4929/5100 train_loss:deferred train_time:1310885ms step_avg:266.49ms
step:4930/5100 train_loss:deferred train_time:1311149ms step_avg:266.49ms
step:4931/5100 train_loss:deferred train_time:1311414ms step_avg:266.49ms
step:4932/5100 train_loss:deferred train_time:1311678ms step_avg:266.49ms
step:4933/5100 train_loss:deferred train_time:1311942ms step_avg:266.49ms
step:4934/5100 train_loss:deferred train_time:1312205ms step_avg:266.49ms
step:4935/5100 train_loss:deferred train_time:1312470ms step_avg:266.49ms
step:4936/5100 train_loss:deferred train_time:1312735ms step_avg:266.49ms
step:4937/5100 train_loss:deferred train_time:1313000ms step_avg:266.49ms
step:4938/5100 train_loss:deferred train_time:1313264ms step_avg:266.49ms
step:4939/5100 train_loss:deferred train_time:1313528ms step_avg:266.49ms
step:4940/5100 train_loss:deferred train_time:1313877ms step_avg:266.51ms
step:4941/5100 train_loss:deferred train_time:1314413ms step_avg:266.56ms
step:4942/5100 train_loss:deferred train_time:1314675ms step_avg:266.56ms
step:4943/5100 train_loss:deferred train_time:1314939ms step_avg:266.56ms
step:4944/5100 train_loss:deferred train_time:1315204ms step_avg:266.56ms
step:4945/5100 train_loss:deferred train_time:1315467ms step_avg:266.56ms
step:4946/5100 train_loss:deferred train_time:1315731ms step_avg:266.56ms
step:4947/5100 train_loss:deferred train_time:1315997ms step_avg:266.56ms
step:4948/5100 train_loss:deferred train_time:1316260ms step_avg:266.56ms
step:4949/5100 train_loss:deferred train_time:1316525ms step_avg:266.56ms
step:4950/5100 train_loss:deferred train_time:1316788ms step_avg:266.56ms
step:4951/5100 train_loss:deferred train_time:1317055ms step_avg:266.56ms
step:4952/5100 train_loss:deferred train_time:1317318ms step_avg:266.56ms
step:4953/5100 train_loss:deferred train_time:1317583ms step_avg:266.56ms
step:4954/5100 train_loss:deferred train_time:1317848ms step_avg:266.55ms
step:4955/5100 train_loss:deferred train_time:1318110ms step_avg:266.55ms
step:4956/5100 train_loss:deferred train_time:1318375ms step_avg:266.55ms
step:4957/5100 train_loss:deferred train_time:1318639ms step_avg:266.55ms
step:4958/5100 train_loss:deferred train_time:1318904ms step_avg:266.55ms
step:4959/5100 train_loss:deferred train_time:1319167ms step_avg:266.55ms
step:4960/5100 train_loss:deferred train_time:1319432ms step_avg:266.55ms
step:4961/5100 train_loss:deferred train_time:1319696ms step_avg:266.55ms
step:4962/5100 train_loss:deferred train_time:1319960ms step_avg:266.55ms
step:4963/5100 train_loss:deferred train_time:1320225ms step_avg:266.55ms
step:4964/5100 train_loss:deferred train_time:1320490ms step_avg:266.55ms
step:4965/5100 train_loss:deferred train_time:1320753ms step_avg:266.55ms
step:4966/5100 train_loss:deferred train_time:1321017ms step_avg:266.55ms
step:4967/5100 train_loss:deferred train_time:1321281ms step_avg:266.55ms
step:4968/5100 train_loss:deferred train_time:1321544ms step_avg:266.55ms
step:4969/5100 train_loss:deferred train_time:1321809ms step_avg:266.55ms
step:4970/5100 train_loss:deferred train_time:1322073ms step_avg:266.55ms
step:4971/5100 train_loss:deferred train_time:1322337ms step_avg:266.55ms
step:4972/5100 train_loss:deferred train_time:1322601ms step_avg:266.55ms
step:4973/5100 train_loss:deferred train_time:1322863ms step_avg:266.55ms
step:4974/5100 train_loss:deferred train_time:1323126ms step_avg:266.54ms
step:4975/5100 train_loss:deferred train_time:1323393ms step_avg:266.54ms
step:4976/5100 train_loss:deferred train_time:1323655ms step_avg:266.54ms
step:4977/5100 train_loss:deferred train_time:1323920ms step_avg:266.54ms
step:4978/5100 train_loss:deferred train_time:1324184ms step_avg:266.54ms
step:4979/5100 train_loss:deferred train_time:1324448ms step_avg:266.54ms
step:4980/5100 train_loss:deferred train_time:1324710ms step_avg:266.54ms
step:4981/5100 train_loss:deferred train_time:1324974ms step_avg:266.54ms
step:4982/5100 train_loss:deferred train_time:1325238ms step_avg:266.54ms
step:4983/5100 train_loss:deferred train_time:1325502ms step_avg:266.54ms
step:4984/5100 train_loss:deferred train_time:1325766ms step_avg:266.54ms
step:4985/5100 train_loss:deferred train_time:1326031ms step_avg:266.54ms
step:4986/5100 train_loss:deferred train_time:1326294ms step_avg:266.54ms
step:4987/5100 train_loss:deferred train_time:1326558ms step_avg:266.54ms
step:4988/5100 train_loss:deferred train_time:1326822ms step_avg:266.54ms
step:4989/5100 train_loss:deferred train_time:1327086ms step_avg:266.54ms
step:4990/5100 train_loss:deferred train_time:1327349ms step_avg:266.54ms
step:4991/5100 train_loss:deferred train_time:1327614ms step_avg:266.54ms
step:4992/5100 train_loss:deferred train_time:1327879ms step_avg:266.54ms
step:4993/5100 train_loss:deferred train_time:1328143ms step_avg:266.53ms
step:4994/5100 train_loss:deferred train_time:1328406ms step_avg:266.53ms
step:4995/5100 train_loss:deferred train_time:1328671ms step_avg:266.53ms
step:4996/5100 train_loss:deferred train_time:1328935ms step_avg:266.53ms
step:4997/5100 train_loss:deferred train_time:1329200ms step_avg:266.53ms
step:4998/5100 train_loss:deferred train_time:1329464ms step_avg:266.53ms
step:4999/5100 train_loss:deferred train_time:1329728ms step_avg:266.53ms
step:5000/5100 train_loss:deferred train_time:1329991ms step_avg:266.53ms
step:5000/5100 val_loss:3.2806 train_time:1330154ms step_avg:266.56ms
step:5001/5100 train_loss:deferred train_time:1330257ms step_avg:266.53ms
step:5002/5100 train_loss:deferred train_time:1330517ms step_avg:266.53ms
step:5003/5100 train_loss:deferred train_time:1330781ms step_avg:266.53ms
step:5004/5100 train_loss:deferred train_time:1331048ms step_avg:266.53ms
step:5005/5100 train_loss:deferred train_time:1331309ms step_avg:266.53ms
step:5006/5100 train_loss:deferred train_time:1331573ms step_avg:266.53ms
step:5007/5100 train_loss:deferred train_time:1331837ms step_avg:266.53ms
step:5008/5100 train_loss:deferred train_time:1332100ms step_avg:266.53ms
step:5009/5100 train_loss:deferred train_time:1332365ms step_avg:266.53ms
step:5010/5100 train_loss:deferred train_time:1332632ms step_avg:266.53ms
step:5011/5100 train_loss:deferred train_time:1332896ms step_avg:266.53ms
step:5012/5100 train_loss:deferred train_time:1333160ms step_avg:266.53ms
step:5013/5100 train_loss:deferred train_time:1333423ms step_avg:266.52ms
step:5014/5100 train_loss:deferred train_time:1333686ms step_avg:266.52ms
step:5015/5100 train_loss:deferred train_time:1333950ms step_avg:266.52ms
step:5016/5100 train_loss:deferred train_time:1334215ms step_avg:266.52ms
step:5017/5100 train_loss:deferred train_time:1334478ms step_avg:266.52ms
step:5018/5100 train_loss:deferred train_time:1334741ms step_avg:266.52ms
step:5019/5100 train_loss:deferred train_time:1335007ms step_avg:266.52ms
step:5020/5100 train_loss:deferred train_time:1335272ms step_avg:266.52ms
step:5021/5100 train_loss:deferred train_time:1335536ms step_avg:266.52ms
step:5022/5100 train_loss:deferred train_time:1335800ms step_avg:266.52ms
step:5023/5100 train_loss:deferred train_time:1336064ms step_avg:266.52ms
step:5024/5100 train_loss:deferred train_time:1336327ms step_avg:266.52ms
step:5025/5100 train_loss:deferred train_time:1336590ms step_avg:266.52ms
step:5026/5100 train_loss:deferred train_time:1336854ms step_avg:266.52ms
step:5027/5100 train_loss:deferred train_time:1337118ms step_avg:266.52ms
step:5028/5100 train_loss:deferred train_time:1337381ms step_avg:266.52ms
step:5029/5100 train_loss:deferred train_time:1337645ms step_avg:266.52ms
step:5030/5100 train_loss:deferred train_time:1337910ms step_avg:266.52ms
step:5031/5100 train_loss:deferred train_time:1338174ms step_avg:266.52ms
step:5032/5100 train_loss:deferred train_time:1338438ms step_avg:266.51ms
step:5033/5100 train_loss:deferred train_time:1338704ms step_avg:266.51ms
step:5034/5100 train_loss:deferred train_time:1338967ms step_avg:266.51ms
step:5035/5100 train_loss:deferred train_time:1339233ms step_avg:266.51ms
step:5036/5100 train_loss:deferred train_time:1339496ms step_avg:266.51ms
step:5037/5100 train_loss:deferred train_time:1339759ms step_avg:266.51ms
step:5038/5100 train_loss:deferred train_time:1340023ms step_avg:266.51ms
step:5039/5100 train_loss:deferred train_time:1340288ms step_avg:266.51ms
step:5040/5100 train_loss:deferred train_time:1340551ms step_avg:266.51ms
step:5041/5100 train_loss:deferred train_time:1340814ms step_avg:266.51ms
step:5042/5100 train_loss:deferred train_time:1341079ms step_avg:266.51ms
step:5043/5100 train_loss:deferred train_time:1341342ms step_avg:266.51ms
step:5044/5100 train_loss:deferred train_time:1341605ms step_avg:266.51ms
step:5045/5100 train_loss:deferred train_time:1341870ms step_avg:266.51ms
step:5046/5100 train_loss:deferred train_time:1342134ms step_avg:266.51ms
step:5047/5100 train_loss:deferred train_time:1342397ms step_avg:266.51ms
step:5048/5100 train_loss:deferred train_time:1342661ms step_avg:266.51ms
step:5049/5100 train_loss:deferred train_time:1342925ms step_avg:266.51ms
step:5050/5100 train_loss:deferred train_time:1343189ms step_avg:266.51ms
step:5051/5100 train_loss:deferred train_time:1343453ms step_avg:266.51ms
step:5052/5100 train_loss:deferred train_time:1343716ms step_avg:266.50ms
step:5053/5100 train_loss:deferred train_time:1343981ms step_avg:266.50ms
step:5054/5100 train_loss:deferred train_time:1344245ms step_avg:266.50ms
step:5055/5100 train_loss:deferred train_time:1344510ms step_avg:266.50ms
step:5056/5100 train_loss:deferred train_time:1344773ms step_avg:266.50ms
step:5057/5100 train_loss:deferred train_time:1345040ms step_avg:266.50ms
step:5058/5100 train_loss:deferred train_time:1345303ms step_avg:266.50ms
step:5059/5100 train_loss:deferred train_time:1345567ms step_avg:266.50ms
step:5060/5100 train_loss:deferred train_time:1345830ms step_avg:266.50ms
step:5061/5100 train_loss:deferred train_time:1346094ms step_avg:266.50ms
step:5062/5100 train_loss:deferred train_time:1346359ms step_avg:266.50ms
step:5063/5100 train_loss:deferred train_time:1346622ms step_avg:266.50ms
step:5064/5100 train_loss:deferred train_time:1346885ms step_avg:266.50ms
step:5065/5100 train_loss:deferred train_time:1347150ms step_avg:266.50ms
step:5066/5100 train_loss:deferred train_time:1347413ms step_avg:266.50ms
step:5067/5100 train_loss:deferred train_time:1347678ms step_avg:266.50ms
step:5068/5100 train_loss:deferred train_time:1347942ms step_avg:266.50ms
step:5069/5100 train_loss:deferred train_time:1348206ms step_avg:266.50ms
step:5070/5100 train_loss:deferred train_time:1348469ms step_avg:266.50ms
step:5071/5100 train_loss:deferred train_time:1348733ms step_avg:266.50ms
step:5072/5100 train_loss:deferred train_time:1348997ms step_avg:266.49ms
step:5073/5100 train_loss:deferred train_time:1349263ms step_avg:266.49ms
step:5074/5100 train_loss:deferred train_time:1349527ms step_avg:266.49ms
step:5075/5100 train_loss:deferred train_time:1349790ms step_avg:266.49ms
step:5076/5100 train_loss:deferred train_time:1350054ms step_avg:266.49ms
step:5077/5100 train_loss:deferred train_time:1350320ms step_avg:266.49ms
step:5078/5100 train_loss:deferred train_time:1350584ms step_avg:266.49ms
step:5079/5100 train_loss:deferred train_time:1350847ms step_avg:266.49ms
step:5080/5100 train_loss:deferred train_time:1351109ms step_avg:266.49ms
step:5081/5100 train_loss:deferred train_time:1351374ms step_avg:266.49ms
step:5082/5100 train_loss:deferred train_time:1351637ms step_avg:266.49ms
step:5083/5100 train_loss:deferred train_time:1351904ms step_avg:266.49ms
step:5084/5100 train_loss:deferred train_time:1352170ms step_avg:266.49ms
step:5085/5100 train_loss:deferred train_time:1352433ms step_avg:266.49ms
step:5086/5100 train_loss:deferred train_time:1352697ms step_avg:266.49ms
step:5087/5100 train_loss:deferred train_time:1352961ms step_avg:266.49ms
step:5088/5100 train_loss:deferred train_time:1353226ms step_avg:266.49ms
step:5089/5100 train_loss:deferred train_time:1353489ms step_avg:266.49ms
step:5090/5100 train_loss:deferred train_time:1353753ms step_avg:266.49ms
step:5091/5100 train_loss:deferred train_time:1354016ms step_avg:266.49ms
step:5092/5100 train_loss:deferred train_time:1354279ms step_avg:266.49ms
step:5093/5100 train_loss:deferred train_time:1354543ms step_avg:266.48ms
step:5094/5100 train_loss:deferred train_time:1354808ms step_avg:266.48ms
step:5095/5100 train_loss:deferred train_time:1355070ms step_avg:266.48ms
step:5096/5100 train_loss:deferred train_time:1355333ms step_avg:266.48ms
step:5097/5100 train_loss:deferred train_time:1355599ms step_avg:266.48ms
step:5098/5100 train_loss:deferred train_time:1355862ms step_avg:266.48ms
step:5099/5100 train_loss:deferred train_time:1356125ms step_avg:266.48ms
step:5100/5100 train_loss:deferred train_time:1356389ms step_avg:266.48ms
step:5100/5100 val_loss:3.2770 train_time:1356551ms step_avg:266.51ms
