/SharePath/chenyupeng/cyp-testtest/llm_test_migrated/lib/python3.10/site-packages/torch_npu/utils/collect_env.py:58: UserWarning: Warning: The /usr/local/Ascend/cann-8.5.0 owner does not match the current owner.
  warnings.warn(f"Warning: The {path} owner does not match the current owner.")
/SharePath/chenyupeng/cyp-testtest/llm_test_migrated/lib/python3.10/site-packages/torch_npu/utils/collect_env.py:58: UserWarning: Warning: The /usr/local/Ascend/cann-8.5.0/aarch64-linux/ascend_ops_install.info owner does not match the current owner.
  warnings.warn(f"Warning: The {path} owner does not match the current owner.")
/SharePath/chenyupeng/cyp-testtest/llm_test_migrated/lib/python3.10/site-packages/torch_npu/utils/collect_env.py:58: UserWarning: Warning: The /usr/local/Ascend/cann-8.5.0 owner does not match the current owner.
  warnings.warn(f"Warning: The {path} owner does not match the current owner.")
/SharePath/chenyupeng/cyp-testtest/llm_test_migrated/lib/python3.10/site-packages/torch_npu/utils/collect_env.py:58: UserWarning: Warning: The /usr/local/Ascend/cann-8.5.0/aarch64-linux/ascend_ops_install.info owner does not match the current owner.
  warnings.warn(f"Warning: The {path} owner does not match the current owner.")
W0927 20:28:12.420000 2283 site-packages/torch/distributed/run.py:766] 
W0927 20:28:12.420000 2283 site-packages/torch/distributed/run.py:766] *****************************************
W0927 20:28:12.420000 2283 site-packages/torch/distributed/run.py:766] Setting OMP_NUM_THREADS environment variable for each process to be 1 in default, to avoid your system being overloaded, please further tune the variable for optimal performance in your application as needed. 
W0927 20:28:12.420000 2283 site-packages/torch/distributed/run.py:766] *****************************************
/SharePath/chenyupeng/cyp-testtest/llm_test_migrated/lib/python3.10/site-packages/torch_npu/utils/collect_env.py:58: UserWarning: Warning: The /usr/local/Ascend/cann-8.5.0 owner does not match the current owner.
  warnings.warn(f"Warning: The {path} owner does not match the current owner.")
/SharePath/chenyupeng/cyp-testtest/llm_test_migrated/lib/python3.10/site-packages/torch_npu/utils/collect_env.py:58: UserWarning: Warning: The /usr/local/Ascend/cann-8.5.0/aarch64-linux/ascend_ops_install.info owner does not match the current owner.
  warnings.warn(f"Warning: The {path} owner does not match the current owner.")
/SharePath/chenyupeng/cyp-testtest/llm_test_migrated/lib/python3.10/site-packages/torch_npu/utils/collect_env.py:58: UserWarning: Warning: The /usr/local/Ascend/cann-8.5.0 owner does not match the current owner.
  warnings.warn(f"Warning: The {path} owner does not match the current owner.")
/SharePath/chenyupeng/cyp-testtest/llm_test_migrated/lib/python3.10/site-packages/torch_npu/utils/collect_env.py:58: UserWarning: Warning: The /usr/local/Ascend/cann-8.5.0/aarch64-linux/ascend_ops_install.info owner does not match the current owner.
  warnings.warn(f"Warning: The {path} owner does not match the current owner.")
/SharePath/chenyupeng/cyp-testtest/llm_test_migrated/lib/python3.10/site-packages/torch_npu/utils/collect_env.py:58: UserWarning: Warning: The /usr/local/Ascend/cann-8.5.0 owner does not match the current owner.
  warnings.warn(f"Warning: The {path} owner does not match the current owner.")
/SharePath/chenyupeng/cyp-testtest/llm_test_migrated/lib/python3.10/site-packages/torch_npu/utils/collect_env.py:58: UserWarning: Warning: The /usr/local/Ascend/cann-8.5.0/aarch64-linux/ascend_ops_install.info owner does not match the current owner.
  warnings.warn(f"Warning: The {path} owner does not match the current owner.")
/SharePath/chenyupeng/cyp-testtest/llm_test_migrated/lib/python3.10/site-packages/torch_npu/utils/collect_env.py:58: UserWarning: Warning: The /usr/local/Ascend/cann-8.5.0 owner does not match the current owner.
  warnings.warn(f"Warning: The {path} owner does not match the current owner.")
/SharePath/chenyupeng/cyp-testtest/llm_test_migrated/lib/python3.10/site-packages/torch_npu/utils/collect_env.py:58: UserWarning: Warning: The /usr/local/Ascend/cann-8.5.0/aarch64-linux/ascend_ops_install.info owner does not match the current owner.
  warnings.warn(f"Warning: The {path} owner does not match the current owner.")
/SharePath/chenyupeng/cyp-testtest/llm_test_migrated/lib/python3.10/site-packages/torch_npu/utils/collect_env.py:58: UserWarning: Warning: The /usr/local/Ascend/cann-8.5.0 owner does not match the current owner.
  warnings.warn(f"Warning: The {path} owner does not match the current owner.")
/SharePath/chenyupeng/cyp-testtest/llm_test_migrated/lib/python3.10/site-packages/torch_npu/utils/collect_env.py:58: UserWarning: Warning: The /usr/local/Ascend/cann-8.5.0/aarch64-linux/ascend_ops_install.info owner does not match the current owner.
  warnings.warn(f"Warning: The {path} owner does not match the current owner.")
/SharePath/chenyupeng/cyp-testtest/llm_test_migrated/lib/python3.10/site-packages/torch_npu/utils/collect_env.py:58: UserWarning: Warning: The /usr/local/Ascend/cann-8.5.0 owner does not match the current owner.
  warnings.warn(f"Warning: The {path} owner does not match the current owner.")
/SharePath/chenyupeng/cyp-testtest/llm_test_migrated/lib/python3.10/site-packages/torch_npu/utils/collect_env.py:58: UserWarning: Warning: The /usr/local/Ascend/cann-8.5.0/aarch64-linux/ascend_ops_install.info owner does not match the current owner.
  warnings.warn(f"Warning: The {path} owner does not match the current owner.")
/SharePath/chenyupeng/cyp-testtest/llm_test_migrated/lib/python3.10/site-packages/torch_npu/utils/collect_env.py:58: UserWarning: Warning: The /usr/local/Ascend/cann-8.5.0 owner does not match the current owner.
  warnings.warn(f"Warning: The {path} owner does not match the current owner.")
/SharePath/chenyupeng/cyp-testtest/llm_test_migrated/lib/python3.10/site-packages/torch_npu/utils/collect_env.py:58: UserWarning: Warning: The /usr/local/Ascend/cann-8.5.0/aarch64-linux/ascend_ops_install.info owner does not match the current owner.
  warnings.warn(f"Warning: The {path} owner does not match the current owner.")
/SharePath/chenyupeng/cyp-testtest/llm_test_migrated/lib/python3.10/site-packages/torch_npu/utils/collect_env.py:58: UserWarning: Warning: The /usr/local/Ascend/cann-8.5.0 owner does not match the current owner.
  warnings.warn(f"Warning: The {path} owner does not match the current owner.")
/SharePath/chenyupeng/cyp-testtest/llm_test_migrated/lib/python3.10/site-packages/torch_npu/utils/collect_env.py:58: UserWarning: Warning: The /usr/local/Ascend/cann-8.5.0/aarch64-linux/ascend_ops_install.info owner does not match the current owner.
  warnings.warn(f"Warning: The {path} owner does not match the current owner.")
/SharePath/chenyupeng/cyp-testtest/llm_test_migrated/lib/python3.10/site-packages/torch_npu/utils/collect_env.py:58: UserWarning: Warning: The /usr/local/Ascend/cann-8.5.0 owner does not match the current owner.
  warnings.warn(f"Warning: The {path} owner does not match the current owner.")
/SharePath/chenyupeng/cyp-testtest/llm_test_migrated/lib/python3.10/site-packages/torch_npu/utils/collect_env.py:58: UserWarning: Warning: The /usr/local/Ascend/cann-8.5.0/aarch64-linux/ascend_ops_install.info owner does not match the current owner.
  warnings.warn(f"Warning: The {path} owner does not match the current owner.")
/SharePath/chenyupeng/cyp-testtest/llm_test_migrated/lib/python3.10/site-packages/torch_npu/utils/collect_env.py:58: UserWarning: Warning: The /usr/local/Ascend/cann-8.5.0 owner does not match the current owner.
  warnings.warn(f"Warning: The {path} owner does not match the current owner.")
/SharePath/chenyupeng/cyp-testtest/llm_test_migrated/lib/python3.10/site-packages/torch_npu/utils/collect_env.py:58: UserWarning: Warning: The /usr/local/Ascend/cann-8.5.0/aarch64-linux/ascend_ops_install.info owner does not match the current owner.
  warnings.warn(f"Warning: The {path} owner does not match the current owner.")
/SharePath/chenyupeng/cyp-testtest/llm_test_migrated/lib/python3.10/site-packages/torch_npu/utils/collect_env.py:58: UserWarning: Warning: The /usr/local/Ascend/cann-8.5.0 owner does not match the current owner.
  warnings.warn(f"Warning: The {path} owner does not match the current owner.")
/SharePath/chenyupeng/cyp-testtest/llm_test_migrated/lib/python3.10/site-packages/torch_npu/utils/collect_env.py:58: UserWarning: Warning: The /usr/local/Ascend/cann-8.5.0/aarch64-linux/ascend_ops_install.info owner does not match the current owner.
  warnings.warn(f"Warning: The {path} owner does not match the current owner.")
/SharePath/chenyupeng/cyp-testtest/llm_test_migrated/lib/python3.10/site-packages/torch_npu/utils/collect_env.py:58: UserWarning: Warning: The /usr/local/Ascend/cann-8.5.0 owner does not match the current owner.
  warnings.warn(f"Warning: The {path} owner does not match the current owner.")
/SharePath/chenyupeng/cyp-testtest/llm_test_migrated/lib/python3.10/site-packages/torch_npu/utils/collect_env.py:58: UserWarning: Warning: The /usr/local/Ascend/cann-8.5.0/aarch64-linux/ascend_ops_install.info owner does not match the current owner.
  warnings.warn(f"Warning: The {path} owner does not match the current owner.")
/SharePath/chenyupeng/cyp-testtest/llm_test_migrated/lib/python3.10/site-packages/torch_npu/utils/collect_env.py:58: UserWarning: Warning: The /usr/local/Ascend/cann-8.5.0 owner does not match the current owner.
  warnings.warn(f"Warning: The {path} owner does not match the current owner.")
/SharePath/chenyupeng/cyp-testtest/llm_test_migrated/lib/python3.10/site-packages/torch_npu/utils/collect_env.py:58: UserWarning: Warning: The /usr/local/Ascend/cann-8.5.0/aarch64-linux/ascend_ops_install.info owner does not match the current owner.
  warnings.warn(f"Warning: The {path} owner does not match the current owner.")
/SharePath/chenyupeng/cyp-testtest/llm_test_migrated/lib/python3.10/site-packages/torch_npu/utils/collect_env.py:58: UserWarning: Warning: The /usr/local/Ascend/cann-8.5.0 owner does not match the current owner.
  warnings.warn(f"Warning: The {path} owner does not match the current owner.")
/SharePath/chenyupeng/cyp-testtest/llm_test_migrated/lib/python3.10/site-packages/torch_npu/utils/collect_env.py:58: UserWarning: Warning: The /usr/local/Ascend/cann-8.5.0/aarch64-linux/ascend_ops_install.info owner does not match the current owner.
  warnings.warn(f"Warning: The {path} owner does not match the current owner.")
/SharePath/chenyupeng/cyp-testtest/llm_test_migrated/lib/python3.10/site-packages/torch_npu/utils/collect_env.py:58: UserWarning: Warning: The /usr/local/Ascend/cann-8.5.0 owner does not match the current owner.
  warnings.warn(f"Warning: The {path} owner does not match the current owner.")
/SharePath/chenyupeng/cyp-testtest/llm_test_migrated/lib/python3.10/site-packages/torch_npu/utils/collect_env.py:58: UserWarning: Warning: The /usr/local/Ascend/cann-8.5.0/aarch64-linux/ascend_ops_install.info owner does not match the current owner.
  warnings.warn(f"Warning: The {path} owner does not match the current owner.")
/SharePath/chenyupeng/cyp-testtest/llm_test_migrated/lib/python3.10/site-packages/torch_npu/utils/collect_env.py:58: UserWarning: Warning: The /usr/local/Ascend/cann-8.5.0 owner does not match the current owner.
  warnings.warn(f"Warning: The {path} owner does not match the current owner.")
/SharePath/chenyupeng/cyp-testtest/llm_test_migrated/lib/python3.10/site-packages/torch_npu/utils/collect_env.py:58: UserWarning: Warning: The /usr/local/Ascend/cann-8.5.0/aarch64-linux/ascend_ops_install.info owner does not match the current owner.
  warnings.warn(f"Warning: The {path} owner does not match the current owner.")
/SharePath/chenyupeng/cyp-testtest/llm_test_migrated/lib/python3.10/site-packages/torch_npu/utils/collect_env.py:58: UserWarning: Warning: The /usr/local/Ascend/cann-8.5.0 owner does not match the current owner.
  warnings.warn(f"Warning: The {path} owner does not match the current owner.")
/SharePath/chenyupeng/cyp-testtest/llm_test_migrated/lib/python3.10/site-packages/torch_npu/utils/collect_env.py:58: UserWarning: Warning: The /usr/local/Ascend/cann-8.5.0/aarch64-linux/ascend_ops_install.info owner does not match the current owner.
  warnings.warn(f"Warning: The {path} owner does not match the current owner.")
/SharePath/chenyupeng/cyp-testtest/llm_test_migrated/lib/python3.10/site-packages/torch_npu/utils/collect_env.py:58: UserWarning: Warning: The /usr/local/Ascend/cann-8.5.0 owner does not match the current owner.
  warnings.warn(f"Warning: The {path} owner does not match the current owner.")
/SharePath/chenyupeng/cyp-testtest/llm_test_migrated/lib/python3.10/site-packages/torch_npu/utils/collect_env.py:58: UserWarning: Warning: The /usr/local/Ascend/cann-8.5.0/aarch64-linux/ascend_ops_install.info owner does not match the current owner.
  warnings.warn(f"Warning: The {path} owner does not match the current owner.")
/SharePath/chenyupeng/cyp-testtest/llm_test_migrated/lib/python3.10/site-packages/torch_npu/utils/collect_env.py:58: UserWarning: Warning: The /usr/local/Ascend/cann-8.5.0 owner does not match the current owner.
  warnings.warn(f"Warning: The {path} owner does not match the current owner.")
/SharePath/chenyupeng/cyp-testtest/llm_test_migrated/lib/python3.10/site-packages/torch_npu/utils/collect_env.py:58: UserWarning: Warning: The /usr/local/Ascend/cann-8.5.0/aarch64-linux/ascend_ops_install.info owner does not match the current owner.
  warnings.warn(f"Warning: The {path} owner does not match the current owner.")
/SharePath/chenyupeng/cyp-testtest/llm_test_migrated/lib/python3.10/site-packages/torch_npu/utils/collect_env.py:58: UserWarning: Warning: The /usr/local/Ascend/cann-8.5.0 owner does not match the current owner.
  warnings.warn(f"Warning: The {path} owner does not match the current owner.")
/SharePath/chenyupeng/cyp-testtest/llm_test_migrated/lib/python3.10/site-packages/torch_npu/utils/collect_env.py:58: UserWarning: Warning: The /usr/local/Ascend/cann-8.5.0 owner does not match the current owner.
  warnings.warn(f"Warning: The {path} owner does not match the current owner.")
/SharePath/chenyupeng/cyp-testtest/llm_test_migrated/lib/python3.10/site-packages/torch_npu/utils/collect_env.py:58: UserWarning: Warning: The /usr/local/Ascend/cann-8.5.0/aarch64-linux/ascend_ops_install.info owner does not match the current owner.
  warnings.warn(f"Warning: The {path} owner does not match the current owner.")
/SharePath/chenyupeng/cyp-testtest/llm_test_migrated/lib/python3.10/site-packages/torch_npu/utils/collect_env.py:58: UserWarning: Warning: The /usr/local/Ascend/cann-8.5.0/aarch64-linux/ascend_ops_install.info owner does not match the current owner.
  warnings.warn(f"Warning: The {path} owner does not match the current owner.")
/SharePath/chenyupeng/cyp-testtest/llm_test_migrated/lib/python3.10/site-packages/torch_npu/utils/collect_env.py:58: UserWarning: Warning: The /usr/local/Ascend/cann-8.5.0 owner does not match the current owner.
  warnings.warn(f"Warning: The {path} owner does not match the current owner.")
/SharePath/chenyupeng/cyp-testtest/llm_test_migrated/lib/python3.10/site-packages/torch_npu/utils/collect_env.py:58: UserWarning: Warning: The /usr/local/Ascend/cann-8.5.0/aarch64-linux/ascend_ops_install.info owner does not match the current owner.
  warnings.warn(f"Warning: The {path} owner does not match the current owner.")
/SharePath/chenyupeng/cyp-testtest/llm_test_migrated/lib/python3.10/site-packages/torch_npu/utils/collect_env.py:58: UserWarning: Warning: The /usr/local/Ascend/cann-8.5.0 owner does not match the current owner.
  warnings.warn(f"Warning: The {path} owner does not match the current owner.")
/SharePath/chenyupeng/cyp-testtest/llm_test_migrated/lib/python3.10/site-packages/torch_npu/utils/collect_env.py:58: UserWarning: Warning: The /usr/local/Ascend/cann-8.5.0/aarch64-linux/ascend_ops_install.info owner does not match the current owner.
  warnings.warn(f"Warning: The {path} owner does not match the current owner.")
/SharePath/chenyupeng/cyp-testtest/llm_test_migrated/lib/python3.10/site-packages/torch_npu/utils/collect_env.py:58: UserWarning: Warning: The /usr/local/Ascend/cann-8.5.0 owner does not match the current owner.
  warnings.warn(f"Warning: The {path} owner does not match the current owner.")
/SharePath/chenyupeng/cyp-testtest/llm_test_migrated/lib/python3.10/site-packages/torch_npu/utils/collect_env.py:58: UserWarning: Warning: The /usr/local/Ascend/cann-8.5.0/aarch64-linux/ascend_ops_install.info owner does not match the current owner.
  warnings.warn(f"Warning: The {path} owner does not match the current owner.")
/SharePath/chenyupeng/cyp-testtest/llm_test_migrated/lib/python3.10/site-packages/torch_npu/utils/collect_env.py:58: UserWarning: Warning: The /usr/local/Ascend/cann-8.5.0 owner does not match the current owner.
  warnings.warn(f"Warning: The {path} owner does not match the current owner.")
/SharePath/chenyupeng/cyp-testtest/llm_test_migrated/lib/python3.10/site-packages/torch_npu/utils/collect_env.py:58: UserWarning: Warning: The /usr/local/Ascend/cann-8.5.0/aarch64-linux/ascend_ops_install.info owner does not match the current owner.
  warnings.warn(f"Warning: The {path} owner does not match the current owner.")
/SharePath/chenyupeng/cyp-testtest/llm_test_migrated/lib/python3.10/site-packages/torch_npu/utils/collect_env.py:58: UserWarning: Warning: The /usr/local/Ascend/cann-8.5.0 owner does not match the current owner.
  warnings.warn(f"Warning: The {path} owner does not match the current owner.")
/SharePath/chenyupeng/cyp-testtest/llm_test_migrated/lib/python3.10/site-packages/torch_npu/utils/collect_env.py:58: UserWarning: Warning: The /usr/local/Ascend/cann-8.5.0/aarch64-linux/ascend_ops_install.info owner does not match the current owner.
  warnings.warn(f"Warning: The {path} owner does not match the current owner.")
/SharePath/chenyupeng/cyp-testtest/llm_test_migrated/lib/python3.10/site-packages/torch_npu/utils/collect_env.py:58: UserWarning: Warning: The /usr/local/Ascend/cann-8.5.0 owner does not match the current owner.
  warnings.warn(f"Warning: The {path} owner does not match the current owner.")
/SharePath/chenyupeng/cyp-testtest/llm_test_migrated/lib/python3.10/site-packages/torch_npu/utils/collect_env.py:58: UserWarning: Warning: The /usr/local/Ascend/cann-8.5.0/aarch64-linux/ascend_ops_install.info owner does not match the current owner.
  warnings.warn(f"Warning: The {path} owner does not match the current owner.")
/SharePath/chenyupeng/cyp-testtest/llm_test_migrated/lib/python3.10/site-packages/torch_npu/utils/collect_env.py:58: UserWarning: Warning: The /usr/local/Ascend/cann-8.5.0 owner does not match the current owner.
  warnings.warn(f"Warning: The {path} owner does not match the current owner.")
/SharePath/chenyupeng/cyp-testtest/llm_test_migrated/lib/python3.10/site-packages/torch_npu/utils/collect_env.py:58: UserWarning: Warning: The /usr/local/Ascend/cann-8.5.0/aarch64-linux/ascend_ops_install.info owner does not match the current owner.
  warnings.warn(f"Warning: The {path} owner does not match the current owner.")
/SharePath/chenyupeng/cyp-testtest/llm_test_migrated/lib/python3.10/site-packages/torch_npu/utils/collect_env.py:58: UserWarning: Warning: The /usr/local/Ascend/cann-8.5.0 owner does not match the current owner.
  warnings.warn(f"Warning: The {path} owner does not match the current owner.")
/SharePath/chenyupeng/cyp-testtest/llm_test_migrated/lib/python3.10/site-packages/torch_npu/utils/collect_env.py:58: UserWarning: Warning: The /usr/local/Ascend/cann-8.5.0/aarch64-linux/ascend_ops_install.info owner does not match the current owner.
  warnings.warn(f"Warning: The {path} owner does not match the current owner.")
/SharePath/chenyupeng/cyp-testtest/llm_test_migrated/lib/python3.10/site-packages/torch_npu/utils/collect_env.py:58: UserWarning: Warning: The /usr/local/Ascend/cann-8.5.0 owner does not match the current owner.
  warnings.warn(f"Warning: The {path} owner does not match the current owner.")
/SharePath/chenyupeng/cyp-testtest/llm_test_migrated/lib/python3.10/site-packages/torch_npu/utils/collect_env.py:58: UserWarning: Warning: The /usr/local/Ascend/cann-8.5.0 owner does not match the current owner.
  warnings.warn(f"Warning: The {path} owner does not match the current owner.")
/SharePath/chenyupeng/cyp-testtest/llm_test_migrated/lib/python3.10/site-packages/torch_npu/utils/collect_env.py:58: UserWarning: Warning: The /usr/local/Ascend/cann-8.5.0/aarch64-linux/ascend_ops_install.info owner does not match the current owner.
  warnings.warn(f"Warning: The {path} owner does not match the current owner.")
/SharePath/chenyupeng/cyp-testtest/llm_test_migrated/lib/python3.10/site-packages/torch_npu/utils/collect_env.py:58: UserWarning: Warning: The /usr/local/Ascend/cann-8.5.0/aarch64-linux/ascend_ops_install.info owner does not match the current owner.
  warnings.warn(f"Warning: The {path} owner does not match the current owner.")
/SharePath/chenyupeng/cyp-testtest/llm_test_migrated/lib/python3.10/site-packages/torch_npu/utils/collect_env.py:58: UserWarning: Warning: The /usr/local/Ascend/cann-8.5.0 owner does not match the current owner.
  warnings.warn(f"Warning: The {path} owner does not match the current owner.")
/SharePath/chenyupeng/cyp-testtest/llm_test_migrated/lib/python3.10/site-packages/torch_npu/utils/collect_env.py:58: UserWarning: Warning: The /usr/local/Ascend/cann-8.5.0/aarch64-linux/ascend_ops_install.info owner does not match the current owner.
  warnings.warn(f"Warning: The {path} owner does not match the current owner.")
/SharePath/chenyupeng/cyp-testtest/llm_test_migrated/lib/python3.10/site-packages/torch/autograd/__init__.py:221: UserWarning: Cannot create tensor with interal format while allow_internel_format=False, tensor will be created with base format. (Triggered internally at build/CMakeFiles/torch_npu.dir/compiler_depend.ts:338.)
  torch.ones_like(out, memory_format=torch.preserve_format)
/SharePath/chenyupeng/cyp-testtest/llm_test_migrated/lib/python3.10/site-packages/torch/autograd/__init__.py:221: UserWarning: Cannot create tensor with interal format while allow_internel_format=False, tensor will be created with base format. (Triggered internally at build/CMakeFiles/torch_npu.dir/compiler_depend.ts:338.)
  torch.ones_like(out, memory_format=torch.preserve_format)
/SharePath/chenyupeng/cyp-testtest/llm_test_migrated/lib/python3.10/site-packages/torch/autograd/__init__.py:221: UserWarning: Cannot create tensor with interal format while allow_internel_format=False, tensor will be created with base format. (Triggered internally at build/CMakeFiles/torch_npu.dir/compiler_depend.ts:338.)
  torch.ones_like(out, memory_format=torch.preserve_format)
/SharePath/chenyupeng/cyp-testtest/llm_test_migrated/lib/python3.10/site-packages/torch/autograd/__init__.py:221: UserWarning: Cannot create tensor with interal format while allow_internel_format=False, tensor will be created with base format. (Triggered internally at build/CMakeFiles/torch_npu.dir/compiler_depend.ts:338.)
  torch.ones_like(out, memory_format=torch.preserve_format)
/SharePath/chenyupeng/cyp-testtest/llm_test_migrated/lib/python3.10/site-packages/torch/autograd/__init__.py:221: UserWarning: Cannot create tensor with interal format while allow_internel_format=False, tensor will be created with base format. (Triggered internally at build/CMakeFiles/torch_npu.dir/compiler_depend.ts:338.)
  torch.ones_like(out, memory_format=torch.preserve_format)
/SharePath/chenyupeng/cyp-testtest/llm_test_migrated/lib/python3.10/site-packages/torch/autograd/__init__.py:221: UserWarning: Cannot create tensor with interal format while allow_internel_format=False, tensor will be created with base format. (Triggered internally at build/CMakeFiles/torch_npu.dir/compiler_depend.ts:338.)
  torch.ones_like(out, memory_format=torch.preserve_format)
/SharePath/chenyupeng/cyp-testtest/llm_test_migrated/lib/python3.10/site-packages/torch/autograd/__init__.py:221: UserWarning: Cannot create tensor with interal format while allow_internel_format=False, tensor will be created with base format. (Triggered internally at build/CMakeFiles/torch_npu.dir/compiler_depend.ts:338.)
  torch.ones_like(out, memory_format=torch.preserve_format)
/SharePath/chenyupeng/cyp-testtest/llm_test_migrated/lib/python3.10/site-packages/torch/autograd/__init__.py:221: UserWarning: Cannot create tensor with interal format while allow_internel_format=False, tensor will be created with base format. (Triggered internally at build/CMakeFiles/torch_npu.dir/compiler_depend.ts:338.)
  torch.ones_like(out, memory_format=torch.preserve_format)
using device: npu:4
using device: npu:9
using device: npu:6
using device: npu:10
using device: npu:2
/SharePath/chenyupeng/cyp-testtest/llm_test_migrated/lib/python3.10/site-packages/torch/autograd/__init__.py:221: UserWarning: Cannot create tensor with interal format while allow_internel_format=False, tensor will be created with base format. (Triggered internally at build/CMakeFiles/torch_npu.dir/compiler_depend.ts:338.)
  torch.ones_like(out, memory_format=torch.preserve_format)
/SharePath/chenyupeng/cyp-testtest/llm_test_migrated/lib/python3.10/site-packages/torch/autograd/__init__.py:221: UserWarning: Cannot create tensor with interal format while allow_internel_format=False, tensor will be created with base format. (Triggered internally at build/CMakeFiles/torch_npu.dir/compiler_depend.ts:338.)
  torch.ones_like(out, memory_format=torch.preserve_format)
/SharePath/chenyupeng/cyp-testtest/llm_test_migrated/lib/python3.10/site-packages/torch/autograd/__init__.py:221: UserWarning: Cannot create tensor with interal format while allow_internel_format=False, tensor will be created with base format. (Triggered internally at build/CMakeFiles/torch_npu.dir/compiler_depend.ts:338.)
  torch.ones_like(out, memory_format=torch.preserve_format)
/SharePath/chenyupeng/cyp-testtest/llm_test_migrated/lib/python3.10/site-packages/torch/autograd/__init__.py:221: UserWarning: Cannot create tensor with interal format while allow_internel_format=False, tensor will be created with base format. (Triggered internally at build/CMakeFiles/torch_npu.dir/compiler_depend.ts:338.)
  torch.ones_like(out, memory_format=torch.preserve_format)
/SharePath/chenyupeng/cyp-testtest/llm_test_migrated/lib/python3.10/site-packages/torch/autograd/__init__.py:221: UserWarning: Cannot create tensor with interal format while allow_internel_format=False, tensor will be created with base format. (Triggered internally at build/CMakeFiles/torch_npu.dir/compiler_depend.ts:338.)
  torch.ones_like(out, memory_format=torch.preserve_format)
using device: npu:11
/SharePath/chenyupeng/cyp-testtest/llm_test_migrated/lib/python3.10/site-packages/torch/autograd/__init__.py:221: UserWarning: Cannot create tensor with interal format while allow_internel_format=False, tensor will be created with base format. (Triggered internally at build/CMakeFiles/torch_npu.dir/compiler_depend.ts:338.)
  torch.ones_like(out, memory_format=torch.preserve_format)
using device: npu:1
using device: npu:12
/SharePath/chenyupeng/cyp-testtest/llm_test_migrated/lib/python3.10/site-packages/torch/autograd/__init__.py:221: UserWarning: Cannot create tensor with interal format while allow_internel_format=False, tensor will be created with base format. (Triggered internally at build/CMakeFiles/torch_npu.dir/compiler_depend.ts:338.)
  torch.ones_like(out, memory_format=torch.preserve_format)
/SharePath/chenyupeng/cyp-testtest/llm_test_migrated/lib/python3.10/site-packages/torch/autograd/__init__.py:221: UserWarning: Cannot create tensor with interal format while allow_internel_format=False, tensor will be created with base format. (Triggered internally at build/CMakeFiles/torch_npu.dir/compiler_depend.ts:338.)
  torch.ones_like(out, memory_format=torch.preserve_format)
/SharePath/chenyupeng/cyp-testtest/llm_test_migrated/lib/python3.10/site-packages/torch_npu/dynamo/torchair/__init__.py:8: UserWarning: pkg_resources is deprecated as an API. See https://setuptools.pypa.io/en/latest/pkg_resources.html. The pkg_resources package is slated for removal as early as 2025-11-30. Refrain from using this package or pin to Setuptools<81.
  import pkg_resources
using device: npu:0
Training DataLoader: total number of tokens: 10255324043 across 103 files
Validation DataLoader: total number of tokens: 100000000 across 1 files
using device: npu:8
using device: npu:15
using device: npu:5
using device: npu:3
using device: npu:7
using device: npu:13
using device: npu:14
..........................step:0/3242 val_loss:10.8258 train_time:57ms step_avg:nanms
........./SharePath/chenyupeng/cyp-testtest/llm_test_migrated/lib/python3.10/site-packages/torch/_functorch/_aot_autograd/utils.py:130: UserWarning: Your compiler for AOTAutograd is returning a function that doesn't take boxed arguments. Please wrap it with functorch.compile.make_boxed_func or handle the boxed arguments yourself. See https://github.com/pytorch/pytorch/pull/83137#issuecomment-1211320670 for rationale.
  warnings.warn(
/SharePath/chenyupeng/cyp-testtest/llm_test_migrated/lib/python3.10/site-packages/torch/_functorch/_aot_autograd/utils.py:130: UserWarning: Your compiler for AOTAutograd is returning a function that doesn't take boxed arguments. Please wrap it with functorch.compile.make_boxed_func or handle the boxed arguments yourself. See https://github.com/pytorch/pytorch/pull/83137#issuecomment-1211320670 for rationale.
  warnings.warn(
.../SharePath/chenyupeng/cyp-testtest/llm_test_migrated/lib/python3.10/site-packages/torch/_functorch/_aot_autograd/utils.py:130: UserWarning: Your compiler for AOTAutograd is returning a function that doesn't take boxed arguments. Please wrap it with functorch.compile.make_boxed_func or handle the boxed arguments yourself. See https://github.com/pytorch/pytorch/pull/83137#issuecomment-1211320670 for rationale.
  warnings.warn(
/SharePath/chenyupeng/cyp-testtest/llm_test_migrated/lib/python3.10/site-packages/torch/_functorch/_aot_autograd/utils.py:130: UserWarning: Your compiler for AOTAutograd is returning a function that doesn't take boxed arguments. Please wrap it with functorch.compile.make_boxed_func or handle the boxed arguments yourself. See https://github.com/pytorch/pytorch/pull/83137#issuecomment-1211320670 for rationale.
  warnings.warn(
/SharePath/chenyupeng/cyp-testtest/llm_test_migrated/lib/python3.10/site-packages/torch/_functorch/_aot_autograd/utils.py:130: UserWarning: Your compiler for AOTAutograd is returning a function that doesn't take boxed arguments. Please wrap it with functorch.compile.make_boxed_func or handle the boxed arguments yourself. See https://github.com/pytorch/pytorch/pull/83137#issuecomment-1211320670 for rationale.
  warnings.warn(
../SharePath/chenyupeng/cyp-testtest/llm_test_migrated/lib/python3.10/site-packages/torch/_functorch/_aot_autograd/utils.py:130: UserWarning: Your compiler for AOTAutograd is returning a function that doesn't take boxed arguments. Please wrap it with functorch.compile.make_boxed_func or handle the boxed arguments yourself. See https://github.com/pytorch/pytorch/pull/83137#issuecomment-1211320670 for rationale.
  warnings.warn(
./SharePath/chenyupeng/cyp-testtest/llm_test_migrated/lib/python3.10/site-packages/torch/_functorch/_aot_autograd/utils.py:130: UserWarning: Your compiler for AOTAutograd is returning a function that doesn't take boxed arguments. Please wrap it with functorch.compile.make_boxed_func or handle the boxed arguments yourself. See https://github.com/pytorch/pytorch/pull/83137#issuecomment-1211320670 for rationale.
  warnings.warn(
/SharePath/chenyupeng/cyp-testtest/llm_test_migrated/lib/python3.10/site-packages/torch/_functorch/_aot_autograd/utils.py:130: UserWarning: Your compiler for AOTAutograd is returning a function that doesn't take boxed arguments. Please wrap it with functorch.compile.make_boxed_func or handle the boxed arguments yourself. See https://github.com/pytorch/pytorch/pull/83137#issuecomment-1211320670 for rationale.
  warnings.warn(
./SharePath/chenyupeng/cyp-testtest/llm_test_migrated/lib/python3.10/site-packages/torch/_functorch/_aot_autograd/utils.py:130: UserWarning: Your compiler for AOTAutograd is returning a function that doesn't take boxed arguments. Please wrap it with functorch.compile.make_boxed_func or handle the boxed arguments yourself. See https://github.com/pytorch/pytorch/pull/83137#issuecomment-1211320670 for rationale.
  warnings.warn(
/SharePath/chenyupeng/cyp-testtest/llm_test_migrated/lib/python3.10/site-packages/torch/_functorch/_aot_autograd/utils.py:130: UserWarning: Your compiler for AOTAutograd is returning a function that doesn't take boxed arguments. Please wrap it with functorch.compile.make_boxed_func or handle the boxed arguments yourself. See https://github.com/pytorch/pytorch/pull/83137#issuecomment-1211320670 for rationale.
  warnings.warn(
/SharePath/chenyupeng/cyp-testtest/llm_test_migrated/lib/python3.10/site-packages/torch/_functorch/_aot_autograd/utils.py:130: UserWarning: Your compiler for AOTAutograd is returning a function that doesn't take boxed arguments. Please wrap it with functorch.compile.make_boxed_func or handle the boxed arguments yourself. See https://github.com/pytorch/pytorch/pull/83137#issuecomment-1211320670 for rationale.
  warnings.warn(
/SharePath/chenyupeng/cyp-testtest/llm_test_migrated/lib/python3.10/site-packages/torch/_functorch/_aot_autograd/utils.py:130: UserWarning: Your compiler for AOTAutograd is returning a function that doesn't take boxed arguments. Please wrap it with functorch.compile.make_boxed_func or handle the boxed arguments yourself. See https://github.com/pytorch/pytorch/pull/83137#issuecomment-1211320670 for rationale.
  warnings.warn(
/SharePath/chenyupeng/cyp-testtest/llm_test_migrated/lib/python3.10/site-packages/torch/_functorch/_aot_autograd/utils.py:130: UserWarning: Your compiler for AOTAutograd is returning a function that doesn't take boxed arguments. Please wrap it with functorch.compile.make_boxed_func or handle the boxed arguments yourself. See https://github.com/pytorch/pytorch/pull/83137#issuecomment-1211320670 for rationale.
  warnings.warn(
start compile Ascend C operator RmsNormGrad. kernel name is te_rmsnormgrad_146f0ce420a594da635fba89b7769e193359ea19e374af19bf6b8d92cab4e2d3
start compile Ascend C operator RmsNormGrad. kernel name is te_rmsnormgrad_146f0ce420a594da635fba89b7769e193359ea19e374af19bf6b8d92cab4e2d3
start compile Ascend C operator RmsNormGrad. kernel name is te_rmsnormgrad_146f0ce420a594da635fba89b7769e193359ea19e374af19bf6b8d92cab4e2d3
start compile Ascend C operator RmsNormGrad. kernel name is te_rmsnormgrad_146f0ce420a594da635fba89b7769e193359ea19e374af19bf6b8d92cab4e2d3
start compile Ascend C operator RmsNormGrad. kernel name is te_rmsnormgrad_146f0ce420a594da635fba89b7769e193359ea19e374af19bf6b8d92cab4e2d3
start compile Ascend C operator RmsNormGrad. kernel name is te_rmsnormgrad_146f0ce420a594da635fba89b7769e193359ea19e374af19bf6b8d92cab4e2d3
start compile Ascend C operator RmsNormGrad. kernel name is te_rmsnormgrad_146f0ce420a594da635fba89b7769e193359ea19e374af19bf6b8d92cab4e2d3
/SharePath/chenyupeng/cyp-testtest/llm_test_migrated/lib/python3.10/site-packages/torch/_functorch/_aot_autograd/utils.py:130: UserWarning: Your compiler for AOTAutograd is returning a function that doesn't take boxed arguments. Please wrap it with functorch.compile.make_boxed_func or handle the boxed arguments yourself. See https://github.com/pytorch/pytorch/pull/83137#issuecomment-1211320670 for rationale.
  warnings.warn(
.../SharePath/chenyupeng/cyp-testtest/llm_test_migrated/lib/python3.10/site-packages/torch/_functorch/_aot_autograd/utils.py:130: UserWarning: Your compiler for AOTAutograd is returning a function that doesn't take boxed arguments. Please wrap it with functorch.compile.make_boxed_func or handle the boxed arguments yourself. See https://github.com/pytorch/pytorch/pull/83137#issuecomment-1211320670 for rationale.
  warnings.warn(
..start compile Ascend C operator RmsNormGrad. kernel name is te_rmsnormgrad_146f0ce420a594da635fba89b7769e193359ea19e374af19bf6b8d92cab4e2d3
/SharePath/chenyupeng/cyp-testtest/llm_test_migrated/lib/python3.10/site-packages/torch/_functorch/_aot_autograd/utils.py:130: UserWarning: Your compiler for AOTAutograd is returning a function that doesn't take boxed arguments. Please wrap it with functorch.compile.make_boxed_func or handle the boxed arguments yourself. See https://github.com/pytorch/pytorch/pull/83137#issuecomment-1211320670 for rationale.
  warnings.warn(
.start compile Ascend C operator RmsNormGrad. kernel name is te_rmsnormgrad_146f0ce420a594da635fba89b7769e193359ea19e374af19bf6b8d92cab4e2d3
start compile Ascend C operator RmsNormGrad. kernel name is te_rmsnormgrad_146f0ce420a594da635fba89b7769e193359ea19e374af19bf6b8d92cab4e2d3
start compile Ascend C operator RmsNormGrad. kernel name is te_rmsnormgrad_146f0ce420a594da635fba89b7769e193359ea19e374af19bf6b8d92cab4e2d3
start compile Ascend C operator RmsNormGrad. kernel name is te_rmsnormgrad_146f0ce420a594da635fba89b7769e193359ea19e374af19bf6b8d92cab4e2d3
start compile Ascend C operator RmsNormGrad. kernel name is te_rmsnormgrad_146f0ce420a594da635fba89b7769e193359ea19e374af19bf6b8d92cab4e2d3
start compile Ascend C operator RmsNormGrad. kernel name is te_rmsnormgrad_146f0ce420a594da635fba89b7769e193359ea19e374af19bf6b8d92cab4e2d3
.start compile Ascend C operator RmsNormGrad. kernel name is te_rmsnormgrad_146f0ce420a594da635fba89b7769e193359ea19e374af19bf6b8d92cab4e2d3
start compile Ascend C operator RmsNormGrad. kernel name is te_rmsnormgrad_146f0ce420a594da635fba89b7769e193359ea19e374af19bf6b8d92cab4e2d3
........................./SharePath/chenyupeng/cyp-testtest/llm_test_migrated/lib/python3.10/site-packages/torch/_functorch/_aot_autograd/utils.py:130: UserWarning: Your compiler for AOTAutograd is returning a function that doesn't take boxed arguments. Please wrap it with functorch.compile.make_boxed_func or handle the boxed arguments yourself. See https://github.com/pytorch/pytorch/pull/83137#issuecomment-1211320670 for rationale.
  warnings.warn(
/SharePath/chenyupeng/cyp-testtest/llm_test_migrated/lib/python3.10/site-packages/torch/_functorch/_aot_autograd/utils.py:130: UserWarning: Your compiler for AOTAutograd is returning a function that doesn't take boxed arguments. Please wrap it with functorch.compile.make_boxed_func or handle the boxed arguments yourself. See https://github.com/pytorch/pytorch/pull/83137#issuecomment-1211320670 for rationale.
  warnings.warn(
/SharePath/chenyupeng/cyp-testtest/llm_test_migrated/lib/python3.10/site-packages/torch/_functorch/_aot_autograd/utils.py:130: UserWarning: Your compiler for AOTAutograd is returning a function that doesn't take boxed arguments. Please wrap it with functorch.compile.make_boxed_func or handle the boxed arguments yourself. See https://github.com/pytorch/pytorch/pull/83137#issuecomment-1211320670 for rationale.
  warnings.warn(
/SharePath/chenyupeng/cyp-testtest/llm_test_migrated/lib/python3.10/site-packages/torch/_functorch/_aot_autograd/utils.py:130: UserWarning: Your compiler for AOTAutograd is returning a function that doesn't take boxed arguments. Please wrap it with functorch.compile.make_boxed_func or handle the boxed arguments yourself. See https://github.com/pytorch/pytorch/pull/83137#issuecomment-1211320670 for rationale.
  warnings.warn(
/SharePath/chenyupeng/cyp-testtest/llm_test_migrated/lib/python3.10/site-packages/torch/_functorch/_aot_autograd/utils.py:130: UserWarning: Your compiler for AOTAutograd is returning a function that doesn't take boxed arguments. Please wrap it with functorch.compile.make_boxed_func or handle the boxed arguments yourself. See https://github.com/pytorch/pytorch/pull/83137#issuecomment-1211320670 for rationale.
  warnings.warn(
/SharePath/chenyupeng/cyp-testtest/llm_test_migrated/lib/python3.10/site-packages/torch/_functorch/_aot_autograd/utils.py:130: UserWarning: Your compiler for AOTAutograd is returning a function that doesn't take boxed arguments. Please wrap it with functorch.compile.make_boxed_func or handle the boxed arguments yourself. See https://github.com/pytorch/pytorch/pull/83137#issuecomment-1211320670 for rationale.
  warnings.warn(
/SharePath/chenyupeng/cyp-testtest/llm_test_migrated/lib/python3.10/site-packages/torch/_functorch/_aot_autograd/utils.py:130: UserWarning: Your compiler for AOTAutograd is returning a function that doesn't take boxed arguments. Please wrap it with functorch.compile.make_boxed_func or handle the boxed arguments yourself. See https://github.com/pytorch/pytorch/pull/83137#issuecomment-1211320670 for rationale.
  warnings.warn(
/SharePath/chenyupeng/cyp-testtest/llm_test_migrated/lib/python3.10/site-packages/torch/_functorch/_aot_autograd/utils.py:130: UserWarning: Your compiler for AOTAutograd is returning a function that doesn't take boxed arguments. Please wrap it with functorch.compile.make_boxed_func or handle the boxed arguments yourself. See https://github.com/pytorch/pytorch/pull/83137#issuecomment-1211320670 for rationale.
  warnings.warn(
/SharePath/chenyupeng/cyp-testtest/llm_test_migrated/lib/python3.10/site-packages/torch/_functorch/_aot_autograd/utils.py:130: UserWarning: Your compiler for AOTAutograd is returning a function that doesn't take boxed arguments. Please wrap it with functorch.compile.make_boxed_func or handle the boxed arguments yourself. See https://github.com/pytorch/pytorch/pull/83137#issuecomment-1211320670 for rationale.
  warnings.warn(
/SharePath/chenyupeng/cyp-testtest/llm_test_migrated/lib/python3.10/site-packages/torch/_functorch/_aot_autograd/utils.py:130: UserWarning: Your compiler for AOTAutograd is returning a function that doesn't take boxed arguments. Please wrap it with functorch.compile.make_boxed_func or handle the boxed arguments yourself. See https://github.com/pytorch/pytorch/pull/83137#issuecomment-1211320670 for rationale.
  warnings.warn(
..../SharePath/chenyupeng/cyp-testtest/llm_test_migrated/lib/python3.10/site-packages/torch/_functorch/_aot_autograd/utils.py:130: UserWarning: Your compiler for AOTAutograd is returning a function that doesn't take boxed arguments. Please wrap it with functorch.compile.make_boxed_func or handle the boxed arguments yourself. See https://github.com/pytorch/pytorch/pull/83137#issuecomment-1211320670 for rationale.
  warnings.warn(
[rank3]:[W927 20:29:40.118799720 compiler_depend.ts:83] Warning: torch_npu.npu_apply_adam is deprecated and will be removed in future version. Use torch.optim.Adam or torch.optim.adam instead. (function operator())
[rank5]:[W927 20:29:40.118924450 compiler_depend.ts:83] Warning: torch_npu.npu_apply_adam is deprecated and will be removed in future version. Use torch.optim.Adam or torch.optim.adam instead. (function operator())
[rank2]:[W927 20:29:40.125101220 compiler_depend.ts:83] Warning: torch_npu.npu_apply_adam is deprecated and will be removed in future version. Use torch.optim.Adam or torch.optim.adam instead. (function operator())
/SharePath/chenyupeng/cyp-testtest/llm_test_migrated/lib/python3.10/site-packages/torch/_functorch/_aot_autograd/utils.py:130: UserWarning: Your compiler for AOTAutograd is returning a function that doesn't take boxed arguments. Please wrap it with functorch.compile.make_boxed_func or handle the boxed arguments yourself. See https://github.com/pytorch/pytorch/pull/83137#issuecomment-1211320670 for rationale.
  warnings.warn(
/SharePath/chenyupeng/cyp-testtest/llm_test_migrated/lib/python3.10/site-packages/torch/_functorch/_aot_autograd/utils.py:130: UserWarning: Your compiler for AOTAutograd is returning a function that doesn't take boxed arguments. Please wrap it with functorch.compile.make_boxed_func or handle the boxed arguments yourself. See https://github.com/pytorch/pytorch/pull/83137#issuecomment-1211320670 for rationale.
  warnings.warn(
[rank12]:[W927 20:29:40.271754780 compiler_depend.ts:83] Warning: torch_npu.npu_apply_adam is deprecated and will be removed in future version. Use torch.optim.Adam or torch.optim.adam instead. (function operator())
.[rank4]:[W927 20:29:40.347893430 compiler_depend.ts:83] Warning: torch_npu.npu_apply_adam is deprecated and will be removed in future version. Use torch.optim.Adam or torch.optim.adam instead. (function operator())
/SharePath/chenyupeng/cyp-testtest/llm_test_migrated/lib/python3.10/site-packages/torch/_functorch/_aot_autograd/utils.py:130: UserWarning: Your compiler for AOTAutograd is returning a function that doesn't take boxed arguments. Please wrap it with functorch.compile.make_boxed_func or handle the boxed arguments yourself. See https://github.com/pytorch/pytorch/pull/83137#issuecomment-1211320670 for rationale.
  warnings.warn(
[rank14]:[W927 20:29:40.636784380 compiler_depend.ts:83] Warning: torch_npu.npu_apply_adam is deprecated and will be removed in future version. Use torch.optim.Adam or torch.optim.adam instead. (function operator())
[rank0]:[W927 20:29:40.637279250 compiler_depend.ts:83] Warning: torch_npu.npu_apply_adam is deprecated and will be removed in future version. Use torch.optim.Adam or torch.optim.adam instead. (function operator())
[rank1]:[W927 20:29:40.638374770 compiler_depend.ts:83] Warning: torch_npu.npu_apply_adam is deprecated and will be removed in future version. Use torch.optim.Adam or torch.optim.adam instead. (function operator())
[rank13]:[W927 20:29:40.639252660 compiler_depend.ts:83] Warning: torch_npu.npu_apply_adam is deprecated and will be removed in future version. Use torch.optim.Adam or torch.optim.adam instead. (function operator())
[rank15]:[W927 20:29:40.843673020 compiler_depend.ts:83] Warning: torch_npu.npu_apply_adam is deprecated and will be removed in future version. Use torch.optim.Adam or torch.optim.adam instead. (function operator())
/SharePath/chenyupeng/cyp-testtest/llm_test_migrated/lib/python3.10/site-packages/torch/_functorch/_aot_autograd/utils.py:130: UserWarning: Your compiler for AOTAutograd is returning a function that doesn't take boxed arguments. Please wrap it with functorch.compile.make_boxed_func or handle the boxed arguments yourself. See https://github.com/pytorch/pytorch/pull/83137#issuecomment-1211320670 for rationale.
  warnings.warn(
[rank11]:[W927 20:29:41.666910040 compiler_depend.ts:83] Warning: torch_npu.npu_apply_adam is deprecated and will be removed in future version. Use torch.optim.Adam or torch.optim.adam instead. (function operator())
/SharePath/chenyupeng/cyp-testtest/llm_test_migrated/lib/python3.10/site-packages/torch/_functorch/_aot_autograd/utils.py:130: UserWarning: Your compiler for AOTAutograd is returning a function that doesn't take boxed arguments. Please wrap it with functorch.compile.make_boxed_func or handle the boxed arguments yourself. See https://github.com/pytorch/pytorch/pull/83137#issuecomment-1211320670 for rationale.
  warnings.warn(
[rank10]:[W927 20:29:42.146841450 compiler_depend.ts:83] Warning: torch_npu.npu_apply_adam is deprecated and will be removed in future version. Use torch.optim.Adam or torch.optim.adam instead. (function operator())
[rank9]:[W927 20:29:42.147185630 compiler_depend.ts:83] Warning: torch_npu.npu_apply_adam is deprecated and will be removed in future version. Use torch.optim.Adam or torch.optim.adam instead. (function operator())
[rank6]:[W927 20:29:42.152847590 compiler_depend.ts:83] Warning: torch_npu.npu_apply_adam is deprecated and will be removed in future version. Use torch.optim.Adam or torch.optim.adam instead. (function operator())
[rank7]:[W927 20:29:42.152938920 compiler_depend.ts:83] Warning: torch_npu.npu_apply_adam is deprecated and will be removed in future version. Use torch.optim.Adam or torch.optim.adam instead. (function operator())
.[rank8]:[W927 20:29:42.334559900 compiler_depend.ts:83] Warning: torch_npu.npu_apply_adam is deprecated and will be removed in future version. Use torch.optim.Adam or torch.optim.adam instead. (function operator())
../SharePath/chenyupeng/cyp-testtest/llm_test_migrated/lib/python3.10/site-packages/torch/_functorch/_aot_autograd/utils.py:130: UserWarning: Your compiler for AOTAutograd is returning a function that doesn't take boxed arguments. Please wrap it with functorch.compile.make_boxed_func or handle the boxed arguments yourself. See https://github.com/pytorch/pytorch/pull/83137#issuecomment-1211320670 for rationale.
  warnings.warn(
/SharePath/chenyupeng/cyp-testtest/llm_test_migrated/lib/python3.10/site-packages/torch/_functorch/_aot_autograd/utils.py:130: UserWarning: Your compiler for AOTAutograd is returning a function that doesn't take boxed arguments. Please wrap it with functorch.compile.make_boxed_func or handle the boxed arguments yourself. See https://github.com/pytorch/pytorch/pull/83137#issuecomment-1211320670 for rationale.
  warnings.warn(
/SharePath/chenyupeng/cyp-testtest/llm_test_migrated/lib/python3.10/site-packages/torch/_functorch/_aot_autograd/utils.py:130: UserWarning: Your compiler for AOTAutograd is returning a function that doesn't take boxed arguments. Please wrap it with functorch.compile.make_boxed_func or handle the boxed arguments yourself. See https://github.com/pytorch/pytorch/pull/83137#issuecomment-1211320670 for rationale.
  warnings.warn(
/SharePath/chenyupeng/cyp-testtest/llm_test_migrated/lib/python3.10/site-packages/torch/_functorch/_aot_autograd/utils.py:130: UserWarning: Your compiler for AOTAutograd is returning a function that doesn't take boxed arguments. Please wrap it with functorch.compile.make_boxed_func or handle the boxed arguments yourself. See https://github.com/pytorch/pytorch/pull/83137#issuecomment-1211320670 for rationale.
  warnings.warn(
/SharePath/chenyupeng/cyp-testtest/llm_test_migrated/lib/python3.10/site-packages/torch/_functorch/_aot_autograd/utils.py:130: UserWarning: Your compiler for AOTAutograd is returning a function that doesn't take boxed arguments. Please wrap it with functorch.compile.make_boxed_func or handle the boxed arguments yourself. See https://github.com/pytorch/pytorch/pull/83137#issuecomment-1211320670 for rationale.
  warnings.warn(
/SharePath/chenyupeng/cyp-testtest/llm_test_migrated/lib/python3.10/site-packages/torch/_functorch/_aot_autograd/utils.py:130: UserWarning: Your compiler for AOTAutograd is returning a function that doesn't take boxed arguments. Please wrap it with functorch.compile.make_boxed_func or handle the boxed arguments yourself. See https://github.com/pytorch/pytorch/pull/83137#issuecomment-1211320670 for rationale.
  warnings.warn(
/SharePath/chenyupeng/cyp-testtest/llm_test_migrated/lib/python3.10/site-packages/torch/_functorch/_aot_autograd/utils.py:130: UserWarning: Your compiler for AOTAutograd is returning a function that doesn't take boxed arguments. Please wrap it with functorch.compile.make_boxed_func or handle the boxed arguments yourself. See https://github.com/pytorch/pytorch/pull/83137#issuecomment-1211320670 for rationale.
  warnings.warn(
/SharePath/chenyupeng/cyp-testtest/llm_test_migrated/lib/python3.10/site-packages/torch/_functorch/_aot_autograd/utils.py:130: UserWarning: Your compiler for AOTAutograd is returning a function that doesn't take boxed arguments. Please wrap it with functorch.compile.make_boxed_func or handle the boxed arguments yourself. See https://github.com/pytorch/pytorch/pull/83137#issuecomment-1211320670 for rationale.
  warnings.warn(
/SharePath/chenyupeng/cyp-testtest/llm_test_migrated/lib/python3.10/site-packages/torch/_functorch/_aot_autograd/utils.py:130: UserWarning: Your compiler for AOTAutograd is returning a function that doesn't take boxed arguments. Please wrap it with functorch.compile.make_boxed_func or handle the boxed arguments yourself. See https://github.com/pytorch/pytorch/pull/83137#issuecomment-1211320670 for rationale.
  warnings.warn(
/SharePath/chenyupeng/cyp-testtest/llm_test_migrated/lib/python3.10/site-packages/torch/_functorch/_aot_autograd/utils.py:130: UserWarning: Your compiler for AOTAutograd is returning a function that doesn't take boxed arguments. Please wrap it with functorch.compile.make_boxed_func or handle the boxed arguments yourself. See https://github.com/pytorch/pytorch/pull/83137#issuecomment-1211320670 for rationale.
  warnings.warn(
/SharePath/chenyupeng/cyp-testtest/llm_test_migrated/lib/python3.10/site-packages/torch/_functorch/_aot_autograd/utils.py:130: UserWarning: Your compiler for AOTAutograd is returning a function that doesn't take boxed arguments. Please wrap it with functorch.compile.make_boxed_func or handle the boxed arguments yourself. See https://github.com/pytorch/pytorch/pull/83137#issuecomment-1211320670 for rationale.
  warnings.warn(
/SharePath/chenyupeng/cyp-testtest/llm_test_migrated/lib/python3.10/site-packages/torch/_functorch/_aot_autograd/utils.py:130: UserWarning: Your compiler for AOTAutograd is returning a function that doesn't take boxed arguments. Please wrap it with functorch.compile.make_boxed_func or handle the boxed arguments yourself. See https://github.com/pytorch/pytorch/pull/83137#issuecomment-1211320670 for rationale.
  warnings.warn(
/SharePath/chenyupeng/cyp-testtest/llm_test_migrated/lib/python3.10/site-packages/torch/_functorch/_aot_autograd/utils.py:130: UserWarning: Your compiler for AOTAutograd is returning a function that doesn't take boxed arguments. Please wrap it with functorch.compile.make_boxed_func or handle the boxed arguments yourself. See https://github.com/pytorch/pytorch/pull/83137#issuecomment-1211320670 for rationale.
  warnings.warn(
/SharePath/chenyupeng/cyp-testtest/llm_test_migrated/lib/python3.10/site-packages/torch/_functorch/_aot_autograd/utils.py:130: UserWarning: Your compiler for AOTAutograd is returning a function that doesn't take boxed arguments. Please wrap it with functorch.compile.make_boxed_func or handle the boxed arguments yourself. See https://github.com/pytorch/pytorch/pull/83137#issuecomment-1211320670 for rationale.
  warnings.warn(
/SharePath/chenyupeng/cyp-testtest/llm_test_migrated/lib/python3.10/site-packages/torch/_functorch/_aot_autograd/utils.py:130: UserWarning: Your compiler for AOTAutograd is returning a function that doesn't take boxed arguments. Please wrap it with functorch.compile.make_boxed_func or handle the boxed arguments yourself. See https://github.com/pytorch/pytorch/pull/83137#issuecomment-1211320670 for rationale.
  warnings.warn(
/SharePath/chenyupeng/cyp-testtest/llm_test_migrated/lib/python3.10/site-packages/torch/_functorch/_aot_autograd/utils.py:130: UserWarning: Your compiler for AOTAutograd is returning a function that doesn't take boxed arguments. Please wrap it with functorch.compile.make_boxed_func or handle the boxed arguments yourself. See https://github.com/pytorch/pytorch/pull/83137#issuecomment-1211320670 for rationale.
  warnings.warn(
step:1/3242 train_loss:10.8258 train_time:30057ms step_avg:nanms
step:2/3242 train_loss:10.4323 train_time:36612ms step_avg:nanms
step:3/3242 train_loss:9.9667 train_time:36918ms step_avg:nanms
step:4/3242 train_loss:9.1048 train_time:37212ms step_avg:nanms
step:5/3242 train_loss:8.1834 train_time:37511ms step_avg:nanms
step:6/3242 train_loss:7.5978 train_time:37801ms step_avg:nanms
step:7/3242 train_loss:7.0716 train_time:38094ms step_avg:nanms
step:8/3242 train_loss:7.1082 train_time:38389ms step_avg:nanms
step:9/3242 train_loss:7.0469 train_time:38685ms step_avg:nanms
step:10/3242 train_loss:6.8186 train_time:38976ms step_avg:nanms
step:11/3242 train_loss:6.9574 train_time:295ms step_avg:nanms
step:12/3242 train_loss:6.5432 train_time:597ms step_avg:nanms
step:13/3242 train_loss:6.6496 train_time:883ms step_avg:294.44ms
step:14/3242 train_loss:6.4703 train_time:1180ms step_avg:294.89ms
step:15/3242 train_loss:6.3915 train_time:1472ms step_avg:294.40ms
step:16/3242 train_loss:6.3291 train_time:1766ms step_avg:294.32ms
step:17/3242 train_loss:6.5374 train_time:2063ms step_avg:294.76ms
step:18/3242 train_loss:6.5226 train_time:2370ms step_avg:296.28ms
step:19/3242 train_loss:6.3938 train_time:2660ms step_avg:295.58ms
step:20/3242 train_loss:6.4562 train_time:2951ms step_avg:295.12ms
step:21/3242 train_loss:6.1917 train_time:3247ms step_avg:295.14ms
step:22/3242 train_loss:6.2743 train_time:3542ms step_avg:295.20ms
step:23/3242 train_loss:6.8257 train_time:3835ms step_avg:295.03ms
step:24/3242 train_loss:6.2238 train_time:4133ms step_avg:295.19ms
step:25/3242 train_loss:6.6634 train_time:4428ms step_avg:295.21ms
step:26/3242 train_loss:6.0912 train_time:4728ms step_avg:295.47ms
step:27/3242 train_loss:5.9905 train_time:5019ms step_avg:295.23ms
step:28/3242 train_loss:6.3338 train_time:5311ms step_avg:295.07ms
step:29/3242 train_loss:5.7194 train_time:5606ms step_avg:295.06ms
step:30/3242 train_loss:6.0845 train_time:5904ms step_avg:295.18ms
step:31/3242 train_loss:6.0913 train_time:6201ms step_avg:295.28ms
step:32/3242 train_loss:5.7855 train_time:6494ms step_avg:295.16ms
step:33/3242 train_loss:5.9317 train_time:6785ms step_avg:294.98ms
step:34/3242 train_loss:6.0657 train_time:7077ms step_avg:294.87ms
step:35/3242 train_loss:6.1126 train_time:7373ms step_avg:294.94ms
step:36/3242 train_loss:6.1129 train_time:7668ms step_avg:294.91ms
step:37/3242 train_loss:5.9882 train_time:7975ms step_avg:295.36ms
step:38/3242 train_loss:6.0434 train_time:8261ms step_avg:295.04ms
step:39/3242 train_loss:5.7373 train_time:8552ms step_avg:294.88ms
step:40/3242 train_loss:5.8247 train_time:8846ms step_avg:294.86ms
step:41/3242 train_loss:5.7203 train_time:9153ms step_avg:295.26ms
step:42/3242 train_loss:5.8146 train_time:9442ms step_avg:295.05ms
step:43/3242 train_loss:5.4250 train_time:9737ms step_avg:295.06ms
step:44/3242 train_loss:5.8454 train_time:10034ms step_avg:295.13ms
step:45/3242 train_loss:5.7537 train_time:10323ms step_avg:294.96ms
step:46/3242 train_loss:5.7351 train_time:10618ms step_avg:294.94ms
step:47/3242 train_loss:5.6765 train_time:10911ms step_avg:294.88ms
step:48/3242 train_loss:5.5274 train_time:11206ms step_avg:294.89ms
step:49/3242 train_loss:5.6727 train_time:11500ms step_avg:294.86ms
step:50/3242 train_loss:5.4427 train_time:11795ms step_avg:294.87ms
step:51/3242 train_loss:5.6764 train_time:12091ms step_avg:294.91ms
step:52/3242 train_loss:5.6296 train_time:12385ms step_avg:294.89ms
step:53/3242 train_loss:5.5215 train_time:12682ms step_avg:294.94ms
step:54/3242 train_loss:5.5219 train_time:12975ms step_avg:294.89ms
step:55/3242 train_loss:5.4669 train_time:13274ms step_avg:294.97ms
step:56/3242 train_loss:5.7900 train_time:13567ms step_avg:294.93ms
step:57/3242 train_loss:5.5456 train_time:13864ms step_avg:294.98ms
step:58/3242 train_loss:5.3200 train_time:14160ms step_avg:295.00ms
step:59/3242 train_loss:5.5570 train_time:14453ms step_avg:294.96ms
step:60/3242 train_loss:5.4159 train_time:14746ms step_avg:294.92ms
step:61/3242 train_loss:5.6053 train_time:15045ms step_avg:295.00ms
step:62/3242 train_loss:5.2547 train_time:15337ms step_avg:294.95ms
step:63/3242 train_loss:5.4780 train_time:15632ms step_avg:294.95ms
step:64/3242 train_loss:5.4354 train_time:15927ms step_avg:294.95ms
step:65/3242 train_loss:5.0649 train_time:16222ms step_avg:294.94ms
step:66/3242 train_loss:5.3203 train_time:16514ms step_avg:294.89ms
step:67/3242 train_loss:5.4518 train_time:16811ms step_avg:294.93ms
step:68/3242 train_loss:5.2317 train_time:17103ms step_avg:294.89ms
step:69/3242 train_loss:5.5663 train_time:17401ms step_avg:294.92ms
step:70/3242 train_loss:5.0781 train_time:17694ms step_avg:294.89ms
step:71/3242 train_loss:5.2097 train_time:17988ms step_avg:294.89ms
step:72/3242 train_loss:5.1705 train_time:18283ms step_avg:294.89ms
step:73/3242 train_loss:5.3188 train_time:18577ms step_avg:294.88ms
step:74/3242 train_loss:5.0709 train_time:18872ms step_avg:294.87ms
step:75/3242 train_loss:5.5273 train_time:19167ms step_avg:294.87ms
step:76/3242 train_loss:5.2543 train_time:19462ms step_avg:294.88ms
step:77/3242 train_loss:5.2387 train_time:19757ms step_avg:294.87ms
step:78/3242 train_loss:5.3754 train_time:20052ms step_avg:294.88ms
step:79/3242 train_loss:4.9688 train_time:20347ms step_avg:294.89ms
step:80/3242 train_loss:5.2515 train_time:20642ms step_avg:294.88ms
step:81/3242 train_loss:5.2083 train_time:20938ms step_avg:294.90ms
step:82/3242 train_loss:5.0525 train_time:21232ms step_avg:294.88ms
step:83/3242 train_loss:5.1424 train_time:21525ms step_avg:294.86ms
step:84/3242 train_loss:5.1168 train_time:21819ms step_avg:294.86ms
step:85/3242 train_loss:4.9714 train_time:22114ms step_avg:294.86ms
step:86/3242 train_loss:5.0151 train_time:22410ms step_avg:294.86ms
step:87/3242 train_loss:5.2609 train_time:22707ms step_avg:294.89ms
step:88/3242 train_loss:5.0888 train_time:23000ms step_avg:294.87ms
step:89/3242 train_loss:5.1575 train_time:23294ms step_avg:294.87ms
step:90/3242 train_loss:5.2662 train_time:23592ms step_avg:294.90ms
step:91/3242 train_loss:5.0172 train_time:23885ms step_avg:294.88ms
step:92/3242 train_loss:5.1656 train_time:24181ms step_avg:294.89ms
step:93/3242 train_loss:5.2537 train_time:24479ms step_avg:294.93ms
step:94/3242 train_loss:4.9901 train_time:24771ms step_avg:294.90ms
step:95/3242 train_loss:4.9907 train_time:25068ms step_avg:294.92ms
step:96/3242 train_loss:5.0089 train_time:25363ms step_avg:294.92ms
step:97/3242 train_loss:5.0010 train_time:25662ms step_avg:294.97ms
step:98/3242 train_loss:5.0408 train_time:25953ms step_avg:294.92ms
step:99/3242 train_loss:4.9283 train_time:26248ms step_avg:294.92ms
step:100/3242 train_loss:4.9657 train_time:26541ms step_avg:294.90ms
step:101/3242 train_loss:4.9738 train_time:26837ms step_avg:294.92ms
step:102/3242 train_loss:4.9876 train_time:27131ms step_avg:294.90ms
step:103/3242 train_loss:4.9674 train_time:27425ms step_avg:294.89ms
step:104/3242 train_loss:4.8532 train_time:27720ms step_avg:294.89ms
step:105/3242 train_loss:4.7776 train_time:28015ms step_avg:294.89ms
step:106/3242 train_loss:4.9241 train_time:28310ms step_avg:294.89ms
step:107/3242 train_loss:4.7361 train_time:28604ms step_avg:294.89ms
step:108/3242 train_loss:4.8718 train_time:28899ms step_avg:294.89ms
step:109/3242 train_loss:4.7717 train_time:29193ms step_avg:294.88ms
step:110/3242 train_loss:4.8931 train_time:29489ms step_avg:294.89ms
step:111/3242 train_loss:4.7929 train_time:29786ms step_avg:294.91ms
step:112/3242 train_loss:4.8407 train_time:30080ms step_avg:294.91ms
step:113/3242 train_loss:4.9797 train_time:30374ms step_avg:294.89ms
step:114/3242 train_loss:4.8378 train_time:30669ms step_avg:294.89ms
step:115/3242 train_loss:4.7616 train_time:30965ms step_avg:294.90ms
step:116/3242 train_loss:4.9214 train_time:31258ms step_avg:294.89ms
step:117/3242 train_loss:4.8458 train_time:31556ms step_avg:294.92ms
step:118/3242 train_loss:4.6430 train_time:31851ms step_avg:294.91ms
step:119/3242 train_loss:4.9172 train_time:32146ms step_avg:294.91ms
step:120/3242 train_loss:4.7692 train_time:32441ms step_avg:294.92ms
step:121/3242 train_loss:4.7352 train_time:32736ms step_avg:294.92ms
step:122/3242 train_loss:4.5325 train_time:33031ms step_avg:294.92ms
step:123/3242 train_loss:4.8092 train_time:33325ms step_avg:294.91ms
step:124/3242 train_loss:4.6755 train_time:33621ms step_avg:294.92ms
step:125/3242 train_loss:5.0082 train_time:33917ms step_avg:294.93ms
step:125/3242 val_loss:4.7280 train_time:34088ms step_avg:296.42ms
step:126/3242 train_loss:4.8164 train_time:34221ms step_avg:295.01ms
step:127/3242 train_loss:4.7930 train_time:34514ms step_avg:294.99ms
step:128/3242 train_loss:4.7350 train_time:34809ms step_avg:294.99ms
step:129/3242 train_loss:4.7389 train_time:35103ms step_avg:294.99ms
step:130/3242 train_loss:5.2105 train_time:35399ms step_avg:294.99ms
step:131/3242 train_loss:4.7398 train_time:35694ms step_avg:294.99ms
step:132/3242 train_loss:4.4662 train_time:35991ms step_avg:295.01ms
step:133/3242 train_loss:4.5331 train_time:36285ms step_avg:295.00ms
step:134/3242 train_loss:4.6640 train_time:36580ms step_avg:295.00ms
step:135/3242 train_loss:4.5605 train_time:36877ms step_avg:295.02ms
step:136/3242 train_loss:4.6032 train_time:37170ms step_avg:295.00ms
step:137/3242 train_loss:4.4500 train_time:37466ms step_avg:295.01ms
step:138/3242 train_loss:4.6336 train_time:37766ms step_avg:295.04ms
step:139/3242 train_loss:4.5419 train_time:38060ms step_avg:295.04ms
step:140/3242 train_loss:4.6428 train_time:38350ms step_avg:295.00ms
step:141/3242 train_loss:4.9503 train_time:38641ms step_avg:294.97ms
step:142/3242 train_loss:4.6357 train_time:38938ms step_avg:294.98ms
step:143/3242 train_loss:4.5700 train_time:39232ms step_avg:294.98ms
step:144/3242 train_loss:4.6113 train_time:39525ms step_avg:294.96ms
step:145/3242 train_loss:4.5321 train_time:39826ms step_avg:295.01ms
step:146/3242 train_loss:4.4735 train_time:40121ms step_avg:295.01ms
step:147/3242 train_loss:4.3740 train_time:40413ms step_avg:294.98ms
step:148/3242 train_loss:4.5387 train_time:40707ms step_avg:294.98ms
step:149/3242 train_loss:4.5508 train_time:41001ms step_avg:294.97ms
step:150/3242 train_loss:4.6766 train_time:41295ms step_avg:294.96ms
step:151/3242 train_loss:4.6210 train_time:41591ms step_avg:294.97ms
step:152/3242 train_loss:4.4705 train_time:41883ms step_avg:294.95ms
step:153/3242 train_loss:4.5080 train_time:42182ms step_avg:294.98ms
step:154/3242 train_loss:4.5541 train_time:42477ms step_avg:294.98ms
step:155/3242 train_loss:4.7165 train_time:42772ms step_avg:294.98ms
step:156/3242 train_loss:4.4314 train_time:43068ms step_avg:294.99ms
step:157/3242 train_loss:4.6021 train_time:43362ms step_avg:294.98ms
step:158/3242 train_loss:4.6371 train_time:43656ms step_avg:294.97ms
step:159/3242 train_loss:4.4565 train_time:43955ms step_avg:295.00ms
step:160/3242 train_loss:4.5439 train_time:44249ms step_avg:295.00ms
step:161/3242 train_loss:4.3828 train_time:44546ms step_avg:295.01ms
step:162/3242 train_loss:4.5406 train_time:44841ms step_avg:295.00ms
step:163/3242 train_loss:4.5598 train_time:45136ms step_avg:295.01ms
step:164/3242 train_loss:4.4397 train_time:45431ms step_avg:295.01ms
step:165/3242 train_loss:4.3428 train_time:45728ms step_avg:295.02ms
step:166/3242 train_loss:4.3873 train_time:46022ms step_avg:295.02ms
step:167/3242 train_loss:4.5940 train_time:46318ms step_avg:295.02ms
step:168/3242 train_loss:4.2032 train_time:46611ms step_avg:295.01ms
step:169/3242 train_loss:4.6239 train_time:46910ms step_avg:295.03ms
step:170/3242 train_loss:4.2730 train_time:47204ms step_avg:295.02ms
step:171/3242 train_loss:4.2219 train_time:47499ms step_avg:295.03ms
step:172/3242 train_loss:4.3273 train_time:47798ms step_avg:295.05ms
step:173/3242 train_loss:4.3407 train_time:48092ms step_avg:295.04ms
step:174/3242 train_loss:4.3708 train_time:48385ms step_avg:295.03ms
step:175/3242 train_loss:4.5164 train_time:48677ms step_avg:295.01ms
step:176/3242 train_loss:4.4799 train_time:48975ms step_avg:295.03ms
step:177/3242 train_loss:4.2513 train_time:49269ms step_avg:295.03ms
step:178/3242 train_loss:4.2318 train_time:49565ms step_avg:295.03ms
step:179/3242 train_loss:4.2671 train_time:49858ms step_avg:295.02ms
step:180/3242 train_loss:4.2494 train_time:50157ms step_avg:295.04ms
step:181/3242 train_loss:4.2854 train_time:50449ms step_avg:295.03ms
step:182/3242 train_loss:4.2440 train_time:50745ms step_avg:295.03ms
step:183/3242 train_loss:4.3132 train_time:51038ms step_avg:295.02ms
step:184/3242 train_loss:4.2689 train_time:51333ms step_avg:295.02ms
step:185/3242 train_loss:4.2463 train_time:51627ms step_avg:295.01ms
step:186/3242 train_loss:4.5259 train_time:51923ms step_avg:295.02ms
step:187/3242 train_loss:4.3710 train_time:52218ms step_avg:295.02ms
step:188/3242 train_loss:4.4600 train_time:52514ms step_avg:295.02ms
step:189/3242 train_loss:4.2855 train_time:52809ms step_avg:295.02ms
step:190/3242 train_loss:4.2171 train_time:53410ms step_avg:296.72ms
step:191/3242 train_loss:4.3840 train_time:53962ms step_avg:298.13ms
step:192/3242 train_loss:4.2004 train_time:54255ms step_avg:298.11ms
step:193/3242 train_loss:4.1756 train_time:54550ms step_avg:298.09ms
step:194/3242 train_loss:4.4103 train_time:54846ms step_avg:298.07ms
step:195/3242 train_loss:4.2805 train_time:55139ms step_avg:298.05ms
step:196/3242 train_loss:4.6412 train_time:55434ms step_avg:298.03ms
step:197/3242 train_loss:4.3140 train_time:55729ms step_avg:298.01ms
step:198/3242 train_loss:4.0887 train_time:56026ms step_avg:298.01ms
step:199/3242 train_loss:4.2108 train_time:56319ms step_avg:297.98ms
step:200/3242 train_loss:4.1679 train_time:56613ms step_avg:297.96ms
step:201/3242 train_loss:4.2798 train_time:56908ms step_avg:297.95ms
step:202/3242 train_loss:4.1609 train_time:57205ms step_avg:297.94ms
step:203/3242 train_loss:4.3453 train_time:57500ms step_avg:297.93ms
step:204/3242 train_loss:4.2274 train_time:57795ms step_avg:297.91ms
step:205/3242 train_loss:4.4480 train_time:58090ms step_avg:297.90ms
step:206/3242 train_loss:4.2354 train_time:58384ms step_avg:297.88ms
step:207/3242 train_loss:4.1109 train_time:58678ms step_avg:297.86ms
step:208/3242 train_loss:4.2337 train_time:58972ms step_avg:297.84ms
step:209/3242 train_loss:4.2825 train_time:59267ms step_avg:297.83ms
step:210/3242 train_loss:4.3718 train_time:59567ms step_avg:297.84ms
step:211/3242 train_loss:4.3060 train_time:59861ms step_avg:297.82ms
step:212/3242 train_loss:4.2616 train_time:60153ms step_avg:297.79ms
step:213/3242 train_loss:4.2487 train_time:60447ms step_avg:297.77ms
step:214/3242 train_loss:4.0754 train_time:60743ms step_avg:297.76ms
step:215/3242 train_loss:4.2315 train_time:61038ms step_avg:297.75ms
step:216/3242 train_loss:4.0693 train_time:61332ms step_avg:297.73ms
step:217/3242 train_loss:4.0690 train_time:61627ms step_avg:297.71ms
step:218/3242 train_loss:4.1825 train_time:61922ms step_avg:297.70ms
step:219/3242 train_loss:4.1524 train_time:62217ms step_avg:297.69ms
step:220/3242 train_loss:4.1975 train_time:62511ms step_avg:297.67ms
step:221/3242 train_loss:4.1913 train_time:62806ms step_avg:297.66ms
step:222/3242 train_loss:4.1710 train_time:63102ms step_avg:297.65ms
step:223/3242 train_loss:4.0687 train_time:63395ms step_avg:297.63ms
step:224/3242 train_loss:4.1158 train_time:63691ms step_avg:297.62ms
step:225/3242 train_loss:4.3561 train_time:63985ms step_avg:297.61ms
step:226/3242 train_loss:3.9629 train_time:64280ms step_avg:297.59ms
step:227/3242 train_loss:3.9905 train_time:64575ms step_avg:297.58ms
step:228/3242 train_loss:4.0898 train_time:64871ms step_avg:297.57ms
step:229/3242 train_loss:4.2727 train_time:65164ms step_avg:297.55ms
step:230/3242 train_loss:4.0513 train_time:65460ms step_avg:297.55ms
step:231/3242 train_loss:4.1814 train_time:65757ms step_avg:297.54ms
step:232/3242 train_loss:4.1911 train_time:66050ms step_avg:297.52ms
step:233/3242 train_loss:3.9870 train_time:66345ms step_avg:297.51ms
step:234/3242 train_loss:4.2193 train_time:66640ms step_avg:297.50ms
step:235/3242 train_loss:4.0713 train_time:66935ms step_avg:297.49ms
step:236/3242 train_loss:3.7882 train_time:67230ms step_avg:297.48ms
step:237/3242 train_loss:4.1446 train_time:67524ms step_avg:297.46ms
step:238/3242 train_loss:4.1681 train_time:67819ms step_avg:297.45ms
step:239/3242 train_loss:4.0249 train_time:68114ms step_avg:297.44ms
step:240/3242 train_loss:4.2234 train_time:68412ms step_avg:297.44ms
step:241/3242 train_loss:4.1860 train_time:68703ms step_avg:297.42ms
step:242/3242 train_loss:4.0388 train_time:69000ms step_avg:297.41ms
step:243/3242 train_loss:3.9225 train_time:69297ms step_avg:297.41ms
step:244/3242 train_loss:4.1271 train_time:69593ms step_avg:297.40ms
step:245/3242 train_loss:4.1337 train_time:69887ms step_avg:297.39ms
step:246/3242 train_loss:4.3281 train_time:70185ms step_avg:297.40ms
step:247/3242 train_loss:4.3175 train_time:70475ms step_avg:297.36ms
step:248/3242 train_loss:4.1537 train_time:70774ms step_avg:297.37ms
step:249/3242 train_loss:4.1498 train_time:71067ms step_avg:297.35ms
step:250/3242 train_loss:3.9598 train_time:71362ms step_avg:297.34ms
step:250/3242 val_loss:4.1025 train_time:71529ms step_avg:298.04ms
step:251/3242 train_loss:4.0405 train_time:71654ms step_avg:297.32ms
step:252/3242 train_loss:4.1758 train_time:71947ms step_avg:297.30ms
step:253/3242 train_loss:4.0928 train_time:72243ms step_avg:297.30ms
step:254/3242 train_loss:3.8784 train_time:72541ms step_avg:297.30ms
step:255/3242 train_loss:4.0587 train_time:72832ms step_avg:297.27ms
step:256/3242 train_loss:4.0709 train_time:73130ms step_avg:297.27ms
step:257/3242 train_loss:4.1798 train_time:73424ms step_avg:297.26ms
step:258/3242 train_loss:4.0298 train_time:73719ms step_avg:297.25ms
step:259/3242 train_loss:3.9872 train_time:74012ms step_avg:297.24ms
step:260/3242 train_loss:4.1137 train_time:74307ms step_avg:297.23ms
step:261/3242 train_loss:4.1497 train_time:74602ms step_avg:297.22ms
step:262/3242 train_loss:4.1748 train_time:74897ms step_avg:297.21ms
step:263/3242 train_loss:4.0601 train_time:75191ms step_avg:297.20ms
step:264/3242 train_loss:4.0719 train_time:75488ms step_avg:297.20ms
step:265/3242 train_loss:4.0836 train_time:75781ms step_avg:297.18ms
step:266/3242 train_loss:3.8472 train_time:76076ms step_avg:297.17ms
step:267/3242 train_loss:4.0277 train_time:76370ms step_avg:297.16ms
step:268/3242 train_loss:3.8614 train_time:76666ms step_avg:297.15ms
step:269/3242 train_loss:4.0222 train_time:76961ms step_avg:297.15ms
step:270/3242 train_loss:3.9441 train_time:77256ms step_avg:297.14ms
step:271/3242 train_loss:4.1685 train_time:77552ms step_avg:297.14ms
step:272/3242 train_loss:4.0817 train_time:77847ms step_avg:297.13ms
step:273/3242 train_loss:3.9808 train_time:78159ms step_avg:297.18ms
step:274/3242 train_loss:4.0687 train_time:78452ms step_avg:297.17ms
step:275/3242 train_loss:4.1218 train_time:78746ms step_avg:297.16ms
step:276/3242 train_loss:4.1199 train_time:79043ms step_avg:297.15ms
step:277/3242 train_loss:4.0262 train_time:79339ms step_avg:297.15ms
step:278/3242 train_loss:3.8972 train_time:79632ms step_avg:297.14ms
step:279/3242 train_loss:4.1819 train_time:79927ms step_avg:297.13ms
step:280/3242 train_loss:4.0355 train_time:80222ms step_avg:297.12ms
step:281/3242 train_loss:4.4508 train_time:80500ms step_avg:297.05ms
step:282/3242 train_loss:4.0522 train_time:80795ms step_avg:297.04ms
step:283/3242 train_loss:3.8778 train_time:81090ms step_avg:297.03ms
step:284/3242 train_loss:4.0305 train_time:81384ms step_avg:297.02ms
step:285/3242 train_loss:4.0487 train_time:81679ms step_avg:297.02ms
step:286/3242 train_loss:4.1081 train_time:81974ms step_avg:297.01ms
step:287/3242 train_loss:4.2405 train_time:82268ms step_avg:297.00ms
step:288/3242 train_loss:3.9918 train_time:82566ms step_avg:297.00ms
step:289/3242 train_loss:4.1317 train_time:82861ms step_avg:296.99ms
step:290/3242 train_loss:3.9756 train_time:83157ms step_avg:296.99ms
step:291/3242 train_loss:4.0364 train_time:83451ms step_avg:296.98ms
step:292/3242 train_loss:4.0489 train_time:83746ms step_avg:296.97ms
step:293/3242 train_loss:4.0508 train_time:84040ms step_avg:296.96ms
step:294/3242 train_loss:4.0005 train_time:84332ms step_avg:296.95ms
step:295/3242 train_loss:4.0749 train_time:84629ms step_avg:296.94ms
step:296/3242 train_loss:3.9079 train_time:84923ms step_avg:296.93ms
step:297/3242 train_loss:3.9774 train_time:85218ms step_avg:296.93ms
step:298/3242 train_loss:3.9154 train_time:85513ms step_avg:296.92ms
step:299/3242 train_loss:4.0581 train_time:85808ms step_avg:296.91ms
step:300/3242 train_loss:3.9981 train_time:86103ms step_avg:296.91ms
step:301/3242 train_loss:4.1299 train_time:86399ms step_avg:296.90ms
step:302/3242 train_loss:4.0103 train_time:86695ms step_avg:296.90ms
step:303/3242 train_loss:4.0087 train_time:86990ms step_avg:296.89ms
step:304/3242 train_loss:3.9355 train_time:87284ms step_avg:296.88ms
step:305/3242 train_loss:4.0510 train_time:87581ms step_avg:296.89ms
step:306/3242 train_loss:5.0132 train_time:87876ms step_avg:296.88ms
step:307/3242 train_loss:3.9439 train_time:88170ms step_avg:296.87ms
step:308/3242 train_loss:3.9611 train_time:88464ms step_avg:296.86ms
step:309/3242 train_loss:4.0936 train_time:88759ms step_avg:296.85ms
step:310/3242 train_loss:3.9282 train_time:89053ms step_avg:296.84ms
step:311/3242 train_loss:4.1152 train_time:89347ms step_avg:296.83ms
step:312/3242 train_loss:3.8487 train_time:89642ms step_avg:296.83ms
step:313/3242 train_loss:3.9016 train_time:89937ms step_avg:296.82ms
step:314/3242 train_loss:4.0987 train_time:90233ms step_avg:296.82ms
step:315/3242 train_loss:4.2340 train_time:90529ms step_avg:296.82ms
step:316/3242 train_loss:4.0101 train_time:90825ms step_avg:296.82ms
step:317/3242 train_loss:3.9391 train_time:91116ms step_avg:296.79ms
step:318/3242 train_loss:3.9577 train_time:91411ms step_avg:296.79ms
step:319/3242 train_loss:4.0043 train_time:91707ms step_avg:296.79ms
step:320/3242 train_loss:4.0301 train_time:92000ms step_avg:296.77ms
step:321/3242 train_loss:4.2481 train_time:92295ms step_avg:296.77ms
step:322/3242 train_loss:4.0432 train_time:92590ms step_avg:296.76ms
step:323/3242 train_loss:4.0689 train_time:92885ms step_avg:296.76ms
step:324/3242 train_loss:4.2135 train_time:93181ms step_avg:296.75ms
step:325/3242 train_loss:4.0552 train_time:93475ms step_avg:296.75ms
step:326/3242 train_loss:4.0555 train_time:93770ms step_avg:296.74ms
step:327/3242 train_loss:3.9559 train_time:94066ms step_avg:296.74ms
step:328/3242 train_loss:4.9753 train_time:94360ms step_avg:296.73ms
step:329/3242 train_loss:4.1716 train_time:94654ms step_avg:296.72ms
step:330/3242 train_loss:3.9324 train_time:94949ms step_avg:296.71ms
step:331/3242 train_loss:3.9005 train_time:95249ms step_avg:296.72ms
step:332/3242 train_loss:3.8480 train_time:95542ms step_avg:296.71ms
step:333/3242 train_loss:4.0256 train_time:95837ms step_avg:296.71ms
step:334/3242 train_loss:3.9396 train_time:96129ms step_avg:296.70ms
step:335/3242 train_loss:3.9382 train_time:96425ms step_avg:296.69ms
step:336/3242 train_loss:4.0973 train_time:96719ms step_avg:296.69ms
step:337/3242 train_loss:4.2397 train_time:97015ms step_avg:296.68ms
step:338/3242 train_loss:4.8349 train_time:97313ms step_avg:296.68ms
step:339/3242 train_loss:4.0168 train_time:97607ms step_avg:296.68ms
step:340/3242 train_loss:3.8809 train_time:97900ms step_avg:296.67ms
step:341/3242 train_loss:4.0258 train_time:98194ms step_avg:296.66ms
step:342/3242 train_loss:4.0331 train_time:98488ms step_avg:296.65ms
step:343/3242 train_loss:3.9259 train_time:98783ms step_avg:296.65ms
step:344/3242 train_loss:3.7829 train_time:99080ms step_avg:296.65ms
step:345/3242 train_loss:3.9461 train_time:99375ms step_avg:296.64ms
step:346/3242 train_loss:3.8283 train_time:99670ms step_avg:296.64ms
step:347/3242 train_loss:3.8032 train_time:99962ms step_avg:296.62ms
step:348/3242 train_loss:3.9551 train_time:100256ms step_avg:296.62ms
step:349/3242 train_loss:3.9370 train_time:100555ms step_avg:296.62ms
step:350/3242 train_loss:3.8823 train_time:100849ms step_avg:296.62ms
step:351/3242 train_loss:3.4624 train_time:101144ms step_avg:296.61ms
step:352/3242 train_loss:3.8331 train_time:101440ms step_avg:296.61ms
step:353/3242 train_loss:4.2726 train_time:101734ms step_avg:296.60ms
step:354/3242 train_loss:3.8744 train_time:102030ms step_avg:296.60ms
step:355/3242 train_loss:3.9042 train_time:102323ms step_avg:296.59ms
step:356/3242 train_loss:3.9611 train_time:102619ms step_avg:296.59ms
step:357/3242 train_loss:4.0085 train_time:102912ms step_avg:296.58ms
step:358/3242 train_loss:3.8585 train_time:103207ms step_avg:296.57ms
step:359/3242 train_loss:3.6884 train_time:103502ms step_avg:296.57ms
step:360/3242 train_loss:4.1802 train_time:103797ms step_avg:296.56ms
step:361/3242 train_loss:3.4246 train_time:104091ms step_avg:296.56ms
step:362/3242 train_loss:3.9400 train_time:104387ms step_avg:296.55ms
step:363/3242 train_loss:4.0201 train_time:104680ms step_avg:296.54ms
step:364/3242 train_loss:3.8384 train_time:104976ms step_avg:296.54ms
step:365/3242 train_loss:3.8183 train_time:105271ms step_avg:296.54ms
step:366/3242 train_loss:3.9636 train_time:105567ms step_avg:296.54ms
step:367/3242 train_loss:3.9788 train_time:105861ms step_avg:296.53ms
step:368/3242 train_loss:4.0148 train_time:106158ms step_avg:296.53ms
step:369/3242 train_loss:3.9023 train_time:106454ms step_avg:296.53ms
step:370/3242 train_loss:3.7669 train_time:106747ms step_avg:296.52ms
step:371/3242 train_loss:4.0156 train_time:107041ms step_avg:296.51ms
step:372/3242 train_loss:3.8237 train_time:107336ms step_avg:296.51ms
step:373/3242 train_loss:3.7901 train_time:107631ms step_avg:296.50ms
step:374/3242 train_loss:4.0266 train_time:107925ms step_avg:296.50ms
step:375/3242 train_loss:3.9510 train_time:108221ms step_avg:296.49ms
step:375/3242 val_loss:3.9134 train_time:108391ms step_avg:296.96ms
step:376/3242 train_loss:3.8949 train_time:108516ms step_avg:296.49ms
step:377/3242 train_loss:3.8745 train_time:108809ms step_avg:296.48ms
step:378/3242 train_loss:3.8652 train_time:109104ms step_avg:296.48ms
step:379/3242 train_loss:4.0140 train_time:109510ms step_avg:296.78ms
step:380/3242 train_loss:4.0099 train_time:109890ms step_avg:297.00ms
step:381/3242 train_loss:4.0370 train_time:110462ms step_avg:297.74ms
step:382/3242 train_loss:3.9709 train_time:110756ms step_avg:297.73ms
step:383/3242 train_loss:3.8506 train_time:111050ms step_avg:297.72ms
step:384/3242 train_loss:3.8487 train_time:111345ms step_avg:297.71ms
step:385/3242 train_loss:3.8608 train_time:111639ms step_avg:297.70ms
step:386/3242 train_loss:3.8366 train_time:111935ms step_avg:297.70ms
step:387/3242 train_loss:4.0249 train_time:112230ms step_avg:297.69ms
step:388/3242 train_loss:4.2580 train_time:112525ms step_avg:297.69ms
step:389/3242 train_loss:3.9770 train_time:112830ms step_avg:297.70ms
step:390/3242 train_loss:3.8282 train_time:113121ms step_avg:297.69ms
step:391/3242 train_loss:3.9060 train_time:113415ms step_avg:297.68ms
step:392/3242 train_loss:3.9056 train_time:113711ms step_avg:297.67ms
step:393/3242 train_loss:4.0771 train_time:114005ms step_avg:297.66ms
step:394/3242 train_loss:3.8612 train_time:114299ms step_avg:297.65ms
step:395/3242 train_loss:3.8479 train_time:114595ms step_avg:297.65ms
step:396/3242 train_loss:3.6633 train_time:114890ms step_avg:297.64ms
step:397/3242 train_loss:4.0109 train_time:115185ms step_avg:297.63ms
step:398/3242 train_loss:3.9960 train_time:115479ms step_avg:297.63ms
step:399/3242 train_loss:4.0197 train_time:115773ms step_avg:297.62ms
step:400/3242 train_loss:3.8919 train_time:116067ms step_avg:297.61ms
step:401/3242 train_loss:4.0188 train_time:116361ms step_avg:297.60ms
step:402/3242 train_loss:3.9197 train_time:116657ms step_avg:297.59ms
step:403/3242 train_loss:4.0433 train_time:116955ms step_avg:297.60ms
step:404/3242 train_loss:4.0907 train_time:117244ms step_avg:297.57ms
step:405/3242 train_loss:3.9238 train_time:117552ms step_avg:297.60ms
step:406/3242 train_loss:3.9068 train_time:117846ms step_avg:297.59ms
step:407/3242 train_loss:4.1277 train_time:118143ms step_avg:297.59ms
step:408/3242 train_loss:3.9222 train_time:118439ms step_avg:297.59ms
step:409/3242 train_loss:3.8755 train_time:118735ms step_avg:297.58ms
step:410/3242 train_loss:4.0142 train_time:119029ms step_avg:297.57ms
step:411/3242 train_loss:3.8727 train_time:119308ms step_avg:297.53ms
step:412/3242 train_loss:3.8372 train_time:119602ms step_avg:297.52ms
step:413/3242 train_loss:4.4136 train_time:119896ms step_avg:297.51ms
step:414/3242 train_loss:3.8582 train_time:120193ms step_avg:297.51ms
step:415/3242 train_loss:4.0107 train_time:120487ms step_avg:297.50ms
step:416/3242 train_loss:3.8227 train_time:120782ms step_avg:297.49ms
step:417/3242 train_loss:3.8717 train_time:121077ms step_avg:297.49ms
step:418/3242 train_loss:4.0684 train_time:121372ms step_avg:297.48ms
step:419/3242 train_loss:3.7766 train_time:121669ms step_avg:297.48ms
step:420/3242 train_loss:3.8387 train_time:121963ms step_avg:297.47ms
step:421/3242 train_loss:3.6770 train_time:122258ms step_avg:297.46ms
step:422/3242 train_loss:3.6627 train_time:122554ms step_avg:297.46ms
step:423/3242 train_loss:3.9019 train_time:122849ms step_avg:297.45ms
step:424/3242 train_loss:3.8390 train_time:123142ms step_avg:297.44ms
step:425/3242 train_loss:3.7983 train_time:123444ms step_avg:297.46ms
step:426/3242 train_loss:3.7661 train_time:123731ms step_avg:297.43ms
step:427/3242 train_loss:3.7876 train_time:124027ms step_avg:297.43ms
step:428/3242 train_loss:3.7988 train_time:124322ms step_avg:297.42ms
step:429/3242 train_loss:3.8324 train_time:124617ms step_avg:297.41ms
step:430/3242 train_loss:3.8674 train_time:124911ms step_avg:297.41ms
step:431/3242 train_loss:3.8818 train_time:125207ms step_avg:297.40ms
step:432/3242 train_loss:3.7301 train_time:125503ms step_avg:297.40ms
step:433/3242 train_loss:3.8779 train_time:125796ms step_avg:297.39ms
step:434/3242 train_loss:3.9658 train_time:126094ms step_avg:297.39ms
step:435/3242 train_loss:3.8659 train_time:126390ms step_avg:297.39ms
step:436/3242 train_loss:3.9058 train_time:126683ms step_avg:297.38ms
step:437/3242 train_loss:3.6367 train_time:126978ms step_avg:297.37ms
step:438/3242 train_loss:3.7368 train_time:127272ms step_avg:297.36ms
step:439/3242 train_loss:3.8251 train_time:127567ms step_avg:297.36ms
step:440/3242 train_loss:3.7709 train_time:127863ms step_avg:297.35ms
step:441/3242 train_loss:4.1468 train_time:128159ms step_avg:297.35ms
step:442/3242 train_loss:3.7335 train_time:128454ms step_avg:297.35ms
step:443/3242 train_loss:3.8369 train_time:128748ms step_avg:297.34ms
step:444/3242 train_loss:3.7387 train_time:129044ms step_avg:297.34ms
step:445/3242 train_loss:3.8031 train_time:129339ms step_avg:297.33ms
step:446/3242 train_loss:3.8569 train_time:129633ms step_avg:297.32ms
step:447/3242 train_loss:3.8577 train_time:129929ms step_avg:297.32ms
step:448/3242 train_loss:3.9298 train_time:130224ms step_avg:297.32ms
step:449/3242 train_loss:3.9561 train_time:130521ms step_avg:297.31ms
step:450/3242 train_loss:3.8556 train_time:130814ms step_avg:297.30ms
step:451/3242 train_loss:3.8413 train_time:131109ms step_avg:297.30ms
step:452/3242 train_loss:3.7718 train_time:131403ms step_avg:297.29ms
step:453/3242 train_loss:3.7019 train_time:131698ms step_avg:297.29ms
step:454/3242 train_loss:3.7220 train_time:131994ms step_avg:297.28ms
step:455/3242 train_loss:3.7100 train_time:132289ms step_avg:297.28ms
step:456/3242 train_loss:3.9849 train_time:132586ms step_avg:297.28ms
step:457/3242 train_loss:3.8273 train_time:132880ms step_avg:297.27ms
step:458/3242 train_loss:3.8506 train_time:133176ms step_avg:297.27ms
step:459/3242 train_loss:4.0207 train_time:133470ms step_avg:297.26ms
step:460/3242 train_loss:3.6696 train_time:133765ms step_avg:297.26ms
step:461/3242 train_loss:3.9362 train_time:134060ms step_avg:297.25ms
step:462/3242 train_loss:3.8517 train_time:134359ms step_avg:297.26ms
step:463/3242 train_loss:3.8964 train_time:134654ms step_avg:297.25ms
step:464/3242 train_loss:3.9097 train_time:134947ms step_avg:297.24ms
step:465/3242 train_loss:3.7823 train_time:135247ms step_avg:297.25ms
step:466/3242 train_loss:3.8111 train_time:135541ms step_avg:297.24ms
step:467/3242 train_loss:3.9781 train_time:135830ms step_avg:297.22ms
step:468/3242 train_loss:4.1321 train_time:136125ms step_avg:297.22ms
step:469/3242 train_loss:3.7615 train_time:136420ms step_avg:297.21ms
step:470/3242 train_loss:3.7585 train_time:136715ms step_avg:297.21ms
step:471/3242 train_loss:3.8642 train_time:137011ms step_avg:297.20ms
step:472/3242 train_loss:3.8117 train_time:137305ms step_avg:297.20ms
step:473/3242 train_loss:3.9091 train_time:137601ms step_avg:297.19ms
step:474/3242 train_loss:3.7779 train_time:137896ms step_avg:297.19ms
step:475/3242 train_loss:3.6550 train_time:138191ms step_avg:297.19ms
step:476/3242 train_loss:3.9495 train_time:138486ms step_avg:297.18ms
step:477/3242 train_loss:3.7813 train_time:138781ms step_avg:297.18ms
step:478/3242 train_loss:3.8713 train_time:139076ms step_avg:297.17ms
step:479/3242 train_loss:4.0020 train_time:139371ms step_avg:297.17ms
step:480/3242 train_loss:3.8539 train_time:139665ms step_avg:297.16ms
step:481/3242 train_loss:3.7963 train_time:139960ms step_avg:297.15ms
step:482/3242 train_loss:3.8752 train_time:140255ms step_avg:297.15ms
step:483/3242 train_loss:3.6422 train_time:140551ms step_avg:297.15ms
step:484/3242 train_loss:3.8525 train_time:140846ms step_avg:297.14ms
step:485/3242 train_loss:3.8043 train_time:141139ms step_avg:297.14ms
step:486/3242 train_loss:3.7974 train_time:141436ms step_avg:297.14ms
step:487/3242 train_loss:3.7187 train_time:141729ms step_avg:297.13ms
step:488/3242 train_loss:3.7786 train_time:142024ms step_avg:297.12ms
step:489/3242 train_loss:3.9033 train_time:142319ms step_avg:297.12ms
step:490/3242 train_loss:3.9039 train_time:142613ms step_avg:297.11ms
step:491/3242 train_loss:3.8091 train_time:142908ms step_avg:297.11ms
step:492/3242 train_loss:3.6911 train_time:143204ms step_avg:297.10ms
step:493/3242 train_loss:4.0888 train_time:143498ms step_avg:297.10ms
step:494/3242 train_loss:3.6405 train_time:143793ms step_avg:297.09ms
step:495/3242 train_loss:3.8637 train_time:144088ms step_avg:297.09ms
step:496/3242 train_loss:3.9227 train_time:144383ms step_avg:297.08ms
step:497/3242 train_loss:3.6772 train_time:144678ms step_avg:297.08ms
step:498/3242 train_loss:3.8020 train_time:144972ms step_avg:297.07ms
step:499/3242 train_loss:3.8845 train_time:145267ms step_avg:297.07ms
step:500/3242 train_loss:3.9296 train_time:145562ms step_avg:297.07ms
step:500/3242 val_loss:3.8148 train_time:145734ms step_avg:297.42ms
step:501/3242 train_loss:4.0097 train_time:145859ms step_avg:297.07ms
step:502/3242 train_loss:3.7526 train_time:146152ms step_avg:297.06ms
step:503/3242 train_loss:3.9346 train_time:146452ms step_avg:297.06ms
step:504/3242 train_loss:3.7779 train_time:146742ms step_avg:297.05ms
step:505/3242 train_loss:3.8529 train_time:147037ms step_avg:297.04ms
step:506/3242 train_loss:3.8197 train_time:147332ms step_avg:297.04ms
step:507/3242 train_loss:3.6803 train_time:147629ms step_avg:297.04ms
step:508/3242 train_loss:3.9901 train_time:147923ms step_avg:297.03ms
step:509/3242 train_loss:4.1753 train_time:148217ms step_avg:297.03ms
step:510/3242 train_loss:3.8035 train_time:148512ms step_avg:297.02ms
step:511/3242 train_loss:3.8204 train_time:148807ms step_avg:297.02ms
step:512/3242 train_loss:3.7623 train_time:149102ms step_avg:297.02ms
step:513/3242 train_loss:3.8939 train_time:149398ms step_avg:297.01ms
step:514/3242 train_loss:3.8652 train_time:149691ms step_avg:297.01ms
step:515/3242 train_loss:3.8854 train_time:149987ms step_avg:297.00ms
step:516/3242 train_loss:3.8062 train_time:150283ms step_avg:297.00ms
step:517/3242 train_loss:3.9716 train_time:150578ms step_avg:297.00ms
step:518/3242 train_loss:3.6813 train_time:150874ms step_avg:297.00ms
step:519/3242 train_loss:3.9490 train_time:151168ms step_avg:296.99ms
step:520/3242 train_loss:3.9029 train_time:151463ms step_avg:296.99ms
step:521/3242 train_loss:3.8259 train_time:151758ms step_avg:296.98ms
step:522/3242 train_loss:3.7066 train_time:152054ms step_avg:296.98ms
step:523/3242 train_loss:3.7282 train_time:152350ms step_avg:296.98ms
step:524/3242 train_loss:5.1541 train_time:152644ms step_avg:296.97ms
step:525/3242 train_loss:3.7526 train_time:152939ms step_avg:296.97ms
step:526/3242 train_loss:3.8574 train_time:153234ms step_avg:296.97ms
step:527/3242 train_loss:3.7412 train_time:153528ms step_avg:296.96ms
step:528/3242 train_loss:3.6199 train_time:153822ms step_avg:296.95ms
step:529/3242 train_loss:3.7339 train_time:154117ms step_avg:296.95ms
step:530/3242 train_loss:3.9757 train_time:154411ms step_avg:296.95ms
step:531/3242 train_loss:3.7249 train_time:154711ms step_avg:296.95ms
step:532/3242 train_loss:3.9518 train_time:155001ms step_avg:296.94ms
step:533/3242 train_loss:3.8719 train_time:155296ms step_avg:296.93ms
step:534/3242 train_loss:3.7560 train_time:155592ms step_avg:296.93ms
step:535/3242 train_loss:3.7227 train_time:155887ms step_avg:296.93ms
step:536/3242 train_loss:3.6831 train_time:156192ms step_avg:296.94ms
step:537/3242 train_loss:3.8309 train_time:156477ms step_avg:296.92ms
step:538/3242 train_loss:3.8205 train_time:156771ms step_avg:296.92ms
step:539/3242 train_loss:3.7438 train_time:157066ms step_avg:296.91ms
step:540/3242 train_loss:4.3870 train_time:157363ms step_avg:296.91ms
step:541/3242 train_loss:3.8002 train_time:157658ms step_avg:296.91ms
step:542/3242 train_loss:3.9480 train_time:157953ms step_avg:296.90ms
step:543/3242 train_loss:3.7047 train_time:158247ms step_avg:296.90ms
step:544/3242 train_loss:3.7544 train_time:158543ms step_avg:296.90ms
step:545/3242 train_loss:3.7669 train_time:158837ms step_avg:296.89ms
step:546/3242 train_loss:3.6740 train_time:159131ms step_avg:296.89ms
step:547/3242 train_loss:3.7625 train_time:159425ms step_avg:296.88ms
step:548/3242 train_loss:3.7176 train_time:159720ms step_avg:296.88ms
step:549/3242 train_loss:3.8268 train_time:160016ms step_avg:296.88ms
step:550/3242 train_loss:3.7684 train_time:160312ms step_avg:296.87ms
step:551/3242 train_loss:3.7968 train_time:160604ms step_avg:296.87ms
step:552/3242 train_loss:3.7669 train_time:160900ms step_avg:296.86ms
step:553/3242 train_loss:3.6706 train_time:161196ms step_avg:296.86ms
step:554/3242 train_loss:4.0583 train_time:161490ms step_avg:296.86ms
step:555/3242 train_loss:3.8091 train_time:161785ms step_avg:296.85ms
step:556/3242 train_loss:3.7786 train_time:162080ms step_avg:296.85ms
step:557/3242 train_loss:3.8161 train_time:162375ms step_avg:296.85ms
step:558/3242 train_loss:3.3284 train_time:162669ms step_avg:296.84ms
step:559/3242 train_loss:3.7536 train_time:162965ms step_avg:296.84ms
step:560/3242 train_loss:3.7354 train_time:163260ms step_avg:296.84ms
step:561/3242 train_loss:3.9205 train_time:163556ms step_avg:296.83ms
step:562/3242 train_loss:3.7288 train_time:163850ms step_avg:296.83ms
step:563/3242 train_loss:3.5923 train_time:164143ms step_avg:296.82ms
step:564/3242 train_loss:3.8954 train_time:164439ms step_avg:296.82ms
step:565/3242 train_loss:3.5912 train_time:164735ms step_avg:296.82ms
step:566/3242 train_loss:3.7926 train_time:165028ms step_avg:296.81ms
step:567/3242 train_loss:3.6803 train_time:165325ms step_avg:296.81ms
step:568/3242 train_loss:3.7266 train_time:165744ms step_avg:297.03ms
step:569/3242 train_loss:3.6692 train_time:166040ms step_avg:297.03ms
step:570/3242 train_loss:3.7088 train_time:166391ms step_avg:297.13ms
step:571/3242 train_loss:3.7639 train_time:166943ms step_avg:297.58ms
step:572/3242 train_loss:3.8634 train_time:167240ms step_avg:297.58ms
step:573/3242 train_loss:3.7229 train_time:167535ms step_avg:297.58ms
step:574/3242 train_loss:3.7662 train_time:167828ms step_avg:297.57ms
step:575/3242 train_loss:3.9675 train_time:168121ms step_avg:297.56ms
step:576/3242 train_loss:3.7860 train_time:168419ms step_avg:297.56ms
step:577/3242 train_loss:3.8798 train_time:168711ms step_avg:297.55ms
step:578/3242 train_loss:3.7676 train_time:169006ms step_avg:297.55ms
step:579/3242 train_loss:3.6950 train_time:169302ms step_avg:297.54ms
step:580/3242 train_loss:3.8983 train_time:169601ms step_avg:297.55ms
step:581/3242 train_loss:3.7714 train_time:169897ms step_avg:297.54ms
step:582/3242 train_loss:3.8141 train_time:170191ms step_avg:297.54ms
step:583/3242 train_loss:3.8511 train_time:170486ms step_avg:297.53ms
step:584/3242 train_loss:3.7600 train_time:170780ms step_avg:297.53ms
step:585/3242 train_loss:3.7204 train_time:171075ms step_avg:297.52ms
step:586/3242 train_loss:3.9583 train_time:171367ms step_avg:297.51ms
step:587/3242 train_loss:3.6780 train_time:171666ms step_avg:297.52ms
step:588/3242 train_loss:3.8189 train_time:171965ms step_avg:297.52ms
step:589/3242 train_loss:3.7768 train_time:172259ms step_avg:297.51ms
step:590/3242 train_loss:4.0823 train_time:172548ms step_avg:297.50ms
step:591/3242 train_loss:3.8591 train_time:172844ms step_avg:297.49ms
step:592/3242 train_loss:3.5112 train_time:173139ms step_avg:297.49ms
step:593/3242 train_loss:3.7259 train_time:173434ms step_avg:297.49ms
step:594/3242 train_loss:3.7946 train_time:173735ms step_avg:297.49ms
step:595/3242 train_loss:3.5721 train_time:174031ms step_avg:297.49ms
step:596/3242 train_loss:4.0859 train_time:174327ms step_avg:297.49ms
step:597/3242 train_loss:3.9070 train_time:174622ms step_avg:297.48ms
step:598/3242 train_loss:3.6527 train_time:174916ms step_avg:297.48ms
step:599/3242 train_loss:3.8131 train_time:175211ms step_avg:297.47ms
step:600/3242 train_loss:3.6585 train_time:175506ms step_avg:297.47ms
step:601/3242 train_loss:3.6551 train_time:175793ms step_avg:297.45ms
step:602/3242 train_loss:3.8370 train_time:176089ms step_avg:297.45ms
step:603/3242 train_loss:3.7626 train_time:176379ms step_avg:297.43ms
step:604/3242 train_loss:3.9402 train_time:176672ms step_avg:297.43ms
step:605/3242 train_loss:3.7139 train_time:176967ms step_avg:297.42ms
step:606/3242 train_loss:3.7799 train_time:177261ms step_avg:297.42ms
step:607/3242 train_loss:3.7981 train_time:177558ms step_avg:297.42ms
step:608/3242 train_loss:4.1116 train_time:177853ms step_avg:297.41ms
step:609/3242 train_loss:3.8385 train_time:178147ms step_avg:297.41ms
step:610/3242 train_loss:3.6750 train_time:178442ms step_avg:297.40ms
step:611/3242 train_loss:3.9580 train_time:178737ms step_avg:297.40ms
step:612/3242 train_loss:3.6528 train_time:179032ms step_avg:297.40ms
step:613/3242 train_loss:3.7854 train_time:179328ms step_avg:297.39ms
step:614/3242 train_loss:3.8352 train_time:179623ms step_avg:297.39ms
step:615/3242 train_loss:3.7669 train_time:179919ms step_avg:297.39ms
step:616/3242 train_loss:3.8597 train_time:180214ms step_avg:297.38ms
step:617/3242 train_loss:3.7688 train_time:180508ms step_avg:297.38ms
step:618/3242 train_loss:3.5995 train_time:180802ms step_avg:297.37ms
step:619/3242 train_loss:3.7962 train_time:181098ms step_avg:297.37ms
step:620/3242 train_loss:3.7676 train_time:181393ms step_avg:297.37ms
step:621/3242 train_loss:3.5953 train_time:181689ms step_avg:297.36ms
step:622/3242 train_loss:4.1930 train_time:181984ms step_avg:297.36ms
step:623/3242 train_loss:3.5956 train_time:182289ms step_avg:297.37ms
step:624/3242 train_loss:3.7645 train_time:182583ms step_avg:297.37ms
step:625/3242 train_loss:3.8631 train_time:182878ms step_avg:297.36ms
step:625/3242 val_loss:3.7402 train_time:183039ms step_avg:297.62ms
step:626/3242 train_loss:3.8431 train_time:183165ms step_avg:297.35ms
step:627/3242 train_loss:3.9243 train_time:183461ms step_avg:297.34ms
step:628/3242 train_loss:3.7103 train_time:183757ms step_avg:297.34ms
step:629/3242 train_loss:3.8024 train_time:184050ms step_avg:297.34ms
step:630/3242 train_loss:3.6461 train_time:184345ms step_avg:297.33ms
step:631/3242 train_loss:3.7989 train_time:184638ms step_avg:297.32ms
step:632/3242 train_loss:3.8178 train_time:184933ms step_avg:297.32ms
step:633/3242 train_loss:3.8466 train_time:185229ms step_avg:297.32ms
step:634/3242 train_loss:3.6908 train_time:185523ms step_avg:297.31ms
step:635/3242 train_loss:3.8234 train_time:185817ms step_avg:297.31ms
step:636/3242 train_loss:4.0087 train_time:186112ms step_avg:297.30ms
step:637/3242 train_loss:3.6573 train_time:186408ms step_avg:297.30ms
step:638/3242 train_loss:3.5550 train_time:186703ms step_avg:297.30ms
step:639/3242 train_loss:3.8755 train_time:186997ms step_avg:297.29ms
step:640/3242 train_loss:3.8898 train_time:187292ms step_avg:297.29ms
step:641/3242 train_loss:3.7149 train_time:187586ms step_avg:297.28ms
step:642/3242 train_loss:3.6274 train_time:187883ms step_avg:297.28ms
step:643/3242 train_loss:3.8446 train_time:188178ms step_avg:297.28ms
step:644/3242 train_loss:3.7501 train_time:188472ms step_avg:297.27ms
step:645/3242 train_loss:3.5846 train_time:188766ms step_avg:297.27ms
step:646/3242 train_loss:3.8378 train_time:189061ms step_avg:297.27ms
step:647/3242 train_loss:3.8517 train_time:189356ms step_avg:297.26ms
step:648/3242 train_loss:3.7273 train_time:189652ms step_avg:297.26ms
step:649/3242 train_loss:3.8440 train_time:189946ms step_avg:297.25ms
step:650/3242 train_loss:3.8768 train_time:190241ms step_avg:297.25ms
step:651/3242 train_loss:3.7071 train_time:190536ms step_avg:297.25ms
step:652/3242 train_loss:3.9632 train_time:190835ms step_avg:297.25ms
step:653/3242 train_loss:3.7323 train_time:191129ms step_avg:297.25ms
step:654/3242 train_loss:3.7412 train_time:191424ms step_avg:297.24ms
step:655/3242 train_loss:3.4038 train_time:191717ms step_avg:297.24ms
step:656/3242 train_loss:3.8049 train_time:192011ms step_avg:297.23ms
step:657/3242 train_loss:3.6698 train_time:192308ms step_avg:297.23ms
step:658/3242 train_loss:3.6189 train_time:192602ms step_avg:297.23ms
step:659/3242 train_loss:3.7629 train_time:192897ms step_avg:297.22ms
step:660/3242 train_loss:3.6970 train_time:193191ms step_avg:297.22ms
step:661/3242 train_loss:3.7936 train_time:193485ms step_avg:297.21ms
step:662/3242 train_loss:3.7393 train_time:193783ms step_avg:297.21ms
step:663/3242 train_loss:3.7021 train_time:194075ms step_avg:297.20ms
step:664/3242 train_loss:3.6618 train_time:194370ms step_avg:297.20ms
step:665/3242 train_loss:3.8018 train_time:194664ms step_avg:297.20ms
step:666/3242 train_loss:3.4048 train_time:194959ms step_avg:297.19ms
step:667/3242 train_loss:3.9660 train_time:195256ms step_avg:297.19ms
step:668/3242 train_loss:3.7534 train_time:195549ms step_avg:297.19ms
step:669/3242 train_loss:3.8364 train_time:195843ms step_avg:297.18ms
step:670/3242 train_loss:3.6387 train_time:196140ms step_avg:297.18ms
step:671/3242 train_loss:3.5362 train_time:196434ms step_avg:297.18ms
step:672/3242 train_loss:3.6709 train_time:196732ms step_avg:297.18ms
step:673/3242 train_loss:3.7101 train_time:197031ms step_avg:297.18ms
step:674/3242 train_loss:4.3631 train_time:197320ms step_avg:297.17ms
step:675/3242 train_loss:3.7821 train_time:197615ms step_avg:297.17ms
step:676/3242 train_loss:3.8048 train_time:197911ms step_avg:297.16ms
step:677/3242 train_loss:3.5821 train_time:198210ms step_avg:297.17ms
step:678/3242 train_loss:3.6088 train_time:198504ms step_avg:297.16ms
step:679/3242 train_loss:3.6731 train_time:198794ms step_avg:297.15ms
step:680/3242 train_loss:3.7704 train_time:199091ms step_avg:297.15ms
step:681/3242 train_loss:3.6886 train_time:199385ms step_avg:297.15ms
step:682/3242 train_loss:3.7209 train_time:199679ms step_avg:297.14ms
step:683/3242 train_loss:3.9653 train_time:199974ms step_avg:297.14ms
step:684/3242 train_loss:3.8802 train_time:200269ms step_avg:297.13ms
step:685/3242 train_loss:3.7582 train_time:200564ms step_avg:297.13ms
step:686/3242 train_loss:3.8391 train_time:200866ms step_avg:297.14ms
step:687/3242 train_loss:3.7992 train_time:201155ms step_avg:297.13ms
step:688/3242 train_loss:3.7708 train_time:201451ms step_avg:297.12ms
step:689/3242 train_loss:3.2683 train_time:201746ms step_avg:297.12ms
step:690/3242 train_loss:3.4708 train_time:202040ms step_avg:297.12ms
step:691/3242 train_loss:3.7150 train_time:202335ms step_avg:297.11ms
step:692/3242 train_loss:3.4655 train_time:202630ms step_avg:297.11ms
step:693/3242 train_loss:3.8531 train_time:202924ms step_avg:297.11ms
step:694/3242 train_loss:3.7127 train_time:203220ms step_avg:297.11ms
step:695/3242 train_loss:3.5857 train_time:203515ms step_avg:297.10ms
step:696/3242 train_loss:3.4870 train_time:203810ms step_avg:297.10ms
step:697/3242 train_loss:4.0966 train_time:204104ms step_avg:297.09ms
step:698/3242 train_loss:3.6448 train_time:204398ms step_avg:297.09ms
step:699/3242 train_loss:3.7203 train_time:204693ms step_avg:297.09ms
step:700/3242 train_loss:3.6474 train_time:204990ms step_avg:297.09ms
step:701/3242 train_loss:3.7113 train_time:205283ms step_avg:297.08ms
step:702/3242 train_loss:3.6580 train_time:205578ms step_avg:297.08ms
step:703/3242 train_loss:3.6317 train_time:205873ms step_avg:297.07ms
step:704/3242 train_loss:3.6069 train_time:206167ms step_avg:297.07ms
step:705/3242 train_loss:3.8434 train_time:206462ms step_avg:297.07ms
step:706/3242 train_loss:3.7260 train_time:206757ms step_avg:297.06ms
step:707/3242 train_loss:3.6980 train_time:207052ms step_avg:297.06ms
step:708/3242 train_loss:3.8103 train_time:207347ms step_avg:297.06ms
step:709/3242 train_loss:3.7381 train_time:207641ms step_avg:297.05ms
step:710/3242 train_loss:3.7501 train_time:207936ms step_avg:297.05ms
step:711/3242 train_loss:3.6025 train_time:208231ms step_avg:297.05ms
step:712/3242 train_loss:3.7364 train_time:208526ms step_avg:297.05ms
step:713/3242 train_loss:3.8718 train_time:208820ms step_avg:297.04ms
step:714/3242 train_loss:3.6253 train_time:209115ms step_avg:297.04ms
step:715/3242 train_loss:3.7650 train_time:209411ms step_avg:297.04ms
step:716/3242 train_loss:3.7819 train_time:209705ms step_avg:297.03ms
step:717/3242 train_loss:3.6961 train_time:210000ms step_avg:297.03ms
step:718/3242 train_loss:3.9515 train_time:210297ms step_avg:297.03ms
step:719/3242 train_loss:3.5983 train_time:210590ms step_avg:297.02ms
step:720/3242 train_loss:3.6382 train_time:210886ms step_avg:297.02ms
step:721/3242 train_loss:4.0774 train_time:211180ms step_avg:297.02ms
step:722/3242 train_loss:3.4738 train_time:211476ms step_avg:297.02ms
step:723/3242 train_loss:3.9329 train_time:211771ms step_avg:297.01ms
step:724/3242 train_loss:3.9094 train_time:212069ms step_avg:297.02ms
step:725/3242 train_loss:3.6913 train_time:212362ms step_avg:297.01ms
step:726/3242 train_loss:3.7298 train_time:212658ms step_avg:297.01ms
step:727/3242 train_loss:3.5609 train_time:212953ms step_avg:297.01ms
step:728/3242 train_loss:3.4339 train_time:213244ms step_avg:297.00ms
step:729/3242 train_loss:3.7522 train_time:213540ms step_avg:297.00ms
step:730/3242 train_loss:3.7269 train_time:213838ms step_avg:297.00ms
step:731/3242 train_loss:3.8165 train_time:214132ms step_avg:296.99ms
step:732/3242 train_loss:3.7306 train_time:214427ms step_avg:296.99ms
step:733/3242 train_loss:3.7186 train_time:214722ms step_avg:296.99ms
step:734/3242 train_loss:4.1054 train_time:215016ms step_avg:296.98ms
step:735/3242 train_loss:3.5053 train_time:215311ms step_avg:296.98ms
step:736/3242 train_loss:3.7440 train_time:215604ms step_avg:296.97ms
step:737/3242 train_loss:3.9945 train_time:215899ms step_avg:296.97ms
step:738/3242 train_loss:3.7492 train_time:216197ms step_avg:296.97ms
step:739/3242 train_loss:3.6624 train_time:216494ms step_avg:296.97ms
step:740/3242 train_loss:3.7718 train_time:216788ms step_avg:296.97ms
step:741/3242 train_loss:4.1719 train_time:217083ms step_avg:296.97ms
step:742/3242 train_loss:3.6761 train_time:217378ms step_avg:296.96ms
step:743/3242 train_loss:3.5930 train_time:217680ms step_avg:296.97ms
step:744/3242 train_loss:3.6032 train_time:217979ms step_avg:296.97ms
step:745/3242 train_loss:3.8322 train_time:218265ms step_avg:296.96ms
step:746/3242 train_loss:3.7252 train_time:218559ms step_avg:296.96ms
step:747/3242 train_loss:3.7519 train_time:218855ms step_avg:296.95ms
step:748/3242 train_loss:3.6998 train_time:219151ms step_avg:296.95ms
step:749/3242 train_loss:3.7037 train_time:219446ms step_avg:296.95ms
step:750/3242 train_loss:3.6237 train_time:219741ms step_avg:296.95ms
step:750/3242 val_loss:3.6852 train_time:219909ms step_avg:297.17ms
step:751/3242 train_loss:3.7035 train_time:220035ms step_avg:296.94ms
step:752/3242 train_loss:3.6134 train_time:220328ms step_avg:296.94ms
step:753/3242 train_loss:3.6965 train_time:220623ms step_avg:296.94ms
step:754/3242 train_loss:3.6337 train_time:220923ms step_avg:296.94ms
step:755/3242 train_loss:3.6481 train_time:221217ms step_avg:296.94ms
step:756/3242 train_loss:3.8857 train_time:221509ms step_avg:296.93ms
step:757/3242 train_loss:3.6297 train_time:221922ms step_avg:297.08ms
step:758/3242 train_loss:3.7895 train_time:222215ms step_avg:297.08ms
step:759/3242 train_loss:3.7270 train_time:222509ms step_avg:297.08ms
step:760/3242 train_loss:3.6986 train_time:222900ms step_avg:297.20ms
step:761/3242 train_loss:3.6748 train_time:223458ms step_avg:297.55ms
step:762/3242 train_loss:3.5613 train_time:223753ms step_avg:297.54ms
step:763/3242 train_loss:3.7449 train_time:224050ms step_avg:297.54ms
step:764/3242 train_loss:3.6392 train_time:224335ms step_avg:297.53ms
step:765/3242 train_loss:3.4730 train_time:224641ms step_avg:297.54ms
step:766/3242 train_loss:3.9391 train_time:224926ms step_avg:297.52ms
step:767/3242 train_loss:3.7587 train_time:225221ms step_avg:297.52ms
step:768/3242 train_loss:3.7646 train_time:225515ms step_avg:297.51ms
step:769/3242 train_loss:3.6478 train_time:225809ms step_avg:297.51ms
step:770/3242 train_loss:3.8708 train_time:226107ms step_avg:297.51ms
step:771/3242 train_loss:3.7833 train_time:226402ms step_avg:297.51ms
step:772/3242 train_loss:4.0594 train_time:226695ms step_avg:297.50ms
step:773/3242 train_loss:3.5700 train_time:226989ms step_avg:297.49ms
step:774/3242 train_loss:3.6770 train_time:227289ms step_avg:297.50ms
step:775/3242 train_loss:3.8271 train_time:227578ms step_avg:297.49ms
step:776/3242 train_loss:3.7886 train_time:227873ms step_avg:297.48ms
step:777/3242 train_loss:3.6592 train_time:228168ms step_avg:297.48ms
step:778/3242 train_loss:3.5100 train_time:228465ms step_avg:297.48ms
step:779/3242 train_loss:3.7015 train_time:228760ms step_avg:297.48ms
step:780/3242 train_loss:3.6045 train_time:229057ms step_avg:297.48ms
step:781/3242 train_loss:3.7526 train_time:229355ms step_avg:297.48ms
step:782/3242 train_loss:3.8060 train_time:229648ms step_avg:297.47ms
step:783/3242 train_loss:3.6615 train_time:229943ms step_avg:297.47ms
step:784/3242 train_loss:3.7096 train_time:230238ms step_avg:297.47ms
step:785/3242 train_loss:3.6865 train_time:230532ms step_avg:297.46ms
step:786/3242 train_loss:3.6402 train_time:230829ms step_avg:297.46ms
step:787/3242 train_loss:3.5308 train_time:231124ms step_avg:297.46ms
step:788/3242 train_loss:4.0006 train_time:231422ms step_avg:297.46ms
step:789/3242 train_loss:3.5435 train_time:231714ms step_avg:297.45ms
step:790/3242 train_loss:3.5914 train_time:232009ms step_avg:297.45ms
step:791/3242 train_loss:3.7401 train_time:232303ms step_avg:297.44ms
step:792/3242 train_loss:3.6707 train_time:232599ms step_avg:297.44ms
step:793/3242 train_loss:3.5886 train_time:232894ms step_avg:297.44ms
step:794/3242 train_loss:3.5117 train_time:233189ms step_avg:297.44ms
step:795/3242 train_loss:3.6204 train_time:233484ms step_avg:297.43ms
step:796/3242 train_loss:3.6954 train_time:233778ms step_avg:297.43ms
step:797/3242 train_loss:3.7073 train_time:234074ms step_avg:297.43ms
step:798/3242 train_loss:3.6071 train_time:234368ms step_avg:297.42ms
step:799/3242 train_loss:3.8371 train_time:234663ms step_avg:297.42ms
step:800/3242 train_loss:3.6554 train_time:234958ms step_avg:297.41ms
step:801/3242 train_loss:3.6727 train_time:235252ms step_avg:297.41ms
step:802/3242 train_loss:3.7660 train_time:235548ms step_avg:297.41ms
step:803/3242 train_loss:3.7785 train_time:235843ms step_avg:297.41ms
step:804/3242 train_loss:3.8155 train_time:236137ms step_avg:297.40ms
step:805/3242 train_loss:3.7635 train_time:236434ms step_avg:297.40ms
step:806/3242 train_loss:3.5906 train_time:236727ms step_avg:297.40ms
step:807/3242 train_loss:3.4503 train_time:237024ms step_avg:297.40ms
step:808/3242 train_loss:3.7511 train_time:237317ms step_avg:297.39ms
step:809/3242 train_loss:3.7499 train_time:237611ms step_avg:297.39ms
step:810/3242 train_loss:3.5981 train_time:237909ms step_avg:297.39ms
step:811/3242 train_loss:3.6547 train_time:238203ms step_avg:297.38ms
step:812/3242 train_loss:3.7702 train_time:238497ms step_avg:297.38ms
step:813/3242 train_loss:3.7238 train_time:238792ms step_avg:297.37ms
step:814/3242 train_loss:3.6951 train_time:239087ms step_avg:297.37ms
step:815/3242 train_loss:3.7458 train_time:239385ms step_avg:297.37ms
step:816/3242 train_loss:3.6740 train_time:239677ms step_avg:297.37ms
step:817/3242 train_loss:3.7204 train_time:239974ms step_avg:297.37ms
step:818/3242 train_loss:4.0726 train_time:240266ms step_avg:297.36ms
step:819/3242 train_loss:3.6421 train_time:240561ms step_avg:297.36ms
step:820/3242 train_loss:3.9066 train_time:240856ms step_avg:297.35ms
step:821/3242 train_loss:3.5289 train_time:241151ms step_avg:297.35ms
step:822/3242 train_loss:3.6337 train_time:241446ms step_avg:297.35ms
step:823/3242 train_loss:3.9126 train_time:241748ms step_avg:297.35ms
step:824/3242 train_loss:3.6656 train_time:242042ms step_avg:297.35ms
step:825/3242 train_loss:3.6441 train_time:242338ms step_avg:297.35ms
step:826/3242 train_loss:3.7902 train_time:242628ms step_avg:297.34ms
step:827/3242 train_loss:3.5947 train_time:242924ms step_avg:297.34ms
step:828/3242 train_loss:4.0761 train_time:243216ms step_avg:297.33ms
step:829/3242 train_loss:3.6769 train_time:243510ms step_avg:297.33ms
step:830/3242 train_loss:3.7521 train_time:243806ms step_avg:297.32ms
step:831/3242 train_loss:3.6438 train_time:244101ms step_avg:297.32ms
step:832/3242 train_loss:3.6264 train_time:244396ms step_avg:297.32ms
step:833/3242 train_loss:3.5754 train_time:244691ms step_avg:297.32ms
step:834/3242 train_loss:3.6676 train_time:244989ms step_avg:297.32ms
step:835/3242 train_loss:3.5487 train_time:245282ms step_avg:297.31ms
step:836/3242 train_loss:3.5167 train_time:245576ms step_avg:297.31ms
step:837/3242 train_loss:3.8741 train_time:245876ms step_avg:297.31ms
step:838/3242 train_loss:3.5246 train_time:246166ms step_avg:297.30ms
step:839/3242 train_loss:3.6504 train_time:246463ms step_avg:297.30ms
step:840/3242 train_loss:3.5475 train_time:246757ms step_avg:297.30ms
step:841/3242 train_loss:3.6636 train_time:247051ms step_avg:297.29ms
step:842/3242 train_loss:3.6700 train_time:247346ms step_avg:297.29ms
step:843/3242 train_loss:3.7442 train_time:247643ms step_avg:297.29ms
step:844/3242 train_loss:3.6431 train_time:247936ms step_avg:297.29ms
step:845/3242 train_loss:3.5618 train_time:248232ms step_avg:297.28ms
step:846/3242 train_loss:3.8448 train_time:248526ms step_avg:297.28ms
step:847/3242 train_loss:3.5711 train_time:248821ms step_avg:297.28ms
step:848/3242 train_loss:3.5486 train_time:249116ms step_avg:297.27ms
step:849/3242 train_loss:3.6861 train_time:249410ms step_avg:297.27ms
step:850/3242 train_loss:3.6062 train_time:249708ms step_avg:297.27ms
step:851/3242 train_loss:3.6819 train_time:250002ms step_avg:297.27ms
step:852/3242 train_loss:3.7939 train_time:250303ms step_avg:297.27ms
step:853/3242 train_loss:3.5885 train_time:250592ms step_avg:297.26ms
step:854/3242 train_loss:3.6666 train_time:250887ms step_avg:297.26ms
step:855/3242 train_loss:3.8701 train_time:251182ms step_avg:297.26ms
step:856/3242 train_loss:3.5884 train_time:251479ms step_avg:297.26ms
step:857/3242 train_loss:3.5606 train_time:251774ms step_avg:297.25ms
step:858/3242 train_loss:3.7061 train_time:252068ms step_avg:297.25ms
step:859/3242 train_loss:3.4708 train_time:252361ms step_avg:297.25ms
step:860/3242 train_loss:3.6653 train_time:252657ms step_avg:297.24ms
step:861/3242 train_loss:3.6007 train_time:252953ms step_avg:297.24ms
step:862/3242 train_loss:3.7688 train_time:253248ms step_avg:297.24ms
step:863/3242 train_loss:3.6506 train_time:253545ms step_avg:297.24ms
step:864/3242 train_loss:3.6886 train_time:253837ms step_avg:297.23ms
step:865/3242 train_loss:3.5716 train_time:254131ms step_avg:297.23ms
step:866/3242 train_loss:3.6746 train_time:254426ms step_avg:297.23ms
step:867/3242 train_loss:4.1147 train_time:254722ms step_avg:297.23ms
step:868/3242 train_loss:3.5308 train_time:255017ms step_avg:297.22ms
step:869/3242 train_loss:3.8161 train_time:255314ms step_avg:297.22ms
step:870/3242 train_loss:3.6422 train_time:255608ms step_avg:297.22ms
step:871/3242 train_loss:3.5968 train_time:255903ms step_avg:297.22ms
step:872/3242 train_loss:3.4481 train_time:256198ms step_avg:297.21ms
step:873/3242 train_loss:3.8343 train_time:256493ms step_avg:297.21ms
step:874/3242 train_loss:3.5277 train_time:256787ms step_avg:297.21ms
step:875/3242 train_loss:3.1962 train_time:257083ms step_avg:297.21ms
step:875/3242 val_loss:3.6395 train_time:257253ms step_avg:297.40ms
step:876/3242 train_loss:3.7232 train_time:257381ms step_avg:297.21ms
step:877/3242 train_loss:3.7125 train_time:257674ms step_avg:297.20ms
step:878/3242 train_loss:3.6997 train_time:257967ms step_avg:297.20ms
step:879/3242 train_loss:3.5723 train_time:258261ms step_avg:297.19ms
step:880/3242 train_loss:3.6875 train_time:258556ms step_avg:297.19ms
step:881/3242 train_loss:3.3422 train_time:258850ms step_avg:297.19ms
step:882/3242 train_loss:3.6894 train_time:259145ms step_avg:297.18ms
step:883/3242 train_loss:4.1410 train_time:259442ms step_avg:297.18ms
step:884/3242 train_loss:3.9825 train_time:259737ms step_avg:297.18ms
step:885/3242 train_loss:3.7861 train_time:260030ms step_avg:297.18ms
step:886/3242 train_loss:3.6672 train_time:260328ms step_avg:297.18ms
step:887/3242 train_loss:3.6924 train_time:260622ms step_avg:297.17ms
step:888/3242 train_loss:4.5702 train_time:260917ms step_avg:297.17ms
step:889/3242 train_loss:3.9355 train_time:261211ms step_avg:297.17ms
step:890/3242 train_loss:3.5707 train_time:261508ms step_avg:297.17ms
step:891/3242 train_loss:3.6051 train_time:261802ms step_avg:297.16ms
step:892/3242 train_loss:3.5650 train_time:262095ms step_avg:297.16ms
step:893/3242 train_loss:3.7486 train_time:262390ms step_avg:297.16ms
step:894/3242 train_loss:3.4852 train_time:262684ms step_avg:297.15ms
step:895/3242 train_loss:3.5945 train_time:262980ms step_avg:297.15ms
step:896/3242 train_loss:3.6237 train_time:263278ms step_avg:297.15ms
step:897/3242 train_loss:3.6293 train_time:263570ms step_avg:297.15ms
step:898/3242 train_loss:3.6684 train_time:263865ms step_avg:297.15ms
step:899/3242 train_loss:3.7950 train_time:264164ms step_avg:297.15ms
step:900/3242 train_loss:3.5977 train_time:264453ms step_avg:297.14ms
step:901/3242 train_loss:3.4897 train_time:264749ms step_avg:297.14ms
step:902/3242 train_loss:3.7094 train_time:265045ms step_avg:297.14ms
step:903/3242 train_loss:3.5860 train_time:265338ms step_avg:297.13ms
step:904/3242 train_loss:3.6046 train_time:265632ms step_avg:297.13ms
step:905/3242 train_loss:3.6319 train_time:265927ms step_avg:297.13ms
step:906/3242 train_loss:3.6473 train_time:266222ms step_avg:297.12ms
step:907/3242 train_loss:3.6683 train_time:266518ms step_avg:297.12ms
step:908/3242 train_loss:3.6261 train_time:266812ms step_avg:297.12ms
step:909/3242 train_loss:3.5781 train_time:267107ms step_avg:297.12ms
step:910/3242 train_loss:3.5981 train_time:267403ms step_avg:297.11ms
step:911/3242 train_loss:3.6073 train_time:267699ms step_avg:297.11ms
step:912/3242 train_loss:3.6665 train_time:267994ms step_avg:297.11ms
step:913/3242 train_loss:3.8755 train_time:268291ms step_avg:297.11ms
step:914/3242 train_loss:3.4934 train_time:268587ms step_avg:297.11ms
step:915/3242 train_loss:3.7337 train_time:268879ms step_avg:297.10ms
step:916/3242 train_loss:3.7814 train_time:269177ms step_avg:297.10ms
step:917/3242 train_loss:3.6856 train_time:269471ms step_avg:297.10ms
step:918/3242 train_loss:3.6879 train_time:269765ms step_avg:297.10ms
step:919/3242 train_loss:4.0248 train_time:270061ms step_avg:297.10ms
step:920/3242 train_loss:3.4705 train_time:270354ms step_avg:297.09ms
step:921/3242 train_loss:3.6248 train_time:270646ms step_avg:297.09ms
step:922/3242 train_loss:3.6416 train_time:270945ms step_avg:297.09ms
step:923/3242 train_loss:3.6389 train_time:271239ms step_avg:297.09ms
step:924/3242 train_loss:3.7201 train_time:271535ms step_avg:297.08ms
step:925/3242 train_loss:3.7576 train_time:271825ms step_avg:297.08ms
step:926/3242 train_loss:3.7490 train_time:272121ms step_avg:297.07ms
step:927/3242 train_loss:3.7111 train_time:272416ms step_avg:297.07ms
step:928/3242 train_loss:3.7920 train_time:272712ms step_avg:297.07ms
step:929/3242 train_loss:3.8690 train_time:273006ms step_avg:297.07ms
step:930/3242 train_loss:3.5499 train_time:273303ms step_avg:297.07ms
step:931/3242 train_loss:3.4913 train_time:273599ms step_avg:297.07ms
step:932/3242 train_loss:3.6061 train_time:273894ms step_avg:297.06ms
step:933/3242 train_loss:3.8263 train_time:274187ms step_avg:297.06ms
step:934/3242 train_loss:3.4459 train_time:274482ms step_avg:297.06ms
step:935/3242 train_loss:3.6883 train_time:274777ms step_avg:297.06ms
step:936/3242 train_loss:3.5142 train_time:275071ms step_avg:297.05ms
step:937/3242 train_loss:3.6111 train_time:275369ms step_avg:297.05ms
step:938/3242 train_loss:3.6859 train_time:275661ms step_avg:297.05ms
step:939/3242 train_loss:3.5634 train_time:275956ms step_avg:297.05ms
step:940/3242 train_loss:3.8302 train_time:276254ms step_avg:297.05ms
step:941/3242 train_loss:3.5756 train_time:276550ms step_avg:297.05ms
step:942/3242 train_loss:3.6470 train_time:276843ms step_avg:297.04ms
step:943/3242 train_loss:3.3967 train_time:277137ms step_avg:297.04ms
step:944/3242 train_loss:3.7404 train_time:277432ms step_avg:297.04ms
step:945/3242 train_loss:3.3597 train_time:277726ms step_avg:297.03ms
step:946/3242 train_loss:3.4849 train_time:278025ms step_avg:297.04ms
step:947/3242 train_loss:4.0141 train_time:278319ms step_avg:297.03ms
step:948/3242 train_loss:3.9242 train_time:278614ms step_avg:297.03ms
step:949/3242 train_loss:3.6577 train_time:278907ms step_avg:297.03ms
step:950/3242 train_loss:3.6589 train_time:279302ms step_avg:297.13ms
step:951/3242 train_loss:3.5777 train_time:279878ms step_avg:297.43ms
step:952/3242 train_loss:3.5441 train_time:280171ms step_avg:297.42ms
step:953/3242 train_loss:3.5984 train_time:280470ms step_avg:297.42ms
step:954/3242 train_loss:3.7534 train_time:280762ms step_avg:297.42ms
step:955/3242 train_loss:3.6121 train_time:281057ms step_avg:297.41ms
step:956/3242 train_loss:3.6149 train_time:281351ms step_avg:297.41ms
step:957/3242 train_loss:3.5564 train_time:281645ms step_avg:297.41ms
step:958/3242 train_loss:3.6313 train_time:281941ms step_avg:297.41ms
step:959/3242 train_loss:3.6396 train_time:282236ms step_avg:297.40ms
step:960/3242 train_loss:3.7499 train_time:282530ms step_avg:297.40ms
step:961/3242 train_loss:3.4051 train_time:282826ms step_avg:297.40ms
step:962/3242 train_loss:3.8513 train_time:283120ms step_avg:297.40ms
step:963/3242 train_loss:3.8545 train_time:283418ms step_avg:297.40ms
step:964/3242 train_loss:3.7327 train_time:283710ms step_avg:297.39ms
step:965/3242 train_loss:3.5118 train_time:284004ms step_avg:297.39ms
step:966/3242 train_loss:3.5655 train_time:284299ms step_avg:297.38ms
step:967/3242 train_loss:3.8399 train_time:284594ms step_avg:297.38ms
step:968/3242 train_loss:3.5983 train_time:284890ms step_avg:297.38ms
step:969/3242 train_loss:3.6129 train_time:285184ms step_avg:297.38ms
step:970/3242 train_loss:3.6390 train_time:285483ms step_avg:297.38ms
step:971/3242 train_loss:3.5373 train_time:285776ms step_avg:297.37ms
step:972/3242 train_loss:3.6278 train_time:286068ms step_avg:297.37ms
step:973/3242 train_loss:3.5921 train_time:286364ms step_avg:297.37ms
step:974/3242 train_loss:3.6366 train_time:286662ms step_avg:297.37ms
step:975/3242 train_loss:3.7677 train_time:286957ms step_avg:297.36ms
step:976/3242 train_loss:3.6211 train_time:287253ms step_avg:297.36ms
step:977/3242 train_loss:3.9790 train_time:287549ms step_avg:297.36ms
step:978/3242 train_loss:3.7744 train_time:287842ms step_avg:297.36ms
step:979/3242 train_loss:3.4667 train_time:288137ms step_avg:297.35ms
step:980/3242 train_loss:4.1282 train_time:288445ms step_avg:297.37ms
step:981/3242 train_loss:3.5843 train_time:288733ms step_avg:297.36ms
step:982/3242 train_loss:3.6445 train_time:289022ms step_avg:297.35ms
step:983/3242 train_loss:3.5873 train_time:289318ms step_avg:297.35ms
step:984/3242 train_loss:3.6228 train_time:289612ms step_avg:297.34ms
step:985/3242 train_loss:3.7109 train_time:289912ms step_avg:297.35ms
step:986/3242 train_loss:3.7628 train_time:290207ms step_avg:297.34ms
step:987/3242 train_loss:3.5467 train_time:290503ms step_avg:297.34ms
step:988/3242 train_loss:3.6013 train_time:290798ms step_avg:297.34ms
step:989/3242 train_loss:3.6027 train_time:291088ms step_avg:297.33ms
step:990/3242 train_loss:3.5305 train_time:291381ms step_avg:297.33ms
step:991/3242 train_loss:3.8120 train_time:291676ms step_avg:297.33ms
step:992/3242 train_loss:3.4666 train_time:291972ms step_avg:297.32ms
step:993/3242 train_loss:3.5881 train_time:292265ms step_avg:297.32ms
step:994/3242 train_loss:3.5975 train_time:292561ms step_avg:297.32ms
step:995/3242 train_loss:3.7374 train_time:292855ms step_avg:297.31ms
step:996/3242 train_loss:3.5946 train_time:293150ms step_avg:297.31ms
step:997/3242 train_loss:3.5098 train_time:293444ms step_avg:297.31ms
step:998/3242 train_loss:3.9028 train_time:293739ms step_avg:297.31ms
step:999/3242 train_loss:3.5691 train_time:294034ms step_avg:297.30ms
step:1000/3242 train_loss:3.8021 train_time:294328ms step_avg:297.30ms
step:1000/3242 val_loss:3.6008 train_time:294500ms step_avg:297.47ms
step:1001/3242 train_loss:3.5036 train_time:294628ms step_avg:297.30ms
step:1002/3242 train_loss:3.5234 train_time:294922ms step_avg:297.30ms
step:1003/3242 train_loss:3.5363 train_time:295214ms step_avg:297.29ms
step:1004/3242 train_loss:3.8984 train_time:295511ms step_avg:297.29ms
step:1005/3242 train_loss:3.7210 train_time:295805ms step_avg:297.29ms
step:1006/3242 train_loss:3.5086 train_time:296101ms step_avg:297.29ms
step:1007/3242 train_loss:3.5402 train_time:296396ms step_avg:297.29ms
step:1008/3242 train_loss:3.5018 train_time:296693ms step_avg:297.29ms
step:1009/3242 train_loss:3.7119 train_time:296986ms step_avg:297.28ms
step:1010/3242 train_loss:3.8196 train_time:297281ms step_avg:297.28ms
step:1011/3242 train_loss:3.7340 train_time:297576ms step_avg:297.28ms
step:1012/3242 train_loss:3.6766 train_time:297871ms step_avg:297.28ms
step:1013/3242 train_loss:3.5125 train_time:298164ms step_avg:297.27ms
step:1014/3242 train_loss:3.7361 train_time:298461ms step_avg:297.27ms
step:1015/3242 train_loss:3.6962 train_time:298756ms step_avg:297.27ms
step:1016/3242 train_loss:3.3871 train_time:299052ms step_avg:297.27ms
step:1017/3242 train_loss:3.5753 train_time:299347ms step_avg:297.27ms
step:1018/3242 train_loss:3.4946 train_time:299641ms step_avg:297.26ms
step:1019/3242 train_loss:3.5405 train_time:299937ms step_avg:297.26ms
step:1020/3242 train_loss:3.5076 train_time:300231ms step_avg:297.26ms
step:1021/3242 train_loss:3.4931 train_time:300527ms step_avg:297.26ms
step:1022/3242 train_loss:3.4595 train_time:300823ms step_avg:297.26ms
step:1023/3242 train_loss:3.6613 train_time:301116ms step_avg:297.25ms
step:1024/3242 train_loss:3.6253 train_time:301412ms step_avg:297.25ms
step:1025/3242 train_loss:3.6096 train_time:301707ms step_avg:297.25ms
step:1026/3242 train_loss:3.5415 train_time:302002ms step_avg:297.25ms
step:1027/3242 train_loss:3.6278 train_time:302298ms step_avg:297.24ms
step:1028/3242 train_loss:3.5664 train_time:302604ms step_avg:297.25ms
step:1029/3242 train_loss:3.5228 train_time:302887ms step_avg:297.24ms
step:1030/3242 train_loss:3.5372 train_time:303195ms step_avg:297.25ms
step:1031/3242 train_loss:3.6134 train_time:303488ms step_avg:297.25ms
step:1032/3242 train_loss:3.5003 train_time:303784ms step_avg:297.24ms
step:1033/3242 train_loss:3.7314 train_time:304068ms step_avg:297.23ms
step:1034/3242 train_loss:3.5960 train_time:304362ms step_avg:297.23ms
step:1035/3242 train_loss:3.4287 train_time:304658ms step_avg:297.23ms
step:1036/3242 train_loss:3.4977 train_time:304953ms step_avg:297.22ms
step:1037/3242 train_loss:3.6562 train_time:305247ms step_avg:297.22ms
step:1038/3242 train_loss:4.0253 train_time:305549ms step_avg:297.23ms
step:1039/3242 train_loss:3.7613 train_time:305838ms step_avg:297.22ms
step:1040/3242 train_loss:3.7145 train_time:306135ms step_avg:297.22ms
step:1041/3242 train_loss:3.6412 train_time:306429ms step_avg:297.22ms
step:1042/3242 train_loss:3.4751 train_time:306726ms step_avg:297.22ms
step:1043/3242 train_loss:3.5191 train_time:307017ms step_avg:297.21ms
step:1044/3242 train_loss:3.5493 train_time:307314ms step_avg:297.21ms
step:1045/3242 train_loss:3.6805 train_time:307609ms step_avg:297.21ms
step:1046/3242 train_loss:3.7467 train_time:307902ms step_avg:297.20ms
step:1047/3242 train_loss:3.6024 train_time:308196ms step_avg:297.20ms
step:1048/3242 train_loss:3.8142 train_time:308490ms step_avg:297.20ms
step:1049/3242 train_loss:3.6548 train_time:308785ms step_avg:297.19ms
step:1050/3242 train_loss:3.6211 train_time:309084ms step_avg:297.20ms
step:1051/3242 train_loss:3.4564 train_time:309376ms step_avg:297.19ms
step:1052/3242 train_loss:3.6919 train_time:309670ms step_avg:297.19ms
step:1053/3242 train_loss:3.4692 train_time:309965ms step_avg:297.19ms
step:1054/3242 train_loss:3.9173 train_time:310260ms step_avg:297.18ms
step:1055/3242 train_loss:3.4672 train_time:310556ms step_avg:297.18ms
step:1056/3242 train_loss:3.5780 train_time:310850ms step_avg:297.18ms
step:1057/3242 train_loss:3.7286 train_time:311146ms step_avg:297.18ms
step:1058/3242 train_loss:3.6129 train_time:311443ms step_avg:297.18ms
step:1059/3242 train_loss:3.4827 train_time:311736ms step_avg:297.17ms
step:1060/3242 train_loss:3.7180 train_time:312031ms step_avg:297.17ms
step:1061/3242 train_loss:3.6617 train_time:312327ms step_avg:297.17ms
step:1062/3242 train_loss:3.5397 train_time:312622ms step_avg:297.17ms
step:1063/3242 train_loss:3.5062 train_time:312916ms step_avg:297.17ms
step:1064/3242 train_loss:3.6481 train_time:313211ms step_avg:297.16ms
step:1065/3242 train_loss:3.4406 train_time:313505ms step_avg:297.16ms
step:1066/3242 train_loss:3.4503 train_time:313799ms step_avg:297.16ms
step:1067/3242 train_loss:3.5978 train_time:314094ms step_avg:297.16ms
step:1068/3242 train_loss:3.3859 train_time:314391ms step_avg:297.16ms
step:1069/3242 train_loss:3.5341 train_time:314684ms step_avg:297.15ms
step:1070/3242 train_loss:3.2738 train_time:314981ms step_avg:297.15ms
step:1071/3242 train_loss:3.7874 train_time:315275ms step_avg:297.15ms
step:1072/3242 train_loss:3.6557 train_time:315569ms step_avg:297.15ms
step:1073/3242 train_loss:3.5417 train_time:315864ms step_avg:297.14ms
step:1074/3242 train_loss:3.7239 train_time:316163ms step_avg:297.15ms
step:1075/3242 train_loss:3.5871 train_time:316458ms step_avg:297.14ms
step:1076/3242 train_loss:3.4858 train_time:316752ms step_avg:297.14ms
step:1077/3242 train_loss:3.8934 train_time:317047ms step_avg:297.14ms
step:1078/3242 train_loss:3.5210 train_time:317347ms step_avg:297.14ms
step:1079/3242 train_loss:3.2632 train_time:317638ms step_avg:297.14ms
step:1080/3242 train_loss:3.4538 train_time:317935ms step_avg:297.14ms
step:1081/3242 train_loss:3.5720 train_time:318229ms step_avg:297.13ms
step:1082/3242 train_loss:3.6822 train_time:318524ms step_avg:297.13ms
step:1083/3242 train_loss:3.7445 train_time:318819ms step_avg:297.13ms
step:1084/3242 train_loss:3.7491 train_time:319113ms step_avg:297.13ms
step:1085/3242 train_loss:3.5368 train_time:319418ms step_avg:297.13ms
step:1086/3242 train_loss:3.6566 train_time:319711ms step_avg:297.13ms
step:1087/3242 train_loss:3.4900 train_time:320006ms step_avg:297.13ms
step:1088/3242 train_loss:3.6726 train_time:320298ms step_avg:297.12ms
step:1089/3242 train_loss:3.5283 train_time:320590ms step_avg:297.12ms
step:1090/3242 train_loss:3.4932 train_time:320882ms step_avg:297.11ms
step:1091/3242 train_loss:3.7330 train_time:321178ms step_avg:297.11ms
step:1092/3242 train_loss:3.5465 train_time:321473ms step_avg:297.11ms
step:1093/3242 train_loss:3.6834 train_time:321771ms step_avg:297.11ms
step:1094/3242 train_loss:3.5642 train_time:322066ms step_avg:297.11ms
step:1095/3242 train_loss:3.6466 train_time:322361ms step_avg:297.11ms
step:1096/3242 train_loss:3.5232 train_time:322655ms step_avg:297.10ms
step:1097/3242 train_loss:3.5636 train_time:322948ms step_avg:297.10ms
step:1098/3242 train_loss:3.6409 train_time:323243ms step_avg:297.10ms
step:1099/3242 train_loss:3.7433 train_time:323540ms step_avg:297.10ms
step:1100/3242 train_loss:3.5886 train_time:323834ms step_avg:297.10ms
step:1101/3242 train_loss:3.6873 train_time:324128ms step_avg:297.09ms
step:1102/3242 train_loss:3.5893 train_time:324424ms step_avg:297.09ms
step:1103/3242 train_loss:3.4403 train_time:324720ms step_avg:297.09ms
step:1104/3242 train_loss:3.5648 train_time:325014ms step_avg:297.09ms
step:1105/3242 train_loss:3.5439 train_time:325309ms step_avg:297.09ms
step:1106/3242 train_loss:3.7614 train_time:325605ms step_avg:297.09ms
step:1107/3242 train_loss:3.3128 train_time:325900ms step_avg:297.08ms
step:1108/3242 train_loss:3.7880 train_time:326194ms step_avg:297.08ms
step:1109/3242 train_loss:3.6083 train_time:326490ms step_avg:297.08ms
step:1110/3242 train_loss:3.5654 train_time:326785ms step_avg:297.08ms
step:1111/3242 train_loss:3.5971 train_time:327079ms step_avg:297.07ms
step:1112/3242 train_loss:3.6632 train_time:327381ms step_avg:297.08ms
step:1113/3242 train_loss:3.7349 train_time:327670ms step_avg:297.07ms
step:1114/3242 train_loss:3.5891 train_time:327966ms step_avg:297.07ms
step:1115/3242 train_loss:3.6066 train_time:328261ms step_avg:297.07ms
step:1116/3242 train_loss:3.3889 train_time:328556ms step_avg:297.07ms
step:1117/3242 train_loss:3.5671 train_time:328851ms step_avg:297.07ms
step:1118/3242 train_loss:3.6016 train_time:329147ms step_avg:297.06ms
step:1119/3242 train_loss:4.0373 train_time:329443ms step_avg:297.06ms
step:1120/3242 train_loss:3.7000 train_time:329738ms step_avg:297.06ms
step:1121/3242 train_loss:3.6131 train_time:330031ms step_avg:297.06ms
step:1122/3242 train_loss:3.5718 train_time:330328ms step_avg:297.06ms
step:1123/3242 train_loss:3.6038 train_time:330621ms step_avg:297.05ms
step:1124/3242 train_loss:3.8131 train_time:330918ms step_avg:297.05ms
step:1125/3242 train_loss:3.4505 train_time:331213ms step_avg:297.05ms
step:1125/3242 val_loss:3.5728 train_time:331384ms step_avg:297.21ms
step:1126/3242 train_loss:3.2713 train_time:331510ms step_avg:297.05ms
step:1127/3242 train_loss:3.6940 train_time:331820ms step_avg:297.06ms
step:1128/3242 train_loss:4.0864 train_time:332113ms step_avg:297.06ms
step:1129/3242 train_loss:3.4405 train_time:332409ms step_avg:297.06ms
step:1130/3242 train_loss:3.7337 train_time:332703ms step_avg:297.06ms
step:1131/3242 train_loss:3.6572 train_time:332997ms step_avg:297.05ms
step:1132/3242 train_loss:3.5895 train_time:333279ms step_avg:297.04ms
step:1133/3242 train_loss:3.6212 train_time:333571ms step_avg:297.04ms
step:1134/3242 train_loss:3.8191 train_time:333867ms step_avg:297.03ms
step:1135/3242 train_loss:3.5974 train_time:334236ms step_avg:297.10ms
step:1136/3242 train_loss:3.5577 train_time:334529ms step_avg:297.10ms
step:1137/3242 train_loss:3.7512 train_time:334824ms step_avg:297.09ms
step:1138/3242 train_loss:3.6349 train_time:335119ms step_avg:297.09ms
step:1139/3242 train_loss:3.4311 train_time:335414ms step_avg:297.09ms
step:1140/3242 train_loss:3.9102 train_time:335768ms step_avg:297.14ms
step:1141/3242 train_loss:3.5984 train_time:336656ms step_avg:297.66ms
step:1142/3242 train_loss:3.8274 train_time:336939ms step_avg:297.65ms
step:1143/3242 train_loss:3.6751 train_time:337238ms step_avg:297.65ms
step:1144/3242 train_loss:3.5999 train_time:337533ms step_avg:297.65ms
step:1145/3242 train_loss:3.5447 train_time:337820ms step_avg:297.64ms
step:1146/3242 train_loss:3.6090 train_time:338114ms step_avg:297.64ms
step:1147/3242 train_loss:3.8822 train_time:338410ms step_avg:297.63ms
step:1148/3242 train_loss:3.7266 train_time:338706ms step_avg:297.63ms
step:1149/3242 train_loss:3.5678 train_time:339005ms step_avg:297.63ms
step:1150/3242 train_loss:3.4249 train_time:339298ms step_avg:297.63ms
step:1151/3242 train_loss:3.4756 train_time:339589ms step_avg:297.62ms
step:1152/3242 train_loss:3.5169 train_time:339888ms step_avg:297.62ms
step:1153/3242 train_loss:3.9254 train_time:340180ms step_avg:297.62ms
step:1154/3242 train_loss:3.7128 train_time:340474ms step_avg:297.62ms
step:1155/3242 train_loss:3.7339 train_time:340768ms step_avg:297.61ms
step:1156/3242 train_loss:3.3868 train_time:341064ms step_avg:297.61ms
step:1157/3242 train_loss:3.7926 train_time:341361ms step_avg:297.61ms
step:1158/3242 train_loss:3.6363 train_time:341654ms step_avg:297.61ms
step:1159/3242 train_loss:3.4108 train_time:341951ms step_avg:297.61ms
step:1160/3242 train_loss:3.5163 train_time:342244ms step_avg:297.60ms
step:1161/3242 train_loss:3.4317 train_time:342538ms step_avg:297.60ms
step:1162/3242 train_loss:3.4097 train_time:342832ms step_avg:297.60ms
step:1163/3242 train_loss:3.4627 train_time:343136ms step_avg:297.60ms
step:1164/3242 train_loss:3.6656 train_time:343431ms step_avg:297.60ms
step:1165/3242 train_loss:3.5642 train_time:343717ms step_avg:297.59ms
step:1166/3242 train_loss:3.4257 train_time:344010ms step_avg:297.59ms
step:1167/3242 train_loss:3.5417 train_time:344306ms step_avg:297.59ms
step:1168/3242 train_loss:3.5490 train_time:344601ms step_avg:297.58ms
step:1169/3242 train_loss:3.7446 train_time:344898ms step_avg:297.58ms
step:1170/3242 train_loss:3.4873 train_time:345193ms step_avg:297.58ms
step:1171/3242 train_loss:3.5633 train_time:345493ms step_avg:297.58ms
step:1172/3242 train_loss:3.5348 train_time:345783ms step_avg:297.58ms
step:1173/3242 train_loss:3.5671 train_time:346078ms step_avg:297.57ms
step:1174/3242 train_loss:3.7347 train_time:346372ms step_avg:297.57ms
step:1175/3242 train_loss:3.4615 train_time:346667ms step_avg:297.57ms
step:1176/3242 train_loss:3.5788 train_time:346963ms step_avg:297.57ms
step:1177/3242 train_loss:3.7037 train_time:347259ms step_avg:297.57ms
step:1178/3242 train_loss:3.5028 train_time:347557ms step_avg:297.57ms
step:1179/3242 train_loss:3.6594 train_time:347848ms step_avg:297.56ms
step:1180/3242 train_loss:3.5065 train_time:348143ms step_avg:297.56ms
step:1181/3242 train_loss:3.4802 train_time:348437ms step_avg:297.56ms
step:1182/3242 train_loss:3.3126 train_time:348732ms step_avg:297.55ms
step:1183/3242 train_loss:3.6115 train_time:349027ms step_avg:297.55ms
step:1184/3242 train_loss:3.4045 train_time:349325ms step_avg:297.55ms
step:1185/3242 train_loss:3.7940 train_time:349617ms step_avg:297.55ms
step:1186/3242 train_loss:3.7794 train_time:349912ms step_avg:297.54ms
step:1187/3242 train_loss:3.5237 train_time:350207ms step_avg:297.54ms
step:1188/3242 train_loss:3.5439 train_time:350501ms step_avg:297.54ms
step:1189/3242 train_loss:3.5767 train_time:350797ms step_avg:297.54ms
step:1190/3242 train_loss:3.3739 train_time:351091ms step_avg:297.54ms
step:1191/3242 train_loss:3.6359 train_time:351387ms step_avg:297.53ms
step:1192/3242 train_loss:4.0125 train_time:351681ms step_avg:297.53ms
step:1193/3242 train_loss:3.5290 train_time:351976ms step_avg:297.53ms
step:1194/3242 train_loss:3.4675 train_time:352271ms step_avg:297.53ms
step:1195/3242 train_loss:3.7252 train_time:352570ms step_avg:297.53ms
step:1196/3242 train_loss:3.5323 train_time:352864ms step_avg:297.52ms
step:1197/3242 train_loss:3.4501 train_time:353157ms step_avg:297.52ms
step:1198/3242 train_loss:3.4320 train_time:353452ms step_avg:297.52ms
step:1199/3242 train_loss:3.4157 train_time:353746ms step_avg:297.52ms
step:1200/3242 train_loss:3.5586 train_time:354042ms step_avg:297.51ms
step:1201/3242 train_loss:3.6199 train_time:354342ms step_avg:297.52ms
step:1202/3242 train_loss:3.7632 train_time:354632ms step_avg:297.51ms
step:1203/3242 train_loss:3.7414 train_time:354928ms step_avg:297.51ms
step:1204/3242 train_loss:3.5899 train_time:355223ms step_avg:297.51ms
step:1205/3242 train_loss:3.4937 train_time:355517ms step_avg:297.50ms
step:1206/3242 train_loss:3.5515 train_time:355812ms step_avg:297.50ms
step:1207/3242 train_loss:3.6763 train_time:356107ms step_avg:297.50ms
step:1208/3242 train_loss:3.7246 train_time:356401ms step_avg:297.50ms
step:1209/3242 train_loss:3.4948 train_time:356696ms step_avg:297.49ms
step:1210/3242 train_loss:3.3900 train_time:356991ms step_avg:297.49ms
step:1211/3242 train_loss:3.3221 train_time:357287ms step_avg:297.49ms
step:1212/3242 train_loss:3.6240 train_time:357582ms step_avg:297.49ms
step:1213/3242 train_loss:3.6837 train_time:357877ms step_avg:297.49ms
step:1214/3242 train_loss:3.5474 train_time:358171ms step_avg:297.48ms
step:1215/3242 train_loss:3.4335 train_time:358468ms step_avg:297.48ms
step:1216/3242 train_loss:3.7434 train_time:358761ms step_avg:297.48ms
step:1217/3242 train_loss:3.4868 train_time:359056ms step_avg:297.48ms
step:1218/3242 train_loss:3.5627 train_time:359350ms step_avg:297.48ms
step:1219/3242 train_loss:3.5888 train_time:359646ms step_avg:297.47ms
step:1220/3242 train_loss:3.5990 train_time:359940ms step_avg:297.47ms
step:1221/3242 train_loss:3.5655 train_time:360235ms step_avg:297.47ms
step:1222/3242 train_loss:3.7669 train_time:360529ms step_avg:297.47ms
step:1223/3242 train_loss:3.5193 train_time:360823ms step_avg:297.46ms
step:1224/3242 train_loss:3.4454 train_time:361118ms step_avg:297.46ms
step:1225/3242 train_loss:3.3527 train_time:361414ms step_avg:297.46ms
step:1226/3242 train_loss:3.4786 train_time:361709ms step_avg:297.46ms
step:1227/3242 train_loss:3.4686 train_time:362003ms step_avg:297.45ms
step:1228/3242 train_loss:3.5107 train_time:362298ms step_avg:297.45ms
step:1229/3242 train_loss:3.5844 train_time:362594ms step_avg:297.45ms
step:1230/3242 train_loss:3.5140 train_time:362892ms step_avg:297.45ms
step:1231/3242 train_loss:3.7808 train_time:363191ms step_avg:297.45ms
step:1232/3242 train_loss:3.8386 train_time:363479ms step_avg:297.45ms
step:1233/3242 train_loss:3.7284 train_time:363772ms step_avg:297.44ms
step:1234/3242 train_loss:3.6485 train_time:364069ms step_avg:297.44ms
step:1235/3242 train_loss:3.8090 train_time:364364ms step_avg:297.44ms
step:1236/3242 train_loss:3.5336 train_time:364657ms step_avg:297.44ms
step:1237/3242 train_loss:3.4631 train_time:364954ms step_avg:297.44ms
step:1238/3242 train_loss:3.4020 train_time:365248ms step_avg:297.43ms
step:1239/3242 train_loss:3.4289 train_time:365544ms step_avg:297.43ms
step:1240/3242 train_loss:3.5022 train_time:365838ms step_avg:297.43ms
step:1241/3242 train_loss:3.4181 train_time:366132ms step_avg:297.43ms
step:1242/3242 train_loss:3.6202 train_time:366425ms step_avg:297.42ms
step:1243/3242 train_loss:3.5054 train_time:366725ms step_avg:297.42ms
step:1244/3242 train_loss:3.5933 train_time:367018ms step_avg:297.42ms
step:1245/3242 train_loss:3.6420 train_time:367312ms step_avg:297.42ms
step:1246/3242 train_loss:3.4116 train_time:367605ms step_avg:297.42ms
step:1247/3242 train_loss:3.4917 train_time:367902ms step_avg:297.41ms
step:1248/3242 train_loss:3.6039 train_time:368197ms step_avg:297.41ms
step:1249/3242 train_loss:3.7249 train_time:368492ms step_avg:297.41ms
step:1250/3242 train_loss:3.6020 train_time:368786ms step_avg:297.41ms
step:1250/3242 val_loss:3.5442 train_time:368958ms step_avg:297.55ms
step:1251/3242 train_loss:3.4660 train_time:369084ms step_avg:297.41ms
step:1252/3242 train_loss:3.5608 train_time:369377ms step_avg:297.41ms
step:1253/3242 train_loss:3.5600 train_time:369675ms step_avg:297.41ms
step:1254/3242 train_loss:3.5591 train_time:369967ms step_avg:297.40ms
step:1255/3242 train_loss:3.7252 train_time:370261ms step_avg:297.40ms
step:1256/3242 train_loss:3.6335 train_time:370555ms step_avg:297.40ms
step:1257/3242 train_loss:3.6748 train_time:370851ms step_avg:297.39ms
step:1258/3242 train_loss:3.6423 train_time:371145ms step_avg:297.39ms
step:1259/3242 train_loss:3.5274 train_time:371440ms step_avg:297.39ms
step:1260/3242 train_loss:3.5260 train_time:371737ms step_avg:297.39ms
step:1261/3242 train_loss:3.3889 train_time:372032ms step_avg:297.39ms
step:1262/3242 train_loss:3.3068 train_time:372325ms step_avg:297.38ms
step:1263/3242 train_loss:3.6539 train_time:372619ms step_avg:297.38ms
step:1264/3242 train_loss:3.3693 train_time:372915ms step_avg:297.38ms
step:1265/3242 train_loss:3.7043 train_time:373212ms step_avg:297.38ms
step:1266/3242 train_loss:3.6107 train_time:373504ms step_avg:297.38ms
step:1267/3242 train_loss:3.5948 train_time:373801ms step_avg:297.38ms
step:1268/3242 train_loss:3.6844 train_time:374094ms step_avg:297.37ms
step:1269/3242 train_loss:3.4989 train_time:374389ms step_avg:297.37ms
step:1270/3242 train_loss:3.5131 train_time:374684ms step_avg:297.37ms
step:1271/3242 train_loss:3.4484 train_time:374980ms step_avg:297.37ms
step:1272/3242 train_loss:3.4529 train_time:375274ms step_avg:297.36ms
step:1273/3242 train_loss:3.4802 train_time:375570ms step_avg:297.36ms
step:1274/3242 train_loss:3.5293 train_time:375864ms step_avg:297.36ms
step:1275/3242 train_loss:3.5332 train_time:376159ms step_avg:297.36ms
step:1276/3242 train_loss:3.6591 train_time:376454ms step_avg:297.36ms
step:1277/3242 train_loss:3.6536 train_time:376749ms step_avg:297.36ms
step:1278/3242 train_loss:3.6169 train_time:377046ms step_avg:297.36ms
step:1279/3242 train_loss:3.5049 train_time:377341ms step_avg:297.35ms
step:1280/3242 train_loss:3.3497 train_time:377637ms step_avg:297.35ms
step:1281/3242 train_loss:3.4471 train_time:377932ms step_avg:297.35ms
step:1282/3242 train_loss:3.6573 train_time:378226ms step_avg:297.35ms
step:1283/3242 train_loss:3.5794 train_time:378520ms step_avg:297.34ms
step:1284/3242 train_loss:3.6455 train_time:378815ms step_avg:297.34ms
step:1285/3242 train_loss:3.5961 train_time:379109ms step_avg:297.34ms
step:1286/3242 train_loss:3.5628 train_time:379402ms step_avg:297.34ms
step:1287/3242 train_loss:3.4210 train_time:379697ms step_avg:297.34ms
step:1288/3242 train_loss:3.4821 train_time:379994ms step_avg:297.33ms
step:1289/3242 train_loss:3.4672 train_time:380290ms step_avg:297.33ms
step:1290/3242 train_loss:3.4176 train_time:380584ms step_avg:297.33ms
step:1291/3242 train_loss:3.5680 train_time:380879ms step_avg:297.33ms
step:1292/3242 train_loss:3.5948 train_time:381174ms step_avg:297.33ms
step:1293/3242 train_loss:3.6378 train_time:381469ms step_avg:297.33ms
step:1294/3242 train_loss:3.6559 train_time:381763ms step_avg:297.32ms
step:1295/3242 train_loss:3.3135 train_time:382058ms step_avg:297.32ms
step:1296/3242 train_loss:3.4363 train_time:382352ms step_avg:297.32ms
step:1297/3242 train_loss:3.6237 train_time:382649ms step_avg:297.32ms
step:1298/3242 train_loss:3.3836 train_time:382946ms step_avg:297.32ms
step:1299/3242 train_loss:3.6264 train_time:383239ms step_avg:297.31ms
step:1300/3242 train_loss:3.5654 train_time:383534ms step_avg:297.31ms
step:1301/3242 train_loss:3.6760 train_time:383829ms step_avg:297.31ms
step:1302/3242 train_loss:3.6384 train_time:384123ms step_avg:297.31ms
step:1303/3242 train_loss:3.7962 train_time:384421ms step_avg:297.31ms
step:1304/3242 train_loss:3.4056 train_time:384714ms step_avg:297.31ms
step:1305/3242 train_loss:3.8881 train_time:385008ms step_avg:297.30ms
step:1306/3242 train_loss:3.5082 train_time:385303ms step_avg:297.30ms
step:1307/3242 train_loss:3.6987 train_time:385598ms step_avg:297.30ms
step:1308/3242 train_loss:3.8653 train_time:385894ms step_avg:297.30ms
step:1309/3242 train_loss:3.4808 train_time:386188ms step_avg:297.30ms
step:1310/3242 train_loss:3.4363 train_time:386485ms step_avg:297.30ms
step:1311/3242 train_loss:3.6107 train_time:386783ms step_avg:297.30ms
step:1312/3242 train_loss:3.5428 train_time:387076ms step_avg:297.29ms
step:1313/3242 train_loss:3.5198 train_time:387372ms step_avg:297.29ms
step:1314/3242 train_loss:3.6132 train_time:387665ms step_avg:297.29ms
step:1315/3242 train_loss:3.2482 train_time:387961ms step_avg:297.29ms
step:1316/3242 train_loss:3.4504 train_time:388255ms step_avg:297.29ms
step:1317/3242 train_loss:3.5531 train_time:388550ms step_avg:297.28ms
step:1318/3242 train_loss:3.6708 train_time:388851ms step_avg:297.29ms
step:1319/3242 train_loss:3.3553 train_time:389142ms step_avg:297.28ms
step:1320/3242 train_loss:3.5361 train_time:389437ms step_avg:297.28ms
step:1321/3242 train_loss:3.6812 train_time:389731ms step_avg:297.28ms
step:1322/3242 train_loss:3.6470 train_time:390026ms step_avg:297.28ms
step:1323/3242 train_loss:3.5175 train_time:390322ms step_avg:297.28ms
step:1324/3242 train_loss:3.5561 train_time:390616ms step_avg:297.27ms
step:1325/3242 train_loss:3.8077 train_time:390913ms step_avg:297.27ms
step:1326/3242 train_loss:3.8541 train_time:391208ms step_avg:297.27ms
step:1327/3242 train_loss:3.5815 train_time:391500ms step_avg:297.27ms
step:1328/3242 train_loss:3.4102 train_time:391796ms step_avg:297.27ms
step:1329/3242 train_loss:3.8156 train_time:392090ms step_avg:297.26ms
step:1330/3242 train_loss:3.5784 train_time:392427ms step_avg:297.29ms
step:1331/3242 train_loss:3.7958 train_time:393271ms step_avg:297.71ms
step:1332/3242 train_loss:3.5064 train_time:393562ms step_avg:297.70ms
step:1333/3242 train_loss:3.7529 train_time:393856ms step_avg:297.70ms
step:1334/3242 train_loss:3.6693 train_time:394151ms step_avg:297.70ms
step:1335/3242 train_loss:3.5738 train_time:394446ms step_avg:297.70ms
step:1336/3242 train_loss:3.4712 train_time:394741ms step_avg:297.69ms
step:1337/3242 train_loss:3.5960 train_time:395036ms step_avg:297.69ms
step:1338/3242 train_loss:3.7727 train_time:395331ms step_avg:297.69ms
step:1339/3242 train_loss:3.6533 train_time:395627ms step_avg:297.69ms
step:1340/3242 train_loss:3.5061 train_time:395922ms step_avg:297.69ms
step:1341/3242 train_loss:3.4475 train_time:396220ms step_avg:297.69ms
step:1342/3242 train_loss:3.8095 train_time:396518ms step_avg:297.69ms
step:1343/3242 train_loss:3.6216 train_time:396810ms step_avg:297.68ms
step:1344/3242 train_loss:3.6210 train_time:397105ms step_avg:297.68ms
step:1345/3242 train_loss:3.6429 train_time:397398ms step_avg:297.68ms
step:1346/3242 train_loss:3.6264 train_time:397694ms step_avg:297.68ms
step:1347/3242 train_loss:3.4620 train_time:397991ms step_avg:297.67ms
step:1348/3242 train_loss:3.4504 train_time:398285ms step_avg:297.67ms
step:1349/3242 train_loss:3.5737 train_time:398579ms step_avg:297.67ms
step:1350/3242 train_loss:3.4430 train_time:398873ms step_avg:297.67ms
step:1351/3242 train_loss:3.6365 train_time:399173ms step_avg:297.67ms
step:1352/3242 train_loss:3.5405 train_time:399468ms step_avg:297.67ms
step:1353/3242 train_loss:3.4884 train_time:399762ms step_avg:297.66ms
step:1354/3242 train_loss:3.6177 train_time:400061ms step_avg:297.66ms
step:1355/3242 train_loss:3.4910 train_time:400354ms step_avg:297.66ms
step:1356/3242 train_loss:3.2853 train_time:400647ms step_avg:297.66ms
step:1357/3242 train_loss:3.6092 train_time:400941ms step_avg:297.65ms
step:1358/3242 train_loss:3.6898 train_time:401235ms step_avg:297.65ms
step:1359/3242 train_loss:3.3855 train_time:401533ms step_avg:297.65ms
step:1360/3242 train_loss:3.7330 train_time:401826ms step_avg:297.65ms
step:1361/3242 train_loss:3.6750 train_time:402121ms step_avg:297.65ms
step:1362/3242 train_loss:3.3999 train_time:402415ms step_avg:297.64ms
step:1363/3242 train_loss:3.5725 train_time:402710ms step_avg:297.64ms
step:1364/3242 train_loss:3.4234 train_time:403004ms step_avg:297.64ms
step:1365/3242 train_loss:3.4406 train_time:403300ms step_avg:297.64ms
step:1366/3242 train_loss:3.5739 train_time:403594ms step_avg:297.64ms
step:1367/3242 train_loss:3.6285 train_time:403892ms step_avg:297.64ms
step:1368/3242 train_loss:3.5912 train_time:404187ms step_avg:297.63ms
step:1369/3242 train_loss:3.6911 train_time:404482ms step_avg:297.63ms
step:1370/3242 train_loss:3.6117 train_time:404776ms step_avg:297.63ms
step:1371/3242 train_loss:3.8718 train_time:405069ms step_avg:297.63ms
step:1372/3242 train_loss:3.4975 train_time:405365ms step_avg:297.62ms
step:1373/3242 train_loss:3.4870 train_time:405653ms step_avg:297.62ms
step:1374/3242 train_loss:3.5594 train_time:405947ms step_avg:297.61ms
step:1375/3242 train_loss:3.3922 train_time:406245ms step_avg:297.62ms
step:1375/3242 val_loss:3.5237 train_time:406413ms step_avg:297.74ms
step:1376/3242 train_loss:3.8320 train_time:406546ms step_avg:297.62ms
step:1377/3242 train_loss:3.5414 train_time:406834ms step_avg:297.61ms
step:1378/3242 train_loss:3.7527 train_time:407127ms step_avg:297.61ms
step:1379/3242 train_loss:3.7858 train_time:407423ms step_avg:297.61ms
step:1380/3242 train_loss:3.5528 train_time:407717ms step_avg:297.60ms
step:1381/3242 train_loss:3.5501 train_time:408012ms step_avg:297.60ms
step:1382/3242 train_loss:3.5947 train_time:408312ms step_avg:297.60ms
step:1383/3242 train_loss:3.4302 train_time:408602ms step_avg:297.60ms
step:1384/3242 train_loss:3.6216 train_time:408895ms step_avg:297.59ms
step:1385/3242 train_loss:3.7262 train_time:409191ms step_avg:297.59ms
step:1386/3242 train_loss:3.4895 train_time:409487ms step_avg:297.59ms
step:1387/3242 train_loss:3.6139 train_time:409781ms step_avg:297.59ms
step:1388/3242 train_loss:3.4923 train_time:410078ms step_avg:297.59ms
step:1389/3242 train_loss:3.4998 train_time:410371ms step_avg:297.59ms
step:1390/3242 train_loss:3.2640 train_time:410665ms step_avg:297.58ms
step:1391/3242 train_loss:3.5543 train_time:410959ms step_avg:297.58ms
step:1392/3242 train_loss:3.4244 train_time:411256ms step_avg:297.58ms
step:1393/3242 train_loss:3.5492 train_time:411550ms step_avg:297.58ms
step:1394/3242 train_loss:3.5483 train_time:411844ms step_avg:297.58ms
step:1395/3242 train_loss:3.5902 train_time:412140ms step_avg:297.57ms
step:1396/3242 train_loss:3.5732 train_time:412434ms step_avg:297.57ms
step:1397/3242 train_loss:3.5520 train_time:412728ms step_avg:297.57ms
step:1398/3242 train_loss:3.3528 train_time:413023ms step_avg:297.57ms
step:1399/3242 train_loss:3.5397 train_time:413320ms step_avg:297.57ms
step:1400/3242 train_loss:3.5608 train_time:413617ms step_avg:297.57ms
step:1401/3242 train_loss:3.5282 train_time:413910ms step_avg:297.56ms
step:1402/3242 train_loss:3.4935 train_time:414203ms step_avg:297.56ms
step:1403/3242 train_loss:3.4632 train_time:414509ms step_avg:297.57ms
step:1404/3242 train_loss:3.5764 train_time:414793ms step_avg:297.56ms
step:1405/3242 train_loss:3.5545 train_time:415091ms step_avg:297.56ms
step:1406/3242 train_loss:3.6024 train_time:415386ms step_avg:297.55ms
step:1407/3242 train_loss:3.5254 train_time:415678ms step_avg:297.55ms
step:1408/3242 train_loss:3.4817 train_time:415973ms step_avg:297.55ms
step:1409/3242 train_loss:3.3365 train_time:416268ms step_avg:297.55ms
step:1410/3242 train_loss:3.5018 train_time:416565ms step_avg:297.55ms
step:1411/3242 train_loss:3.4741 train_time:416858ms step_avg:297.54ms
step:1412/3242 train_loss:3.5639 train_time:417163ms step_avg:297.55ms
step:1413/3242 train_loss:3.4796 train_time:417449ms step_avg:297.54ms
step:1414/3242 train_loss:3.3900 train_time:417743ms step_avg:297.54ms
step:1415/3242 train_loss:3.5831 train_time:418039ms step_avg:297.54ms
step:1416/3242 train_loss:3.7996 train_time:418333ms step_avg:297.53ms
step:1417/3242 train_loss:3.4263 train_time:418632ms step_avg:297.54ms
step:1418/3242 train_loss:3.4289 train_time:418928ms step_avg:297.53ms
step:1419/3242 train_loss:3.4324 train_time:419221ms step_avg:297.53ms
step:1420/3242 train_loss:3.5003 train_time:419517ms step_avg:297.53ms
step:1421/3242 train_loss:3.6046 train_time:419815ms step_avg:297.53ms
step:1422/3242 train_loss:3.4216 train_time:420109ms step_avg:297.53ms
step:1423/3242 train_loss:3.5666 train_time:420415ms step_avg:297.53ms
step:1424/3242 train_loss:3.6517 train_time:420701ms step_avg:297.53ms
step:1425/3242 train_loss:3.6577 train_time:420995ms step_avg:297.52ms
step:1426/3242 train_loss:3.1665 train_time:421287ms step_avg:297.52ms
step:1427/3242 train_loss:3.5519 train_time:421582ms step_avg:297.52ms
step:1428/3242 train_loss:3.6054 train_time:421877ms step_avg:297.52ms
step:1429/3242 train_loss:3.6152 train_time:422171ms step_avg:297.51ms
step:1430/3242 train_loss:3.5073 train_time:422469ms step_avg:297.51ms
step:1431/3242 train_loss:3.7496 train_time:422765ms step_avg:297.51ms
step:1432/3242 train_loss:3.6323 train_time:423061ms step_avg:297.51ms
step:1433/3242 train_loss:3.5170 train_time:423352ms step_avg:297.51ms
step:1434/3242 train_loss:3.5158 train_time:423647ms step_avg:297.50ms
step:1435/3242 train_loss:3.4802 train_time:423946ms step_avg:297.51ms
step:1436/3242 train_loss:3.1453 train_time:424241ms step_avg:297.50ms
step:1437/3242 train_loss:3.4107 train_time:424537ms step_avg:297.50ms
step:1438/3242 train_loss:3.5705 train_time:424835ms step_avg:297.50ms
step:1439/3242 train_loss:3.5918 train_time:425125ms step_avg:297.50ms
step:1440/3242 train_loss:3.5961 train_time:425421ms step_avg:297.50ms
step:1441/3242 train_loss:3.4296 train_time:425714ms step_avg:297.49ms
step:1442/3242 train_loss:3.5209 train_time:426014ms step_avg:297.50ms
step:1443/3242 train_loss:3.8114 train_time:426303ms step_avg:297.49ms
step:1444/3242 train_loss:3.5976 train_time:426600ms step_avg:297.49ms
step:1445/3242 train_loss:3.5765 train_time:426894ms step_avg:297.49ms
step:1446/3242 train_loss:3.5694 train_time:427200ms step_avg:297.49ms
step:1447/3242 train_loss:3.3958 train_time:427487ms step_avg:297.49ms
step:1448/3242 train_loss:3.4857 train_time:427778ms step_avg:297.48ms
step:1449/3242 train_loss:3.4973 train_time:428073ms step_avg:297.48ms
step:1450/3242 train_loss:3.7193 train_time:428378ms step_avg:297.48ms
step:1451/3242 train_loss:3.6265 train_time:428670ms step_avg:297.48ms
step:1452/3242 train_loss:3.3934 train_time:428958ms step_avg:297.47ms
step:1453/3242 train_loss:3.6516 train_time:429252ms step_avg:297.47ms
step:1454/3242 train_loss:3.4074 train_time:429547ms step_avg:297.47ms
step:1455/3242 train_loss:3.5176 train_time:429845ms step_avg:297.47ms
step:1456/3242 train_loss:3.5704 train_time:430139ms step_avg:297.47ms
step:1457/3242 train_loss:3.4119 train_time:430434ms step_avg:297.47ms
step:1458/3242 train_loss:3.3835 train_time:430729ms step_avg:297.46ms
step:1459/3242 train_loss:3.5651 train_time:431027ms step_avg:297.47ms
step:1460/3242 train_loss:3.5068 train_time:431316ms step_avg:297.46ms
step:1461/3242 train_loss:3.4187 train_time:431612ms step_avg:297.46ms
step:1462/3242 train_loss:3.7679 train_time:431909ms step_avg:297.46ms
step:1463/3242 train_loss:3.5919 train_time:432202ms step_avg:297.46ms
step:1464/3242 train_loss:3.7775 train_time:432497ms step_avg:297.45ms
step:1465/3242 train_loss:3.5245 train_time:432792ms step_avg:297.45ms
step:1466/3242 train_loss:3.5377 train_time:433084ms step_avg:297.45ms
step:1467/3242 train_loss:3.4376 train_time:433379ms step_avg:297.45ms
step:1468/3242 train_loss:3.6305 train_time:433677ms step_avg:297.45ms
step:1469/3242 train_loss:3.5770 train_time:433972ms step_avg:297.44ms
step:1470/3242 train_loss:3.4107 train_time:434266ms step_avg:297.44ms
step:1471/3242 train_loss:3.6381 train_time:434562ms step_avg:297.44ms
step:1472/3242 train_loss:3.5010 train_time:434855ms step_avg:297.44ms
step:1473/3242 train_loss:3.4403 train_time:435151ms step_avg:297.44ms
step:1474/3242 train_loss:3.6586 train_time:435445ms step_avg:297.44ms
step:1475/3242 train_loss:3.5063 train_time:435737ms step_avg:297.43ms
step:1476/3242 train_loss:3.2313 train_time:436035ms step_avg:297.43ms
step:1477/3242 train_loss:3.4296 train_time:436327ms step_avg:297.43ms
step:1478/3242 train_loss:3.3758 train_time:436624ms step_avg:297.43ms
step:1479/3242 train_loss:3.5360 train_time:436918ms step_avg:297.43ms
step:1480/3242 train_loss:3.5465 train_time:437211ms step_avg:297.42ms
step:1481/3242 train_loss:3.5796 train_time:437508ms step_avg:297.42ms
step:1482/3242 train_loss:3.6803 train_time:437802ms step_avg:297.42ms
step:1483/3242 train_loss:3.5958 train_time:438097ms step_avg:297.42ms
step:1484/3242 train_loss:3.4515 train_time:438392ms step_avg:297.42ms
step:1485/3242 train_loss:3.4808 train_time:438687ms step_avg:297.41ms
step:1486/3242 train_loss:3.4547 train_time:438989ms step_avg:297.42ms
step:1487/3242 train_loss:3.5071 train_time:439277ms step_avg:297.41ms
step:1488/3242 train_loss:3.4967 train_time:439571ms step_avg:297.41ms
step:1489/3242 train_loss:3.4658 train_time:439867ms step_avg:297.41ms
step:1490/3242 train_loss:3.6269 train_time:440161ms step_avg:297.41ms
step:1491/3242 train_loss:3.4255 train_time:440455ms step_avg:297.40ms
step:1492/3242 train_loss:3.2695 train_time:440750ms step_avg:297.40ms
step:1493/3242 train_loss:3.5525 train_time:441045ms step_avg:297.40ms
step:1494/3242 train_loss:3.7246 train_time:441340ms step_avg:297.40ms
step:1495/3242 train_loss:3.5237 train_time:441635ms step_avg:297.40ms
step:1496/3242 train_loss:3.3865 train_time:441930ms step_avg:297.40ms
step:1497/3242 train_loss:3.4747 train_time:442225ms step_avg:297.39ms
step:1498/3242 train_loss:3.4672 train_time:442522ms step_avg:297.39ms
step:1499/3242 train_loss:3.5030 train_time:442815ms step_avg:297.39ms
step:1500/3242 train_loss:3.4255 train_time:443110ms step_avg:297.39ms
step:1500/3242 val_loss:3.5133 train_time:443281ms step_avg:297.50ms
step:1501/3242 train_loss:3.4008 train_time:443410ms step_avg:297.39ms
step:1502/3242 train_loss:3.4139 train_time:443701ms step_avg:297.39ms
step:1503/3242 train_loss:3.5840 train_time:443995ms step_avg:297.38ms
step:1504/3242 train_loss:3.4056 train_time:444294ms step_avg:297.39ms
step:1505/3242 train_loss:3.4799 train_time:444587ms step_avg:297.38ms
step:1506/3242 train_loss:3.3922 train_time:444881ms step_avg:297.38ms
step:1507/3242 train_loss:3.5311 train_time:445181ms step_avg:297.38ms
step:1508/3242 train_loss:3.4246 train_time:445471ms step_avg:297.38ms
step:1509/3242 train_loss:4.0755 train_time:445766ms step_avg:297.38ms
step:1510/3242 train_loss:3.4162 train_time:446061ms step_avg:297.37ms
step:1511/3242 train_loss:3.5148 train_time:446356ms step_avg:297.37ms
step:1512/3242 train_loss:3.5499 train_time:446652ms step_avg:297.37ms
step:1513/3242 train_loss:3.7902 train_time:446988ms step_avg:297.40ms
step:1514/3242 train_loss:3.4038 train_time:447283ms step_avg:297.40ms
step:1515/3242 train_loss:3.4088 train_time:447580ms step_avg:297.40ms
step:1516/3242 train_loss:3.5285 train_time:447874ms step_avg:297.39ms
step:1517/3242 train_loss:3.4365 train_time:448170ms step_avg:297.39ms
step:1518/3242 train_loss:3.5996 train_time:448461ms step_avg:297.39ms
step:1519/3242 train_loss:3.3912 train_time:448759ms step_avg:297.39ms
step:1520/3242 train_loss:3.5954 train_time:449401ms step_avg:297.62ms
step:1521/3242 train_loss:3.4261 train_time:449730ms step_avg:297.64ms
step:1522/3242 train_loss:3.4568 train_time:450025ms step_avg:297.64ms
step:1523/3242 train_loss:3.5731 train_time:450320ms step_avg:297.63ms
step:1524/3242 train_loss:3.5080 train_time:450620ms step_avg:297.64ms
step:1525/3242 train_loss:3.6538 train_time:450912ms step_avg:297.63ms
step:1526/3242 train_loss:3.4748 train_time:451207ms step_avg:297.63ms
step:1527/3242 train_loss:3.5247 train_time:451507ms step_avg:297.63ms
step:1528/3242 train_loss:3.5048 train_time:451794ms step_avg:297.62ms
step:1529/3242 train_loss:3.9124 train_time:452089ms step_avg:297.62ms
step:1530/3242 train_loss:3.6931 train_time:452384ms step_avg:297.62ms
step:1531/3242 train_loss:3.3251 train_time:452679ms step_avg:297.62ms
step:1532/3242 train_loss:3.4319 train_time:452973ms step_avg:297.62ms
step:1533/3242 train_loss:3.5132 train_time:453271ms step_avg:297.62ms
step:1534/3242 train_loss:3.4469 train_time:453562ms step_avg:297.61ms
step:1535/3242 train_loss:3.5708 train_time:453857ms step_avg:297.61ms
step:1536/3242 train_loss:3.5167 train_time:454155ms step_avg:297.61ms
step:1537/3242 train_loss:3.4117 train_time:454450ms step_avg:297.61ms
step:1538/3242 train_loss:3.4363 train_time:454744ms step_avg:297.61ms
step:1539/3242 train_loss:3.8452 train_time:455040ms step_avg:297.61ms
step:1540/3242 train_loss:3.4756 train_time:455335ms step_avg:297.60ms
step:1541/3242 train_loss:3.5577 train_time:455630ms step_avg:297.60ms
step:1542/3242 train_loss:3.4674 train_time:455925ms step_avg:297.60ms
step:1543/3242 train_loss:3.4427 train_time:456218ms step_avg:297.60ms
step:1544/3242 train_loss:3.3746 train_time:456521ms step_avg:297.60ms
step:1545/3242 train_loss:3.5034 train_time:456816ms step_avg:297.60ms
step:1546/3242 train_loss:3.6094 train_time:457109ms step_avg:297.60ms
step:1547/3242 train_loss:3.3875 train_time:457405ms step_avg:297.60ms
step:1548/3242 train_loss:3.4809 train_time:457700ms step_avg:297.59ms
step:1549/3242 train_loss:3.4381 train_time:457984ms step_avg:297.59ms
step:1550/3242 train_loss:3.5697 train_time:458280ms step_avg:297.58ms
step:1551/3242 train_loss:3.4288 train_time:458575ms step_avg:297.58ms
step:1552/3242 train_loss:3.4498 train_time:458870ms step_avg:297.58ms
step:1553/3242 train_loss:3.5171 train_time:459164ms step_avg:297.58ms
step:1554/3242 train_loss:3.4116 train_time:459459ms step_avg:297.58ms
step:1555/3242 train_loss:3.4866 train_time:459755ms step_avg:297.58ms
step:1556/3242 train_loss:3.4187 train_time:460048ms step_avg:297.57ms
step:1557/3242 train_loss:3.4332 train_time:460344ms step_avg:297.57ms
step:1558/3242 train_loss:3.5146 train_time:460638ms step_avg:297.57ms
step:1559/3242 train_loss:3.3484 train_time:460934ms step_avg:297.57ms
step:1560/3242 train_loss:3.4427 train_time:461230ms step_avg:297.57ms
step:1561/3242 train_loss:3.6612 train_time:461525ms step_avg:297.57ms
step:1562/3242 train_loss:3.3708 train_time:461817ms step_avg:297.56ms
step:1563/3242 train_loss:3.4784 train_time:462112ms step_avg:297.56ms
step:1564/3242 train_loss:3.6885 train_time:462409ms step_avg:297.56ms
step:1565/3242 train_loss:3.3408 train_time:462716ms step_avg:297.57ms
step:1566/3242 train_loss:3.3402 train_time:462997ms step_avg:297.56ms
step:1567/3242 train_loss:3.4571 train_time:463293ms step_avg:297.55ms
step:1568/3242 train_loss:3.4589 train_time:463589ms step_avg:297.55ms
step:1569/3242 train_loss:3.3599 train_time:463883ms step_avg:297.55ms
step:1570/3242 train_loss:3.6524 train_time:464177ms step_avg:297.55ms
step:1571/3242 train_loss:3.5673 train_time:464472ms step_avg:297.55ms
step:1572/3242 train_loss:3.2984 train_time:464766ms step_avg:297.55ms
step:1573/3242 train_loss:3.5135 train_time:465061ms step_avg:297.54ms
step:1574/3242 train_loss:3.4433 train_time:465356ms step_avg:297.54ms
step:1575/3242 train_loss:3.4593 train_time:465650ms step_avg:297.54ms
step:1576/3242 train_loss:3.5848 train_time:465945ms step_avg:297.54ms
step:1577/3242 train_loss:3.4713 train_time:466241ms step_avg:297.54ms
step:1578/3242 train_loss:3.4928 train_time:466535ms step_avg:297.53ms
step:1579/3242 train_loss:3.4388 train_time:466829ms step_avg:297.53ms
step:1580/3242 train_loss:3.3437 train_time:467135ms step_avg:297.54ms
step:1581/3242 train_loss:3.4175 train_time:467430ms step_avg:297.54ms
step:1582/3242 train_loss:3.4966 train_time:467714ms step_avg:297.53ms
step:1583/3242 train_loss:3.4614 train_time:468008ms step_avg:297.53ms
step:1584/3242 train_loss:3.9340 train_time:468306ms step_avg:297.53ms
step:1585/3242 train_loss:3.4521 train_time:468601ms step_avg:297.52ms
step:1586/3242 train_loss:3.5506 train_time:468893ms step_avg:297.52ms
step:1587/3242 train_loss:3.2737 train_time:469187ms step_avg:297.52ms
step:1588/3242 train_loss:3.6197 train_time:469483ms step_avg:297.52ms
step:1589/3242 train_loss:3.4715 train_time:469776ms step_avg:297.51ms
step:1590/3242 train_loss:3.5941 train_time:470071ms step_avg:297.51ms
step:1591/3242 train_loss:3.4440 train_time:470377ms step_avg:297.52ms
step:1592/3242 train_loss:3.4903 train_time:470671ms step_avg:297.52ms
step:1593/3242 train_loss:3.5125 train_time:470971ms step_avg:297.52ms
step:1594/3242 train_loss:3.4861 train_time:471254ms step_avg:297.51ms
step:1595/3242 train_loss:3.5621 train_time:471547ms step_avg:297.51ms
step:1596/3242 train_loss:3.8609 train_time:471844ms step_avg:297.51ms
step:1597/3242 train_loss:3.4149 train_time:472141ms step_avg:297.51ms
step:1598/3242 train_loss:3.4732 train_time:472431ms step_avg:297.50ms
step:1599/3242 train_loss:3.5765 train_time:472726ms step_avg:297.50ms
step:1600/3242 train_loss:3.6181 train_time:473024ms step_avg:297.50ms
step:1601/3242 train_loss:3.4781 train_time:473317ms step_avg:297.50ms
step:1602/3242 train_loss:3.8846 train_time:473610ms step_avg:297.49ms
step:1603/3242 train_loss:3.6228 train_time:473914ms step_avg:297.50ms
step:1604/3242 train_loss:3.2912 train_time:474210ms step_avg:297.50ms
step:1605/3242 train_loss:3.4889 train_time:474494ms step_avg:297.49ms
step:1606/3242 train_loss:3.3298 train_time:474788ms step_avg:297.49ms
step:1607/3242 train_loss:3.6548 train_time:475085ms step_avg:297.49ms
step:1608/3242 train_loss:3.4398 train_time:475380ms step_avg:297.48ms
step:1609/3242 train_loss:3.5237 train_time:475675ms step_avg:297.48ms
step:1610/3242 train_loss:3.5155 train_time:475969ms step_avg:297.48ms
step:1611/3242 train_loss:3.8923 train_time:476269ms step_avg:297.48ms
step:1612/3242 train_loss:3.7010 train_time:476564ms step_avg:297.48ms
step:1613/3242 train_loss:3.5980 train_time:476856ms step_avg:297.48ms
step:1614/3242 train_loss:3.4339 train_time:477149ms step_avg:297.47ms
step:1615/3242 train_loss:3.5027 train_time:477443ms step_avg:297.47ms
step:1616/3242 train_loss:3.3981 train_time:477736ms step_avg:297.47ms
step:1617/3242 train_loss:3.4962 train_time:478034ms step_avg:297.47ms
step:1618/3242 train_loss:3.6645 train_time:478328ms step_avg:297.47ms
step:1619/3242 train_loss:3.6777 train_time:478624ms step_avg:297.47ms
step:1620/3242 train_loss:3.3977 train_time:478920ms step_avg:297.47ms
step:1621/3242 train_loss:3.5772 train_time:479212ms step_avg:297.46ms
step:1622/3242 train_loss:3.5437 train_time:479505ms step_avg:297.46ms
step:1623/3242 train_loss:3.3560 train_time:479801ms step_avg:297.46ms
step:1624/3242 train_loss:3.5224 train_time:480096ms step_avg:297.46ms
step:1625/3242 train_loss:3.3925 train_time:480392ms step_avg:297.46ms
step:1625/3242 val_loss:3.4900 train_time:480559ms step_avg:297.56ms
step:1626/3242 train_loss:3.5162 train_time:480688ms step_avg:297.46ms
step:1627/3242 train_loss:3.4851 train_time:480981ms step_avg:297.45ms
step:1628/3242 train_loss:3.4199 train_time:481276ms step_avg:297.45ms
step:1629/3242 train_loss:3.5078 train_time:481573ms step_avg:297.45ms
step:1630/3242 train_loss:3.5191 train_time:481865ms step_avg:297.45ms
step:1631/3242 train_loss:3.5104 train_time:482162ms step_avg:297.45ms
step:1632/3242 train_loss:3.3736 train_time:482455ms step_avg:297.44ms
step:1633/3242 train_loss:3.2732 train_time:482749ms step_avg:297.44ms
step:1634/3242 train_loss:3.4472 train_time:483044ms step_avg:297.44ms
step:1635/3242 train_loss:3.4902 train_time:483339ms step_avg:297.44ms
step:1636/3242 train_loss:3.3296 train_time:483637ms step_avg:297.44ms
step:1637/3242 train_loss:3.5491 train_time:483928ms step_avg:297.44ms
step:1638/3242 train_loss:3.6599 train_time:484223ms step_avg:297.43ms
step:1639/3242 train_loss:3.7024 train_time:484516ms step_avg:297.43ms
step:1640/3242 train_loss:4.0596 train_time:484810ms step_avg:297.43ms
step:1641/3242 train_loss:3.5560 train_time:485107ms step_avg:297.43ms
step:1642/3242 train_loss:3.5429 train_time:485401ms step_avg:297.43ms
step:1643/3242 train_loss:3.6770 train_time:485697ms step_avg:297.43ms
step:1644/3242 train_loss:3.6259 train_time:485992ms step_avg:297.42ms
step:1645/3242 train_loss:3.3721 train_time:486287ms step_avg:297.42ms
step:1646/3242 train_loss:3.5144 train_time:486584ms step_avg:297.42ms
step:1647/3242 train_loss:3.1368 train_time:486876ms step_avg:297.42ms
step:1648/3242 train_loss:3.5183 train_time:487171ms step_avg:297.42ms
step:1649/3242 train_loss:3.4990 train_time:487469ms step_avg:297.42ms
step:1650/3242 train_loss:3.4254 train_time:487764ms step_avg:297.42ms
step:1651/3242 train_loss:3.4155 train_time:488058ms step_avg:297.42ms
step:1652/3242 train_loss:3.4646 train_time:488353ms step_avg:297.41ms
step:1653/3242 train_loss:3.4852 train_time:488648ms step_avg:297.41ms
step:1654/3242 train_loss:3.7018 train_time:488946ms step_avg:297.41ms
step:1655/3242 train_loss:3.3741 train_time:489239ms step_avg:297.41ms
step:1656/3242 train_loss:3.4256 train_time:489533ms step_avg:297.41ms
step:1657/3242 train_loss:3.4906 train_time:489827ms step_avg:297.41ms
step:1658/3242 train_loss:3.4643 train_time:490133ms step_avg:297.41ms
step:1659/3242 train_loss:3.4074 train_time:490416ms step_avg:297.40ms
step:1660/3242 train_loss:3.4296 train_time:490711ms step_avg:297.40ms
step:1661/3242 train_loss:3.4299 train_time:491007ms step_avg:297.40ms
step:1662/3242 train_loss:3.5376 train_time:491304ms step_avg:297.40ms
step:1663/3242 train_loss:3.4431 train_time:491598ms step_avg:297.40ms
step:1664/3242 train_loss:3.4625 train_time:491894ms step_avg:297.40ms
step:1665/3242 train_loss:3.5393 train_time:492186ms step_avg:297.39ms
step:1666/3242 train_loss:3.5172 train_time:492484ms step_avg:297.39ms
step:1667/3242 train_loss:3.8763 train_time:492779ms step_avg:297.39ms
step:1668/3242 train_loss:3.2986 train_time:493074ms step_avg:297.39ms
step:1669/3242 train_loss:3.4906 train_time:493369ms step_avg:297.39ms
step:1670/3242 train_loss:3.3542 train_time:493661ms step_avg:297.39ms
step:1671/3242 train_loss:3.2645 train_time:493957ms step_avg:297.39ms
step:1672/3242 train_loss:3.6235 train_time:494252ms step_avg:297.38ms
step:1673/3242 train_loss:3.7723 train_time:494547ms step_avg:297.38ms
step:1674/3242 train_loss:3.4160 train_time:494842ms step_avg:297.38ms
step:1675/3242 train_loss:3.3727 train_time:495136ms step_avg:297.38ms
step:1676/3242 train_loss:3.3919 train_time:495431ms step_avg:297.38ms
step:1677/3242 train_loss:3.5927 train_time:495725ms step_avg:297.38ms
step:1678/3242 train_loss:3.4117 train_time:496020ms step_avg:297.37ms
step:1679/3242 train_loss:3.4723 train_time:496315ms step_avg:297.37ms
step:1680/3242 train_loss:3.4783 train_time:496612ms step_avg:297.37ms
step:1681/3242 train_loss:3.0464 train_time:496904ms step_avg:297.37ms
step:1682/3242 train_loss:3.4698 train_time:497201ms step_avg:297.37ms
step:1683/3242 train_loss:3.5729 train_time:497498ms step_avg:297.37ms
step:1684/3242 train_loss:3.5680 train_time:497791ms step_avg:297.37ms
step:1685/3242 train_loss:3.5511 train_time:498086ms step_avg:297.36ms
step:1686/3242 train_loss:3.3961 train_time:498382ms step_avg:297.36ms
step:1687/3242 train_loss:3.5390 train_time:498674ms step_avg:297.36ms
step:1688/3242 train_loss:3.4014 train_time:498972ms step_avg:297.36ms
step:1689/3242 train_loss:3.3894 train_time:499264ms step_avg:297.36ms
step:1690/3242 train_loss:3.4589 train_time:499564ms step_avg:297.36ms
step:1691/3242 train_loss:3.3178 train_time:499857ms step_avg:297.36ms
step:1692/3242 train_loss:3.4947 train_time:500152ms step_avg:297.36ms
step:1693/3242 train_loss:3.4509 train_time:500446ms step_avg:297.35ms
step:1694/3242 train_loss:3.4072 train_time:500743ms step_avg:297.35ms
step:1695/3242 train_loss:3.9601 train_time:501037ms step_avg:297.35ms
step:1696/3242 train_loss:3.6542 train_time:501330ms step_avg:297.35ms
step:1697/3242 train_loss:3.5063 train_time:501624ms step_avg:297.35ms
step:1698/3242 train_loss:3.4269 train_time:501919ms step_avg:297.35ms
step:1699/3242 train_loss:3.2186 train_time:502214ms step_avg:297.34ms
step:1700/3242 train_loss:3.4706 train_time:502510ms step_avg:297.34ms
step:1701/3242 train_loss:3.5088 train_time:502809ms step_avg:297.34ms
step:1702/3242 train_loss:3.4922 train_time:503149ms step_avg:297.37ms
step:1703/3242 train_loss:3.2900 train_time:503443ms step_avg:297.37ms
step:1704/3242 train_loss:3.7386 train_time:503736ms step_avg:297.36ms
step:1705/3242 train_loss:3.3983 train_time:504029ms step_avg:297.36ms
step:1706/3242 train_loss:3.9466 train_time:504325ms step_avg:297.36ms
step:1707/3242 train_loss:3.3775 train_time:504621ms step_avg:297.36ms
step:1708/3242 train_loss:3.2452 train_time:504917ms step_avg:297.36ms
step:1709/3242 train_loss:3.6014 train_time:505212ms step_avg:297.36ms
step:1710/3242 train_loss:3.3556 train_time:505665ms step_avg:297.45ms
step:1711/3242 train_loss:3.3792 train_time:506212ms step_avg:297.60ms
step:1712/3242 train_loss:3.4518 train_time:506510ms step_avg:297.60ms
step:1713/3242 train_loss:3.5732 train_time:506802ms step_avg:297.59ms
step:1714/3242 train_loss:3.6934 train_time:507097ms step_avg:297.59ms
step:1715/3242 train_loss:3.3803 train_time:507392ms step_avg:297.59ms
step:1716/3242 train_loss:3.4710 train_time:507686ms step_avg:297.59ms
step:1717/3242 train_loss:3.3282 train_time:507981ms step_avg:297.59ms
step:1718/3242 train_loss:3.3751 train_time:508275ms step_avg:297.58ms
step:1719/3242 train_loss:3.6336 train_time:508570ms step_avg:297.58ms
step:1720/3242 train_loss:3.4172 train_time:508868ms step_avg:297.58ms
step:1721/3242 train_loss:3.4131 train_time:509162ms step_avg:297.58ms
step:1722/3242 train_loss:3.2863 train_time:509454ms step_avg:297.58ms
step:1723/3242 train_loss:3.5935 train_time:509750ms step_avg:297.58ms
step:1724/3242 train_loss:3.4400 train_time:510044ms step_avg:297.58ms
step:1725/3242 train_loss:3.5969 train_time:510339ms step_avg:297.57ms
step:1726/3242 train_loss:3.6074 train_time:510633ms step_avg:297.57ms
step:1727/3242 train_loss:3.5511 train_time:510928ms step_avg:297.57ms
step:1728/3242 train_loss:3.4548 train_time:511222ms step_avg:297.57ms
step:1729/3242 train_loss:3.4035 train_time:511517ms step_avg:297.57ms
step:1730/3242 train_loss:3.4365 train_time:511812ms step_avg:297.57ms
step:1731/3242 train_loss:4.1043 train_time:512107ms step_avg:297.56ms
step:1732/3242 train_loss:3.6173 train_time:512403ms step_avg:297.56ms
step:1733/3242 train_loss:3.7262 train_time:512696ms step_avg:297.56ms
step:1734/3242 train_loss:3.3361 train_time:512991ms step_avg:297.56ms
step:1735/3242 train_loss:3.5034 train_time:513286ms step_avg:297.56ms
step:1736/3242 train_loss:3.5058 train_time:513580ms step_avg:297.56ms
step:1737/3242 train_loss:3.4039 train_time:513875ms step_avg:297.55ms
step:1738/3242 train_loss:3.5253 train_time:514170ms step_avg:297.55ms
step:1739/3242 train_loss:3.4075 train_time:514465ms step_avg:297.55ms
step:1740/3242 train_loss:3.4521 train_time:514760ms step_avg:297.55ms
step:1741/3242 train_loss:3.6906 train_time:515055ms step_avg:297.55ms
step:1742/3242 train_loss:3.3380 train_time:515352ms step_avg:297.55ms
step:1743/3242 train_loss:3.2277 train_time:515647ms step_avg:297.55ms
step:1744/3242 train_loss:2.9502 train_time:515939ms step_avg:297.54ms
step:1745/3242 train_loss:3.4762 train_time:516235ms step_avg:297.54ms
step:1746/3242 train_loss:3.4485 train_time:516529ms step_avg:297.54ms
step:1747/3242 train_loss:3.4311 train_time:516830ms step_avg:297.54ms
step:1748/3242 train_loss:3.4460 train_time:517121ms step_avg:297.54ms
step:1749/3242 train_loss:3.9006 train_time:517416ms step_avg:297.54ms
step:1750/3242 train_loss:3.4898 train_time:517711ms step_avg:297.53ms
step:1750/3242 val_loss:3.4696 train_time:517880ms step_avg:297.63ms
step:1751/3242 train_loss:3.4149 train_time:518011ms step_avg:297.54ms
step:1752/3242 train_loss:3.4501 train_time:518304ms step_avg:297.53ms
step:1753/3242 train_loss:3.3361 train_time:518600ms step_avg:297.53ms
step:1754/3242 train_loss:3.0205 train_time:518893ms step_avg:297.53ms
step:1755/3242 train_loss:3.2766 train_time:519189ms step_avg:297.53ms
step:1756/3242 train_loss:3.2437 train_time:519485ms step_avg:297.53ms
step:1757/3242 train_loss:3.3987 train_time:519782ms step_avg:297.53ms
step:1758/3242 train_loss:3.3894 train_time:520075ms step_avg:297.53ms
step:1759/3242 train_loss:3.3497 train_time:520370ms step_avg:297.52ms
step:1760/3242 train_loss:5.3700 train_time:520662ms step_avg:297.52ms
step:1761/3242 train_loss:3.5132 train_time:520952ms step_avg:297.52ms
step:1762/3242 train_loss:3.5323 train_time:521245ms step_avg:297.51ms
step:1763/3242 train_loss:3.4868 train_time:521539ms step_avg:297.51ms
step:1764/3242 train_loss:3.4785 train_time:521835ms step_avg:297.51ms
step:1765/3242 train_loss:3.3764 train_time:522129ms step_avg:297.51ms
step:1766/3242 train_loss:3.5004 train_time:522424ms step_avg:297.51ms
step:1767/3242 train_loss:3.6004 train_time:522720ms step_avg:297.51ms
step:1768/3242 train_loss:3.5350 train_time:523013ms step_avg:297.50ms
step:1769/3242 train_loss:3.5325 train_time:523309ms step_avg:297.50ms
step:1770/3242 train_loss:3.4850 train_time:523604ms step_avg:297.50ms
step:1771/3242 train_loss:4.0820 train_time:523898ms step_avg:297.50ms
step:1772/3242 train_loss:3.3736 train_time:524194ms step_avg:297.50ms
step:1773/3242 train_loss:3.3661 train_time:524490ms step_avg:297.50ms
step:1774/3242 train_loss:3.7087 train_time:524793ms step_avg:297.50ms
step:1775/3242 train_loss:3.2427 train_time:525081ms step_avg:297.50ms
step:1776/3242 train_loss:3.5381 train_time:525378ms step_avg:297.50ms
step:1777/3242 train_loss:3.3926 train_time:525672ms step_avg:297.49ms
step:1778/3242 train_loss:3.8368 train_time:525974ms step_avg:297.50ms
step:1779/3242 train_loss:3.5856 train_time:526269ms step_avg:297.50ms
step:1780/3242 train_loss:3.4505 train_time:526555ms step_avg:297.49ms
step:1781/3242 train_loss:3.5571 train_time:526847ms step_avg:297.49ms
step:1782/3242 train_loss:3.4747 train_time:527143ms step_avg:297.48ms
step:1783/3242 train_loss:3.2393 train_time:527438ms step_avg:297.48ms
step:1784/3242 train_loss:3.5267 train_time:527742ms step_avg:297.49ms
step:1785/3242 train_loss:3.5612 train_time:528032ms step_avg:297.48ms
step:1786/3242 train_loss:3.4859 train_time:528323ms step_avg:297.48ms
step:1787/3242 train_loss:3.6427 train_time:528617ms step_avg:297.48ms
step:1788/3242 train_loss:3.3973 train_time:528912ms step_avg:297.48ms
step:1789/3242 train_loss:3.4494 train_time:529207ms step_avg:297.47ms
step:1790/3242 train_loss:3.5538 train_time:529503ms step_avg:297.47ms
step:1791/3242 train_loss:3.4942 train_time:529796ms step_avg:297.47ms
step:1792/3242 train_loss:3.4801 train_time:530090ms step_avg:297.47ms
step:1793/3242 train_loss:3.4171 train_time:530384ms step_avg:297.47ms
step:1794/3242 train_loss:3.3066 train_time:530680ms step_avg:297.47ms
step:1795/3242 train_loss:3.3663 train_time:530984ms step_avg:297.47ms
step:1796/3242 train_loss:3.3539 train_time:531279ms step_avg:297.47ms
step:1797/3242 train_loss:3.5692 train_time:531578ms step_avg:297.47ms
step:1798/3242 train_loss:3.4759 train_time:531872ms step_avg:297.47ms
step:1799/3242 train_loss:3.4217 train_time:532154ms step_avg:297.46ms
step:1800/3242 train_loss:3.4919 train_time:532449ms step_avg:297.46ms
step:1801/3242 train_loss:3.4969 train_time:532746ms step_avg:297.46ms
step:1802/3242 train_loss:3.4770 train_time:533039ms step_avg:297.45ms
step:1803/3242 train_loss:3.3746 train_time:533333ms step_avg:297.45ms
step:1804/3242 train_loss:3.3788 train_time:533628ms step_avg:297.45ms
step:1805/3242 train_loss:3.6323 train_time:533927ms step_avg:297.45ms
step:1806/3242 train_loss:3.4843 train_time:534217ms step_avg:297.45ms
step:1807/3242 train_loss:3.5672 train_time:534515ms step_avg:297.45ms
step:1808/3242 train_loss:3.5811 train_time:534808ms step_avg:297.45ms
step:1809/3242 train_loss:3.3686 train_time:535103ms step_avg:297.44ms
step:1810/3242 train_loss:3.5494 train_time:535398ms step_avg:297.44ms
step:1811/3242 train_loss:3.5808 train_time:535692ms step_avg:297.44ms
step:1812/3242 train_loss:3.4683 train_time:535987ms step_avg:297.44ms
step:1813/3242 train_loss:3.4218 train_time:536284ms step_avg:297.44ms
step:1814/3242 train_loss:3.4371 train_time:536576ms step_avg:297.44ms
step:1815/3242 train_loss:3.5018 train_time:536870ms step_avg:297.44ms
step:1816/3242 train_loss:3.5755 train_time:537166ms step_avg:297.43ms
step:1817/3242 train_loss:3.4414 train_time:537462ms step_avg:297.43ms
step:1818/3242 train_loss:3.6181 train_time:537757ms step_avg:297.43ms
step:1819/3242 train_loss:3.4053 train_time:538050ms step_avg:297.43ms
step:1820/3242 train_loss:3.4753 train_time:538349ms step_avg:297.43ms
step:1821/3242 train_loss:3.3713 train_time:538643ms step_avg:297.43ms
step:1822/3242 train_loss:3.1814 train_time:538938ms step_avg:297.43ms
step:1823/3242 train_loss:3.2379 train_time:539232ms step_avg:297.43ms
step:1824/3242 train_loss:3.4057 train_time:539527ms step_avg:297.42ms
step:1825/3242 train_loss:3.5161 train_time:539819ms step_avg:297.42ms
step:1826/3242 train_loss:3.4631 train_time:540114ms step_avg:297.42ms
step:1827/3242 train_loss:3.4574 train_time:540408ms step_avg:297.42ms
step:1828/3242 train_loss:3.4296 train_time:540704ms step_avg:297.42ms
step:1829/3242 train_loss:3.4453 train_time:541001ms step_avg:297.42ms
step:1830/3242 train_loss:3.5404 train_time:541295ms step_avg:297.41ms
step:1831/3242 train_loss:3.1999 train_time:541588ms step_avg:297.41ms
step:1832/3242 train_loss:3.4375 train_time:541884ms step_avg:297.41ms
step:1833/3242 train_loss:3.4292 train_time:542180ms step_avg:297.41ms
step:1834/3242 train_loss:3.9809 train_time:542472ms step_avg:297.41ms
step:1835/3242 train_loss:3.5004 train_time:542767ms step_avg:297.41ms
step:1836/3242 train_loss:3.4785 train_time:543072ms step_avg:297.41ms
step:1837/3242 train_loss:3.7463 train_time:543375ms step_avg:297.41ms
step:1838/3242 train_loss:3.4628 train_time:543656ms step_avg:297.40ms
step:1839/3242 train_loss:3.3374 train_time:543950ms step_avg:297.40ms
step:1840/3242 train_loss:3.4267 train_time:544240ms step_avg:297.40ms
step:1841/3242 train_loss:3.3394 train_time:544536ms step_avg:297.40ms
step:1842/3242 train_loss:3.4541 train_time:544832ms step_avg:297.40ms
step:1843/3242 train_loss:3.5151 train_time:545127ms step_avg:297.40ms
step:1844/3242 train_loss:3.4283 train_time:545422ms step_avg:297.39ms
step:1845/3242 train_loss:3.4602 train_time:545721ms step_avg:297.40ms
step:1846/3242 train_loss:3.4254 train_time:546019ms step_avg:297.40ms
step:1847/3242 train_loss:3.4511 train_time:546305ms step_avg:297.39ms
step:1848/3242 train_loss:3.3382 train_time:546599ms step_avg:297.39ms
step:1849/3242 train_loss:3.7099 train_time:546901ms step_avg:297.39ms
step:1850/3242 train_loss:3.3626 train_time:547195ms step_avg:297.39ms
step:1851/3242 train_loss:3.4669 train_time:547484ms step_avg:297.38ms
step:1852/3242 train_loss:3.2996 train_time:547779ms step_avg:297.38ms
step:1853/3242 train_loss:3.5133 train_time:548074ms step_avg:297.38ms
step:1854/3242 train_loss:3.5545 train_time:548369ms step_avg:297.38ms
step:1855/3242 train_loss:3.4471 train_time:548665ms step_avg:297.38ms
step:1856/3242 train_loss:3.4186 train_time:548960ms step_avg:297.38ms
step:1857/3242 train_loss:3.5031 train_time:549254ms step_avg:297.38ms
step:1858/3242 train_loss:3.5597 train_time:549549ms step_avg:297.37ms
step:1859/3242 train_loss:3.3594 train_time:549845ms step_avg:297.37ms
step:1860/3242 train_loss:3.4597 train_time:550139ms step_avg:297.37ms
step:1861/3242 train_loss:3.4409 train_time:550433ms step_avg:297.37ms
step:1862/3242 train_loss:3.4077 train_time:550729ms step_avg:297.37ms
step:1863/3242 train_loss:3.3657 train_time:551024ms step_avg:297.37ms
step:1864/3242 train_loss:3.4804 train_time:551319ms step_avg:297.37ms
step:1865/3242 train_loss:3.5963 train_time:551613ms step_avg:297.37ms
step:1866/3242 train_loss:3.2308 train_time:551908ms step_avg:297.36ms
step:1867/3242 train_loss:3.4256 train_time:552205ms step_avg:297.36ms
step:1868/3242 train_loss:3.3789 train_time:552499ms step_avg:297.36ms
step:1869/3242 train_loss:3.1988 train_time:552793ms step_avg:297.36ms
step:1870/3242 train_loss:3.5015 train_time:553089ms step_avg:297.36ms
step:1871/3242 train_loss:3.4602 train_time:553384ms step_avg:297.36ms
step:1872/3242 train_loss:3.4200 train_time:553678ms step_avg:297.36ms
step:1873/3242 train_loss:3.5308 train_time:553973ms step_avg:297.36ms
step:1874/3242 train_loss:3.3511 train_time:554268ms step_avg:297.35ms
step:1875/3242 train_loss:3.6008 train_time:554566ms step_avg:297.35ms
step:1875/3242 val_loss:3.4556 train_time:554734ms step_avg:297.44ms
step:1876/3242 train_loss:3.4313 train_time:554864ms step_avg:297.35ms
step:1877/3242 train_loss:3.4095 train_time:555159ms step_avg:297.35ms
step:1878/3242 train_loss:3.5760 train_time:555453ms step_avg:297.35ms
step:1879/3242 train_loss:3.5602 train_time:555746ms step_avg:297.35ms
step:1880/3242 train_loss:3.4230 train_time:556041ms step_avg:297.35ms
step:1881/3242 train_loss:3.4483 train_time:556334ms step_avg:297.35ms
step:1882/3242 train_loss:3.3625 train_time:556630ms step_avg:297.34ms
step:1883/3242 train_loss:3.5866 train_time:556922ms step_avg:297.34ms
step:1884/3242 train_loss:3.4242 train_time:557216ms step_avg:297.34ms
step:1885/3242 train_loss:2.9426 train_time:557514ms step_avg:297.34ms
step:1886/3242 train_loss:3.7557 train_time:557807ms step_avg:297.34ms
step:1887/3242 train_loss:3.3917 train_time:558116ms step_avg:297.34ms
step:1888/3242 train_loss:3.3069 train_time:558413ms step_avg:297.34ms
step:1889/3242 train_loss:3.4684 train_time:558706ms step_avg:297.34ms
step:1890/3242 train_loss:3.5160 train_time:559001ms step_avg:297.34ms
step:1891/3242 train_loss:3.2856 train_time:559399ms step_avg:297.39ms
step:1892/3242 train_loss:3.7157 train_time:559694ms step_avg:297.39ms
step:1893/3242 train_loss:3.3402 train_time:559989ms step_avg:297.39ms
step:1894/3242 train_loss:3.4015 train_time:560283ms step_avg:297.39ms
step:1895/3242 train_loss:3.5440 train_time:560580ms step_avg:297.39ms
step:1896/3242 train_loss:3.2879 train_time:560876ms step_avg:297.39ms
step:1897/3242 train_loss:3.4627 train_time:561170ms step_avg:297.39ms
step:1898/3242 train_loss:3.5279 train_time:561465ms step_avg:297.39ms
step:1899/3242 train_loss:3.5517 train_time:561761ms step_avg:297.39ms
step:1900/3242 train_loss:3.3850 train_time:562110ms step_avg:297.41ms
step:1901/3242 train_loss:3.5619 train_time:562757ms step_avg:297.60ms
step:1902/3242 train_loss:3.3865 train_time:563050ms step_avg:297.60ms
step:1903/3242 train_loss:3.4991 train_time:563344ms step_avg:297.59ms
step:1904/3242 train_loss:3.3811 train_time:563639ms step_avg:297.59ms
step:1905/3242 train_loss:3.5984 train_time:563935ms step_avg:297.59ms
step:1906/3242 train_loss:3.4517 train_time:564230ms step_avg:297.59ms
step:1907/3242 train_loss:3.4775 train_time:564524ms step_avg:297.59ms
step:1908/3242 train_loss:3.4961 train_time:564823ms step_avg:297.59ms
step:1909/3242 train_loss:3.2864 train_time:565116ms step_avg:297.59ms
step:1910/3242 train_loss:3.4534 train_time:565412ms step_avg:297.59ms
step:1911/3242 train_loss:3.5151 train_time:565704ms step_avg:297.58ms
step:1912/3242 train_loss:3.4316 train_time:566000ms step_avg:297.58ms
step:1913/3242 train_loss:3.3931 train_time:566294ms step_avg:297.58ms
step:1914/3242 train_loss:2.9505 train_time:566591ms step_avg:297.58ms
step:1915/3242 train_loss:3.3465 train_time:566885ms step_avg:297.58ms
step:1916/3242 train_loss:3.5712 train_time:567181ms step_avg:297.58ms
step:1917/3242 train_loss:3.6263 train_time:567474ms step_avg:297.57ms
step:1918/3242 train_loss:3.4648 train_time:567770ms step_avg:297.57ms
step:1919/3242 train_loss:3.4242 train_time:568067ms step_avg:297.57ms
step:1920/3242 train_loss:3.6875 train_time:568361ms step_avg:297.57ms
step:1921/3242 train_loss:3.3904 train_time:568654ms step_avg:297.57ms
step:1922/3242 train_loss:3.4520 train_time:568950ms step_avg:297.57ms
step:1923/3242 train_loss:3.4682 train_time:569245ms step_avg:297.57ms
step:1924/3242 train_loss:3.5261 train_time:569540ms step_avg:297.57ms
step:1925/3242 train_loss:3.1677 train_time:569834ms step_avg:297.56ms
step:1926/3242 train_loss:3.3442 train_time:570129ms step_avg:297.56ms
step:1927/3242 train_loss:3.3033 train_time:570426ms step_avg:297.56ms
step:1928/3242 train_loss:3.3848 train_time:570718ms step_avg:297.56ms
step:1929/3242 train_loss:3.1565 train_time:571013ms step_avg:297.56ms
step:1930/3242 train_loss:3.3815 train_time:571310ms step_avg:297.56ms
step:1931/3242 train_loss:3.6302 train_time:571605ms step_avg:297.56ms
step:1932/3242 train_loss:3.4842 train_time:571899ms step_avg:297.55ms
step:1933/3242 train_loss:3.5806 train_time:572196ms step_avg:297.55ms
step:1934/3242 train_loss:3.4111 train_time:572489ms step_avg:297.55ms
step:1935/3242 train_loss:3.4075 train_time:572784ms step_avg:297.55ms
step:1936/3242 train_loss:3.5006 train_time:573079ms step_avg:297.55ms
step:1937/3242 train_loss:3.4221 train_time:573371ms step_avg:297.55ms
step:1938/3242 train_loss:3.5231 train_time:573666ms step_avg:297.54ms
step:1939/3242 train_loss:3.3784 train_time:573960ms step_avg:297.54ms
step:1940/3242 train_loss:3.5517 train_time:574255ms step_avg:297.54ms
step:1941/3242 train_loss:3.7029 train_time:574551ms step_avg:297.54ms
step:1942/3242 train_loss:3.4694 train_time:574849ms step_avg:297.54ms
step:1943/3242 train_loss:3.4088 train_time:575140ms step_avg:297.54ms
step:1944/3242 train_loss:3.6290 train_time:575441ms step_avg:297.54ms
step:1945/3242 train_loss:3.3030 train_time:575734ms step_avg:297.54ms
step:1946/3242 train_loss:3.4887 train_time:576025ms step_avg:297.53ms
step:1947/3242 train_loss:3.4563 train_time:576320ms step_avg:297.53ms
step:1948/3242 train_loss:3.3508 train_time:576615ms step_avg:297.53ms
step:1949/3242 train_loss:3.3891 train_time:576911ms step_avg:297.53ms
step:1950/3242 train_loss:3.3371 train_time:577205ms step_avg:297.53ms
step:1951/3242 train_loss:3.3746 train_time:577502ms step_avg:297.53ms
step:1952/3242 train_loss:3.3652 train_time:577794ms step_avg:297.53ms
step:1953/3242 train_loss:3.5894 train_time:578090ms step_avg:297.52ms
step:1954/3242 train_loss:3.5698 train_time:578385ms step_avg:297.52ms
step:1955/3242 train_loss:3.4238 train_time:578682ms step_avg:297.52ms
step:1956/3242 train_loss:3.3106 train_time:578975ms step_avg:297.52ms
step:1957/3242 train_loss:3.2605 train_time:579269ms step_avg:297.52ms
step:1958/3242 train_loss:3.6812 train_time:579564ms step_avg:297.52ms
step:1959/3242 train_loss:3.4568 train_time:579859ms step_avg:297.52ms
step:1960/3242 train_loss:3.5760 train_time:580153ms step_avg:297.51ms
step:1961/3242 train_loss:3.3506 train_time:580453ms step_avg:297.52ms
step:1962/3242 train_loss:3.5401 train_time:580744ms step_avg:297.51ms
step:1963/3242 train_loss:3.5223 train_time:581042ms step_avg:297.51ms
step:1964/3242 train_loss:3.4540 train_time:581337ms step_avg:297.51ms
step:1965/3242 train_loss:3.3808 train_time:581626ms step_avg:297.51ms
step:1966/3242 train_loss:3.6467 train_time:581921ms step_avg:297.51ms
step:1967/3242 train_loss:3.3636 train_time:582215ms step_avg:297.50ms
step:1968/3242 train_loss:3.4062 train_time:582510ms step_avg:297.50ms
step:1969/3242 train_loss:3.4788 train_time:582806ms step_avg:297.50ms
step:1970/3242 train_loss:3.3050 train_time:583100ms step_avg:297.50ms
step:1971/3242 train_loss:3.0741 train_time:583395ms step_avg:297.50ms
step:1972/3242 train_loss:3.1287 train_time:583690ms step_avg:297.50ms
step:1973/3242 train_loss:3.4406 train_time:583985ms step_avg:297.50ms
step:1974/3242 train_loss:3.3604 train_time:584281ms step_avg:297.50ms
step:1975/3242 train_loss:3.2622 train_time:584578ms step_avg:297.49ms
step:1976/3242 train_loss:3.5276 train_time:584873ms step_avg:297.49ms
step:1977/3242 train_loss:3.3877 train_time:585166ms step_avg:297.49ms
step:1978/3242 train_loss:3.9697 train_time:585460ms step_avg:297.49ms
step:1979/3242 train_loss:3.4080 train_time:585756ms step_avg:297.49ms
step:1980/3242 train_loss:3.4291 train_time:586051ms step_avg:297.49ms
step:1981/3242 train_loss:3.4486 train_time:586346ms step_avg:297.49ms
step:1982/3242 train_loss:3.4933 train_time:586645ms step_avg:297.49ms
step:1983/3242 train_loss:3.4479 train_time:586935ms step_avg:297.48ms
step:1984/3242 train_loss:3.3307 train_time:587230ms step_avg:297.48ms
step:1985/3242 train_loss:3.5235 train_time:587523ms step_avg:297.48ms
step:1986/3242 train_loss:3.5784 train_time:587819ms step_avg:297.48ms
step:1987/3242 train_loss:3.3350 train_time:588122ms step_avg:297.48ms
step:1988/3242 train_loss:3.4149 train_time:588414ms step_avg:297.48ms
step:1989/3242 train_loss:3.4785 train_time:588710ms step_avg:297.48ms
step:1990/3242 train_loss:3.5585 train_time:589004ms step_avg:297.48ms
step:1991/3242 train_loss:3.3455 train_time:589299ms step_avg:297.48ms
step:1992/3242 train_loss:3.3179 train_time:589592ms step_avg:297.47ms
step:1993/3242 train_loss:3.6519 train_time:589888ms step_avg:297.47ms
step:1994/3242 train_loss:3.3467 train_time:590182ms step_avg:297.47ms
step:1995/3242 train_loss:3.3855 train_time:590477ms step_avg:297.47ms
step:1996/3242 train_loss:3.4651 train_time:590771ms step_avg:297.47ms
step:1997/3242 train_loss:3.3965 train_time:591065ms step_avg:297.47ms
step:1998/3242 train_loss:3.3627 train_time:591358ms step_avg:297.46ms
step:1999/3242 train_loss:3.3520 train_time:591656ms step_avg:297.46ms
step:2000/3242 train_loss:3.4327 train_time:591950ms step_avg:297.46ms
step:2000/3242 val_loss:3.4421 train_time:592117ms step_avg:297.55ms
step:2001/3242 train_loss:3.5429 train_time:592248ms step_avg:297.46ms
step:2002/3242 train_loss:3.4559 train_time:592541ms step_avg:297.46ms
step:2003/3242 train_loss:3.8018 train_time:592835ms step_avg:297.46ms
step:2004/3242 train_loss:3.5136 train_time:593124ms step_avg:297.45ms
step:2005/3242 train_loss:3.3414 train_time:593419ms step_avg:297.45ms
step:2006/3242 train_loss:3.4104 train_time:593714ms step_avg:297.45ms
step:2007/3242 train_loss:3.2369 train_time:594009ms step_avg:297.45ms
step:2008/3242 train_loss:3.5421 train_time:594308ms step_avg:297.45ms
step:2009/3242 train_loss:3.4587 train_time:594605ms step_avg:297.45ms
step:2010/3242 train_loss:3.4259 train_time:594895ms step_avg:297.45ms
step:2011/3242 train_loss:3.4782 train_time:595189ms step_avg:297.45ms
step:2012/3242 train_loss:3.5162 train_time:595484ms step_avg:297.44ms
step:2013/3242 train_loss:3.3573 train_time:595779ms step_avg:297.44ms
step:2014/3242 train_loss:3.4482 train_time:596074ms step_avg:297.44ms
step:2015/3242 train_loss:3.3907 train_time:596372ms step_avg:297.44ms
step:2016/3242 train_loss:3.3813 train_time:596664ms step_avg:297.44ms
step:2017/3242 train_loss:3.6847 train_time:596959ms step_avg:297.44ms
step:2018/3242 train_loss:3.3670 train_time:597254ms step_avg:297.44ms
step:2019/3242 train_loss:3.6339 train_time:597549ms step_avg:297.44ms
step:2020/3242 train_loss:3.4080 train_time:597849ms step_avg:297.44ms
step:2021/3242 train_loss:3.1319 train_time:598140ms step_avg:297.43ms
step:2022/3242 train_loss:3.3951 train_time:598434ms step_avg:297.43ms
step:2023/3242 train_loss:3.3897 train_time:598731ms step_avg:297.43ms
step:2024/3242 train_loss:3.4695 train_time:599025ms step_avg:297.43ms
step:2025/3242 train_loss:3.5735 train_time:599319ms step_avg:297.43ms
step:2026/3242 train_loss:3.3914 train_time:599612ms step_avg:297.43ms
step:2027/3242 train_loss:2.8485 train_time:599907ms step_avg:297.43ms
step:2028/3242 train_loss:3.3498 train_time:600201ms step_avg:297.42ms
step:2029/3242 train_loss:3.5080 train_time:600502ms step_avg:297.43ms
step:2030/3242 train_loss:3.3856 train_time:600800ms step_avg:297.43ms
step:2031/3242 train_loss:3.4890 train_time:601089ms step_avg:297.42ms
step:2032/3242 train_loss:3.2742 train_time:601381ms step_avg:297.42ms
step:2033/3242 train_loss:3.5013 train_time:601676ms step_avg:297.42ms
step:2034/3242 train_loss:3.3101 train_time:601973ms step_avg:297.42ms
step:2035/3242 train_loss:3.4998 train_time:602265ms step_avg:297.41ms
step:2036/3242 train_loss:3.5116 train_time:602570ms step_avg:297.42ms
step:2037/3242 train_loss:3.5293 train_time:602857ms step_avg:297.41ms
step:2038/3242 train_loss:3.3193 train_time:603153ms step_avg:297.41ms
step:2039/3242 train_loss:3.6636 train_time:603445ms step_avg:297.41ms
step:2040/3242 train_loss:3.4892 train_time:603741ms step_avg:297.41ms
step:2041/3242 train_loss:3.5362 train_time:604036ms step_avg:297.41ms
step:2042/3242 train_loss:3.3535 train_time:604332ms step_avg:297.41ms
step:2043/3242 train_loss:3.4238 train_time:604627ms step_avg:297.41ms
step:2044/3242 train_loss:3.4980 train_time:604919ms step_avg:297.40ms
step:2045/3242 train_loss:3.4677 train_time:605214ms step_avg:297.40ms
step:2046/3242 train_loss:3.2129 train_time:605511ms step_avg:297.40ms
step:2047/3242 train_loss:3.2784 train_time:605806ms step_avg:297.40ms
step:2048/3242 train_loss:3.4513 train_time:606100ms step_avg:297.40ms
step:2049/3242 train_loss:3.3598 train_time:606400ms step_avg:297.40ms
step:2050/3242 train_loss:3.2873 train_time:606695ms step_avg:297.40ms
step:2051/3242 train_loss:3.5500 train_time:606991ms step_avg:297.40ms
step:2052/3242 train_loss:3.4808 train_time:607281ms step_avg:297.40ms
step:2053/3242 train_loss:3.4032 train_time:607576ms step_avg:297.39ms
step:2054/3242 train_loss:3.4199 train_time:607871ms step_avg:297.39ms
step:2055/3242 train_loss:3.4618 train_time:608165ms step_avg:297.39ms
step:2056/3242 train_loss:3.3781 train_time:608460ms step_avg:297.39ms
step:2057/3242 train_loss:3.7194 train_time:608761ms step_avg:297.39ms
step:2058/3242 train_loss:3.6469 train_time:609050ms step_avg:297.39ms
step:2059/3242 train_loss:3.4109 train_time:609351ms step_avg:297.39ms
step:2060/3242 train_loss:3.5551 train_time:609645ms step_avg:297.39ms
step:2061/3242 train_loss:3.5029 train_time:609934ms step_avg:297.38ms
step:2062/3242 train_loss:3.5143 train_time:610234ms step_avg:297.38ms
step:2063/3242 train_loss:3.4460 train_time:610528ms step_avg:297.38ms
step:2064/3242 train_loss:3.7462 train_time:610822ms step_avg:297.38ms
step:2065/3242 train_loss:3.4827 train_time:611113ms step_avg:297.38ms
step:2066/3242 train_loss:3.5625 train_time:611412ms step_avg:297.38ms
step:2067/3242 train_loss:3.3922 train_time:611705ms step_avg:297.38ms
step:2068/3242 train_loss:3.3305 train_time:611998ms step_avg:297.38ms
step:2069/3242 train_loss:3.3838 train_time:612293ms step_avg:297.37ms
step:2070/3242 train_loss:3.6449 train_time:612592ms step_avg:297.37ms
step:2071/3242 train_loss:3.6023 train_time:612884ms step_avg:297.37ms
step:2072/3242 train_loss:3.4959 train_time:613191ms step_avg:297.38ms
step:2073/3242 train_loss:3.4458 train_time:613482ms step_avg:297.37ms
step:2074/3242 train_loss:3.4586 train_time:613769ms step_avg:297.37ms
step:2075/3242 train_loss:3.4578 train_time:614063ms step_avg:297.37ms
step:2076/3242 train_loss:3.1962 train_time:614361ms step_avg:297.37ms
step:2077/3242 train_loss:3.5935 train_time:614654ms step_avg:297.37ms
step:2078/3242 train_loss:3.2754 train_time:614950ms step_avg:297.36ms
step:2079/3242 train_loss:3.2737 train_time:615246ms step_avg:297.36ms
step:2080/3242 train_loss:3.3476 train_time:615611ms step_avg:297.40ms
step:2081/3242 train_loss:3.4269 train_time:615908ms step_avg:297.40ms
step:2082/3242 train_loss:3.2939 train_time:616203ms step_avg:297.40ms
step:2083/3242 train_loss:3.5385 train_time:616498ms step_avg:297.39ms
step:2084/3242 train_loss:3.3401 train_time:616792ms step_avg:297.39ms
step:2085/3242 train_loss:3.2860 train_time:617087ms step_avg:297.39ms
step:2086/3242 train_loss:3.4608 train_time:617382ms step_avg:297.39ms
step:2087/3242 train_loss:3.5234 train_time:617675ms step_avg:297.39ms
step:2088/3242 train_loss:3.4482 train_time:617972ms step_avg:297.39ms
step:2089/3242 train_loss:3.7020 train_time:618265ms step_avg:297.39ms
step:2090/3242 train_loss:3.5443 train_time:618660ms step_avg:297.43ms
step:2091/3242 train_loss:3.5520 train_time:619256ms step_avg:297.58ms
step:2092/3242 train_loss:3.3269 train_time:619541ms step_avg:297.57ms
step:2093/3242 train_loss:3.4618 train_time:619836ms step_avg:297.57ms
step:2094/3242 train_loss:3.4141 train_time:620133ms step_avg:297.57ms
step:2095/3242 train_loss:2.9856 train_time:620429ms step_avg:297.57ms
step:2096/3242 train_loss:3.3769 train_time:620725ms step_avg:297.57ms
step:2097/3242 train_loss:3.5668 train_time:621014ms step_avg:297.56ms
step:2098/3242 train_loss:3.4074 train_time:621310ms step_avg:297.56ms
step:2099/3242 train_loss:3.2454 train_time:621606ms step_avg:297.56ms
step:2100/3242 train_loss:3.3766 train_time:621900ms step_avg:297.56ms
step:2101/3242 train_loss:3.3545 train_time:622192ms step_avg:297.56ms
step:2102/3242 train_loss:3.6001 train_time:622487ms step_avg:297.56ms
step:2103/3242 train_loss:3.3327 train_time:622783ms step_avg:297.56ms
step:2104/3242 train_loss:3.3837 train_time:623076ms step_avg:297.55ms
step:2105/3242 train_loss:3.6935 train_time:623370ms step_avg:297.55ms
step:2106/3242 train_loss:3.2138 train_time:623665ms step_avg:297.55ms
step:2107/3242 train_loss:3.7862 train_time:623961ms step_avg:297.55ms
step:2108/3242 train_loss:3.3386 train_time:624256ms step_avg:297.55ms
step:2109/3242 train_loss:3.4735 train_time:624551ms step_avg:297.55ms
step:2110/3242 train_loss:3.5710 train_time:624845ms step_avg:297.55ms
step:2111/3242 train_loss:3.2762 train_time:625141ms step_avg:297.54ms
step:2112/3242 train_loss:3.5928 train_time:625436ms step_avg:297.54ms
step:2113/3242 train_loss:3.5033 train_time:625730ms step_avg:297.54ms
step:2114/3242 train_loss:3.4794 train_time:626025ms step_avg:297.54ms
step:2115/3242 train_loss:3.3950 train_time:626319ms step_avg:297.54ms
step:2116/3242 train_loss:3.4857 train_time:626613ms step_avg:297.54ms
step:2117/3242 train_loss:3.3423 train_time:626908ms step_avg:297.54ms
step:2118/3242 train_loss:3.5094 train_time:627203ms step_avg:297.53ms
step:2119/3242 train_loss:3.4003 train_time:627497ms step_avg:297.53ms
step:2120/3242 train_loss:3.3864 train_time:627795ms step_avg:297.53ms
step:2121/3242 train_loss:3.2868 train_time:628089ms step_avg:297.53ms
step:2122/3242 train_loss:3.4353 train_time:628386ms step_avg:297.53ms
step:2123/3242 train_loss:3.5040 train_time:628680ms step_avg:297.53ms
step:2124/3242 train_loss:3.4130 train_time:628977ms step_avg:297.53ms
step:2125/3242 train_loss:3.4173 train_time:629270ms step_avg:297.53ms
step:2125/3242 val_loss:3.4310 train_time:629438ms step_avg:297.61ms
step:2126/3242 train_loss:3.3391 train_time:629567ms step_avg:297.53ms
step:2127/3242 train_loss:3.5378 train_time:629863ms step_avg:297.53ms
step:2128/3242 train_loss:3.4522 train_time:630157ms step_avg:297.52ms
step:2129/3242 train_loss:3.4953 train_time:630449ms step_avg:297.52ms
step:2130/3242 train_loss:3.3601 train_time:630746ms step_avg:297.52ms
step:2131/3242 train_loss:3.3225 train_time:631040ms step_avg:297.52ms
step:2132/3242 train_loss:3.5909 train_time:631338ms step_avg:297.52ms
step:2133/3242 train_loss:3.4978 train_time:631631ms step_avg:297.52ms
step:2134/3242 train_loss:3.2723 train_time:631926ms step_avg:297.52ms
step:2135/3242 train_loss:3.4478 train_time:632221ms step_avg:297.52ms
step:2136/3242 train_loss:3.3917 train_time:632517ms step_avg:297.51ms
step:2137/3242 train_loss:3.5855 train_time:632821ms step_avg:297.52ms
step:2138/3242 train_loss:3.3128 train_time:633116ms step_avg:297.52ms
step:2139/3242 train_loss:3.3900 train_time:633409ms step_avg:297.51ms
step:2140/3242 train_loss:3.4940 train_time:633705ms step_avg:297.51ms
step:2141/3242 train_loss:3.6983 train_time:634000ms step_avg:297.51ms
step:2142/3242 train_loss:4.1970 train_time:634294ms step_avg:297.51ms
step:2143/3242 train_loss:3.4134 train_time:634588ms step_avg:297.51ms
step:2144/3242 train_loss:3.2181 train_time:634883ms step_avg:297.51ms
step:2145/3242 train_loss:3.4672 train_time:635178ms step_avg:297.51ms
step:2146/3242 train_loss:3.6272 train_time:635473ms step_avg:297.51ms
step:2147/3242 train_loss:3.4495 train_time:635754ms step_avg:297.50ms
step:2148/3242 train_loss:3.3814 train_time:636048ms step_avg:297.50ms
step:2149/3242 train_loss:3.4249 train_time:636343ms step_avg:297.50ms
step:2150/3242 train_loss:3.3260 train_time:636639ms step_avg:297.49ms
step:2151/3242 train_loss:3.4104 train_time:636933ms step_avg:297.49ms
step:2152/3242 train_loss:3.5299 train_time:637228ms step_avg:297.49ms
step:2153/3242 train_loss:3.4123 train_time:637523ms step_avg:297.49ms
step:2154/3242 train_loss:3.4093 train_time:637818ms step_avg:297.49ms
step:2155/3242 train_loss:3.3575 train_time:638112ms step_avg:297.49ms
step:2156/3242 train_loss:3.2479 train_time:638407ms step_avg:297.49ms
step:2157/3242 train_loss:3.4105 train_time:638704ms step_avg:297.49ms
step:2158/3242 train_loss:3.4689 train_time:638999ms step_avg:297.49ms
step:2159/3242 train_loss:3.4557 train_time:639296ms step_avg:297.49ms
step:2160/3242 train_loss:3.5687 train_time:639592ms step_avg:297.48ms
step:2161/3242 train_loss:3.4502 train_time:639888ms step_avg:297.48ms
step:2162/3242 train_loss:3.3921 train_time:640178ms step_avg:297.48ms
step:2163/3242 train_loss:3.4306 train_time:640473ms step_avg:297.48ms
step:2164/3242 train_loss:3.4788 train_time:640768ms step_avg:297.48ms
step:2165/3242 train_loss:3.4337 train_time:641062ms step_avg:297.48ms
step:2166/3242 train_loss:3.4419 train_time:641357ms step_avg:297.48ms
step:2167/3242 train_loss:3.3884 train_time:641659ms step_avg:297.48ms
step:2168/3242 train_loss:3.2992 train_time:641948ms step_avg:297.47ms
step:2169/3242 train_loss:3.3367 train_time:642243ms step_avg:297.47ms
step:2170/3242 train_loss:3.3857 train_time:642538ms step_avg:297.47ms
step:2171/3242 train_loss:3.5676 train_time:642832ms step_avg:297.47ms
step:2172/3242 train_loss:3.4960 train_time:643127ms step_avg:297.47ms
step:2173/3242 train_loss:3.3369 train_time:643422ms step_avg:297.47ms
step:2174/3242 train_loss:3.4179 train_time:643717ms step_avg:297.47ms
step:2175/3242 train_loss:3.3419 train_time:644012ms step_avg:297.47ms
step:2176/3242 train_loss:3.4109 train_time:644307ms step_avg:297.46ms
step:2177/3242 train_loss:3.2840 train_time:644602ms step_avg:297.46ms
step:2178/3242 train_loss:3.5462 train_time:644897ms step_avg:297.46ms
step:2179/3242 train_loss:3.4261 train_time:645191ms step_avg:297.46ms
step:2180/3242 train_loss:3.3074 train_time:645488ms step_avg:297.46ms
step:2181/3242 train_loss:3.5721 train_time:645781ms step_avg:297.46ms
step:2182/3242 train_loss:3.4360 train_time:646075ms step_avg:297.46ms
step:2183/3242 train_loss:3.4204 train_time:646372ms step_avg:297.46ms
step:2184/3242 train_loss:3.3364 train_time:646665ms step_avg:297.45ms
step:2185/3242 train_loss:3.3046 train_time:646960ms step_avg:297.45ms
step:2186/3242 train_loss:3.3967 train_time:647255ms step_avg:297.45ms
step:2187/3242 train_loss:3.3399 train_time:647549ms step_avg:297.45ms
step:2188/3242 train_loss:3.2599 train_time:647844ms step_avg:297.45ms
step:2189/3242 train_loss:3.3484 train_time:648138ms step_avg:297.45ms
step:2190/3242 train_loss:3.3227 train_time:648433ms step_avg:297.45ms
step:2191/3242 train_loss:3.4602 train_time:648728ms step_avg:297.45ms
step:2192/3242 train_loss:3.4168 train_time:649024ms step_avg:297.44ms
step:2193/3242 train_loss:3.7540 train_time:649320ms step_avg:297.44ms
step:2194/3242 train_loss:3.4170 train_time:649614ms step_avg:297.44ms
step:2195/3242 train_loss:3.5219 train_time:649909ms step_avg:297.44ms
step:2196/3242 train_loss:3.5687 train_time:650211ms step_avg:297.44ms
step:2197/3242 train_loss:3.3366 train_time:650506ms step_avg:297.44ms
step:2198/3242 train_loss:3.4691 train_time:650800ms step_avg:297.44ms
step:2199/3242 train_loss:3.3264 train_time:651086ms step_avg:297.44ms
step:2200/3242 train_loss:3.3147 train_time:651390ms step_avg:297.44ms
step:2201/3242 train_loss:3.4136 train_time:651678ms step_avg:297.43ms
step:2202/3242 train_loss:3.3815 train_time:651973ms step_avg:297.43ms
step:2203/3242 train_loss:3.4184 train_time:652268ms step_avg:297.43ms
step:2204/3242 train_loss:4.3225 train_time:652564ms step_avg:297.43ms
step:2205/3242 train_loss:3.4849 train_time:652855ms step_avg:297.43ms
step:2206/3242 train_loss:3.3496 train_time:653153ms step_avg:297.43ms
step:2207/3242 train_loss:3.3904 train_time:653447ms step_avg:297.43ms
step:2208/3242 train_loss:3.5237 train_time:653739ms step_avg:297.42ms
step:2209/3242 train_loss:3.2539 train_time:654035ms step_avg:297.42ms
step:2210/3242 train_loss:3.3906 train_time:654329ms step_avg:297.42ms
step:2211/3242 train_loss:3.3669 train_time:654639ms step_avg:297.43ms
step:2212/3242 train_loss:3.4401 train_time:654935ms step_avg:297.43ms
step:2213/3242 train_loss:3.4541 train_time:655216ms step_avg:297.42ms
step:2214/3242 train_loss:3.3615 train_time:655516ms step_avg:297.42ms
step:2215/3242 train_loss:3.4445 train_time:655811ms step_avg:297.42ms
step:2216/3242 train_loss:3.6190 train_time:656104ms step_avg:297.42ms
step:2217/3242 train_loss:3.4454 train_time:656396ms step_avg:297.42ms
step:2218/3242 train_loss:3.2911 train_time:656693ms step_avg:297.42ms
step:2219/3242 train_loss:3.3842 train_time:656988ms step_avg:297.41ms
step:2220/3242 train_loss:3.2358 train_time:657282ms step_avg:297.41ms
step:2221/3242 train_loss:3.6743 train_time:657577ms step_avg:297.41ms
step:2222/3242 train_loss:3.5279 train_time:657872ms step_avg:297.41ms
step:2223/3242 train_loss:3.7183 train_time:658169ms step_avg:297.41ms
step:2224/3242 train_loss:3.2783 train_time:658460ms step_avg:297.41ms
step:2225/3242 train_loss:3.3824 train_time:658755ms step_avg:297.41ms
step:2226/3242 train_loss:3.2857 train_time:659050ms step_avg:297.41ms
step:2227/3242 train_loss:3.6398 train_time:659344ms step_avg:297.40ms
step:2228/3242 train_loss:3.5864 train_time:659640ms step_avg:297.40ms
step:2229/3242 train_loss:3.2106 train_time:659935ms step_avg:297.40ms
step:2230/3242 train_loss:3.6709 train_time:660230ms step_avg:297.40ms
step:2231/3242 train_loss:3.3545 train_time:660525ms step_avg:297.40ms
step:2232/3242 train_loss:3.3573 train_time:660822ms step_avg:297.40ms
step:2233/3242 train_loss:3.5036 train_time:661116ms step_avg:297.40ms
step:2234/3242 train_loss:3.6142 train_time:661413ms step_avg:297.40ms
step:2235/3242 train_loss:3.4483 train_time:661708ms step_avg:297.40ms
step:2236/3242 train_loss:3.3361 train_time:662003ms step_avg:297.40ms
step:2237/3242 train_loss:3.1397 train_time:662301ms step_avg:297.40ms
step:2238/3242 train_loss:3.4217 train_time:662604ms step_avg:297.40ms
step:2239/3242 train_loss:3.4547 train_time:662897ms step_avg:297.40ms
step:2240/3242 train_loss:3.2349 train_time:663185ms step_avg:297.39ms
step:2241/3242 train_loss:3.3162 train_time:663477ms step_avg:297.39ms
step:2242/3242 train_loss:3.3921 train_time:663771ms step_avg:297.39ms
step:2243/3242 train_loss:3.4505 train_time:664070ms step_avg:297.39ms
step:2244/3242 train_loss:3.2326 train_time:664364ms step_avg:297.39ms
step:2245/3242 train_loss:3.5056 train_time:664659ms step_avg:297.39ms
step:2246/3242 train_loss:3.5005 train_time:664950ms step_avg:297.38ms
step:2247/3242 train_loss:3.1729 train_time:665245ms step_avg:297.38ms
step:2248/3242 train_loss:3.2149 train_time:665539ms step_avg:297.38ms
step:2249/3242 train_loss:3.5693 train_time:665835ms step_avg:297.38ms
step:2250/3242 train_loss:3.4833 train_time:666130ms step_avg:297.38ms
step:2250/3242 val_loss:3.4211 train_time:666301ms step_avg:297.46ms
step:2251/3242 train_loss:3.3545 train_time:666432ms step_avg:297.38ms
step:2252/3242 train_loss:3.3599 train_time:666724ms step_avg:297.38ms
step:2253/3242 train_loss:3.4191 train_time:667017ms step_avg:297.38ms
step:2254/3242 train_loss:3.4473 train_time:667318ms step_avg:297.38ms
step:2255/3242 train_loss:3.5044 train_time:667609ms step_avg:297.38ms
step:2256/3242 train_loss:3.3582 train_time:667903ms step_avg:297.37ms
step:2257/3242 train_loss:3.5466 train_time:668199ms step_avg:297.37ms
step:2258/3242 train_loss:3.4238 train_time:668493ms step_avg:297.37ms
step:2259/3242 train_loss:4.2298 train_time:668787ms step_avg:297.37ms
step:2260/3242 train_loss:3.3824 train_time:669083ms step_avg:297.37ms
step:2261/3242 train_loss:3.4394 train_time:669382ms step_avg:297.37ms
step:2262/3242 train_loss:3.4339 train_time:669675ms step_avg:297.37ms
step:2263/3242 train_loss:3.2999 train_time:669970ms step_avg:297.37ms
step:2264/3242 train_loss:3.4461 train_time:670263ms step_avg:297.37ms
step:2265/3242 train_loss:3.2853 train_time:670558ms step_avg:297.37ms
step:2266/3242 train_loss:3.6181 train_time:670854ms step_avg:297.36ms
step:2267/3242 train_loss:3.2163 train_time:671148ms step_avg:297.36ms
step:2268/3242 train_loss:3.3106 train_time:671442ms step_avg:297.36ms
step:2269/3242 train_loss:3.2298 train_time:671774ms step_avg:297.38ms
step:2270/3242 train_loss:3.3749 train_time:672068ms step_avg:297.38ms
step:2271/3242 train_loss:3.8931 train_time:672367ms step_avg:297.38ms
step:2272/3242 train_loss:3.4899 train_time:672659ms step_avg:297.37ms
step:2273/3242 train_loss:3.4974 train_time:672955ms step_avg:297.37ms
step:2274/3242 train_loss:3.4003 train_time:673250ms step_avg:297.37ms
step:2275/3242 train_loss:3.3354 train_time:673545ms step_avg:297.37ms
step:2276/3242 train_loss:3.3672 train_time:673841ms step_avg:297.37ms
step:2277/3242 train_loss:3.2208 train_time:674136ms step_avg:297.37ms
step:2278/3242 train_loss:3.2997 train_time:674426ms step_avg:297.37ms
step:2279/3242 train_loss:3.7089 train_time:674722ms step_avg:297.37ms
step:2280/3242 train_loss:3.2770 train_time:675341ms step_avg:297.51ms
step:2281/3242 train_loss:3.4558 train_time:675645ms step_avg:297.51ms
step:2282/3242 train_loss:3.2760 train_time:675935ms step_avg:297.51ms
step:2283/3242 train_loss:3.4001 train_time:676231ms step_avg:297.51ms
step:2284/3242 train_loss:3.3267 train_time:676526ms step_avg:297.50ms
step:2285/3242 train_loss:3.4693 train_time:676820ms step_avg:297.50ms
step:2286/3242 train_loss:3.4460 train_time:677113ms step_avg:297.50ms
step:2287/3242 train_loss:3.2624 train_time:677408ms step_avg:297.50ms
step:2288/3242 train_loss:3.4486 train_time:677699ms step_avg:297.50ms
step:2289/3242 train_loss:3.4542 train_time:677998ms step_avg:297.50ms
step:2290/3242 train_loss:3.6441 train_time:678294ms step_avg:297.50ms
step:2291/3242 train_loss:3.2581 train_time:678588ms step_avg:297.50ms
step:2292/3242 train_loss:4.0688 train_time:678885ms step_avg:297.50ms
step:2293/3242 train_loss:3.3762 train_time:679178ms step_avg:297.49ms
step:2294/3242 train_loss:3.2940 train_time:679473ms step_avg:297.49ms
step:2295/3242 train_loss:3.4604 train_time:679767ms step_avg:297.49ms
step:2296/3242 train_loss:3.3817 train_time:680060ms step_avg:297.49ms
step:2297/3242 train_loss:3.4378 train_time:680355ms step_avg:297.49ms
step:2298/3242 train_loss:3.8614 train_time:680649ms step_avg:297.49ms
step:2299/3242 train_loss:3.4556 train_time:680945ms step_avg:297.49ms
step:2300/3242 train_loss:3.2306 train_time:681239ms step_avg:297.48ms
step:2301/3242 train_loss:3.6426 train_time:681536ms step_avg:297.48ms
step:2302/3242 train_loss:3.2667 train_time:681829ms step_avg:297.48ms
step:2303/3242 train_loss:3.4328 train_time:682125ms step_avg:297.48ms
step:2304/3242 train_loss:3.3852 train_time:682421ms step_avg:297.48ms
step:2305/3242 train_loss:3.3191 train_time:682717ms step_avg:297.48ms
step:2306/3242 train_loss:3.6273 train_time:683008ms step_avg:297.48ms
step:2307/3242 train_loss:3.2512 train_time:683304ms step_avg:297.48ms
step:2308/3242 train_loss:3.4738 train_time:683599ms step_avg:297.48ms
step:2309/3242 train_loss:3.4344 train_time:683893ms step_avg:297.47ms
step:2310/3242 train_loss:3.5639 train_time:684186ms step_avg:297.47ms
step:2311/3242 train_loss:3.2612 train_time:684483ms step_avg:297.47ms
step:2312/3242 train_loss:3.4540 train_time:684779ms step_avg:297.47ms
step:2313/3242 train_loss:3.5098 train_time:685074ms step_avg:297.47ms
step:2314/3242 train_loss:3.4606 train_time:685369ms step_avg:297.47ms
step:2315/3242 train_loss:3.3227 train_time:685663ms step_avg:297.47ms
step:2316/3242 train_loss:3.4120 train_time:685961ms step_avg:297.47ms
step:2317/3242 train_loss:3.2562 train_time:686252ms step_avg:297.47ms
step:2318/3242 train_loss:3.4483 train_time:686546ms step_avg:297.46ms
step:2319/3242 train_loss:3.3869 train_time:686839ms step_avg:297.46ms
step:2320/3242 train_loss:3.0833 train_time:687133ms step_avg:297.46ms
step:2321/3242 train_loss:3.3558 train_time:687427ms step_avg:297.46ms
step:2322/3242 train_loss:3.5011 train_time:687724ms step_avg:297.46ms
step:2323/3242 train_loss:3.4022 train_time:688017ms step_avg:297.46ms
step:2324/3242 train_loss:3.4401 train_time:688311ms step_avg:297.46ms
step:2325/3242 train_loss:3.4459 train_time:688607ms step_avg:297.45ms
step:2326/3242 train_loss:3.5383 train_time:688901ms step_avg:297.45ms
step:2327/3242 train_loss:3.5322 train_time:689197ms step_avg:297.45ms
step:2328/3242 train_loss:3.2511 train_time:689491ms step_avg:297.45ms
step:2329/3242 train_loss:3.3488 train_time:689786ms step_avg:297.45ms
step:2330/3242 train_loss:3.3454 train_time:690081ms step_avg:297.45ms
step:2331/3242 train_loss:3.2964 train_time:690376ms step_avg:297.45ms
step:2332/3242 train_loss:3.1028 train_time:690671ms step_avg:297.45ms
step:2333/3242 train_loss:3.4006 train_time:690967ms step_avg:297.45ms
step:2334/3242 train_loss:3.3906 train_time:691261ms step_avg:297.44ms
step:2335/3242 train_loss:3.4789 train_time:691555ms step_avg:297.44ms
step:2336/3242 train_loss:3.2670 train_time:691850ms step_avg:297.44ms
step:2337/3242 train_loss:3.4355 train_time:692144ms step_avg:297.44ms
step:2338/3242 train_loss:3.3899 train_time:692438ms step_avg:297.44ms
step:2339/3242 train_loss:3.3137 train_time:692734ms step_avg:297.44ms
step:2340/3242 train_loss:3.5236 train_time:693028ms step_avg:297.44ms
step:2341/3242 train_loss:3.4250 train_time:693322ms step_avg:297.44ms
step:2342/3242 train_loss:3.3726 train_time:693620ms step_avg:297.44ms
step:2343/3242 train_loss:3.3815 train_time:693914ms step_avg:297.43ms
step:2344/3242 train_loss:3.4769 train_time:694207ms step_avg:297.43ms
step:2345/3242 train_loss:3.3776 train_time:694508ms step_avg:297.43ms
step:2346/3242 train_loss:3.4480 train_time:694800ms step_avg:297.43ms
step:2347/3242 train_loss:3.4503 train_time:695095ms step_avg:297.43ms
step:2348/3242 train_loss:3.4150 train_time:695394ms step_avg:297.43ms
step:2349/3242 train_loss:3.4586 train_time:695687ms step_avg:297.43ms
step:2350/3242 train_loss:3.2472 train_time:695984ms step_avg:297.43ms
step:2351/3242 train_loss:3.2304 train_time:696277ms step_avg:297.43ms
step:2352/3242 train_loss:3.3740 train_time:696571ms step_avg:297.43ms
step:2353/3242 train_loss:3.3986 train_time:696866ms step_avg:297.42ms
step:2354/3242 train_loss:3.4900 train_time:697162ms step_avg:297.42ms
step:2355/3242 train_loss:3.3743 train_time:697457ms step_avg:297.42ms
step:2356/3242 train_loss:3.2204 train_time:697753ms step_avg:297.42ms
step:2357/3242 train_loss:3.5444 train_time:698048ms step_avg:297.42ms
step:2358/3242 train_loss:3.2204 train_time:698342ms step_avg:297.42ms
step:2359/3242 train_loss:3.3155 train_time:698647ms step_avg:297.42ms
step:2360/3242 train_loss:3.2554 train_time:698942ms step_avg:297.42ms
step:2361/3242 train_loss:3.2543 train_time:699245ms step_avg:297.42ms
step:2362/3242 train_loss:3.3705 train_time:699522ms step_avg:297.42ms
step:2363/3242 train_loss:3.2312 train_time:699816ms step_avg:297.41ms
step:2364/3242 train_loss:3.4034 train_time:700111ms step_avg:297.41ms
step:2365/3242 train_loss:3.3488 train_time:700410ms step_avg:297.41ms
step:2366/3242 train_loss:3.4038 train_time:700704ms step_avg:297.41ms
step:2367/3242 train_loss:3.4787 train_time:700999ms step_avg:297.41ms
step:2368/3242 train_loss:3.3845 train_time:701294ms step_avg:297.41ms
step:2369/3242 train_loss:3.4042 train_time:701584ms step_avg:297.41ms
step:2370/3242 train_loss:3.5012 train_time:701882ms step_avg:297.41ms
step:2371/3242 train_loss:3.3148 train_time:702178ms step_avg:297.41ms
step:2372/3242 train_loss:3.5562 train_time:702469ms step_avg:297.40ms
step:2373/3242 train_loss:3.3735 train_time:702774ms step_avg:297.41ms
step:2374/3242 train_loss:4.0819 train_time:703068ms step_avg:297.41ms
step:2375/3242 train_loss:3.3519 train_time:703362ms step_avg:297.40ms
step:2375/3242 val_loss:3.4083 train_time:703523ms step_avg:297.47ms
step:2376/3242 train_loss:3.2817 train_time:703654ms step_avg:297.40ms
step:2377/3242 train_loss:3.6131 train_time:703945ms step_avg:297.40ms
step:2378/3242 train_loss:3.5144 train_time:704241ms step_avg:297.40ms
step:2379/3242 train_loss:3.5279 train_time:704550ms step_avg:297.40ms
step:2380/3242 train_loss:3.4438 train_time:704846ms step_avg:297.40ms
step:2381/3242 train_loss:3.3076 train_time:705141ms step_avg:297.40ms
step:2382/3242 train_loss:3.4710 train_time:705436ms step_avg:297.40ms
step:2383/3242 train_loss:3.4966 train_time:705715ms step_avg:297.39ms
step:2384/3242 train_loss:3.3417 train_time:706010ms step_avg:297.39ms
step:2385/3242 train_loss:3.2933 train_time:706305ms step_avg:297.39ms
step:2386/3242 train_loss:3.4710 train_time:706601ms step_avg:297.39ms
step:2387/3242 train_loss:3.4667 train_time:706895ms step_avg:297.39ms
step:2388/3242 train_loss:3.5137 train_time:707189ms step_avg:297.39ms
step:2389/3242 train_loss:3.4326 train_time:707484ms step_avg:297.39ms
step:2390/3242 train_loss:3.5113 train_time:707779ms step_avg:297.39ms
step:2391/3242 train_loss:3.3281 train_time:708075ms step_avg:297.39ms
step:2392/3242 train_loss:3.2995 train_time:708372ms step_avg:297.39ms
step:2393/3242 train_loss:3.5510 train_time:708664ms step_avg:297.38ms
step:2394/3242 train_loss:3.3020 train_time:708959ms step_avg:297.38ms
step:2395/3242 train_loss:3.5265 train_time:709254ms step_avg:297.38ms
step:2396/3242 train_loss:3.5675 train_time:709553ms step_avg:297.38ms
step:2397/3242 train_loss:3.7279 train_time:709844ms step_avg:297.38ms
step:2398/3242 train_loss:3.6738 train_time:710139ms step_avg:297.38ms
step:2399/3242 train_loss:3.4623 train_time:710432ms step_avg:297.38ms
step:2400/3242 train_loss:3.2990 train_time:710729ms step_avg:297.38ms
step:2401/3242 train_loss:3.3393 train_time:711023ms step_avg:297.37ms
step:2402/3242 train_loss:3.5149 train_time:711318ms step_avg:297.37ms
step:2403/3242 train_loss:3.3142 train_time:711612ms step_avg:297.37ms
step:2404/3242 train_loss:3.3759 train_time:711908ms step_avg:297.37ms
step:2405/3242 train_loss:3.6915 train_time:712209ms step_avg:297.37ms
step:2406/3242 train_loss:3.3449 train_time:712497ms step_avg:297.37ms
step:2407/3242 train_loss:3.4941 train_time:712792ms step_avg:297.37ms
step:2408/3242 train_loss:3.3792 train_time:713089ms step_avg:297.37ms
step:2409/3242 train_loss:3.4130 train_time:713382ms step_avg:297.37ms
step:2410/3242 train_loss:3.4987 train_time:713678ms step_avg:297.37ms
step:2411/3242 train_loss:3.3446 train_time:713972ms step_avg:297.36ms
step:2412/3242 train_loss:3.5161 train_time:714277ms step_avg:297.37ms
step:2413/3242 train_loss:3.4959 train_time:714561ms step_avg:297.36ms
step:2414/3242 train_loss:3.3655 train_time:714856ms step_avg:297.36ms
step:2415/3242 train_loss:3.3356 train_time:715151ms step_avg:297.36ms
step:2416/3242 train_loss:3.4867 train_time:715461ms step_avg:297.37ms
step:2417/3242 train_loss:3.3024 train_time:715755ms step_avg:297.36ms
step:2418/3242 train_loss:3.2139 train_time:716050ms step_avg:297.36ms
step:2419/3242 train_loss:3.5697 train_time:716345ms step_avg:297.36ms
step:2420/3242 train_loss:3.3904 train_time:716645ms step_avg:297.36ms
step:2421/3242 train_loss:3.3864 train_time:716938ms step_avg:297.36ms
step:2422/3242 train_loss:3.4071 train_time:717233ms step_avg:297.36ms
step:2423/3242 train_loss:3.6083 train_time:717525ms step_avg:297.36ms
step:2424/3242 train_loss:3.4113 train_time:717808ms step_avg:297.35ms
step:2425/3242 train_loss:3.6539 train_time:718104ms step_avg:297.35ms
step:2426/3242 train_loss:3.5200 train_time:718406ms step_avg:297.35ms
step:2427/3242 train_loss:3.4052 train_time:718695ms step_avg:297.35ms
step:2428/3242 train_loss:3.4092 train_time:718989ms step_avg:297.35ms
step:2429/3242 train_loss:3.4124 train_time:719284ms step_avg:297.35ms
step:2430/3242 train_loss:3.4223 train_time:719583ms step_avg:297.35ms
step:2431/3242 train_loss:3.3966 train_time:719874ms step_avg:297.35ms
step:2432/3242 train_loss:3.3998 train_time:720169ms step_avg:297.34ms
step:2433/3242 train_loss:3.4405 train_time:720465ms step_avg:297.34ms
step:2434/3242 train_loss:3.2673 train_time:720760ms step_avg:297.34ms
step:2435/3242 train_loss:3.2308 train_time:721055ms step_avg:297.34ms
step:2436/3242 train_loss:3.4384 train_time:721351ms step_avg:297.34ms
step:2437/3242 train_loss:3.2009 train_time:721643ms step_avg:297.34ms
step:2438/3242 train_loss:3.3774 train_time:721937ms step_avg:297.34ms
step:2439/3242 train_loss:3.4861 train_time:722233ms step_avg:297.34ms
step:2440/3242 train_loss:3.5021 train_time:722535ms step_avg:297.34ms
step:2441/3242 train_loss:3.3764 train_time:722828ms step_avg:297.34ms
step:2442/3242 train_loss:3.3530 train_time:723124ms step_avg:297.34ms
step:2443/3242 train_loss:3.4909 train_time:723413ms step_avg:297.33ms
step:2444/3242 train_loss:3.2699 train_time:723708ms step_avg:297.33ms
step:2445/3242 train_loss:3.3716 train_time:724003ms step_avg:297.33ms
step:2446/3242 train_loss:3.3720 train_time:724298ms step_avg:297.33ms
step:2447/3242 train_loss:3.3745 train_time:724592ms step_avg:297.33ms
step:2448/3242 train_loss:3.3782 train_time:724886ms step_avg:297.33ms
step:2449/3242 train_loss:3.6872 train_time:725184ms step_avg:297.33ms
step:2450/3242 train_loss:3.4338 train_time:725477ms step_avg:297.33ms
step:2451/3242 train_loss:3.3509 train_time:725771ms step_avg:297.33ms
step:2452/3242 train_loss:3.2965 train_time:726066ms step_avg:297.32ms
step:2453/3242 train_loss:3.6807 train_time:726360ms step_avg:297.32ms
step:2454/3242 train_loss:3.3417 train_time:726657ms step_avg:297.32ms
step:2455/3242 train_loss:3.5168 train_time:726950ms step_avg:297.32ms
step:2456/3242 train_loss:3.4663 train_time:727246ms step_avg:297.32ms
step:2457/3242 train_loss:3.3961 train_time:727541ms step_avg:297.32ms
step:2458/3242 train_loss:3.1926 train_time:727958ms step_avg:297.37ms
step:2459/3242 train_loss:3.3870 train_time:728254ms step_avg:297.37ms
step:2460/3242 train_loss:3.3643 train_time:728549ms step_avg:297.37ms
step:2461/3242 train_loss:3.4529 train_time:728841ms step_avg:297.36ms
step:2462/3242 train_loss:3.2704 train_time:729136ms step_avg:297.36ms
step:2463/3242 train_loss:3.6164 train_time:729431ms step_avg:297.36ms
step:2464/3242 train_loss:3.4010 train_time:729725ms step_avg:297.36ms
step:2465/3242 train_loss:3.5147 train_time:730020ms step_avg:297.36ms
step:2466/3242 train_loss:3.5742 train_time:730317ms step_avg:297.36ms
step:2467/3242 train_loss:3.3953 train_time:730612ms step_avg:297.36ms
step:2468/3242 train_loss:3.3276 train_time:730906ms step_avg:297.36ms
step:2469/3242 train_loss:3.4039 train_time:731201ms step_avg:297.36ms
step:2470/3242 train_loss:3.4183 train_time:731616ms step_avg:297.41ms
step:2471/3242 train_loss:3.3854 train_time:732185ms step_avg:297.52ms
step:2472/3242 train_loss:3.3589 train_time:732478ms step_avg:297.51ms
step:2473/3242 train_loss:3.4145 train_time:732774ms step_avg:297.51ms
step:2474/3242 train_loss:3.4989 train_time:733068ms step_avg:297.51ms
step:2475/3242 train_loss:3.9423 train_time:733364ms step_avg:297.51ms
step:2476/3242 train_loss:3.2933 train_time:733657ms step_avg:297.51ms
step:2477/3242 train_loss:3.6097 train_time:733953ms step_avg:297.51ms
step:2478/3242 train_loss:3.5560 train_time:734248ms step_avg:297.51ms
step:2479/3242 train_loss:3.2505 train_time:734543ms step_avg:297.51ms
step:2480/3242 train_loss:3.2205 train_time:734842ms step_avg:297.51ms
step:2481/3242 train_loss:3.4302 train_time:735141ms step_avg:297.51ms
step:2482/3242 train_loss:3.3783 train_time:735433ms step_avg:297.51ms
step:2483/3242 train_loss:3.2943 train_time:735742ms step_avg:297.51ms
step:2484/3242 train_loss:3.3695 train_time:736036ms step_avg:297.51ms
step:2485/3242 train_loss:3.4267 train_time:736331ms step_avg:297.51ms
step:2486/3242 train_loss:3.1300 train_time:736625ms step_avg:297.51ms
step:2487/3242 train_loss:3.4888 train_time:736920ms step_avg:297.50ms
step:2488/3242 train_loss:3.2856 train_time:737215ms step_avg:297.50ms
step:2489/3242 train_loss:3.2610 train_time:737512ms step_avg:297.50ms
step:2490/3242 train_loss:3.4346 train_time:737807ms step_avg:297.50ms
step:2491/3242 train_loss:3.4606 train_time:738102ms step_avg:297.50ms
step:2492/3242 train_loss:3.7017 train_time:738398ms step_avg:297.50ms
step:2493/3242 train_loss:3.4077 train_time:738692ms step_avg:297.50ms
step:2494/3242 train_loss:3.2739 train_time:738985ms step_avg:297.50ms
step:2495/3242 train_loss:3.5192 train_time:739281ms step_avg:297.50ms
step:2496/3242 train_loss:3.5362 train_time:739576ms step_avg:297.50ms
step:2497/3242 train_loss:3.3465 train_time:739870ms step_avg:297.50ms
step:2498/3242 train_loss:3.4076 train_time:740166ms step_avg:297.49ms
step:2499/3242 train_loss:3.4276 train_time:740459ms step_avg:297.49ms
step:2500/3242 train_loss:3.5043 train_time:740755ms step_avg:297.49ms
step:2500/3242 val_loss:3.3849 train_time:740910ms step_avg:297.55ms
step:2501/3242 train_loss:3.5354 train_time:741050ms step_avg:297.49ms
step:2502/3242 train_loss:3.4724 train_time:741344ms step_avg:297.49ms
step:2503/3242 train_loss:3.5036 train_time:741640ms step_avg:297.49ms
step:2504/3242 train_loss:3.2529 train_time:741932ms step_avg:297.49ms
step:2505/3242 train_loss:3.4997 train_time:742229ms step_avg:297.49ms
step:2506/3242 train_loss:3.4481 train_time:742521ms step_avg:297.48ms
step:2507/3242 train_loss:3.3156 train_time:742816ms step_avg:297.48ms
step:2508/3242 train_loss:3.2579 train_time:743113ms step_avg:297.48ms
step:2509/3242 train_loss:3.3854 train_time:743401ms step_avg:297.48ms
step:2510/3242 train_loss:3.4430 train_time:743696ms step_avg:297.48ms
step:2511/3242 train_loss:3.3610 train_time:743991ms step_avg:297.48ms
step:2512/3242 train_loss:3.5098 train_time:744293ms step_avg:297.48ms
step:2513/3242 train_loss:3.4608 train_time:744581ms step_avg:297.48ms
step:2514/3242 train_loss:3.4081 train_time:744876ms step_avg:297.47ms
step:2515/3242 train_loss:3.4215 train_time:745171ms step_avg:297.47ms
step:2516/3242 train_loss:3.4287 train_time:745459ms step_avg:297.47ms
step:2517/3242 train_loss:3.3941 train_time:745755ms step_avg:297.47ms
step:2518/3242 train_loss:3.2547 train_time:746049ms step_avg:297.47ms
step:2519/3242 train_loss:3.3625 train_time:746345ms step_avg:297.47ms
step:2520/3242 train_loss:3.4347 train_time:746639ms step_avg:297.47ms
step:2521/3242 train_loss:3.4878 train_time:746934ms step_avg:297.46ms
step:2522/3242 train_loss:3.3348 train_time:747228ms step_avg:297.46ms
step:2523/3242 train_loss:3.1354 train_time:747523ms step_avg:297.46ms
step:2524/3242 train_loss:3.3757 train_time:747819ms step_avg:297.46ms
step:2525/3242 train_loss:3.2632 train_time:748113ms step_avg:297.46ms
step:2526/3242 train_loss:3.5185 train_time:748407ms step_avg:297.46ms
step:2527/3242 train_loss:3.2915 train_time:748702ms step_avg:297.46ms
step:2528/3242 train_loss:3.4104 train_time:749003ms step_avg:297.46ms
step:2529/3242 train_loss:3.3256 train_time:749300ms step_avg:297.46ms
step:2530/3242 train_loss:3.4517 train_time:749595ms step_avg:297.46ms
step:2531/3242 train_loss:3.4662 train_time:749890ms step_avg:297.46ms
step:2532/3242 train_loss:3.3053 train_time:750181ms step_avg:297.45ms
step:2533/3242 train_loss:3.4900 train_time:750474ms step_avg:297.45ms
step:2534/3242 train_loss:3.3431 train_time:750768ms step_avg:297.45ms
step:2535/3242 train_loss:3.2786 train_time:751064ms step_avg:297.45ms
step:2536/3242 train_loss:3.4464 train_time:751358ms step_avg:297.45ms
step:2537/3242 train_loss:3.4404 train_time:751653ms step_avg:297.45ms
step:2538/3242 train_loss:3.2715 train_time:751948ms step_avg:297.45ms
step:2539/3242 train_loss:3.6981 train_time:752258ms step_avg:297.45ms
step:2540/3242 train_loss:3.3712 train_time:752553ms step_avg:297.45ms
step:2541/3242 train_loss:3.3268 train_time:752839ms step_avg:297.45ms
step:2542/3242 train_loss:3.3859 train_time:753135ms step_avg:297.45ms
step:2543/3242 train_loss:3.8237 train_time:753429ms step_avg:297.45ms
step:2544/3242 train_loss:3.3925 train_time:753724ms step_avg:297.44ms
step:2545/3242 train_loss:3.5673 train_time:754019ms step_avg:297.44ms
step:2546/3242 train_loss:3.3187 train_time:754316ms step_avg:297.44ms
step:2547/3242 train_loss:3.3345 train_time:754609ms step_avg:297.44ms
step:2548/3242 train_loss:3.2931 train_time:754904ms step_avg:297.44ms
step:2549/3242 train_loss:3.4943 train_time:755192ms step_avg:297.44ms
step:2550/3242 train_loss:3.3516 train_time:755488ms step_avg:297.44ms
step:2551/3242 train_loss:3.3072 train_time:755783ms step_avg:297.44ms
step:2552/3242 train_loss:3.4037 train_time:756078ms step_avg:297.43ms
step:2553/3242 train_loss:3.4021 train_time:756371ms step_avg:297.43ms
step:2554/3242 train_loss:3.3699 train_time:756667ms step_avg:297.43ms
step:2555/3242 train_loss:3.6150 train_time:756964ms step_avg:297.43ms
step:2556/3242 train_loss:3.4477 train_time:757258ms step_avg:297.43ms
step:2557/3242 train_loss:3.4697 train_time:757552ms step_avg:297.43ms
step:2558/3242 train_loss:3.4215 train_time:757846ms step_avg:297.43ms
step:2559/3242 train_loss:3.3522 train_time:758141ms step_avg:297.43ms
step:2560/3242 train_loss:3.5023 train_time:758436ms step_avg:297.43ms
step:2561/3242 train_loss:3.3965 train_time:758731ms step_avg:297.43ms
step:2562/3242 train_loss:3.3804 train_time:759027ms step_avg:297.42ms
step:2563/3242 train_loss:3.3860 train_time:759321ms step_avg:297.42ms
step:2564/3242 train_loss:3.4189 train_time:759616ms step_avg:297.42ms
step:2565/3242 train_loss:3.3073 train_time:759911ms step_avg:297.42ms
step:2566/3242 train_loss:3.3831 train_time:760206ms step_avg:297.42ms
step:2567/3242 train_loss:3.3771 train_time:760502ms step_avg:297.42ms
step:2568/3242 train_loss:3.3214 train_time:760797ms step_avg:297.42ms
step:2569/3242 train_loss:3.5923 train_time:761089ms step_avg:297.42ms
step:2570/3242 train_loss:3.4957 train_time:761383ms step_avg:297.42ms
step:2571/3242 train_loss:3.5302 train_time:761679ms step_avg:297.41ms
step:2572/3242 train_loss:3.1972 train_time:761973ms step_avg:297.41ms
step:2573/3242 train_loss:3.3296 train_time:762274ms step_avg:297.41ms
step:2574/3242 train_loss:2.8870 train_time:762566ms step_avg:297.41ms
step:2575/3242 train_loss:3.2967 train_time:762860ms step_avg:297.41ms
step:2576/3242 train_loss:3.0375 train_time:763154ms step_avg:297.41ms
step:2577/3242 train_loss:3.3289 train_time:763448ms step_avg:297.41ms
step:2578/3242 train_loss:3.4034 train_time:763746ms step_avg:297.41ms
step:2579/3242 train_loss:3.2579 train_time:764039ms step_avg:297.41ms
step:2580/3242 train_loss:3.3907 train_time:764333ms step_avg:297.41ms
step:2581/3242 train_loss:3.3920 train_time:764628ms step_avg:297.40ms
step:2582/3242 train_loss:3.4931 train_time:764923ms step_avg:297.40ms
step:2583/3242 train_loss:3.3048 train_time:765218ms step_avg:297.40ms
step:2584/3242 train_loss:3.5614 train_time:765513ms step_avg:297.40ms
step:2585/3242 train_loss:3.4123 train_time:765807ms step_avg:297.40ms
step:2586/3242 train_loss:3.6337 train_time:766111ms step_avg:297.40ms
step:2587/3242 train_loss:3.5358 train_time:766399ms step_avg:297.40ms
step:2588/3242 train_loss:3.2194 train_time:766693ms step_avg:297.40ms
step:2589/3242 train_loss:3.3480 train_time:766988ms step_avg:297.40ms
step:2590/3242 train_loss:3.4550 train_time:767282ms step_avg:297.40ms
step:2591/3242 train_loss:3.2815 train_time:767576ms step_avg:297.39ms
step:2592/3242 train_loss:3.7569 train_time:767871ms step_avg:297.39ms
step:2593/3242 train_loss:3.4690 train_time:768166ms step_avg:297.39ms
step:2594/3242 train_loss:3.3470 train_time:768461ms step_avg:297.39ms
step:2595/3242 train_loss:3.3688 train_time:768754ms step_avg:297.39ms
step:2596/3242 train_loss:3.7348 train_time:769050ms step_avg:297.39ms
step:2597/3242 train_loss:3.4538 train_time:769344ms step_avg:297.39ms
step:2598/3242 train_loss:3.3404 train_time:769640ms step_avg:297.39ms
step:2599/3242 train_loss:3.2941 train_time:769938ms step_avg:297.39ms
step:2600/3242 train_loss:3.5045 train_time:770232ms step_avg:297.39ms
step:2601/3242 train_loss:3.8521 train_time:770527ms step_avg:297.39ms
step:2602/3242 train_loss:2.9401 train_time:770821ms step_avg:297.38ms
step:2603/3242 train_loss:3.3307 train_time:771117ms step_avg:297.38ms
step:2604/3242 train_loss:3.2831 train_time:771412ms step_avg:297.38ms
step:2605/3242 train_loss:3.5268 train_time:771707ms step_avg:297.38ms
step:2606/3242 train_loss:3.3797 train_time:772000ms step_avg:297.38ms
step:2607/3242 train_loss:3.4147 train_time:772295ms step_avg:297.38ms
step:2608/3242 train_loss:3.2950 train_time:772590ms step_avg:297.38ms
step:2609/3242 train_loss:3.2842 train_time:772885ms step_avg:297.38ms
step:2610/3242 train_loss:3.4924 train_time:773181ms step_avg:297.38ms
step:2611/3242 train_loss:3.4649 train_time:773475ms step_avg:297.38ms
step:2612/3242 train_loss:3.1186 train_time:773770ms step_avg:297.37ms
step:2613/3242 train_loss:3.4788 train_time:774065ms step_avg:297.37ms
step:2614/3242 train_loss:3.4482 train_time:774361ms step_avg:297.37ms
step:2615/3242 train_loss:3.3332 train_time:774656ms step_avg:297.37ms
step:2616/3242 train_loss:3.4909 train_time:774950ms step_avg:297.37ms
step:2617/3242 train_loss:3.3525 train_time:775245ms step_avg:297.37ms
step:2618/3242 train_loss:3.4277 train_time:775540ms step_avg:297.37ms
step:2619/3242 train_loss:3.2019 train_time:775834ms step_avg:297.37ms
step:2620/3242 train_loss:3.5306 train_time:776130ms step_avg:297.37ms
step:2621/3242 train_loss:3.4966 train_time:776432ms step_avg:297.37ms
step:2622/3242 train_loss:3.5962 train_time:776725ms step_avg:297.37ms
step:2623/3242 train_loss:3.5539 train_time:777021ms step_avg:297.37ms
step:2624/3242 train_loss:3.3705 train_time:777317ms step_avg:297.37ms
step:2625/3242 train_loss:3.5489 train_time:777610ms step_avg:297.37ms
step:2625/3242 val_loss:3.3619 train_time:777775ms step_avg:297.43ms
step:2626/3242 train_loss:3.3477 train_time:777908ms step_avg:297.37ms
step:2627/3242 train_loss:3.4181 train_time:778200ms step_avg:297.36ms
step:2628/3242 train_loss:3.3436 train_time:778493ms step_avg:297.36ms
step:2629/3242 train_loss:3.3416 train_time:778792ms step_avg:297.36ms
step:2630/3242 train_loss:3.5557 train_time:779086ms step_avg:297.36ms
step:2631/3242 train_loss:3.4635 train_time:779379ms step_avg:297.36ms
step:2632/3242 train_loss:3.7376 train_time:779674ms step_avg:297.36ms
step:2633/3242 train_loss:3.3988 train_time:779967ms step_avg:297.36ms
step:2634/3242 train_loss:3.3803 train_time:780263ms step_avg:297.36ms
step:2635/3242 train_loss:3.2476 train_time:780557ms step_avg:297.35ms
step:2636/3242 train_loss:3.4221 train_time:780852ms step_avg:297.35ms
step:2637/3242 train_loss:2.9941 train_time:781146ms step_avg:297.35ms
step:2638/3242 train_loss:3.4530 train_time:781442ms step_avg:297.35ms
step:2639/3242 train_loss:3.3848 train_time:781737ms step_avg:297.35ms
step:2640/3242 train_loss:3.0725 train_time:782031ms step_avg:297.35ms
step:2641/3242 train_loss:3.3407 train_time:782327ms step_avg:297.35ms
step:2642/3242 train_loss:3.4231 train_time:782620ms step_avg:297.35ms
step:2643/3242 train_loss:3.2105 train_time:782916ms step_avg:297.35ms
step:2644/3242 train_loss:3.3088 train_time:783211ms step_avg:297.35ms
step:2645/3242 train_loss:3.4638 train_time:783506ms step_avg:297.35ms
step:2646/3242 train_loss:3.2876 train_time:783800ms step_avg:297.34ms
step:2647/3242 train_loss:3.3364 train_time:784220ms step_avg:297.39ms
step:2648/3242 train_loss:3.6058 train_time:784512ms step_avg:297.39ms
step:2649/3242 train_loss:3.4543 train_time:784809ms step_avg:297.39ms
step:2650/3242 train_loss:3.3161 train_time:785106ms step_avg:297.39ms
step:2651/3242 train_loss:3.2970 train_time:785401ms step_avg:297.39ms
step:2652/3242 train_loss:3.4272 train_time:785699ms step_avg:297.39ms
step:2653/3242 train_loss:3.3134 train_time:785995ms step_avg:297.39ms
step:2654/3242 train_loss:3.1908 train_time:786285ms step_avg:297.38ms
step:2655/3242 train_loss:3.3656 train_time:786580ms step_avg:297.38ms
step:2656/3242 train_loss:3.2036 train_time:786876ms step_avg:297.38ms
step:2657/3242 train_loss:3.4107 train_time:787170ms step_avg:297.38ms
step:2658/3242 train_loss:3.2491 train_time:787462ms step_avg:297.38ms
step:2659/3242 train_loss:3.3029 train_time:787756ms step_avg:297.38ms
step:2660/3242 train_loss:3.4533 train_time:788211ms step_avg:297.44ms
step:2661/3242 train_loss:3.3978 train_time:788768ms step_avg:297.54ms
step:2662/3242 train_loss:3.3252 train_time:789061ms step_avg:297.53ms
step:2663/3242 train_loss:3.4705 train_time:789356ms step_avg:297.53ms
step:2664/3242 train_loss:3.3709 train_time:789651ms step_avg:297.53ms
step:2665/3242 train_loss:3.2828 train_time:789949ms step_avg:297.53ms
step:2666/3242 train_loss:3.3472 train_time:790247ms step_avg:297.53ms
step:2667/3242 train_loss:3.2956 train_time:790541ms step_avg:297.53ms
step:2668/3242 train_loss:3.4440 train_time:790839ms step_avg:297.53ms
step:2669/3242 train_loss:3.2718 train_time:791137ms step_avg:297.53ms
step:2670/3242 train_loss:3.4600 train_time:791432ms step_avg:297.53ms
step:2671/3242 train_loss:3.2203 train_time:791730ms step_avg:297.53ms
step:2672/3242 train_loss:3.2597 train_time:792022ms step_avg:297.53ms
step:2673/3242 train_loss:3.3070 train_time:792315ms step_avg:297.53ms
step:2674/3242 train_loss:3.4055 train_time:792611ms step_avg:297.53ms
step:2675/3242 train_loss:3.3230 train_time:792903ms step_avg:297.52ms
step:2676/3242 train_loss:3.3529 train_time:793200ms step_avg:297.52ms
step:2677/3242 train_loss:3.2875 train_time:793493ms step_avg:297.52ms
step:2678/3242 train_loss:3.4142 train_time:793788ms step_avg:297.52ms
step:2679/3242 train_loss:3.4514 train_time:794084ms step_avg:297.52ms
step:2680/3242 train_loss:3.2415 train_time:794390ms step_avg:297.52ms
step:2681/3242 train_loss:3.1842 train_time:794683ms step_avg:297.52ms
step:2682/3242 train_loss:3.2137 train_time:794978ms step_avg:297.52ms
step:2683/3242 train_loss:3.3210 train_time:795270ms step_avg:297.52ms
step:2684/3242 train_loss:3.4336 train_time:795563ms step_avg:297.52ms
step:2685/3242 train_loss:3.5081 train_time:795860ms step_avg:297.52ms
step:2686/3242 train_loss:3.3700 train_time:796160ms step_avg:297.52ms
step:2687/3242 train_loss:3.3315 train_time:796451ms step_avg:297.52ms
step:2688/3242 train_loss:3.6685 train_time:796746ms step_avg:297.52ms
step:2689/3242 train_loss:3.3784 train_time:797040ms step_avg:297.51ms
step:2690/3242 train_loss:3.3277 train_time:797335ms step_avg:297.51ms
step:2691/3242 train_loss:3.2707 train_time:797634ms step_avg:297.51ms
step:2692/3242 train_loss:3.3545 train_time:797931ms step_avg:297.51ms
step:2693/3242 train_loss:3.1835 train_time:798220ms step_avg:297.51ms
step:2694/3242 train_loss:3.8208 train_time:798515ms step_avg:297.51ms
step:2695/3242 train_loss:3.4251 train_time:798812ms step_avg:297.51ms
step:2696/3242 train_loss:3.2719 train_time:799103ms step_avg:297.51ms
step:2697/3242 train_loss:3.4103 train_time:799398ms step_avg:297.51ms
step:2698/3242 train_loss:3.3024 train_time:799694ms step_avg:297.51ms
step:2699/3242 train_loss:3.4463 train_time:799987ms step_avg:297.50ms
step:2700/3242 train_loss:3.5420 train_time:800291ms step_avg:297.51ms
step:2701/3242 train_loss:3.3417 train_time:800576ms step_avg:297.50ms
step:2702/3242 train_loss:3.2787 train_time:800874ms step_avg:297.50ms
step:2703/3242 train_loss:3.2429 train_time:801171ms step_avg:297.50ms
step:2704/3242 train_loss:3.2689 train_time:801472ms step_avg:297.50ms
step:2705/3242 train_loss:3.2834 train_time:801757ms step_avg:297.50ms
step:2706/3242 train_loss:3.5382 train_time:802055ms step_avg:297.50ms
step:2707/3242 train_loss:3.3916 train_time:802348ms step_avg:297.50ms
step:2708/3242 train_loss:3.3825 train_time:802645ms step_avg:297.50ms
step:2709/3242 train_loss:3.4377 train_time:802941ms step_avg:297.50ms
step:2710/3242 train_loss:3.5164 train_time:803243ms step_avg:297.50ms
step:2711/3242 train_loss:3.3765 train_time:803526ms step_avg:297.49ms
step:2712/3242 train_loss:3.3886 train_time:803821ms step_avg:297.49ms
step:2713/3242 train_loss:3.1866 train_time:804116ms step_avg:297.49ms
step:2714/3242 train_loss:3.4764 train_time:804418ms step_avg:297.49ms
step:2715/3242 train_loss:3.1883 train_time:804705ms step_avg:297.49ms
step:2716/3242 train_loss:3.1879 train_time:805001ms step_avg:297.49ms
step:2717/3242 train_loss:3.5880 train_time:805295ms step_avg:297.49ms
step:2718/3242 train_loss:3.3135 train_time:805590ms step_avg:297.49ms
step:2719/3242 train_loss:3.3527 train_time:805886ms step_avg:297.48ms
step:2720/3242 train_loss:3.2116 train_time:806181ms step_avg:297.48ms
step:2721/3242 train_loss:3.4318 train_time:806476ms step_avg:297.48ms
step:2722/3242 train_loss:3.5460 train_time:806777ms step_avg:297.48ms
step:2723/3242 train_loss:3.2551 train_time:807068ms step_avg:297.48ms
step:2724/3242 train_loss:3.3347 train_time:807362ms step_avg:297.48ms
step:2725/3242 train_loss:3.4606 train_time:807658ms step_avg:297.48ms
step:2726/3242 train_loss:3.3103 train_time:807952ms step_avg:297.48ms
step:2727/3242 train_loss:3.3514 train_time:808249ms step_avg:297.48ms
step:2728/3242 train_loss:3.5267 train_time:808557ms step_avg:297.48ms
step:2729/3242 train_loss:3.4472 train_time:808849ms step_avg:297.48ms
step:2730/3242 train_loss:3.2480 train_time:809138ms step_avg:297.48ms
step:2731/3242 train_loss:3.3209 train_time:809435ms step_avg:297.48ms
step:2732/3242 train_loss:3.2263 train_time:809730ms step_avg:297.48ms
step:2733/3242 train_loss:3.2568 train_time:810024ms step_avg:297.47ms
step:2734/3242 train_loss:3.2564 train_time:810312ms step_avg:297.47ms
step:2735/3242 train_loss:3.2817 train_time:810609ms step_avg:297.47ms
step:2736/3242 train_loss:3.1255 train_time:810905ms step_avg:297.47ms
step:2737/3242 train_loss:3.3834 train_time:811203ms step_avg:297.47ms
step:2738/3242 train_loss:3.3217 train_time:811496ms step_avg:297.47ms
step:2739/3242 train_loss:3.6694 train_time:811791ms step_avg:297.47ms
step:2740/3242 train_loss:3.3762 train_time:812080ms step_avg:297.47ms
step:2741/3242 train_loss:3.3455 train_time:812378ms step_avg:297.47ms
step:2742/3242 train_loss:3.2925 train_time:812674ms step_avg:297.46ms
step:2743/3242 train_loss:3.3147 train_time:812970ms step_avg:297.46ms
step:2744/3242 train_loss:3.2536 train_time:813264ms step_avg:297.46ms
step:2745/3242 train_loss:3.2609 train_time:813563ms step_avg:297.46ms
step:2746/3242 train_loss:3.1673 train_time:813852ms step_avg:297.46ms
step:2747/3242 train_loss:3.2471 train_time:814144ms step_avg:297.46ms
step:2748/3242 train_loss:3.4015 train_time:814446ms step_avg:297.46ms
step:2749/3242 train_loss:3.3593 train_time:814728ms step_avg:297.45ms
step:2750/3242 train_loss:3.4428 train_time:815020ms step_avg:297.45ms
step:2750/3242 val_loss:3.3411 train_time:815187ms step_avg:297.51ms
step:2751/3242 train_loss:3.4605 train_time:815320ms step_avg:297.45ms
step:2752/3242 train_loss:3.4327 train_time:815612ms step_avg:297.45ms
step:2753/3242 train_loss:3.5015 train_time:815906ms step_avg:297.45ms
step:2754/3242 train_loss:3.2674 train_time:816201ms step_avg:297.45ms
step:2755/3242 train_loss:3.3376 train_time:816497ms step_avg:297.45ms
step:2756/3242 train_loss:3.4345 train_time:816787ms step_avg:297.45ms
step:2757/3242 train_loss:3.3614 train_time:817089ms step_avg:297.45ms
step:2758/3242 train_loss:2.9904 train_time:817391ms step_avg:297.45ms
step:2759/3242 train_loss:3.3347 train_time:817692ms step_avg:297.45ms
step:2760/3242 train_loss:3.3610 train_time:817985ms step_avg:297.45ms
step:2761/3242 train_loss:3.4311 train_time:818272ms step_avg:297.45ms
step:2762/3242 train_loss:3.3714 train_time:818566ms step_avg:297.44ms
step:2763/3242 train_loss:3.2631 train_time:818862ms step_avg:297.44ms
step:2764/3242 train_loss:3.3225 train_time:819156ms step_avg:297.44ms
step:2765/3242 train_loss:3.3943 train_time:819451ms step_avg:297.44ms
step:2766/3242 train_loss:3.1539 train_time:819756ms step_avg:297.44ms
step:2767/3242 train_loss:3.3512 train_time:820051ms step_avg:297.44ms
step:2768/3242 train_loss:3.4577 train_time:820342ms step_avg:297.44ms
step:2769/3242 train_loss:3.2021 train_time:820637ms step_avg:297.44ms
step:2770/3242 train_loss:3.4348 train_time:820927ms step_avg:297.44ms
step:2771/3242 train_loss:3.4461 train_time:821222ms step_avg:297.44ms
step:2772/3242 train_loss:3.2883 train_time:821518ms step_avg:297.44ms
step:2773/3242 train_loss:3.1554 train_time:821813ms step_avg:297.44ms
step:2774/3242 train_loss:3.2977 train_time:822111ms step_avg:297.44ms
step:2775/3242 train_loss:3.5335 train_time:822404ms step_avg:297.43ms
step:2776/3242 train_loss:3.3402 train_time:822711ms step_avg:297.44ms
step:2777/3242 train_loss:3.4754 train_time:822996ms step_avg:297.43ms
step:2778/3242 train_loss:3.3747 train_time:823288ms step_avg:297.43ms
step:2779/3242 train_loss:3.2655 train_time:823581ms step_avg:297.43ms
step:2780/3242 train_loss:3.1899 train_time:823882ms step_avg:297.43ms
step:2781/3242 train_loss:3.2782 train_time:824175ms step_avg:297.43ms
step:2782/3242 train_loss:3.3409 train_time:824473ms step_avg:297.43ms
step:2783/3242 train_loss:3.3546 train_time:824760ms step_avg:297.43ms
step:2784/3242 train_loss:3.3545 train_time:825058ms step_avg:297.43ms
step:2785/3242 train_loss:3.3502 train_time:825354ms step_avg:297.42ms
step:2786/3242 train_loss:3.3340 train_time:825650ms step_avg:297.42ms
step:2787/3242 train_loss:3.2412 train_time:825946ms step_avg:297.42ms
step:2788/3242 train_loss:3.4519 train_time:826242ms step_avg:297.42ms
step:2789/3242 train_loss:3.3645 train_time:826534ms step_avg:297.42ms
step:2790/3242 train_loss:3.3080 train_time:826826ms step_avg:297.42ms
step:2791/3242 train_loss:3.3221 train_time:827120ms step_avg:297.42ms
step:2792/3242 train_loss:3.2608 train_time:827416ms step_avg:297.42ms
step:2793/3242 train_loss:3.2728 train_time:827714ms step_avg:297.42ms
step:2794/3242 train_loss:3.4205 train_time:828011ms step_avg:297.42ms
step:2795/3242 train_loss:3.2210 train_time:828306ms step_avg:297.42ms
step:2796/3242 train_loss:3.4433 train_time:828595ms step_avg:297.41ms
step:2797/3242 train_loss:3.2944 train_time:828892ms step_avg:297.41ms
step:2798/3242 train_loss:3.3111 train_time:829189ms step_avg:297.41ms
step:2799/3242 train_loss:3.1714 train_time:829480ms step_avg:297.41ms
step:2800/3242 train_loss:3.5698 train_time:829760ms step_avg:297.41ms
step:2801/3242 train_loss:3.4537 train_time:830056ms step_avg:297.40ms
step:2802/3242 train_loss:3.5684 train_time:830352ms step_avg:297.40ms
step:2803/3242 train_loss:3.2637 train_time:830646ms step_avg:297.40ms
step:2804/3242 train_loss:3.4067 train_time:830947ms step_avg:297.40ms
step:2805/3242 train_loss:3.3922 train_time:831241ms step_avg:297.40ms
step:2806/3242 train_loss:3.1351 train_time:831536ms step_avg:297.40ms
step:2807/3242 train_loss:3.5987 train_time:831831ms step_avg:297.40ms
step:2808/3242 train_loss:3.3123 train_time:832127ms step_avg:297.40ms
step:2809/3242 train_loss:3.2934 train_time:832422ms step_avg:297.40ms
step:2810/3242 train_loss:3.5953 train_time:832718ms step_avg:297.40ms
step:2811/3242 train_loss:3.2903 train_time:833011ms step_avg:297.40ms
step:2812/3242 train_loss:3.3797 train_time:833309ms step_avg:297.40ms
step:2813/3242 train_loss:3.2063 train_time:833599ms step_avg:297.40ms
step:2814/3242 train_loss:3.4262 train_time:833905ms step_avg:297.40ms
step:2815/3242 train_loss:3.3459 train_time:834200ms step_avg:297.40ms
step:2816/3242 train_loss:3.3483 train_time:834498ms step_avg:297.40ms
step:2817/3242 train_loss:2.7801 train_time:834793ms step_avg:297.40ms
step:2818/3242 train_loss:3.3130 train_time:835087ms step_avg:297.40ms
step:2819/3242 train_loss:3.2285 train_time:835381ms step_avg:297.39ms
step:2820/3242 train_loss:3.5113 train_time:835677ms step_avg:297.39ms
step:2821/3242 train_loss:3.2393 train_time:835966ms step_avg:297.39ms
step:2822/3242 train_loss:3.3685 train_time:836260ms step_avg:297.39ms
step:2823/3242 train_loss:3.4730 train_time:836550ms step_avg:297.39ms
step:2824/3242 train_loss:3.4257 train_time:836846ms step_avg:297.39ms
step:2825/3242 train_loss:3.0830 train_time:837142ms step_avg:297.39ms
step:2826/3242 train_loss:3.4082 train_time:837437ms step_avg:297.39ms
step:2827/3242 train_loss:3.4733 train_time:837731ms step_avg:297.38ms
step:2828/3242 train_loss:3.0602 train_time:838035ms step_avg:297.39ms
step:2829/3242 train_loss:3.3270 train_time:838329ms step_avg:297.39ms
step:2830/3242 train_loss:3.3706 train_time:838623ms step_avg:297.38ms
step:2831/3242 train_loss:3.2876 train_time:838911ms step_avg:297.38ms
step:2832/3242 train_loss:3.4121 train_time:839204ms step_avg:297.38ms
step:2833/3242 train_loss:3.2902 train_time:839500ms step_avg:297.38ms
step:2834/3242 train_loss:3.2799 train_time:839793ms step_avg:297.38ms
step:2835/3242 train_loss:3.0315 train_time:840089ms step_avg:297.38ms
step:2836/3242 train_loss:3.5079 train_time:840427ms step_avg:297.39ms
step:2837/3242 train_loss:3.3855 train_time:840723ms step_avg:297.39ms
step:2838/3242 train_loss:3.3061 train_time:841016ms step_avg:297.39ms
step:2839/3242 train_loss:3.2467 train_time:841310ms step_avg:297.39ms
step:2840/3242 train_loss:3.2628 train_time:841605ms step_avg:297.39ms
step:2841/3242 train_loss:3.3789 train_time:841900ms step_avg:297.39ms
step:2842/3242 train_loss:3.2591 train_time:842196ms step_avg:297.39ms
step:2843/3242 train_loss:3.3617 train_time:842489ms step_avg:297.38ms
step:2844/3242 train_loss:3.4355 train_time:842784ms step_avg:297.38ms
step:2845/3242 train_loss:3.3016 train_time:843080ms step_avg:297.38ms
step:2846/3242 train_loss:3.2660 train_time:843373ms step_avg:297.38ms
step:2847/3242 train_loss:3.2856 train_time:843668ms step_avg:297.38ms
step:2848/3242 train_loss:3.7612 train_time:843964ms step_avg:297.38ms
step:2849/3242 train_loss:3.2841 train_time:844259ms step_avg:297.38ms
step:2850/3242 train_loss:3.2844 train_time:844619ms step_avg:297.40ms
step:2851/3242 train_loss:3.4095 train_time:845195ms step_avg:297.50ms
step:2852/3242 train_loss:3.3742 train_time:845492ms step_avg:297.50ms
step:2853/3242 train_loss:3.3136 train_time:845784ms step_avg:297.50ms
step:2854/3242 train_loss:3.3431 train_time:846078ms step_avg:297.50ms
step:2855/3242 train_loss:3.3339 train_time:846373ms step_avg:297.49ms
step:2856/3242 train_loss:3.2322 train_time:846668ms step_avg:297.49ms
step:2857/3242 train_loss:3.3015 train_time:846964ms step_avg:297.49ms
step:2858/3242 train_loss:3.3499 train_time:847258ms step_avg:297.49ms
step:2859/3242 train_loss:3.1043 train_time:847554ms step_avg:297.49ms
step:2860/3242 train_loss:3.3433 train_time:847850ms step_avg:297.49ms
step:2861/3242 train_loss:3.2766 train_time:848145ms step_avg:297.49ms
step:2862/3242 train_loss:3.2757 train_time:848444ms step_avg:297.49ms
step:2863/3242 train_loss:3.3593 train_time:848735ms step_avg:297.49ms
step:2864/3242 train_loss:3.5984 train_time:849030ms step_avg:297.49ms
step:2865/3242 train_loss:3.3894 train_time:849325ms step_avg:297.49ms
step:2866/3242 train_loss:3.3567 train_time:849620ms step_avg:297.49ms
step:2867/3242 train_loss:3.3484 train_time:849915ms step_avg:297.48ms
step:2868/3242 train_loss:3.5141 train_time:850211ms step_avg:297.48ms
step:2869/3242 train_loss:3.3279 train_time:850506ms step_avg:297.48ms
step:2870/3242 train_loss:3.2059 train_time:850800ms step_avg:297.48ms
step:2871/3242 train_loss:3.4661 train_time:851101ms step_avg:297.48ms
step:2872/3242 train_loss:3.3023 train_time:851392ms step_avg:297.48ms
step:2873/3242 train_loss:3.3304 train_time:851686ms step_avg:297.48ms
step:2874/3242 train_loss:3.1571 train_time:851985ms step_avg:297.48ms
step:2875/3242 train_loss:3.2930 train_time:852278ms step_avg:297.48ms
step:2875/3242 val_loss:3.3210 train_time:852444ms step_avg:297.54ms
step:2876/3242 train_loss:3.2562 train_time:852572ms step_avg:297.48ms
step:2877/3242 train_loss:3.2399 train_time:852864ms step_avg:297.48ms
step:2878/3242 train_loss:3.3120 train_time:853165ms step_avg:297.48ms
step:2879/3242 train_loss:3.4781 train_time:853459ms step_avg:297.48ms
step:2880/3242 train_loss:3.3011 train_time:853754ms step_avg:297.48ms
step:2881/3242 train_loss:3.3508 train_time:854053ms step_avg:297.48ms
step:2882/3242 train_loss:3.3728 train_time:854343ms step_avg:297.47ms
step:2883/3242 train_loss:3.4590 train_time:854642ms step_avg:297.47ms
step:2884/3242 train_loss:3.3032 train_time:854935ms step_avg:297.47ms
step:2885/3242 train_loss:3.1522 train_time:855227ms step_avg:297.47ms
step:2886/3242 train_loss:3.1561 train_time:855525ms step_avg:297.47ms
step:2887/3242 train_loss:3.2606 train_time:855819ms step_avg:297.47ms
step:2888/3242 train_loss:3.2857 train_time:856115ms step_avg:297.47ms
step:2889/3242 train_loss:3.3142 train_time:856408ms step_avg:297.47ms
step:2890/3242 train_loss:3.6310 train_time:856702ms step_avg:297.47ms
step:2891/3242 train_loss:3.2678 train_time:856996ms step_avg:297.46ms
step:2892/3242 train_loss:3.3268 train_time:857291ms step_avg:297.46ms
step:2893/3242 train_loss:3.2537 train_time:857585ms step_avg:297.46ms
step:2894/3242 train_loss:3.2864 train_time:857880ms step_avg:297.46ms
step:2895/3242 train_loss:3.2505 train_time:858176ms step_avg:297.46ms
step:2896/3242 train_loss:3.3303 train_time:858471ms step_avg:297.46ms
step:2897/3242 train_loss:3.5017 train_time:858765ms step_avg:297.46ms
step:2898/3242 train_loss:3.2321 train_time:859064ms step_avg:297.46ms
step:2899/3242 train_loss:3.3250 train_time:859357ms step_avg:297.46ms
step:2900/3242 train_loss:3.0637 train_time:859650ms step_avg:297.46ms
step:2901/3242 train_loss:3.4997 train_time:859944ms step_avg:297.46ms
step:2902/3242 train_loss:3.3718 train_time:860241ms step_avg:297.46ms
step:2903/3242 train_loss:3.2630 train_time:860536ms step_avg:297.45ms
step:2904/3242 train_loss:3.3061 train_time:860832ms step_avg:297.45ms
step:2905/3242 train_loss:3.3014 train_time:861128ms step_avg:297.45ms
step:2906/3242 train_loss:3.2906 train_time:861423ms step_avg:297.45ms
step:2907/3242 train_loss:3.0857 train_time:861719ms step_avg:297.45ms
step:2908/3242 train_loss:3.4120 train_time:862015ms step_avg:297.45ms
step:2909/3242 train_loss:3.3312 train_time:862309ms step_avg:297.45ms
step:2910/3242 train_loss:3.6267 train_time:862604ms step_avg:297.45ms
step:2911/3242 train_loss:3.0992 train_time:862900ms step_avg:297.45ms
step:2912/3242 train_loss:3.2354 train_time:863192ms step_avg:297.45ms
step:2913/3242 train_loss:3.2743 train_time:863485ms step_avg:297.45ms
step:2914/3242 train_loss:3.7474 train_time:863780ms step_avg:297.44ms
step:2915/3242 train_loss:3.3486 train_time:864076ms step_avg:297.44ms
step:2916/3242 train_loss:3.1957 train_time:864372ms step_avg:297.44ms
step:2917/3242 train_loss:3.2958 train_time:864666ms step_avg:297.44ms
step:2918/3242 train_loss:3.2672 train_time:864961ms step_avg:297.44ms
step:2919/3242 train_loss:3.2875 train_time:865254ms step_avg:297.44ms
step:2920/3242 train_loss:3.1723 train_time:865551ms step_avg:297.44ms
step:2921/3242 train_loss:3.3141 train_time:865849ms step_avg:297.44ms
step:2922/3242 train_loss:3.3055 train_time:866146ms step_avg:297.44ms
step:2923/3242 train_loss:3.3402 train_time:866436ms step_avg:297.44ms
step:2924/3242 train_loss:3.2560 train_time:866730ms step_avg:297.44ms
step:2925/3242 train_loss:3.4115 train_time:867025ms step_avg:297.44ms
step:2926/3242 train_loss:3.3369 train_time:867320ms step_avg:297.43ms
step:2927/3242 train_loss:3.2986 train_time:867616ms step_avg:297.43ms
step:2928/3242 train_loss:3.4822 train_time:867911ms step_avg:297.43ms
step:2929/3242 train_loss:3.2974 train_time:868212ms step_avg:297.43ms
step:2930/3242 train_loss:3.2368 train_time:868507ms step_avg:297.43ms
step:2931/3242 train_loss:3.4484 train_time:868802ms step_avg:297.43ms
step:2932/3242 train_loss:3.5268 train_time:869096ms step_avg:297.43ms
step:2933/3242 train_loss:3.5604 train_time:869391ms step_avg:297.43ms
step:2934/3242 train_loss:3.4658 train_time:869687ms step_avg:297.43ms
step:2935/3242 train_loss:3.2515 train_time:869982ms step_avg:297.43ms
step:2936/3242 train_loss:3.3348 train_time:870276ms step_avg:297.43ms
step:2937/3242 train_loss:3.2780 train_time:870571ms step_avg:297.43ms
step:2938/3242 train_loss:3.2803 train_time:870865ms step_avg:297.43ms
step:2939/3242 train_loss:3.3838 train_time:871160ms step_avg:297.43ms
step:2940/3242 train_loss:3.2435 train_time:871456ms step_avg:297.43ms
step:2941/3242 train_loss:3.4176 train_time:871750ms step_avg:297.42ms
step:2942/3242 train_loss:3.5258 train_time:872044ms step_avg:297.42ms
step:2943/3242 train_loss:3.2513 train_time:872339ms step_avg:297.42ms
step:2944/3242 train_loss:3.1027 train_time:872634ms step_avg:297.42ms
step:2945/3242 train_loss:3.1612 train_time:872934ms step_avg:297.42ms
step:2946/3242 train_loss:3.3430 train_time:873224ms step_avg:297.42ms
step:2947/3242 train_loss:3.3851 train_time:873520ms step_avg:297.42ms
step:2948/3242 train_loss:3.2628 train_time:873816ms step_avg:297.42ms
step:2949/3242 train_loss:3.2550 train_time:874111ms step_avg:297.42ms
step:2950/3242 train_loss:3.3521 train_time:874406ms step_avg:297.42ms
step:2951/3242 train_loss:3.3212 train_time:874703ms step_avg:297.42ms
step:2952/3242 train_loss:3.5015 train_time:874997ms step_avg:297.42ms
step:2953/3242 train_loss:3.3685 train_time:875292ms step_avg:297.41ms
step:2954/3242 train_loss:3.4117 train_time:875586ms step_avg:297.41ms
step:2955/3242 train_loss:3.3758 train_time:875881ms step_avg:297.41ms
step:2956/3242 train_loss:3.2073 train_time:876176ms step_avg:297.41ms
step:2957/3242 train_loss:3.3064 train_time:876471ms step_avg:297.41ms
step:2958/3242 train_loss:3.3117 train_time:876766ms step_avg:297.41ms
step:2959/3242 train_loss:3.2805 train_time:877065ms step_avg:297.41ms
step:2960/3242 train_loss:3.4176 train_time:877358ms step_avg:297.41ms
step:2961/3242 train_loss:3.2670 train_time:877654ms step_avg:297.41ms
step:2962/3242 train_loss:3.3880 train_time:877949ms step_avg:297.41ms
step:2963/3242 train_loss:3.2716 train_time:878242ms step_avg:297.41ms
step:2964/3242 train_loss:3.3109 train_time:878537ms step_avg:297.41ms
step:2965/3242 train_loss:3.2332 train_time:878832ms step_avg:297.41ms
step:2966/3242 train_loss:3.4376 train_time:879126ms step_avg:297.40ms
step:2967/3242 train_loss:3.1220 train_time:879421ms step_avg:297.40ms
step:2968/3242 train_loss:3.7833 train_time:879715ms step_avg:297.40ms
step:2969/3242 train_loss:3.3240 train_time:880011ms step_avg:297.40ms
step:2970/3242 train_loss:3.2440 train_time:880305ms step_avg:297.40ms
step:2971/3242 train_loss:3.4739 train_time:880599ms step_avg:297.40ms
step:2972/3242 train_loss:3.4309 train_time:880909ms step_avg:297.40ms
step:2973/3242 train_loss:3.2024 train_time:881203ms step_avg:297.40ms
step:2974/3242 train_loss:3.2970 train_time:881488ms step_avg:297.40ms
step:2975/3242 train_loss:3.1644 train_time:881780ms step_avg:297.40ms
step:2976/3242 train_loss:3.2375 train_time:882075ms step_avg:297.40ms
step:2977/3242 train_loss:3.0137 train_time:882370ms step_avg:297.39ms
step:2978/3242 train_loss:3.5423 train_time:882666ms step_avg:297.39ms
step:2979/3242 train_loss:3.3209 train_time:882962ms step_avg:297.39ms
step:2980/3242 train_loss:3.4899 train_time:883257ms step_avg:297.39ms
step:2981/3242 train_loss:3.3291 train_time:883553ms step_avg:297.39ms
step:2982/3242 train_loss:3.4442 train_time:883848ms step_avg:297.39ms
step:2983/3242 train_loss:3.3907 train_time:884144ms step_avg:297.39ms
step:2984/3242 train_loss:3.2508 train_time:884447ms step_avg:297.39ms
step:2985/3242 train_loss:3.3087 train_time:884742ms step_avg:297.39ms
step:2986/3242 train_loss:3.3977 train_time:885034ms step_avg:297.39ms
step:2987/3242 train_loss:3.3236 train_time:885324ms step_avg:297.39ms
step:2988/3242 train_loss:3.5725 train_time:885620ms step_avg:297.39ms
step:2989/3242 train_loss:3.1591 train_time:885916ms step_avg:297.39ms
step:2990/3242 train_loss:3.3880 train_time:886209ms step_avg:297.39ms
step:2991/3242 train_loss:3.3418 train_time:886506ms step_avg:297.39ms
step:2992/3242 train_loss:3.3723 train_time:886800ms step_avg:297.38ms
step:2993/3242 train_loss:3.2764 train_time:887097ms step_avg:297.38ms
step:2994/3242 train_loss:3.4799 train_time:887393ms step_avg:297.38ms
step:2995/3242 train_loss:3.2017 train_time:887688ms step_avg:297.38ms
step:2996/3242 train_loss:3.1945 train_time:887980ms step_avg:297.38ms
step:2997/3242 train_loss:3.2133 train_time:888276ms step_avg:297.38ms
step:2998/3242 train_loss:3.2586 train_time:888571ms step_avg:297.38ms
step:2999/3242 train_loss:3.3905 train_time:888866ms step_avg:297.38ms
step:3000/3242 train_loss:3.1767 train_time:889162ms step_avg:297.38ms
step:3000/3242 val_loss:3.3028 train_time:889331ms step_avg:297.44ms
step:3001/3242 train_loss:3.3031 train_time:889459ms step_avg:297.38ms
step:3002/3242 train_loss:3.1419 train_time:889755ms step_avg:297.38ms
step:3003/3242 train_loss:3.2568 train_time:890047ms step_avg:297.38ms
step:3004/3242 train_loss:3.3229 train_time:890343ms step_avg:297.38ms
step:3005/3242 train_loss:4.0616 train_time:890636ms step_avg:297.37ms
step:3006/3242 train_loss:3.1854 train_time:890932ms step_avg:297.37ms
step:3007/3242 train_loss:3.3480 train_time:891229ms step_avg:297.37ms
step:3008/3242 train_loss:3.1132 train_time:891524ms step_avg:297.37ms
step:3009/3242 train_loss:3.4440 train_time:891816ms step_avg:297.37ms
step:3010/3242 train_loss:3.4182 train_time:892112ms step_avg:297.37ms
step:3011/3242 train_loss:3.4216 train_time:892410ms step_avg:297.37ms
step:3012/3242 train_loss:3.3600 train_time:892703ms step_avg:297.37ms
step:3013/3242 train_loss:3.1688 train_time:892994ms step_avg:297.37ms
step:3014/3242 train_loss:3.3077 train_time:893289ms step_avg:297.37ms
step:3015/3242 train_loss:3.3827 train_time:893584ms step_avg:297.37ms
step:3016/3242 train_loss:3.1393 train_time:893879ms step_avg:297.36ms
step:3017/3242 train_loss:3.2296 train_time:894174ms step_avg:297.36ms
step:3018/3242 train_loss:3.3645 train_time:894469ms step_avg:297.36ms
step:3019/3242 train_loss:3.4794 train_time:894767ms step_avg:297.36ms
step:3020/3242 train_loss:3.2470 train_time:895064ms step_avg:297.36ms
step:3021/3242 train_loss:3.5543 train_time:895357ms step_avg:297.36ms
step:3022/3242 train_loss:3.2788 train_time:895652ms step_avg:297.36ms
step:3023/3242 train_loss:3.1601 train_time:895950ms step_avg:297.36ms
step:3024/3242 train_loss:3.3353 train_time:896242ms step_avg:297.36ms
step:3025/3242 train_loss:3.4577 train_time:896620ms step_avg:297.39ms
step:3026/3242 train_loss:3.2927 train_time:896923ms step_avg:297.39ms
step:3027/3242 train_loss:3.3730 train_time:897207ms step_avg:297.38ms
step:3028/3242 train_loss:3.1950 train_time:897502ms step_avg:297.38ms
step:3029/3242 train_loss:3.0488 train_time:897807ms step_avg:297.39ms
step:3030/3242 train_loss:3.3774 train_time:898095ms step_avg:297.38ms
step:3031/3242 train_loss:3.2100 train_time:898389ms step_avg:297.38ms
step:3032/3242 train_loss:3.0320 train_time:898681ms step_avg:297.38ms
step:3033/3242 train_loss:3.4298 train_time:898976ms step_avg:297.38ms
step:3034/3242 train_loss:3.5424 train_time:899272ms step_avg:297.38ms
step:3035/3242 train_loss:3.2284 train_time:899569ms step_avg:297.38ms
step:3036/3242 train_loss:3.2810 train_time:899864ms step_avg:297.38ms
step:3037/3242 train_loss:3.2686 train_time:900156ms step_avg:297.38ms
step:3038/3242 train_loss:3.1543 train_time:900456ms step_avg:297.38ms
step:3039/3242 train_loss:3.3350 train_time:900747ms step_avg:297.37ms
step:3040/3242 train_loss:3.3916 train_time:901106ms step_avg:297.39ms
step:3041/3242 train_loss:3.3870 train_time:901678ms step_avg:297.49ms
step:3042/3242 train_loss:2.9268 train_time:901973ms step_avg:297.48ms
step:3043/3242 train_loss:3.3133 train_time:902269ms step_avg:297.48ms
step:3044/3242 train_loss:3.2764 train_time:902561ms step_avg:297.48ms
step:3045/3242 train_loss:3.3263 train_time:902856ms step_avg:297.48ms
step:3046/3242 train_loss:3.4684 train_time:903151ms step_avg:297.48ms
step:3047/3242 train_loss:3.2405 train_time:903445ms step_avg:297.48ms
step:3048/3242 train_loss:3.3219 train_time:903742ms step_avg:297.48ms
step:3049/3242 train_loss:3.3527 train_time:904036ms step_avg:297.48ms
step:3050/3242 train_loss:3.2945 train_time:904333ms step_avg:297.48ms
step:3051/3242 train_loss:3.3390 train_time:904629ms step_avg:297.48ms
step:3052/3242 train_loss:3.2010 train_time:904924ms step_avg:297.48ms
step:3053/3242 train_loss:3.2328 train_time:905219ms step_avg:297.48ms
step:3054/3242 train_loss:3.4840 train_time:905513ms step_avg:297.47ms
step:3055/3242 train_loss:3.4083 train_time:905809ms step_avg:297.47ms
step:3056/3242 train_loss:3.3877 train_time:906110ms step_avg:297.48ms
step:3057/3242 train_loss:3.2268 train_time:906404ms step_avg:297.47ms
step:3058/3242 train_loss:3.2186 train_time:906698ms step_avg:297.47ms
step:3059/3242 train_loss:3.4320 train_time:906991ms step_avg:297.47ms
step:3060/3242 train_loss:3.2272 train_time:907289ms step_avg:297.47ms
step:3061/3242 train_loss:3.3550 train_time:907597ms step_avg:297.48ms
step:3062/3242 train_loss:3.3771 train_time:907893ms step_avg:297.47ms
step:3063/3242 train_loss:3.2753 train_time:908188ms step_avg:297.47ms
step:3064/3242 train_loss:3.3020 train_time:908487ms step_avg:297.47ms
step:3065/3242 train_loss:3.3404 train_time:908780ms step_avg:297.47ms
step:3066/3242 train_loss:3.2481 train_time:909074ms step_avg:297.47ms
step:3067/3242 train_loss:3.1421 train_time:909368ms step_avg:297.47ms
step:3068/3242 train_loss:3.2688 train_time:909662ms step_avg:297.47ms
step:3069/3242 train_loss:3.2164 train_time:909957ms step_avg:297.47ms
step:3070/3242 train_loss:3.1697 train_time:910252ms step_avg:297.47ms
step:3071/3242 train_loss:3.3281 train_time:910549ms step_avg:297.47ms
step:3072/3242 train_loss:3.3436 train_time:910844ms step_avg:297.47ms
step:3073/3242 train_loss:3.2246 train_time:911137ms step_avg:297.47ms
step:3074/3242 train_loss:3.2648 train_time:911435ms step_avg:297.47ms
step:3075/3242 train_loss:3.2404 train_time:911725ms step_avg:297.46ms
step:3076/3242 train_loss:3.2423 train_time:912023ms step_avg:297.46ms
step:3077/3242 train_loss:3.4469 train_time:912318ms step_avg:297.46ms
step:3078/3242 train_loss:3.1345 train_time:912613ms step_avg:297.46ms
step:3079/3242 train_loss:4.0867 train_time:912892ms step_avg:297.46ms
step:3080/3242 train_loss:3.2271 train_time:913187ms step_avg:297.46ms
step:3081/3242 train_loss:3.3302 train_time:913482ms step_avg:297.45ms
step:3082/3242 train_loss:3.4527 train_time:913777ms step_avg:297.45ms
step:3083/3242 train_loss:3.1778 train_time:914071ms step_avg:297.45ms
step:3084/3242 train_loss:3.2441 train_time:914366ms step_avg:297.45ms
step:3085/3242 train_loss:3.2442 train_time:914661ms step_avg:297.45ms
step:3086/3242 train_loss:3.3019 train_time:914956ms step_avg:297.45ms
step:3087/3242 train_loss:3.3032 train_time:915255ms step_avg:297.45ms
step:3088/3242 train_loss:3.1251 train_time:915546ms step_avg:297.45ms
step:3089/3242 train_loss:3.3538 train_time:915841ms step_avg:297.45ms
step:3090/3242 train_loss:3.2391 train_time:916135ms step_avg:297.45ms
step:3091/3242 train_loss:3.5238 train_time:916431ms step_avg:297.45ms
step:3092/3242 train_loss:3.3015 train_time:916726ms step_avg:297.45ms
step:3093/3242 train_loss:3.2342 train_time:917020ms step_avg:297.44ms
step:3094/3242 train_loss:3.2959 train_time:917315ms step_avg:297.44ms
step:3095/3242 train_loss:3.2177 train_time:917610ms step_avg:297.44ms
step:3096/3242 train_loss:3.2381 train_time:917904ms step_avg:297.44ms
step:3097/3242 train_loss:3.7084 train_time:918199ms step_avg:297.44ms
step:3098/3242 train_loss:3.2534 train_time:918494ms step_avg:297.44ms
step:3099/3242 train_loss:3.3148 train_time:918789ms step_avg:297.44ms
step:3100/3242 train_loss:3.3759 train_time:919085ms step_avg:297.44ms
step:3101/3242 train_loss:3.3144 train_time:919380ms step_avg:297.44ms
step:3102/3242 train_loss:3.3828 train_time:919675ms step_avg:297.44ms
step:3103/3242 train_loss:3.2459 train_time:919971ms step_avg:297.44ms
step:3104/3242 train_loss:3.7738 train_time:920265ms step_avg:297.44ms
step:3105/3242 train_loss:3.4417 train_time:920561ms step_avg:297.43ms
step:3106/3242 train_loss:2.9326 train_time:920856ms step_avg:297.43ms
step:3107/3242 train_loss:3.2081 train_time:921152ms step_avg:297.43ms
step:3108/3242 train_loss:3.0442 train_time:921447ms step_avg:297.43ms
step:3109/3242 train_loss:3.4859 train_time:921741ms step_avg:297.43ms
step:3110/3242 train_loss:3.2985 train_time:922037ms step_avg:297.43ms
step:3111/3242 train_loss:3.4578 train_time:922330ms step_avg:297.43ms
step:3112/3242 train_loss:3.2930 train_time:922629ms step_avg:297.43ms
step:3113/3242 train_loss:3.4039 train_time:922924ms step_avg:297.43ms
step:3114/3242 train_loss:3.3976 train_time:923219ms step_avg:297.43ms
step:3115/3242 train_loss:3.3040 train_time:923516ms step_avg:297.43ms
step:3116/3242 train_loss:3.2086 train_time:923810ms step_avg:297.43ms
step:3117/3242 train_loss:3.1915 train_time:924103ms step_avg:297.43ms
step:3118/3242 train_loss:3.3025 train_time:924400ms step_avg:297.43ms
step:3119/3242 train_loss:3.7027 train_time:924693ms step_avg:297.42ms
step:3120/3242 train_loss:3.3114 train_time:924996ms step_avg:297.43ms
step:3121/3242 train_loss:3.2160 train_time:925287ms step_avg:297.42ms
step:3122/3242 train_loss:3.3917 train_time:925578ms step_avg:297.42ms
step:3123/3242 train_loss:3.4220 train_time:925873ms step_avg:297.42ms
step:3124/3242 train_loss:3.4151 train_time:926168ms step_avg:297.42ms
step:3125/3242 train_loss:3.1343 train_time:926467ms step_avg:297.42ms
step:3125/3242 val_loss:3.2871 train_time:926639ms step_avg:297.48ms
step:3126/3242 train_loss:3.2952 train_time:926777ms step_avg:297.43ms
step:3127/3242 train_loss:3.2748 train_time:927069ms step_avg:297.42ms
step:3128/3242 train_loss:3.3888 train_time:927360ms step_avg:297.42ms
step:3129/3242 train_loss:3.3211 train_time:927648ms step_avg:297.42ms
step:3130/3242 train_loss:3.0887 train_time:927944ms step_avg:297.42ms
step:3131/3242 train_loss:3.1544 train_time:928239ms step_avg:297.42ms
step:3132/3242 train_loss:3.3177 train_time:928533ms step_avg:297.42ms
step:3133/3242 train_loss:3.3519 train_time:928828ms step_avg:297.42ms
step:3134/3242 train_loss:3.1345 train_time:929137ms step_avg:297.42ms
step:3135/3242 train_loss:3.3375 train_time:929433ms step_avg:297.42ms
step:3136/3242 train_loss:3.1372 train_time:929727ms step_avg:297.42ms
step:3137/3242 train_loss:3.5006 train_time:930019ms step_avg:297.42ms
step:3138/3242 train_loss:3.7255 train_time:930312ms step_avg:297.41ms
step:3139/3242 train_loss:3.5671 train_time:930608ms step_avg:297.41ms
step:3140/3242 train_loss:3.2510 train_time:930905ms step_avg:297.41ms
step:3141/3242 train_loss:3.2995 train_time:931201ms step_avg:297.41ms
step:3142/3242 train_loss:3.2203 train_time:931485ms step_avg:297.41ms
step:3143/3242 train_loss:3.4095 train_time:931782ms step_avg:297.41ms
step:3144/3242 train_loss:3.1144 train_time:932076ms step_avg:297.41ms
step:3145/3242 train_loss:3.3377 train_time:932372ms step_avg:297.41ms
step:3146/3242 train_loss:3.4596 train_time:932668ms step_avg:297.41ms
step:3147/3242 train_loss:3.2650 train_time:932963ms step_avg:297.41ms
step:3148/3242 train_loss:3.4726 train_time:933257ms step_avg:297.40ms
step:3149/3242 train_loss:3.8858 train_time:933551ms step_avg:297.40ms
step:3150/3242 train_loss:3.1935 train_time:933848ms step_avg:297.40ms
step:3151/3242 train_loss:3.2829 train_time:934145ms step_avg:297.40ms
step:3152/3242 train_loss:3.4226 train_time:934441ms step_avg:297.40ms
step:3153/3242 train_loss:3.2021 train_time:934734ms step_avg:297.40ms
step:3154/3242 train_loss:3.3540 train_time:935029ms step_avg:297.40ms
step:3155/3242 train_loss:3.1292 train_time:935324ms step_avg:297.40ms
step:3156/3242 train_loss:3.2210 train_time:935619ms step_avg:297.40ms
step:3157/3242 train_loss:3.3313 train_time:935913ms step_avg:297.40ms
step:3158/3242 train_loss:3.3849 train_time:936208ms step_avg:297.40ms
step:3159/3242 train_loss:3.2792 train_time:936504ms step_avg:297.40ms
step:3160/3242 train_loss:3.2289 train_time:936801ms step_avg:297.40ms
step:3161/3242 train_loss:3.3466 train_time:937102ms step_avg:297.40ms
step:3162/3242 train_loss:3.5840 train_time:937401ms step_avg:297.40ms
step:3163/3242 train_loss:3.5080 train_time:937692ms step_avg:297.40ms
step:3164/3242 train_loss:3.3705 train_time:937986ms step_avg:297.40ms
step:3165/3242 train_loss:3.3508 train_time:938282ms step_avg:297.40ms
step:3166/3242 train_loss:3.3110 train_time:938575ms step_avg:297.39ms
step:3167/3242 train_loss:3.1721 train_time:938863ms step_avg:297.39ms
step:3168/3242 train_loss:3.0898 train_time:939159ms step_avg:297.39ms
step:3169/3242 train_loss:3.1098 train_time:939457ms step_avg:297.39ms
step:3170/3242 train_loss:3.2983 train_time:939752ms step_avg:297.39ms
step:3171/3242 train_loss:3.0491 train_time:940047ms step_avg:297.39ms
step:3172/3242 train_loss:3.2529 train_time:940340ms step_avg:297.39ms
step:3173/3242 train_loss:3.4101 train_time:940639ms step_avg:297.39ms
step:3174/3242 train_loss:3.3106 train_time:940932ms step_avg:297.39ms
step:3175/3242 train_loss:3.3310 train_time:941227ms step_avg:297.39ms
step:3176/3242 train_loss:3.3362 train_time:941522ms step_avg:297.39ms
step:3177/3242 train_loss:3.1727 train_time:941816ms step_avg:297.38ms
step:3178/3242 train_loss:3.2842 train_time:942113ms step_avg:297.38ms
step:3179/3242 train_loss:3.5202 train_time:942405ms step_avg:297.38ms
step:3180/3242 train_loss:3.2818 train_time:942702ms step_avg:297.38ms
step:3181/3242 train_loss:3.2595 train_time:942997ms step_avg:297.38ms
step:3182/3242 train_loss:3.2386 train_time:943293ms step_avg:297.38ms
step:3183/3242 train_loss:3.4024 train_time:943587ms step_avg:297.38ms
step:3184/3242 train_loss:3.3497 train_time:943881ms step_avg:297.38ms
step:3185/3242 train_loss:3.2459 train_time:944175ms step_avg:297.38ms
step:3186/3242 train_loss:3.4565 train_time:944469ms step_avg:297.38ms
step:3187/3242 train_loss:3.3881 train_time:944764ms step_avg:297.38ms
step:3188/3242 train_loss:3.1960 train_time:945061ms step_avg:297.38ms
step:3189/3242 train_loss:3.3249 train_time:945360ms step_avg:297.38ms
step:3190/3242 train_loss:3.2659 train_time:945652ms step_avg:297.37ms
step:3191/3242 train_loss:3.2083 train_time:945946ms step_avg:297.37ms
step:3192/3242 train_loss:3.2397 train_time:946238ms step_avg:297.37ms
step:3193/3242 train_loss:3.1825 train_time:946535ms step_avg:297.37ms
step:3194/3242 train_loss:3.9047 train_time:946829ms step_avg:297.37ms
step:3195/3242 train_loss:3.3032 train_time:947122ms step_avg:297.37ms
step:3196/3242 train_loss:3.0945 train_time:947416ms step_avg:297.37ms
step:3197/3242 train_loss:3.2690 train_time:947713ms step_avg:297.37ms
step:3198/3242 train_loss:3.0605 train_time:948007ms step_avg:297.37ms
step:3199/3242 train_loss:3.1212 train_time:948302ms step_avg:297.37ms
step:3200/3242 train_loss:3.0830 train_time:948597ms step_avg:297.37ms
step:3201/3242 train_loss:3.2478 train_time:948892ms step_avg:297.37ms
step:3202/3242 train_loss:3.3067 train_time:949186ms step_avg:297.36ms
step:3203/3242 train_loss:3.1941 train_time:949482ms step_avg:297.36ms
step:3204/3242 train_loss:3.2225 train_time:949777ms step_avg:297.36ms
step:3205/3242 train_loss:3.2941 train_time:950072ms step_avg:297.36ms
step:3206/3242 train_loss:3.5037 train_time:950367ms step_avg:297.36ms
step:3207/3242 train_loss:3.0380 train_time:950664ms step_avg:297.36ms
step:3208/3242 train_loss:3.4574 train_time:950959ms step_avg:297.36ms
step:3209/3242 train_loss:3.3879 train_time:951253ms step_avg:297.36ms
step:3210/3242 train_loss:3.4444 train_time:951547ms step_avg:297.36ms
step:3211/3242 train_loss:3.1436 train_time:951856ms step_avg:297.36ms
step:3212/3242 train_loss:3.1197 train_time:952151ms step_avg:297.36ms
step:3213/3242 train_loss:3.1635 train_time:952446ms step_avg:297.36ms
step:3214/3242 train_loss:3.5924 train_time:952874ms step_avg:297.40ms
step:3215/3242 train_loss:3.0621 train_time:953164ms step_avg:297.40ms
step:3216/3242 train_loss:3.2637 train_time:953460ms step_avg:297.40ms
step:3217/3242 train_loss:3.1754 train_time:953764ms step_avg:297.40ms
step:3218/3242 train_loss:3.2398 train_time:954056ms step_avg:297.40ms
step:3219/3242 train_loss:3.2633 train_time:954330ms step_avg:297.39ms
step:3220/3242 train_loss:3.4317 train_time:954624ms step_avg:297.39ms
step:3221/3242 train_loss:3.3538 train_time:954920ms step_avg:297.39ms
step:3222/3242 train_loss:3.2553 train_time:955214ms step_avg:297.39ms
step:3223/3242 train_loss:3.2023 train_time:955510ms step_avg:297.39ms
step:3224/3242 train_loss:3.1679 train_time:955812ms step_avg:297.39ms
step:3225/3242 train_loss:3.1279 train_time:956107ms step_avg:297.39ms
step:3226/3242 train_loss:3.2620 train_time:956402ms step_avg:297.39ms
step:3227/3242 train_loss:3.1208 train_time:956698ms step_avg:297.39ms
step:3228/3242 train_loss:3.1947 train_time:956993ms step_avg:297.39ms
step:3229/3242 train_loss:3.3063 train_time:957288ms step_avg:297.39ms
step:3230/3242 train_loss:3.1193 train_time:957945ms step_avg:297.50ms
step:3231/3242 train_loss:3.0291 train_time:958246ms step_avg:297.50ms
step:3232/3242 train_loss:3.2146 train_time:958542ms step_avg:297.50ms
step:3233/3242 train_loss:3.4953 train_time:958826ms step_avg:297.49ms
step:3234/3242 train_loss:3.5683 train_time:959120ms step_avg:297.49ms
step:3235/3242 train_loss:3.4227 train_time:959416ms step_avg:297.49ms
step:3236/3242 train_loss:3.2091 train_time:959711ms step_avg:297.49ms
step:3237/3242 train_loss:3.5283 train_time:960005ms step_avg:297.49ms
step:3238/3242 train_loss:3.3166 train_time:960301ms step_avg:297.49ms
step:3239/3242 train_loss:3.3999 train_time:960595ms step_avg:297.49ms
step:3240/3242 train_loss:3.0991 train_time:960891ms step_avg:297.49ms
step:3241/3242 train_loss:3.2830 train_time:961185ms step_avg:297.49ms
step:3242/3242 train_loss:3.3313 train_time:961490ms step_avg:297.49ms
step:3242/3242 val_loss:3.2793 train_time:961650ms step_avg:297.54ms
peak memory consumption: 33876 MiB
