/SharePath/chenyupeng/cyp-testtest/llm_test_migrated/lib/python3.10/site-packages/torch_npu/utils/collect_env.py:58: UserWarning: Warning: The /usr/local/Ascend/cann-8.5.0 owner does not match the current owner.
  warnings.warn(f"Warning: The {path} owner does not match the current owner.")
/SharePath/chenyupeng/cyp-testtest/llm_test_migrated/lib/python3.10/site-packages/torch_npu/utils/collect_env.py:58: UserWarning: Warning: The /usr/local/Ascend/cann-8.5.0/aarch64-linux/ascend_ops_install.info owner does not match the current owner.
  warnings.warn(f"Warning: The {path} owner does not match the current owner.")
/SharePath/chenyupeng/cyp-testtest/llm_test_migrated/lib/python3.10/site-packages/torch_npu/utils/collect_env.py:58: UserWarning: Warning: The /usr/local/Ascend/cann-8.5.0 owner does not match the current owner.
  warnings.warn(f"Warning: The {path} owner does not match the current owner.")
/SharePath/chenyupeng/cyp-testtest/llm_test_migrated/lib/python3.10/site-packages/torch_npu/utils/collect_env.py:58: UserWarning: Warning: The /usr/local/Ascend/cann-8.5.0/aarch64-linux/ascend_ops_install.info owner does not match the current owner.
  warnings.warn(f"Warning: The {path} owner does not match the current owner.")
W0927 23:17:26.479000 240816 site-packages/torch/distributed/run.py:766] 
W0927 23:17:26.479000 240816 site-packages/torch/distributed/run.py:766] *****************************************
W0927 23:17:26.479000 240816 site-packages/torch/distributed/run.py:766] Setting OMP_NUM_THREADS environment variable for each process to be 1 in default, to avoid your system being overloaded, please further tune the variable for optimal performance in your application as needed. 
W0927 23:17:26.479000 240816 site-packages/torch/distributed/run.py:766] *****************************************
/SharePath/chenyupeng/cyp-testtest/llm_test_migrated/lib/python3.10/site-packages/torch_npu/utils/collect_env.py:58: UserWarning: Warning: The /usr/local/Ascend/cann-8.5.0 owner does not match the current owner.
  warnings.warn(f"Warning: The {path} owner does not match the current owner.")
/SharePath/chenyupeng/cyp-testtest/llm_test_migrated/lib/python3.10/site-packages/torch_npu/utils/collect_env.py:58: UserWarning: Warning: The /usr/local/Ascend/cann-8.5.0 owner does not match the current owner.
  warnings.warn(f"Warning: The {path} owner does not match the current owner.")
/SharePath/chenyupeng/cyp-testtest/llm_test_migrated/lib/python3.10/site-packages/torch_npu/utils/collect_env.py:58: UserWarning: Warning: The /usr/local/Ascend/cann-8.5.0/aarch64-linux/ascend_ops_install.info owner does not match the current owner.
  warnings.warn(f"Warning: The {path} owner does not match the current owner.")
/SharePath/chenyupeng/cyp-testtest/llm_test_migrated/lib/python3.10/site-packages/torch_npu/utils/collect_env.py:58: UserWarning: Warning: The /usr/local/Ascend/cann-8.5.0 owner does not match the current owner.
  warnings.warn(f"Warning: The {path} owner does not match the current owner.")
/SharePath/chenyupeng/cyp-testtest/llm_test_migrated/lib/python3.10/site-packages/torch_npu/utils/collect_env.py:58: UserWarning: Warning: The /usr/local/Ascend/cann-8.5.0/aarch64-linux/ascend_ops_install.info owner does not match the current owner.
  warnings.warn(f"Warning: The {path} owner does not match the current owner.")
/SharePath/chenyupeng/cyp-testtest/llm_test_migrated/lib/python3.10/site-packages/torch_npu/utils/collect_env.py:58: UserWarning: Warning: The /usr/local/Ascend/cann-8.5.0/aarch64-linux/ascend_ops_install.info owner does not match the current owner.
  warnings.warn(f"Warning: The {path} owner does not match the current owner.")
/SharePath/chenyupeng/cyp-testtest/llm_test_migrated/lib/python3.10/site-packages/torch_npu/utils/collect_env.py:58: UserWarning: Warning: The /usr/local/Ascend/cann-8.5.0 owner does not match the current owner.
  warnings.warn(f"Warning: The {path} owner does not match the current owner.")
/SharePath/chenyupeng/cyp-testtest/llm_test_migrated/lib/python3.10/site-packages/torch_npu/utils/collect_env.py:58: UserWarning: Warning: The /usr/local/Ascend/cann-8.5.0/aarch64-linux/ascend_ops_install.info owner does not match the current owner.
  warnings.warn(f"Warning: The {path} owner does not match the current owner.")
/SharePath/chenyupeng/cyp-testtest/llm_test_migrated/lib/python3.10/site-packages/torch_npu/utils/collect_env.py:58: UserWarning: Warning: The /usr/local/Ascend/cann-8.5.0 owner does not match the current owner.
  warnings.warn(f"Warning: The {path} owner does not match the current owner.")
/SharePath/chenyupeng/cyp-testtest/llm_test_migrated/lib/python3.10/site-packages/torch_npu/utils/collect_env.py:58: UserWarning: Warning: The /usr/local/Ascend/cann-8.5.0/aarch64-linux/ascend_ops_install.info owner does not match the current owner.
  warnings.warn(f"Warning: The {path} owner does not match the current owner.")
/SharePath/chenyupeng/cyp-testtest/llm_test_migrated/lib/python3.10/site-packages/torch_npu/utils/collect_env.py:58: UserWarning: Warning: The /usr/local/Ascend/cann-8.5.0 owner does not match the current owner.
  warnings.warn(f"Warning: The {path} owner does not match the current owner.")
/SharePath/chenyupeng/cyp-testtest/llm_test_migrated/lib/python3.10/site-packages/torch_npu/utils/collect_env.py:58: UserWarning: Warning: The /usr/local/Ascend/cann-8.5.0/aarch64-linux/ascend_ops_install.info owner does not match the current owner.
  warnings.warn(f"Warning: The {path} owner does not match the current owner.")
/SharePath/chenyupeng/cyp-testtest/llm_test_migrated/lib/python3.10/site-packages/torch_npu/utils/collect_env.py:58: UserWarning: Warning: The /usr/local/Ascend/cann-8.5.0 owner does not match the current owner.
  warnings.warn(f"Warning: The {path} owner does not match the current owner.")
/SharePath/chenyupeng/cyp-testtest/llm_test_migrated/lib/python3.10/site-packages/torch_npu/utils/collect_env.py:58: UserWarning: Warning: The /usr/local/Ascend/cann-8.5.0/aarch64-linux/ascend_ops_install.info owner does not match the current owner.
  warnings.warn(f"Warning: The {path} owner does not match the current owner.")
/SharePath/chenyupeng/cyp-testtest/llm_test_migrated/lib/python3.10/site-packages/torch_npu/utils/collect_env.py:58: UserWarning: Warning: The /usr/local/Ascend/cann-8.5.0 owner does not match the current owner.
  warnings.warn(f"Warning: The {path} owner does not match the current owner.")
/SharePath/chenyupeng/cyp-testtest/llm_test_migrated/lib/python3.10/site-packages/torch_npu/utils/collect_env.py:58: UserWarning: Warning: The /usr/local/Ascend/cann-8.5.0/aarch64-linux/ascend_ops_install.info owner does not match the current owner.
  warnings.warn(f"Warning: The {path} owner does not match the current owner.")
/SharePath/chenyupeng/cyp-testtest/llm_test_migrated/lib/python3.10/site-packages/torch_npu/utils/collect_env.py:58: UserWarning: Warning: The /usr/local/Ascend/cann-8.5.0 owner does not match the current owner.
  warnings.warn(f"Warning: The {path} owner does not match the current owner.")
/SharePath/chenyupeng/cyp-testtest/llm_test_migrated/lib/python3.10/site-packages/torch_npu/utils/collect_env.py:58: UserWarning: Warning: The /usr/local/Ascend/cann-8.5.0 owner does not match the current owner.
  warnings.warn(f"Warning: The {path} owner does not match the current owner.")
/SharePath/chenyupeng/cyp-testtest/llm_test_migrated/lib/python3.10/site-packages/torch_npu/utils/collect_env.py:58: UserWarning: Warning: The /usr/local/Ascend/cann-8.5.0 owner does not match the current owner.
  warnings.warn(f"Warning: The {path} owner does not match the current owner.")
/SharePath/chenyupeng/cyp-testtest/llm_test_migrated/lib/python3.10/site-packages/torch_npu/utils/collect_env.py:58: UserWarning: Warning: The /usr/local/Ascend/cann-8.5.0/aarch64-linux/ascend_ops_install.info owner does not match the current owner.
  warnings.warn(f"Warning: The {path} owner does not match the current owner.")
/SharePath/chenyupeng/cyp-testtest/llm_test_migrated/lib/python3.10/site-packages/torch_npu/utils/collect_env.py:58: UserWarning: Warning: The /usr/local/Ascend/cann-8.5.0/aarch64-linux/ascend_ops_install.info owner does not match the current owner.
  warnings.warn(f"Warning: The {path} owner does not match the current owner.")
/SharePath/chenyupeng/cyp-testtest/llm_test_migrated/lib/python3.10/site-packages/torch_npu/utils/collect_env.py:58: UserWarning: Warning: The /usr/local/Ascend/cann-8.5.0/aarch64-linux/ascend_ops_install.info owner does not match the current owner.
  warnings.warn(f"Warning: The {path} owner does not match the current owner.")
/SharePath/chenyupeng/cyp-testtest/llm_test_migrated/lib/python3.10/site-packages/torch_npu/utils/collect_env.py:58: UserWarning: Warning: The /usr/local/Ascend/cann-8.5.0 owner does not match the current owner.
  warnings.warn(f"Warning: The {path} owner does not match the current owner.")
/SharePath/chenyupeng/cyp-testtest/llm_test_migrated/lib/python3.10/site-packages/torch_npu/utils/collect_env.py:58: UserWarning: Warning: The /usr/local/Ascend/cann-8.5.0/aarch64-linux/ascend_ops_install.info owner does not match the current owner.
  warnings.warn(f"Warning: The {path} owner does not match the current owner.")
/SharePath/chenyupeng/cyp-testtest/llm_test_migrated/lib/python3.10/site-packages/torch_npu/utils/collect_env.py:58: UserWarning: Warning: The /usr/local/Ascend/cann-8.5.0 owner does not match the current owner.
  warnings.warn(f"Warning: The {path} owner does not match the current owner.")
/SharePath/chenyupeng/cyp-testtest/llm_test_migrated/lib/python3.10/site-packages/torch_npu/utils/collect_env.py:58: UserWarning: Warning: The /usr/local/Ascend/cann-8.5.0/aarch64-linux/ascend_ops_install.info owner does not match the current owner.
  warnings.warn(f"Warning: The {path} owner does not match the current owner.")
/SharePath/chenyupeng/cyp-testtest/llm_test_migrated/lib/python3.10/site-packages/torch_npu/utils/collect_env.py:58: UserWarning: Warning: The /usr/local/Ascend/cann-8.5.0 owner does not match the current owner.
  warnings.warn(f"Warning: The {path} owner does not match the current owner.")
/SharePath/chenyupeng/cyp-testtest/llm_test_migrated/lib/python3.10/site-packages/torch_npu/utils/collect_env.py:58: UserWarning: Warning: The /usr/local/Ascend/cann-8.5.0/aarch64-linux/ascend_ops_install.info owner does not match the current owner.
  warnings.warn(f"Warning: The {path} owner does not match the current owner.")
/SharePath/chenyupeng/cyp-testtest/llm_test_migrated/lib/python3.10/site-packages/torch_npu/utils/collect_env.py:58: UserWarning: Warning: The /usr/local/Ascend/cann-8.5.0 owner does not match the current owner.
  warnings.warn(f"Warning: The {path} owner does not match the current owner.")
/SharePath/chenyupeng/cyp-testtest/llm_test_migrated/lib/python3.10/site-packages/torch_npu/utils/collect_env.py:58: UserWarning: Warning: The /usr/local/Ascend/cann-8.5.0/aarch64-linux/ascend_ops_install.info owner does not match the current owner.
  warnings.warn(f"Warning: The {path} owner does not match the current owner.")
/SharePath/chenyupeng/cyp-testtest/llm_test_migrated/lib/python3.10/site-packages/torch_npu/utils/collect_env.py:58: UserWarning: Warning: The /usr/local/Ascend/cann-8.5.0 owner does not match the current owner.
  warnings.warn(f"Warning: The {path} owner does not match the current owner.")
/SharePath/chenyupeng/cyp-testtest/llm_test_migrated/lib/python3.10/site-packages/torch_npu/utils/collect_env.py:58: UserWarning: Warning: The /usr/local/Ascend/cann-8.5.0/aarch64-linux/ascend_ops_install.info owner does not match the current owner.
  warnings.warn(f"Warning: The {path} owner does not match the current owner.")
/SharePath/chenyupeng/cyp-testtest/llm_test_migrated/lib/python3.10/site-packages/torch_npu/utils/collect_env.py:58: UserWarning: Warning: The /usr/local/Ascend/cann-8.5.0 owner does not match the current owner.
  warnings.warn(f"Warning: The {path} owner does not match the current owner.")
/SharePath/chenyupeng/cyp-testtest/llm_test_migrated/lib/python3.10/site-packages/torch_npu/utils/collect_env.py:58: UserWarning: Warning: The /usr/local/Ascend/cann-8.5.0/aarch64-linux/ascend_ops_install.info owner does not match the current owner.
  warnings.warn(f"Warning: The {path} owner does not match the current owner.")
/SharePath/chenyupeng/cyp-testtest/llm_test_migrated/lib/python3.10/site-packages/torch_npu/utils/collect_env.py:58: UserWarning: Warning: The /usr/local/Ascend/cann-8.5.0 owner does not match the current owner.
  warnings.warn(f"Warning: The {path} owner does not match the current owner.")
/SharePath/chenyupeng/cyp-testtest/llm_test_migrated/lib/python3.10/site-packages/torch_npu/utils/collect_env.py:58: UserWarning: Warning: The /usr/local/Ascend/cann-8.5.0/aarch64-linux/ascend_ops_install.info owner does not match the current owner.
  warnings.warn(f"Warning: The {path} owner does not match the current owner.")
/SharePath/chenyupeng/cyp-testtest/llm_test_migrated/lib/python3.10/site-packages/torch_npu/utils/collect_env.py:58: UserWarning: Warning: The /usr/local/Ascend/cann-8.5.0 owner does not match the current owner.
  warnings.warn(f"Warning: The {path} owner does not match the current owner.")
/SharePath/chenyupeng/cyp-testtest/llm_test_migrated/lib/python3.10/site-packages/torch_npu/utils/collect_env.py:58: UserWarning: Warning: The /usr/local/Ascend/cann-8.5.0/aarch64-linux/ascend_ops_install.info owner does not match the current owner.
  warnings.warn(f"Warning: The {path} owner does not match the current owner.")
/SharePath/chenyupeng/cyp-testtest/llm_test_migrated/lib/python3.10/site-packages/torch_npu/utils/collect_env.py:58: UserWarning: Warning: The /usr/local/Ascend/cann-8.5.0 owner does not match the current owner.
  warnings.warn(f"Warning: The {path} owner does not match the current owner.")
/SharePath/chenyupeng/cyp-testtest/llm_test_migrated/lib/python3.10/site-packages/torch_npu/utils/collect_env.py:58: UserWarning: Warning: The /usr/local/Ascend/cann-8.5.0/aarch64-linux/ascend_ops_install.info owner does not match the current owner.
  warnings.warn(f"Warning: The {path} owner does not match the current owner.")
/SharePath/chenyupeng/cyp-testtest/llm_test_migrated/lib/python3.10/site-packages/torch_npu/utils/collect_env.py:58: UserWarning: Warning: The /usr/local/Ascend/cann-8.5.0 owner does not match the current owner.
  warnings.warn(f"Warning: The {path} owner does not match the current owner.")
/SharePath/chenyupeng/cyp-testtest/llm_test_migrated/lib/python3.10/site-packages/torch_npu/utils/collect_env.py:58: UserWarning: Warning: The /usr/local/Ascend/cann-8.5.0/aarch64-linux/ascend_ops_install.info owner does not match the current owner.
  warnings.warn(f"Warning: The {path} owner does not match the current owner.")
/SharePath/chenyupeng/cyp-testtest/llm_test_migrated/lib/python3.10/site-packages/torch_npu/utils/collect_env.py:58: UserWarning: Warning: The /usr/local/Ascend/cann-8.5.0 owner does not match the current owner.
  warnings.warn(f"Warning: The {path} owner does not match the current owner.")
/SharePath/chenyupeng/cyp-testtest/llm_test_migrated/lib/python3.10/site-packages/torch_npu/utils/collect_env.py:58: UserWarning: Warning: The /usr/local/Ascend/cann-8.5.0/aarch64-linux/ascend_ops_install.info owner does not match the current owner.
  warnings.warn(f"Warning: The {path} owner does not match the current owner.")
/SharePath/chenyupeng/cyp-testtest/llm_test_migrated/lib/python3.10/site-packages/torch_npu/utils/collect_env.py:58: UserWarning: Warning: The /usr/local/Ascend/cann-8.5.0 owner does not match the current owner.
  warnings.warn(f"Warning: The {path} owner does not match the current owner.")
/SharePath/chenyupeng/cyp-testtest/llm_test_migrated/lib/python3.10/site-packages/torch_npu/utils/collect_env.py:58: UserWarning: Warning: The /usr/local/Ascend/cann-8.5.0/aarch64-linux/ascend_ops_install.info owner does not match the current owner.
  warnings.warn(f"Warning: The {path} owner does not match the current owner.")
/SharePath/chenyupeng/cyp-testtest/llm_test_migrated/lib/python3.10/site-packages/torch_npu/utils/collect_env.py:58: UserWarning: Warning: The /usr/local/Ascend/cann-8.5.0 owner does not match the current owner.
  warnings.warn(f"Warning: The {path} owner does not match the current owner.")
/SharePath/chenyupeng/cyp-testtest/llm_test_migrated/lib/python3.10/site-packages/torch_npu/utils/collect_env.py:58: UserWarning: Warning: The /usr/local/Ascend/cann-8.5.0/aarch64-linux/ascend_ops_install.info owner does not match the current owner.
  warnings.warn(f"Warning: The {path} owner does not match the current owner.")
/SharePath/chenyupeng/cyp-testtest/llm_test_migrated/lib/python3.10/site-packages/torch_npu/utils/collect_env.py:58: UserWarning: Warning: The /usr/local/Ascend/cann-8.5.0 owner does not match the current owner.
  warnings.warn(f"Warning: The {path} owner does not match the current owner.")
/SharePath/chenyupeng/cyp-testtest/llm_test_migrated/lib/python3.10/site-packages/torch_npu/utils/collect_env.py:58: UserWarning: Warning: The /usr/local/Ascend/cann-8.5.0/aarch64-linux/ascend_ops_install.info owner does not match the current owner.
  warnings.warn(f"Warning: The {path} owner does not match the current owner.")
/SharePath/chenyupeng/cyp-testtest/llm_test_migrated/lib/python3.10/site-packages/torch_npu/utils/collect_env.py:58: UserWarning: Warning: The /usr/local/Ascend/cann-8.5.0 owner does not match the current owner.
  warnings.warn(f"Warning: The {path} owner does not match the current owner.")
/SharePath/chenyupeng/cyp-testtest/llm_test_migrated/lib/python3.10/site-packages/torch_npu/utils/collect_env.py:58: UserWarning: Warning: The /usr/local/Ascend/cann-8.5.0/aarch64-linux/ascend_ops_install.info owner does not match the current owner.
  warnings.warn(f"Warning: The {path} owner does not match the current owner.")
/SharePath/chenyupeng/cyp-testtest/llm_test_migrated/lib/python3.10/site-packages/torch_npu/utils/collect_env.py:58: UserWarning: Warning: The /usr/local/Ascend/cann-8.5.0 owner does not match the current owner.
  warnings.warn(f"Warning: The {path} owner does not match the current owner.")
/SharePath/chenyupeng/cyp-testtest/llm_test_migrated/lib/python3.10/site-packages/torch_npu/utils/collect_env.py:58: UserWarning: Warning: The /usr/local/Ascend/cann-8.5.0/aarch64-linux/ascend_ops_install.info owner does not match the current owner.
  warnings.warn(f"Warning: The {path} owner does not match the current owner.")
/SharePath/chenyupeng/cyp-testtest/llm_test_migrated/lib/python3.10/site-packages/torch_npu/utils/collect_env.py:58: UserWarning: Warning: The /usr/local/Ascend/cann-8.5.0 owner does not match the current owner.
  warnings.warn(f"Warning: The {path} owner does not match the current owner.")
/SharePath/chenyupeng/cyp-testtest/llm_test_migrated/lib/python3.10/site-packages/torch_npu/utils/collect_env.py:58: UserWarning: Warning: The /usr/local/Ascend/cann-8.5.0/aarch64-linux/ascend_ops_install.info owner does not match the current owner.
  warnings.warn(f"Warning: The {path} owner does not match the current owner.")
/SharePath/chenyupeng/cyp-testtest/llm_test_migrated/lib/python3.10/site-packages/torch_npu/utils/collect_env.py:58: UserWarning: Warning: The /usr/local/Ascend/cann-8.5.0 owner does not match the current owner.
  warnings.warn(f"Warning: The {path} owner does not match the current owner.")
/SharePath/chenyupeng/cyp-testtest/llm_test_migrated/lib/python3.10/site-packages/torch_npu/utils/collect_env.py:58: UserWarning: Warning: The /usr/local/Ascend/cann-8.5.0/aarch64-linux/ascend_ops_install.info owner does not match the current owner.
  warnings.warn(f"Warning: The {path} owner does not match the current owner.")
/SharePath/chenyupeng/cyp-testtest/llm_test_migrated/lib/python3.10/site-packages/torch_npu/utils/collect_env.py:58: UserWarning: Warning: The /usr/local/Ascend/cann-8.5.0 owner does not match the current owner.
  warnings.warn(f"Warning: The {path} owner does not match the current owner.")
/SharePath/chenyupeng/cyp-testtest/llm_test_migrated/lib/python3.10/site-packages/torch_npu/utils/collect_env.py:58: UserWarning: Warning: The /usr/local/Ascend/cann-8.5.0/aarch64-linux/ascend_ops_install.info owner does not match the current owner.
  warnings.warn(f"Warning: The {path} owner does not match the current owner.")
/SharePath/chenyupeng/cyp-testtest/llm_test_migrated/lib/python3.10/site-packages/torch_npu/utils/collect_env.py:58: UserWarning: Warning: The /usr/local/Ascend/cann-8.5.0 owner does not match the current owner.
  warnings.warn(f"Warning: The {path} owner does not match the current owner.")
/SharePath/chenyupeng/cyp-testtest/llm_test_migrated/lib/python3.10/site-packages/torch_npu/utils/collect_env.py:58: UserWarning: Warning: The /usr/local/Ascend/cann-8.5.0/aarch64-linux/ascend_ops_install.info owner does not match the current owner.
  warnings.warn(f"Warning: The {path} owner does not match the current owner.")
/SharePath/chenyupeng/cyp-testtest/llm_test_migrated/lib/python3.10/site-packages/torch_npu/utils/collect_env.py:58: UserWarning: Warning: The /usr/local/Ascend/cann-8.5.0 owner does not match the current owner.
  warnings.warn(f"Warning: The {path} owner does not match the current owner.")
/SharePath/chenyupeng/cyp-testtest/llm_test_migrated/lib/python3.10/site-packages/torch_npu/utils/collect_env.py:58: UserWarning: Warning: The /usr/local/Ascend/cann-8.5.0/aarch64-linux/ascend_ops_install.info owner does not match the current owner.
  warnings.warn(f"Warning: The {path} owner does not match the current owner.")
/SharePath/chenyupeng/cyp-testtest/llm_test_migrated/lib/python3.10/site-packages/torch/autograd/__init__.py:221: UserWarning: Cannot create tensor with interal format while allow_internel_format=False, tensor will be created with base format. (Triggered internally at build/CMakeFiles/torch_npu.dir/compiler_depend.ts:338.)
  torch.ones_like(out, memory_format=torch.preserve_format)
/SharePath/chenyupeng/cyp-testtest/llm_test_migrated/lib/python3.10/site-packages/torch/autograd/__init__.py:221: UserWarning: Cannot create tensor with interal format while allow_internel_format=False, tensor will be created with base format. (Triggered internally at build/CMakeFiles/torch_npu.dir/compiler_depend.ts:338.)
  torch.ones_like(out, memory_format=torch.preserve_format)
/SharePath/chenyupeng/cyp-testtest/llm_test_migrated/lib/python3.10/site-packages/torch/autograd/__init__.py:221: UserWarning: Cannot create tensor with interal format while allow_internel_format=False, tensor will be created with base format. (Triggered internally at build/CMakeFiles/torch_npu.dir/compiler_depend.ts:338.)
  torch.ones_like(out, memory_format=torch.preserve_format)
/SharePath/chenyupeng/cyp-testtest/llm_test_migrated/lib/python3.10/site-packages/torch/autograd/__init__.py:221: UserWarning: Cannot create tensor with interal format while allow_internel_format=False, tensor will be created with base format. (Triggered internally at build/CMakeFiles/torch_npu.dir/compiler_depend.ts:338.)
  torch.ones_like(out, memory_format=torch.preserve_format)
/SharePath/chenyupeng/cyp-testtest/llm_test_migrated/lib/python3.10/site-packages/torch/autograd/__init__.py:221: UserWarning: Cannot create tensor with interal format while allow_internel_format=False, tensor will be created with base format. (Triggered internally at build/CMakeFiles/torch_npu.dir/compiler_depend.ts:338.)
  torch.ones_like(out, memory_format=torch.preserve_format)
/SharePath/chenyupeng/cyp-testtest/llm_test_migrated/lib/python3.10/site-packages/torch/autograd/__init__.py:221: UserWarning: Cannot create tensor with interal format while allow_internel_format=False, tensor will be created with base format. (Triggered internally at build/CMakeFiles/torch_npu.dir/compiler_depend.ts:338.)
  torch.ones_like(out, memory_format=torch.preserve_format)
/SharePath/chenyupeng/cyp-testtest/llm_test_migrated/lib/python3.10/site-packages/torch/autograd/__init__.py:221: UserWarning: Cannot create tensor with interal format while allow_internel_format=False, tensor will be created with base format. (Triggered internally at build/CMakeFiles/torch_npu.dir/compiler_depend.ts:338.)
  torch.ones_like(out, memory_format=torch.preserve_format)
/SharePath/chenyupeng/cyp-testtest/llm_test_migrated/lib/python3.10/site-packages/torch/autograd/__init__.py:221: UserWarning: Cannot create tensor with interal format while allow_internel_format=False, tensor will be created with base format. (Triggered internally at build/CMakeFiles/torch_npu.dir/compiler_depend.ts:338.)
  torch.ones_like(out, memory_format=torch.preserve_format)
/SharePath/chenyupeng/cyp-testtest/llm_test_migrated/lib/python3.10/site-packages/torch/autograd/__init__.py:221: UserWarning: Cannot create tensor with interal format while allow_internel_format=False, tensor will be created with base format. (Triggered internally at build/CMakeFiles/torch_npu.dir/compiler_depend.ts:338.)
  torch.ones_like(out, memory_format=torch.preserve_format)
/SharePath/chenyupeng/cyp-testtest/llm_test_migrated/lib/python3.10/site-packages/torch/autograd/__init__.py:221: UserWarning: Cannot create tensor with interal format while allow_internel_format=False, tensor will be created with base format. (Triggered internally at build/CMakeFiles/torch_npu.dir/compiler_depend.ts:338.)
  torch.ones_like(out, memory_format=torch.preserve_format)
/SharePath/chenyupeng/cyp-testtest/llm_test_migrated/lib/python3.10/site-packages/torch/autograd/__init__.py:221: UserWarning: Cannot create tensor with interal format while allow_internel_format=False, tensor will be created with base format. (Triggered internally at build/CMakeFiles/torch_npu.dir/compiler_depend.ts:338.)
  torch.ones_like(out, memory_format=torch.preserve_format)
/SharePath/chenyupeng/cyp-testtest/llm_test_migrated/lib/python3.10/site-packages/torch/autograd/__init__.py:221: UserWarning: Cannot create tensor with interal format while allow_internel_format=False, tensor will be created with base format. (Triggered internally at build/CMakeFiles/torch_npu.dir/compiler_depend.ts:338.)
  torch.ones_like(out, memory_format=torch.preserve_format)
/SharePath/chenyupeng/cyp-testtest/llm_test_migrated/lib/python3.10/site-packages/torch/autograd/__init__.py:221: UserWarning: Cannot create tensor with interal format while allow_internel_format=False, tensor will be created with base format. (Triggered internally at build/CMakeFiles/torch_npu.dir/compiler_depend.ts:338.)
  torch.ones_like(out, memory_format=torch.preserve_format)
/SharePath/chenyupeng/cyp-testtest/llm_test_migrated/lib/python3.10/site-packages/torch/autograd/__init__.py:221: UserWarning: Cannot create tensor with interal format while allow_internel_format=False, tensor will be created with base format. (Triggered internally at build/CMakeFiles/torch_npu.dir/compiler_depend.ts:338.)
  torch.ones_like(out, memory_format=torch.preserve_format)
/SharePath/chenyupeng/cyp-testtest/llm_test_migrated/lib/python3.10/site-packages/torch/autograd/__init__.py:221: UserWarning: Cannot create tensor with interal format while allow_internel_format=False, tensor will be created with base format. (Triggered internally at build/CMakeFiles/torch_npu.dir/compiler_depend.ts:338.)
  torch.ones_like(out, memory_format=torch.preserve_format)
/SharePath/chenyupeng/cyp-testtest/llm_test_migrated/lib/python3.10/site-packages/torch/autograd/__init__.py:221: UserWarning: Cannot create tensor with interal format while allow_internel_format=False, tensor will be created with base format. (Triggered internally at build/CMakeFiles/torch_npu.dir/compiler_depend.ts:338.)
  torch.ones_like(out, memory_format=torch.preserve_format)
/SharePath/chenyupeng/cyp-testtest/llm_test_migrated/lib/python3.10/site-packages/torch_npu/dynamo/torchair/__init__.py:8: UserWarning: pkg_resources is deprecated as an API. See https://setuptools.pypa.io/en/latest/pkg_resources.html. The pkg_resources package is slated for removal as early as 2025-11-30. Refrain from using this package or pin to Setuptools<81.
  import pkg_resources
using device: npu:10
using device: npu:13
using device: npu:3
using device: npu:2
using device: npu:1
using device: npu:12
using device: npu:14
using device: npu:0
Training DataLoader: total number of tokens: 10255324043 across 103 files
Validation DataLoader: total number of tokens: 100000000 across 1 files
using device: npu:5
using device: npu:8
using device: npu:6
using device: npu:7
using device: npu:11
using device: npu:4
using device: npu:15
using device: npu:9
step:0/4578 val_loss:10.8258 train_time:460ms step_avg:nanms
/SharePath/chenyupeng/cyp-testtest/llm_test_migrated/lib/python3.10/site-packages/torch/_functorch/_aot_autograd/utils.py:130: UserWarning: Your compiler for AOTAutograd is returning a function that doesn't take boxed arguments. Please wrap it with functorch.compile.make_boxed_func or handle the boxed arguments yourself. See https://github.com/pytorch/pytorch/pull/83137#issuecomment-1211320670 for rationale.
  warnings.warn(
/SharePath/chenyupeng/cyp-testtest/llm_test_migrated/lib/python3.10/site-packages/torch/_functorch/_aot_autograd/utils.py:130: UserWarning: Your compiler for AOTAutograd is returning a function that doesn't take boxed arguments. Please wrap it with functorch.compile.make_boxed_func or handle the boxed arguments yourself. See https://github.com/pytorch/pytorch/pull/83137#issuecomment-1211320670 for rationale.
  warnings.warn(
/SharePath/chenyupeng/cyp-testtest/llm_test_migrated/lib/python3.10/site-packages/torch/_functorch/_aot_autograd/utils.py:130: UserWarning: Your compiler for AOTAutograd is returning a function that doesn't take boxed arguments. Please wrap it with functorch.compile.make_boxed_func or handle the boxed arguments yourself. See https://github.com/pytorch/pytorch/pull/83137#issuecomment-1211320670 for rationale.
  warnings.warn(
/SharePath/chenyupeng/cyp-testtest/llm_test_migrated/lib/python3.10/site-packages/torch/_functorch/_aot_autograd/utils.py:130: UserWarning: Your compiler for AOTAutograd is returning a function that doesn't take boxed arguments. Please wrap it with functorch.compile.make_boxed_func or handle the boxed arguments yourself. See https://github.com/pytorch/pytorch/pull/83137#issuecomment-1211320670 for rationale.
  warnings.warn(
/SharePath/chenyupeng/cyp-testtest/llm_test_migrated/lib/python3.10/site-packages/torch/_functorch/_aot_autograd/utils.py:130: UserWarning: Your compiler for AOTAutograd is returning a function that doesn't take boxed arguments. Please wrap it with functorch.compile.make_boxed_func or handle the boxed arguments yourself. See https://github.com/pytorch/pytorch/pull/83137#issuecomment-1211320670 for rationale.
  warnings.warn(
/SharePath/chenyupeng/cyp-testtest/llm_test_migrated/lib/python3.10/site-packages/torch/_functorch/_aot_autograd/utils.py:130: UserWarning: Your compiler for AOTAutograd is returning a function that doesn't take boxed arguments. Please wrap it with functorch.compile.make_boxed_func or handle the boxed arguments yourself. See https://github.com/pytorch/pytorch/pull/83137#issuecomment-1211320670 for rationale.
  warnings.warn(
/SharePath/chenyupeng/cyp-testtest/llm_test_migrated/lib/python3.10/site-packages/torch/_functorch/_aot_autograd/utils.py:130: UserWarning: Your compiler for AOTAutograd is returning a function that doesn't take boxed arguments. Please wrap it with functorch.compile.make_boxed_func or handle the boxed arguments yourself. See https://github.com/pytorch/pytorch/pull/83137#issuecomment-1211320670 for rationale.
  warnings.warn(
/SharePath/chenyupeng/cyp-testtest/llm_test_migrated/lib/python3.10/site-packages/torch/_functorch/_aot_autograd/utils.py:130: UserWarning: Your compiler for AOTAutograd is returning a function that doesn't take boxed arguments. Please wrap it with functorch.compile.make_boxed_func or handle the boxed arguments yourself. See https://github.com/pytorch/pytorch/pull/83137#issuecomment-1211320670 for rationale.
  warnings.warn(
/SharePath/chenyupeng/cyp-testtest/llm_test_migrated/lib/python3.10/site-packages/torch/_functorch/_aot_autograd/utils.py:130: UserWarning: Your compiler for AOTAutograd is returning a function that doesn't take boxed arguments. Please wrap it with functorch.compile.make_boxed_func or handle the boxed arguments yourself. See https://github.com/pytorch/pytorch/pull/83137#issuecomment-1211320670 for rationale.
  warnings.warn(
/SharePath/chenyupeng/cyp-testtest/llm_test_migrated/lib/python3.10/site-packages/torch/_functorch/_aot_autograd/utils.py:130: UserWarning: Your compiler for AOTAutograd is returning a function that doesn't take boxed arguments. Please wrap it with functorch.compile.make_boxed_func or handle the boxed arguments yourself. See https://github.com/pytorch/pytorch/pull/83137#issuecomment-1211320670 for rationale.
  warnings.warn(
/SharePath/chenyupeng/cyp-testtest/llm_test_migrated/lib/python3.10/site-packages/torch/_functorch/_aot_autograd/utils.py:130: UserWarning: Your compiler for AOTAutograd is returning a function that doesn't take boxed arguments. Please wrap it with functorch.compile.make_boxed_func or handle the boxed arguments yourself. See https://github.com/pytorch/pytorch/pull/83137#issuecomment-1211320670 for rationale.
  warnings.warn(
/SharePath/chenyupeng/cyp-testtest/llm_test_migrated/lib/python3.10/site-packages/torch/_functorch/_aot_autograd/utils.py:130: UserWarning: Your compiler for AOTAutograd is returning a function that doesn't take boxed arguments. Please wrap it with functorch.compile.make_boxed_func or handle the boxed arguments yourself. See https://github.com/pytorch/pytorch/pull/83137#issuecomment-1211320670 for rationale.
  warnings.warn(
/SharePath/chenyupeng/cyp-testtest/llm_test_migrated/lib/python3.10/site-packages/torch/_functorch/_aot_autograd/utils.py:130: UserWarning: Your compiler for AOTAutograd is returning a function that doesn't take boxed arguments. Please wrap it with functorch.compile.make_boxed_func or handle the boxed arguments yourself. See https://github.com/pytorch/pytorch/pull/83137#issuecomment-1211320670 for rationale.
  warnings.warn(
/SharePath/chenyupeng/cyp-testtest/llm_test_migrated/lib/python3.10/site-packages/torch/_functorch/_aot_autograd/utils.py:130: UserWarning: Your compiler for AOTAutograd is returning a function that doesn't take boxed arguments. Please wrap it with functorch.compile.make_boxed_func or handle the boxed arguments yourself. See https://github.com/pytorch/pytorch/pull/83137#issuecomment-1211320670 for rationale.
  warnings.warn(
/SharePath/chenyupeng/cyp-testtest/llm_test_migrated/lib/python3.10/site-packages/torch/_functorch/_aot_autograd/utils.py:130: UserWarning: Your compiler for AOTAutograd is returning a function that doesn't take boxed arguments. Please wrap it with functorch.compile.make_boxed_func or handle the boxed arguments yourself. See https://github.com/pytorch/pytorch/pull/83137#issuecomment-1211320670 for rationale.
  warnings.warn(
/SharePath/chenyupeng/cyp-testtest/llm_test_migrated/lib/python3.10/site-packages/torch/_functorch/_aot_autograd/utils.py:130: UserWarning: Your compiler for AOTAutograd is returning a function that doesn't take boxed arguments. Please wrap it with functorch.compile.make_boxed_func or handle the boxed arguments yourself. See https://github.com/pytorch/pytorch/pull/83137#issuecomment-1211320670 for rationale.
  warnings.warn(
................../SharePath/chenyupeng/cyp-testtest/llm_test_migrated/lib/python3.10/site-packages/torch/_functorch/_aot_autograd/utils.py:130: UserWarning: Your compiler for AOTAutograd is returning a function that doesn't take boxed arguments. Please wrap it with functorch.compile.make_boxed_func or handle the boxed arguments yourself. See https://github.com/pytorch/pytorch/pull/83137#issuecomment-1211320670 for rationale.
  warnings.warn(
/SharePath/chenyupeng/cyp-testtest/llm_test_migrated/lib/python3.10/site-packages/torch/_functorch/_aot_autograd/utils.py:130: UserWarning: Your compiler for AOTAutograd is returning a function that doesn't take boxed arguments. Please wrap it with functorch.compile.make_boxed_func or handle the boxed arguments yourself. See https://github.com/pytorch/pytorch/pull/83137#issuecomment-1211320670 for rationale.
  warnings.warn(
/SharePath/chenyupeng/cyp-testtest/llm_test_migrated/lib/python3.10/site-packages/torch/_functorch/_aot_autograd/utils.py:130: UserWarning: Your compiler for AOTAutograd is returning a function that doesn't take boxed arguments. Please wrap it with functorch.compile.make_boxed_func or handle the boxed arguments yourself. See https://github.com/pytorch/pytorch/pull/83137#issuecomment-1211320670 for rationale.
  warnings.warn(
/SharePath/chenyupeng/cyp-testtest/llm_test_migrated/lib/python3.10/site-packages/torch/_functorch/_aot_autograd/utils.py:130: UserWarning: Your compiler for AOTAutograd is returning a function that doesn't take boxed arguments. Please wrap it with functorch.compile.make_boxed_func or handle the boxed arguments yourself. See https://github.com/pytorch/pytorch/pull/83137#issuecomment-1211320670 for rationale.
  warnings.warn(
/SharePath/chenyupeng/cyp-testtest/llm_test_migrated/lib/python3.10/site-packages/torch/_functorch/_aot_autograd/utils.py:130: UserWarning: Your compiler for AOTAutograd is returning a function that doesn't take boxed arguments. Please wrap it with functorch.compile.make_boxed_func or handle the boxed arguments yourself. See https://github.com/pytorch/pytorch/pull/83137#issuecomment-1211320670 for rationale.
  warnings.warn(
/SharePath/chenyupeng/cyp-testtest/llm_test_migrated/lib/python3.10/site-packages/torch/_functorch/_aot_autograd/utils.py:130: UserWarning: Your compiler for AOTAutograd is returning a function that doesn't take boxed arguments. Please wrap it with functorch.compile.make_boxed_func or handle the boxed arguments yourself. See https://github.com/pytorch/pytorch/pull/83137#issuecomment-1211320670 for rationale.
  warnings.warn(
/SharePath/chenyupeng/cyp-testtest/llm_test_migrated/lib/python3.10/site-packages/torch/_functorch/_aot_autograd/utils.py:130: UserWarning: Your compiler for AOTAutograd is returning a function that doesn't take boxed arguments. Please wrap it with functorch.compile.make_boxed_func or handle the boxed arguments yourself. See https://github.com/pytorch/pytorch/pull/83137#issuecomment-1211320670 for rationale.
  warnings.warn(
......../SharePath/chenyupeng/cyp-testtest/llm_test_migrated/lib/python3.10/site-packages/torch/_functorch/_aot_autograd/utils.py:130: UserWarning: Your compiler for AOTAutograd is returning a function that doesn't take boxed arguments. Please wrap it with functorch.compile.make_boxed_func or handle the boxed arguments yourself. See https://github.com/pytorch/pytorch/pull/83137#issuecomment-1211320670 for rationale.
  warnings.warn(
/SharePath/chenyupeng/cyp-testtest/llm_test_migrated/lib/python3.10/site-packages/torch/_functorch/_aot_autograd/utils.py:130: UserWarning: Your compiler for AOTAutograd is returning a function that doesn't take boxed arguments. Please wrap it with functorch.compile.make_boxed_func or handle the boxed arguments yourself. See https://github.com/pytorch/pytorch/pull/83137#issuecomment-1211320670 for rationale.
  warnings.warn(
/SharePath/chenyupeng/cyp-testtest/llm_test_migrated/lib/python3.10/site-packages/torch/_functorch/_aot_autograd/utils.py:130: UserWarning: Your compiler for AOTAutograd is returning a function that doesn't take boxed arguments. Please wrap it with functorch.compile.make_boxed_func or handle the boxed arguments yourself. See https://github.com/pytorch/pytorch/pull/83137#issuecomment-1211320670 for rationale.
  warnings.warn(
/SharePath/chenyupeng/cyp-testtest/llm_test_migrated/lib/python3.10/site-packages/torch/_functorch/_aot_autograd/utils.py:130: UserWarning: Your compiler for AOTAutograd is returning a function that doesn't take boxed arguments. Please wrap it with functorch.compile.make_boxed_func or handle the boxed arguments yourself. See https://github.com/pytorch/pytorch/pull/83137#issuecomment-1211320670 for rationale.
  warnings.warn(
/SharePath/chenyupeng/cyp-testtest/llm_test_migrated/lib/python3.10/site-packages/torch/_functorch/_aot_autograd/utils.py:130: UserWarning: Your compiler for AOTAutograd is returning a function that doesn't take boxed arguments. Please wrap it with functorch.compile.make_boxed_func or handle the boxed arguments yourself. See https://github.com/pytorch/pytorch/pull/83137#issuecomment-1211320670 for rationale.
  warnings.warn(
/SharePath/chenyupeng/cyp-testtest/llm_test_migrated/lib/python3.10/site-packages/torch/_functorch/_aot_autograd/utils.py:130: UserWarning: Your compiler for AOTAutograd is returning a function that doesn't take boxed arguments. Please wrap it with functorch.compile.make_boxed_func or handle the boxed arguments yourself. See https://github.com/pytorch/pytorch/pull/83137#issuecomment-1211320670 for rationale.
  warnings.warn(
/SharePath/chenyupeng/cyp-testtest/llm_test_migrated/lib/python3.10/site-packages/torch/_functorch/_aot_autograd/utils.py:130: UserWarning: Your compiler for AOTAutograd is returning a function that doesn't take boxed arguments. Please wrap it with functorch.compile.make_boxed_func or handle the boxed arguments yourself. See https://github.com/pytorch/pytorch/pull/83137#issuecomment-1211320670 for rationale.
  warnings.warn(
step:1/4578 train_loss:10.8258 train_time:13328ms step_avg:nanms
/SharePath/chenyupeng/cyp-testtest/llm_test_migrated/lib/python3.10/site-packages/torch/_functorch/_aot_autograd/utils.py:130: UserWarning: Your compiler for AOTAutograd is returning a function that doesn't take boxed arguments. Please wrap it with functorch.compile.make_boxed_func or handle the boxed arguments yourself. See https://github.com/pytorch/pytorch/pull/83137#issuecomment-1211320670 for rationale.
  warnings.warn(
/SharePath/chenyupeng/cyp-testtest/llm_test_migrated/lib/python3.10/site-packages/torch/_functorch/_aot_autograd/utils.py:130: UserWarning: Your compiler for AOTAutograd is returning a function that doesn't take boxed arguments. Please wrap it with functorch.compile.make_boxed_func or handle the boxed arguments yourself. See https://github.com/pytorch/pytorch/pull/83137#issuecomment-1211320670 for rationale.
  warnings.warn(
step:2/4578 train_loss:10.4292 train_time:18304ms step_avg:nanms
step:3/4578 train_loss:9.8831 train_time:18558ms step_avg:nanms
step:4/4578 train_loss:8.9843 train_time:18829ms step_avg:nanms
step:5/4578 train_loss:8.1147 train_time:19102ms step_avg:nanms
step:6/4578 train_loss:7.5721 train_time:19365ms step_avg:nanms
step:7/4578 train_loss:7.0902 train_time:19633ms step_avg:nanms
step:8/4578 train_loss:6.9510 train_time:19903ms step_avg:nanms
step:9/4578 train_loss:7.0354 train_time:20169ms step_avg:nanms
step:10/4578 train_loss:6.7756 train_time:20437ms step_avg:nanms
step:11/4578 train_loss:6.8114 train_time:52ms step_avg:nanms
step:12/4578 train_loss:6.5700 train_time:314ms step_avg:nanms
step:13/4578 train_loss:6.6546 train_time:581ms step_avg:193.81ms
step:14/4578 train_loss:6.4904 train_time:853ms step_avg:213.21ms
step:15/4578 train_loss:6.4403 train_time:1118ms step_avg:223.60ms
step:16/4578 train_loss:6.3735 train_time:1389ms step_avg:231.44ms
step:17/4578 train_loss:6.5662 train_time:1652ms step_avg:236.03ms
step:18/4578 train_loss:6.5633 train_time:1926ms step_avg:240.78ms
step:19/4578 train_loss:6.4385 train_time:2191ms step_avg:243.43ms
step:20/4578 train_loss:6.5055 train_time:2460ms step_avg:246.03ms
step:21/4578 train_loss:6.2339 train_time:2729ms step_avg:248.05ms
step:22/4578 train_loss:6.3202 train_time:2994ms step_avg:249.54ms
step:23/4578 train_loss:6.8708 train_time:3264ms step_avg:251.10ms
step:24/4578 train_loss:6.2596 train_time:3536ms step_avg:252.55ms
step:25/4578 train_loss:6.7328 train_time:3805ms step_avg:253.65ms
step:26/4578 train_loss:6.1470 train_time:4066ms step_avg:254.13ms
step:27/4578 train_loss:6.0233 train_time:4338ms step_avg:255.18ms
step:28/4578 train_loss:6.3656 train_time:4603ms step_avg:255.71ms
step:29/4578 train_loss:5.7416 train_time:4876ms step_avg:256.64ms
step:30/4578 train_loss:6.1053 train_time:5145ms step_avg:257.23ms
step:31/4578 train_loss:6.1231 train_time:5411ms step_avg:257.66ms
step:32/4578 train_loss:5.8239 train_time:5683ms step_avg:258.31ms
step:33/4578 train_loss:5.9634 train_time:5947ms step_avg:258.57ms
step:34/4578 train_loss:6.1142 train_time:6216ms step_avg:258.98ms
step:35/4578 train_loss:6.1472 train_time:6490ms step_avg:259.61ms
step:36/4578 train_loss:6.1728 train_time:6758ms step_avg:259.94ms
step:37/4578 train_loss:6.0150 train_time:7027ms step_avg:260.26ms
step:38/4578 train_loss:6.0734 train_time:7296ms step_avg:260.56ms
step:39/4578 train_loss:5.7724 train_time:7559ms step_avg:260.66ms
step:40/4578 train_loss:5.8594 train_time:7827ms step_avg:260.91ms
step:41/4578 train_loss:5.7562 train_time:8096ms step_avg:261.16ms
step:42/4578 train_loss:5.8445 train_time:8369ms step_avg:261.55ms
step:43/4578 train_loss:5.4549 train_time:8638ms step_avg:261.76ms
step:44/4578 train_loss:5.8660 train_time:8901ms step_avg:261.81ms
step:45/4578 train_loss:5.7850 train_time:9170ms step_avg:261.99ms
step:46/4578 train_loss:5.7887 train_time:9438ms step_avg:262.18ms
step:47/4578 train_loss:5.7031 train_time:9705ms step_avg:262.29ms
step:48/4578 train_loss:5.5583 train_time:9976ms step_avg:262.53ms
step:49/4578 train_loss:5.7205 train_time:10238ms step_avg:262.52ms
step:50/4578 train_loss:5.4868 train_time:10513ms step_avg:262.83ms
step:51/4578 train_loss:5.7129 train_time:10783ms step_avg:262.99ms
step:52/4578 train_loss:5.6914 train_time:11048ms step_avg:263.05ms
step:53/4578 train_loss:5.5646 train_time:11313ms step_avg:263.10ms
step:54/4578 train_loss:5.5840 train_time:11584ms step_avg:263.27ms
step:55/4578 train_loss:5.5212 train_time:11851ms step_avg:263.35ms
step:56/4578 train_loss:5.8373 train_time:12117ms step_avg:263.41ms
step:57/4578 train_loss:5.5956 train_time:12384ms step_avg:263.49ms
step:58/4578 train_loss:5.3760 train_time:12655ms step_avg:263.65ms
step:59/4578 train_loss:5.6322 train_time:12927ms step_avg:263.82ms
step:60/4578 train_loss:5.4738 train_time:13197ms step_avg:263.94ms
step:61/4578 train_loss:5.6817 train_time:13464ms step_avg:264.00ms
step:62/4578 train_loss:5.3222 train_time:13735ms step_avg:264.14ms
step:63/4578 train_loss:5.5353 train_time:14009ms step_avg:264.31ms
step:64/4578 train_loss:5.4802 train_time:14268ms step_avg:264.22ms
step:65/4578 train_loss:4.9223 train_time:14543ms step_avg:264.42ms
step:66/4578 train_loss:5.3784 train_time:14806ms step_avg:264.40ms
step:67/4578 train_loss:5.5134 train_time:15074ms step_avg:264.46ms
step:68/4578 train_loss:5.3013 train_time:15345ms step_avg:264.56ms
step:69/4578 train_loss:5.6334 train_time:15604ms step_avg:264.48ms
step:70/4578 train_loss:5.1487 train_time:15877ms step_avg:264.62ms
step:71/4578 train_loss:5.2677 train_time:16146ms step_avg:264.68ms
step:72/4578 train_loss:5.2381 train_time:16416ms step_avg:264.77ms
step:73/4578 train_loss:5.4177 train_time:16687ms step_avg:264.87ms
step:74/4578 train_loss:5.1369 train_time:16952ms step_avg:264.88ms
step:75/4578 train_loss:5.5797 train_time:17222ms step_avg:264.96ms
step:76/4578 train_loss:5.3144 train_time:17493ms step_avg:265.04ms
step:77/4578 train_loss:5.3230 train_time:17758ms step_avg:265.04ms
step:78/4578 train_loss:5.4468 train_time:18029ms step_avg:265.14ms
step:79/4578 train_loss:5.0305 train_time:18300ms step_avg:265.22ms
step:80/4578 train_loss:5.3342 train_time:18563ms step_avg:265.18ms
step:81/4578 train_loss:5.2881 train_time:18838ms step_avg:265.32ms
step:82/4578 train_loss:5.1166 train_time:19103ms step_avg:265.32ms
step:83/4578 train_loss:5.2104 train_time:19376ms step_avg:265.43ms
step:84/4578 train_loss:5.2016 train_time:19637ms step_avg:265.37ms
step:85/4578 train_loss:5.0542 train_time:19906ms step_avg:265.41ms
step:86/4578 train_loss:5.0941 train_time:20176ms step_avg:265.47ms
step:87/4578 train_loss:5.3283 train_time:20440ms step_avg:265.46ms
step:88/4578 train_loss:5.1656 train_time:20708ms step_avg:265.48ms
step:89/4578 train_loss:5.2496 train_time:20977ms step_avg:265.53ms
step:90/4578 train_loss:5.3464 train_time:21250ms step_avg:265.63ms
step:91/4578 train_loss:5.0871 train_time:21516ms step_avg:265.63ms
step:92/4578 train_loss:5.2661 train_time:21786ms step_avg:265.68ms
step:93/4578 train_loss:5.3184 train_time:22052ms step_avg:265.68ms
step:94/4578 train_loss:5.0665 train_time:22326ms step_avg:265.79ms
step:95/4578 train_loss:5.0737 train_time:22589ms step_avg:265.75ms
step:96/4578 train_loss:5.0867 train_time:22856ms step_avg:265.77ms
step:97/4578 train_loss:5.0744 train_time:23133ms step_avg:265.90ms
step:98/4578 train_loss:5.1176 train_time:23402ms step_avg:265.93ms
step:99/4578 train_loss:4.9962 train_time:23664ms step_avg:265.89ms
step:100/4578 train_loss:5.0472 train_time:23932ms step_avg:265.91ms
step:101/4578 train_loss:5.0555 train_time:24201ms step_avg:265.95ms
step:102/4578 train_loss:5.0695 train_time:24476ms step_avg:266.04ms
step:103/4578 train_loss:5.0511 train_time:24737ms step_avg:265.99ms
step:104/4578 train_loss:4.9324 train_time:25003ms step_avg:265.99ms
step:105/4578 train_loss:4.8527 train_time:25277ms step_avg:266.07ms
step:106/4578 train_loss:5.0329 train_time:25554ms step_avg:266.19ms
step:107/4578 train_loss:4.8293 train_time:25816ms step_avg:266.15ms
step:108/4578 train_loss:4.9644 train_time:26086ms step_avg:266.18ms
step:109/4578 train_loss:4.8756 train_time:26353ms step_avg:266.19ms
step:110/4578 train_loss:4.9994 train_time:26622ms step_avg:266.22ms
step:111/4578 train_loss:4.8912 train_time:26887ms step_avg:266.21ms
step:112/4578 train_loss:4.9385 train_time:27155ms step_avg:266.22ms
step:113/4578 train_loss:5.0741 train_time:27424ms step_avg:266.25ms
step:114/4578 train_loss:4.9232 train_time:27695ms step_avg:266.30ms
step:115/4578 train_loss:4.8557 train_time:27962ms step_avg:266.31ms
step:116/4578 train_loss:5.0210 train_time:28230ms step_avg:266.32ms
step:117/4578 train_loss:4.9137 train_time:28497ms step_avg:266.33ms
step:118/4578 train_loss:4.7506 train_time:28768ms step_avg:266.37ms
step:119/4578 train_loss:5.0184 train_time:29033ms step_avg:266.36ms
step:120/4578 train_loss:4.8632 train_time:29303ms step_avg:266.39ms
step:121/4578 train_loss:4.8585 train_time:29568ms step_avg:266.38ms
step:122/4578 train_loss:4.6460 train_time:29850ms step_avg:266.52ms
step:123/4578 train_loss:4.9190 train_time:30116ms step_avg:266.51ms
step:124/4578 train_loss:4.7785 train_time:30383ms step_avg:266.51ms
step:125/4578 train_loss:5.1383 train_time:30645ms step_avg:266.48ms
step:125/4578 val_loss:4.8402 train_time:30872ms step_avg:268.45ms
step:126/4578 train_loss:4.9220 train_time:30929ms step_avg:266.63ms
step:127/4578 train_loss:4.9081 train_time:31184ms step_avg:266.53ms
step:128/4578 train_loss:4.8630 train_time:31454ms step_avg:266.56ms
step:129/4578 train_loss:4.8474 train_time:31722ms step_avg:266.57ms
step:130/4578 train_loss:5.3314 train_time:31986ms step_avg:266.55ms
step:131/4578 train_loss:4.8662 train_time:32260ms step_avg:266.61ms
step:132/4578 train_loss:4.6044 train_time:32526ms step_avg:266.60ms
step:133/4578 train_loss:4.6512 train_time:32794ms step_avg:266.62ms
step:134/4578 train_loss:4.7808 train_time:33060ms step_avg:266.62ms
step:135/4578 train_loss:4.7293 train_time:33330ms step_avg:266.64ms
step:136/4578 train_loss:4.7543 train_time:33601ms step_avg:266.67ms
step:137/4578 train_loss:4.5921 train_time:33870ms step_avg:266.69ms
step:138/4578 train_loss:4.7600 train_time:34135ms step_avg:266.68ms
step:139/4578 train_loss:4.7186 train_time:34405ms step_avg:266.71ms
step:140/4578 train_loss:4.7699 train_time:34670ms step_avg:266.69ms
step:141/4578 train_loss:5.0650 train_time:34943ms step_avg:266.74ms
step:142/4578 train_loss:4.7842 train_time:35209ms step_avg:266.73ms
step:143/4578 train_loss:4.7346 train_time:35474ms step_avg:266.72ms
step:144/4578 train_loss:4.7740 train_time:35747ms step_avg:266.77ms
step:145/4578 train_loss:4.6971 train_time:36016ms step_avg:266.79ms
step:146/4578 train_loss:4.5931 train_time:36280ms step_avg:266.76ms
step:147/4578 train_loss:4.5058 train_time:36548ms step_avg:266.77ms
step:148/4578 train_loss:4.6887 train_time:36817ms step_avg:266.79ms
step:149/4578 train_loss:4.6894 train_time:37088ms step_avg:266.82ms
step:150/4578 train_loss:4.9202 train_time:37358ms step_avg:266.85ms
step:151/4578 train_loss:4.7447 train_time:37630ms step_avg:266.88ms
step:152/4578 train_loss:4.6216 train_time:37891ms step_avg:266.84ms
step:153/4578 train_loss:4.6528 train_time:38160ms step_avg:266.85ms
step:154/4578 train_loss:4.7597 train_time:38423ms step_avg:266.83ms
step:155/4578 train_loss:4.8801 train_time:38695ms step_avg:266.87ms
step:156/4578 train_loss:4.5723 train_time:38963ms step_avg:266.87ms
step:157/4578 train_loss:4.7472 train_time:39233ms step_avg:266.89ms
step:158/4578 train_loss:4.7809 train_time:39503ms step_avg:266.91ms
step:159/4578 train_loss:4.5952 train_time:39771ms step_avg:266.92ms
step:160/4578 train_loss:4.6849 train_time:40035ms step_avg:266.90ms
step:161/4578 train_loss:4.5286 train_time:40302ms step_avg:266.90ms
step:162/4578 train_loss:4.6755 train_time:40573ms step_avg:266.93ms
step:163/4578 train_loss:4.7174 train_time:40844ms step_avg:266.95ms
step:164/4578 train_loss:4.6264 train_time:41113ms step_avg:266.97ms
step:165/4578 train_loss:4.4885 train_time:41380ms step_avg:266.97ms
step:166/4578 train_loss:4.5414 train_time:41645ms step_avg:266.96ms
step:167/4578 train_loss:4.7433 train_time:41913ms step_avg:266.96ms
step:168/4578 train_loss:4.3705 train_time:42180ms step_avg:266.96ms
step:169/4578 train_loss:4.7956 train_time:42448ms step_avg:266.97ms
step:170/4578 train_loss:4.4268 train_time:42715ms step_avg:266.97ms
step:171/4578 train_loss:4.3406 train_time:42985ms step_avg:266.99ms
step:172/4578 train_loss:4.4745 train_time:43252ms step_avg:266.98ms
step:173/4578 train_loss:4.4856 train_time:43519ms step_avg:266.99ms
step:174/4578 train_loss:4.5342 train_time:43792ms step_avg:267.03ms
step:175/4578 train_loss:4.6520 train_time:44058ms step_avg:267.02ms
step:176/4578 train_loss:4.6200 train_time:44323ms step_avg:267.01ms
step:177/4578 train_loss:4.3918 train_time:44595ms step_avg:267.04ms
step:178/4578 train_loss:4.3669 train_time:44864ms step_avg:267.05ms
step:179/4578 train_loss:4.4135 train_time:45133ms step_avg:267.06ms
step:180/4578 train_loss:4.3928 train_time:45409ms step_avg:267.11ms
step:181/4578 train_loss:4.4749 train_time:45665ms step_avg:267.05ms
step:182/4578 train_loss:4.3871 train_time:45934ms step_avg:267.06ms
step:183/4578 train_loss:4.4303 train_time:46201ms step_avg:267.06ms
step:184/4578 train_loss:4.4230 train_time:46473ms step_avg:267.09ms
step:185/4578 train_loss:4.3799 train_time:46743ms step_avg:267.10ms
step:186/4578 train_loss:4.6939 train_time:47012ms step_avg:267.11ms
step:187/4578 train_loss:4.4976 train_time:47276ms step_avg:267.09ms
step:188/4578 train_loss:4.6624 train_time:47543ms step_avg:267.09ms
step:189/4578 train_loss:4.4149 train_time:47818ms step_avg:267.14ms
step:190/4578 train_loss:4.3666 train_time:48269ms step_avg:268.16ms
step:191/4578 train_loss:4.5401 train_time:48477ms step_avg:267.83ms
step:192/4578 train_loss:4.3471 train_time:48749ms step_avg:267.85ms
step:193/4578 train_loss:4.3164 train_time:49010ms step_avg:267.81ms
step:194/4578 train_loss:4.5740 train_time:49277ms step_avg:267.81ms
step:195/4578 train_loss:4.4091 train_time:49544ms step_avg:267.80ms
step:196/4578 train_loss:4.7677 train_time:49814ms step_avg:267.82ms
step:197/4578 train_loss:4.4674 train_time:50082ms step_avg:267.82ms
step:198/4578 train_loss:4.2662 train_time:50350ms step_avg:267.82ms
step:199/4578 train_loss:4.3276 train_time:50618ms step_avg:267.82ms
step:200/4578 train_loss:4.3023 train_time:50890ms step_avg:267.84ms
step:201/4578 train_loss:4.4005 train_time:51162ms step_avg:267.86ms
step:202/4578 train_loss:4.2898 train_time:51423ms step_avg:267.83ms
step:203/4578 train_loss:4.4641 train_time:51691ms step_avg:267.83ms
step:204/4578 train_loss:4.3825 train_time:51957ms step_avg:267.82ms
step:205/4578 train_loss:4.5706 train_time:52227ms step_avg:267.83ms
step:206/4578 train_loss:4.3660 train_time:52494ms step_avg:267.83ms
step:207/4578 train_loss:4.2439 train_time:52765ms step_avg:267.84ms
step:208/4578 train_loss:4.3680 train_time:53031ms step_avg:267.83ms
step:209/4578 train_loss:4.4149 train_time:53300ms step_avg:267.84ms
step:210/4578 train_loss:4.4925 train_time:53573ms step_avg:267.87ms
step:211/4578 train_loss:4.4144 train_time:53837ms step_avg:267.84ms
step:212/4578 train_loss:4.3624 train_time:54104ms step_avg:267.84ms
step:213/4578 train_loss:4.3921 train_time:54375ms step_avg:267.86ms
step:214/4578 train_loss:4.1819 train_time:54640ms step_avg:267.85ms
step:215/4578 train_loss:4.3414 train_time:54910ms step_avg:267.85ms
step:216/4578 train_loss:4.2313 train_time:55177ms step_avg:267.85ms
step:217/4578 train_loss:4.1888 train_time:55445ms step_avg:267.85ms
step:218/4578 train_loss:4.3143 train_time:55713ms step_avg:267.85ms
step:219/4578 train_loss:4.2482 train_time:55979ms step_avg:267.84ms
step:220/4578 train_loss:4.3079 train_time:56253ms step_avg:267.87ms
step:221/4578 train_loss:4.3095 train_time:56520ms step_avg:267.87ms
step:222/4578 train_loss:4.2941 train_time:56787ms step_avg:267.86ms
step:223/4578 train_loss:4.1873 train_time:57059ms step_avg:267.88ms
step:224/4578 train_loss:4.2497 train_time:57327ms step_avg:267.88ms
step:225/4578 train_loss:4.4546 train_time:57593ms step_avg:267.88ms
step:226/4578 train_loss:4.0593 train_time:57867ms step_avg:267.90ms
step:227/4578 train_loss:4.1089 train_time:58132ms step_avg:267.89ms
step:228/4578 train_loss:4.2119 train_time:58400ms step_avg:267.89ms
step:229/4578 train_loss:4.3906 train_time:58664ms step_avg:267.87ms
step:230/4578 train_loss:4.1706 train_time:58932ms step_avg:267.87ms
step:231/4578 train_loss:4.3032 train_time:59201ms step_avg:267.88ms
step:232/4578 train_loss:4.3254 train_time:59469ms step_avg:267.88ms
step:233/4578 train_loss:4.0760 train_time:59739ms step_avg:267.89ms
step:234/4578 train_loss:4.3247 train_time:60004ms step_avg:267.88ms
step:235/4578 train_loss:4.1817 train_time:60274ms step_avg:267.88ms
step:236/4578 train_loss:3.9006 train_time:60541ms step_avg:267.88ms
step:237/4578 train_loss:4.2627 train_time:60809ms step_avg:267.88ms
step:238/4578 train_loss:4.2848 train_time:61078ms step_avg:267.89ms
step:239/4578 train_loss:4.1394 train_time:61349ms step_avg:267.90ms
step:240/4578 train_loss:4.3395 train_time:61615ms step_avg:267.89ms
step:241/4578 train_loss:4.2921 train_time:61885ms step_avg:267.90ms
step:242/4578 train_loss:4.1432 train_time:62153ms step_avg:267.90ms
step:243/4578 train_loss:4.0705 train_time:62419ms step_avg:267.89ms
step:244/4578 train_loss:4.2266 train_time:62687ms step_avg:267.89ms
step:245/4578 train_loss:4.2401 train_time:62960ms step_avg:267.91ms
step:246/4578 train_loss:4.4251 train_time:63228ms step_avg:267.92ms
step:247/4578 train_loss:4.4159 train_time:63492ms step_avg:267.90ms
step:248/4578 train_loss:4.2449 train_time:63760ms step_avg:267.90ms
step:249/4578 train_loss:4.2666 train_time:64028ms step_avg:267.90ms
step:250/4578 train_loss:4.0721 train_time:64295ms step_avg:267.90ms
step:250/4578 val_loss:4.2092 train_time:64523ms step_avg:268.84ms
step:251/4578 train_loss:4.1352 train_time:64568ms step_avg:267.92ms
step:252/4578 train_loss:4.2709 train_time:64840ms step_avg:267.93ms
step:253/4578 train_loss:4.1981 train_time:65108ms step_avg:267.94ms
step:254/4578 train_loss:3.9840 train_time:65377ms step_avg:267.94ms
step:255/4578 train_loss:4.1670 train_time:65651ms step_avg:267.96ms
step:256/4578 train_loss:4.1824 train_time:65912ms step_avg:267.93ms
step:257/4578 train_loss:4.2929 train_time:66184ms step_avg:267.95ms
step:258/4578 train_loss:4.1200 train_time:66454ms step_avg:267.96ms
step:259/4578 train_loss:4.0914 train_time:66725ms step_avg:267.97ms
step:260/4578 train_loss:4.2070 train_time:66991ms step_avg:267.96ms
step:261/4578 train_loss:4.2268 train_time:67257ms step_avg:267.96ms
step:262/4578 train_loss:4.2601 train_time:67522ms step_avg:267.94ms
step:263/4578 train_loss:4.1503 train_time:67789ms step_avg:267.94ms
step:264/4578 train_loss:4.1663 train_time:68051ms step_avg:267.92ms
step:265/4578 train_loss:4.1742 train_time:68319ms step_avg:267.92ms
step:266/4578 train_loss:3.9411 train_time:68589ms step_avg:267.93ms
step:267/4578 train_loss:4.1161 train_time:68859ms step_avg:267.93ms
step:268/4578 train_loss:3.9642 train_time:69123ms step_avg:267.92ms
step:269/4578 train_loss:4.0947 train_time:69390ms step_avg:267.92ms
step:270/4578 train_loss:4.0462 train_time:69662ms step_avg:267.93ms
step:271/4578 train_loss:4.2514 train_time:69934ms step_avg:267.94ms
step:272/4578 train_loss:4.1818 train_time:70197ms step_avg:267.93ms
step:273/4578 train_loss:4.0801 train_time:70463ms step_avg:267.92ms
step:274/4578 train_loss:4.1626 train_time:70733ms step_avg:267.93ms
step:275/4578 train_loss:4.2202 train_time:71005ms step_avg:267.94ms
step:276/4578 train_loss:4.2027 train_time:71269ms step_avg:267.93ms
step:277/4578 train_loss:4.1119 train_time:71535ms step_avg:267.92ms
step:278/4578 train_loss:3.9954 train_time:71805ms step_avg:267.93ms
step:279/4578 train_loss:4.2966 train_time:72075ms step_avg:267.94ms
step:280/4578 train_loss:4.1353 train_time:72343ms step_avg:267.94ms
step:281/4578 train_loss:4.5342 train_time:72610ms step_avg:267.94ms
step:282/4578 train_loss:4.1415 train_time:72877ms step_avg:267.93ms
step:283/4578 train_loss:4.0027 train_time:73149ms step_avg:267.95ms
step:284/4578 train_loss:4.1349 train_time:73424ms step_avg:267.97ms
step:285/4578 train_loss:4.1620 train_time:73685ms step_avg:267.95ms
step:286/4578 train_loss:4.2082 train_time:73954ms step_avg:267.95ms
step:287/4578 train_loss:4.3425 train_time:74224ms step_avg:267.96ms
step:288/4578 train_loss:4.0777 train_time:74493ms step_avg:267.96ms
step:289/4578 train_loss:4.2190 train_time:74760ms step_avg:267.96ms
step:290/4578 train_loss:4.0689 train_time:75031ms step_avg:267.97ms
step:291/4578 train_loss:4.1242 train_time:75297ms step_avg:267.96ms
step:292/4578 train_loss:4.1488 train_time:75562ms step_avg:267.95ms
step:293/4578 train_loss:4.1509 train_time:75829ms step_avg:267.95ms
step:294/4578 train_loss:4.0932 train_time:76100ms step_avg:267.96ms
step:295/4578 train_loss:4.1751 train_time:76367ms step_avg:267.96ms
step:296/4578 train_loss:3.9984 train_time:76640ms step_avg:267.97ms
step:297/4578 train_loss:4.0626 train_time:76904ms step_avg:267.96ms
step:298/4578 train_loss:4.0049 train_time:77170ms step_avg:267.95ms
step:299/4578 train_loss:4.1428 train_time:77444ms step_avg:267.97ms
step:300/4578 train_loss:4.0720 train_time:77707ms step_avg:267.96ms
step:301/4578 train_loss:4.2299 train_time:77977ms step_avg:267.96ms
step:302/4578 train_loss:4.0998 train_time:78246ms step_avg:267.96ms
step:303/4578 train_loss:4.0859 train_time:78513ms step_avg:267.96ms
step:304/4578 train_loss:4.0260 train_time:78782ms step_avg:267.96ms
step:305/4578 train_loss:4.1382 train_time:79048ms step_avg:267.96ms
step:306/4578 train_loss:5.0893 train_time:79318ms step_avg:267.96ms
step:307/4578 train_loss:4.0305 train_time:79583ms step_avg:267.96ms
step:308/4578 train_loss:4.0378 train_time:79855ms step_avg:267.97ms
step:309/4578 train_loss:4.1782 train_time:80123ms step_avg:267.97ms
step:310/4578 train_loss:4.0056 train_time:80390ms step_avg:267.97ms
step:311/4578 train_loss:4.1879 train_time:80658ms step_avg:267.97ms
step:312/4578 train_loss:3.9316 train_time:80925ms step_avg:267.96ms
step:313/4578 train_loss:3.9912 train_time:81196ms step_avg:267.97ms
step:314/4578 train_loss:4.1871 train_time:81463ms step_avg:267.97ms
step:315/4578 train_loss:4.3290 train_time:81733ms step_avg:267.98ms
step:316/4578 train_loss:4.1165 train_time:82003ms step_avg:267.98ms
step:317/4578 train_loss:4.0295 train_time:82267ms step_avg:267.97ms
step:318/4578 train_loss:4.0505 train_time:82540ms step_avg:267.99ms
step:319/4578 train_loss:4.0843 train_time:82807ms step_avg:267.98ms
step:320/4578 train_loss:4.1008 train_time:83076ms step_avg:267.99ms
step:321/4578 train_loss:4.3283 train_time:83344ms step_avg:267.99ms
step:322/4578 train_loss:4.1228 train_time:83613ms step_avg:267.99ms
step:323/4578 train_loss:4.1450 train_time:83876ms step_avg:267.97ms
step:324/4578 train_loss:4.2973 train_time:84148ms step_avg:267.99ms
step:325/4578 train_loss:4.1557 train_time:84417ms step_avg:267.99ms
step:326/4578 train_loss:4.1454 train_time:84681ms step_avg:267.98ms
step:327/4578 train_loss:4.0434 train_time:84950ms step_avg:267.98ms
step:328/4578 train_loss:5.0287 train_time:85223ms step_avg:268.00ms
step:329/4578 train_loss:4.2524 train_time:85485ms step_avg:267.98ms
step:330/4578 train_loss:4.0085 train_time:85756ms step_avg:267.99ms
step:331/4578 train_loss:3.9837 train_time:86022ms step_avg:267.98ms
step:332/4578 train_loss:3.9236 train_time:86288ms step_avg:267.97ms
step:333/4578 train_loss:4.0946 train_time:86557ms step_avg:267.98ms
step:334/4578 train_loss:4.0119 train_time:86829ms step_avg:267.99ms
step:335/4578 train_loss:4.0192 train_time:87097ms step_avg:267.99ms
step:336/4578 train_loss:4.1865 train_time:87360ms step_avg:267.98ms
step:337/4578 train_loss:4.3172 train_time:87629ms step_avg:267.98ms
step:338/4578 train_loss:4.9456 train_time:87897ms step_avg:267.98ms
step:339/4578 train_loss:4.0977 train_time:88164ms step_avg:267.98ms
step:340/4578 train_loss:3.9704 train_time:88436ms step_avg:267.99ms
step:341/4578 train_loss:4.1091 train_time:88701ms step_avg:267.98ms
step:342/4578 train_loss:4.1084 train_time:88968ms step_avg:267.98ms
step:343/4578 train_loss:4.0149 train_time:89238ms step_avg:267.98ms
step:344/4578 train_loss:3.8623 train_time:89509ms step_avg:267.99ms
step:345/4578 train_loss:4.0221 train_time:89773ms step_avg:267.98ms
step:346/4578 train_loss:3.9174 train_time:90042ms step_avg:267.98ms
step:347/4578 train_loss:3.8851 train_time:90309ms step_avg:267.98ms
step:348/4578 train_loss:4.0437 train_time:90576ms step_avg:267.98ms
step:349/4578 train_loss:4.0154 train_time:90844ms step_avg:267.98ms
step:350/4578 train_loss:3.9430 train_time:91116ms step_avg:267.99ms
step:351/4578 train_loss:3.5067 train_time:91385ms step_avg:267.99ms
step:352/4578 train_loss:3.8995 train_time:91648ms step_avg:267.98ms
step:353/4578 train_loss:4.3429 train_time:91917ms step_avg:267.98ms
step:354/4578 train_loss:3.9449 train_time:92184ms step_avg:267.98ms
step:355/4578 train_loss:3.9784 train_time:92455ms step_avg:267.99ms
step:356/4578 train_loss:4.0443 train_time:92721ms step_avg:267.98ms
step:357/4578 train_loss:4.0857 train_time:92988ms step_avg:267.98ms
step:358/4578 train_loss:3.9965 train_time:93256ms step_avg:267.98ms
step:359/4578 train_loss:3.7833 train_time:93525ms step_avg:267.98ms
step:360/4578 train_loss:4.3490 train_time:93796ms step_avg:267.99ms
step:361/4578 train_loss:3.5250 train_time:94067ms step_avg:268.00ms
step:362/4578 train_loss:4.0238 train_time:94334ms step_avg:268.00ms
step:363/4578 train_loss:4.0947 train_time:94601ms step_avg:267.99ms
step:364/4578 train_loss:3.9098 train_time:94882ms step_avg:268.03ms
step:365/4578 train_loss:3.9013 train_time:95139ms step_avg:268.00ms
step:366/4578 train_loss:4.0318 train_time:95406ms step_avg:267.99ms
step:367/4578 train_loss:4.0468 train_time:95678ms step_avg:268.01ms
step:368/4578 train_loss:4.0932 train_time:95947ms step_avg:268.01ms
step:369/4578 train_loss:3.9598 train_time:96211ms step_avg:268.00ms
step:370/4578 train_loss:3.8412 train_time:96479ms step_avg:268.00ms
step:371/4578 train_loss:4.0900 train_time:96749ms step_avg:268.00ms
step:372/4578 train_loss:3.9010 train_time:97018ms step_avg:268.00ms
step:373/4578 train_loss:3.8636 train_time:97283ms step_avg:268.00ms
step:374/4578 train_loss:4.0931 train_time:97553ms step_avg:268.00ms
step:375/4578 train_loss:4.0138 train_time:97825ms step_avg:268.01ms
step:375/4578 val_loss:3.9886 train_time:98048ms step_avg:268.63ms
step:376/4578 train_loss:3.9714 train_time:98089ms step_avg:268.00ms
step:377/4578 train_loss:3.9467 train_time:98356ms step_avg:268.00ms
step:378/4578 train_loss:3.9403 train_time:98632ms step_avg:268.02ms
step:379/4578 train_loss:4.0868 train_time:98904ms step_avg:268.03ms
step:380/4578 train_loss:4.0918 train_time:99338ms step_avg:268.48ms
step:381/4578 train_loss:4.1252 train_time:99546ms step_avg:268.32ms
step:382/4578 train_loss:4.0449 train_time:99813ms step_avg:268.32ms
step:383/4578 train_loss:3.9240 train_time:100083ms step_avg:268.32ms
step:384/4578 train_loss:3.9181 train_time:100349ms step_avg:268.31ms
step:385/4578 train_loss:3.9306 train_time:100617ms step_avg:268.31ms
step:386/4578 train_loss:3.9043 train_time:100889ms step_avg:268.32ms
step:387/4578 train_loss:4.1076 train_time:101155ms step_avg:268.32ms
step:388/4578 train_loss:4.3380 train_time:101437ms step_avg:268.35ms
step:389/4578 train_loss:4.0468 train_time:101694ms step_avg:268.32ms
step:390/4578 train_loss:3.8985 train_time:101962ms step_avg:268.32ms
step:391/4578 train_loss:3.9728 train_time:102233ms step_avg:268.33ms
step:392/4578 train_loss:3.9846 train_time:102498ms step_avg:268.32ms
step:393/4578 train_loss:4.1409 train_time:102770ms step_avg:268.33ms
step:394/4578 train_loss:3.9385 train_time:103041ms step_avg:268.34ms
step:395/4578 train_loss:3.9144 train_time:103305ms step_avg:268.32ms
step:396/4578 train_loss:3.7285 train_time:103573ms step_avg:268.32ms
step:397/4578 train_loss:4.0717 train_time:103839ms step_avg:268.32ms
step:398/4578 train_loss:4.0735 train_time:104109ms step_avg:268.32ms
step:399/4578 train_loss:4.1013 train_time:104378ms step_avg:268.33ms
step:400/4578 train_loss:3.9566 train_time:104647ms step_avg:268.33ms
step:401/4578 train_loss:4.1014 train_time:104913ms step_avg:268.32ms
step:402/4578 train_loss:3.9955 train_time:105185ms step_avg:268.33ms
step:403/4578 train_loss:4.1197 train_time:105455ms step_avg:268.33ms
step:404/4578 train_loss:4.1610 train_time:105711ms step_avg:268.30ms
step:405/4578 train_loss:3.9935 train_time:105984ms step_avg:268.31ms
step:406/4578 train_loss:3.9693 train_time:106249ms step_avg:268.31ms
step:407/4578 train_loss:4.1814 train_time:106517ms step_avg:268.30ms
step:408/4578 train_loss:3.9939 train_time:106782ms step_avg:268.30ms
step:409/4578 train_loss:3.9363 train_time:107053ms step_avg:268.30ms
step:410/4578 train_loss:4.0834 train_time:107324ms step_avg:268.31ms
step:411/4578 train_loss:3.9332 train_time:107588ms step_avg:268.30ms
step:412/4578 train_loss:3.9117 train_time:107862ms step_avg:268.31ms
step:413/4578 train_loss:4.4750 train_time:108129ms step_avg:268.31ms
step:414/4578 train_loss:3.9229 train_time:108393ms step_avg:268.30ms
step:415/4578 train_loss:4.0788 train_time:108660ms step_avg:268.30ms
step:416/4578 train_loss:3.8973 train_time:108930ms step_avg:268.30ms
step:417/4578 train_loss:3.9550 train_time:109202ms step_avg:268.31ms
step:418/4578 train_loss:4.1216 train_time:109465ms step_avg:268.30ms
step:419/4578 train_loss:3.8496 train_time:109735ms step_avg:268.30ms
step:420/4578 train_loss:3.9054 train_time:110005ms step_avg:268.31ms
step:421/4578 train_loss:3.7563 train_time:110270ms step_avg:268.30ms
step:422/4578 train_loss:3.7313 train_time:110541ms step_avg:268.30ms
step:423/4578 train_loss:3.9587 train_time:110820ms step_avg:268.33ms
step:424/4578 train_loss:3.9000 train_time:111076ms step_avg:268.30ms
step:425/4578 train_loss:3.8695 train_time:111348ms step_avg:268.31ms
step:426/4578 train_loss:3.8412 train_time:111617ms step_avg:268.31ms
step:427/4578 train_loss:3.8580 train_time:111881ms step_avg:268.30ms
step:428/4578 train_loss:3.8571 train_time:112148ms step_avg:268.30ms
step:429/4578 train_loss:3.9129 train_time:112417ms step_avg:268.30ms
step:430/4578 train_loss:3.9365 train_time:112687ms step_avg:268.30ms
step:431/4578 train_loss:3.9584 train_time:112954ms step_avg:268.30ms
step:432/4578 train_loss:3.8052 train_time:113225ms step_avg:268.31ms
step:433/4578 train_loss:3.9384 train_time:113493ms step_avg:268.31ms
step:434/4578 train_loss:4.0365 train_time:113761ms step_avg:268.31ms
step:435/4578 train_loss:3.9407 train_time:114030ms step_avg:268.31ms
step:436/4578 train_loss:3.9629 train_time:114296ms step_avg:268.30ms
step:437/4578 train_loss:3.7052 train_time:114567ms step_avg:268.31ms
step:438/4578 train_loss:3.8159 train_time:114836ms step_avg:268.31ms
step:439/4578 train_loss:3.8879 train_time:115101ms step_avg:268.30ms
step:440/4578 train_loss:3.8249 train_time:115369ms step_avg:268.30ms
step:441/4578 train_loss:4.2034 train_time:115637ms step_avg:268.30ms
step:442/4578 train_loss:3.8130 train_time:115905ms step_avg:268.30ms
step:443/4578 train_loss:3.9192 train_time:116175ms step_avg:268.30ms
step:444/4578 train_loss:3.8045 train_time:116441ms step_avg:268.30ms
step:445/4578 train_loss:3.8654 train_time:116713ms step_avg:268.31ms
step:446/4578 train_loss:3.9200 train_time:116979ms step_avg:268.30ms
step:447/4578 train_loss:3.9268 train_time:117247ms step_avg:268.30ms
step:448/4578 train_loss:3.9946 train_time:117518ms step_avg:268.31ms
step:449/4578 train_loss:4.0088 train_time:117783ms step_avg:268.30ms
step:450/4578 train_loss:3.9146 train_time:118051ms step_avg:268.30ms
step:451/4578 train_loss:3.9029 train_time:118322ms step_avg:268.30ms
step:452/4578 train_loss:3.8439 train_time:118592ms step_avg:268.31ms
step:453/4578 train_loss:3.7556 train_time:118857ms step_avg:268.30ms
step:454/4578 train_loss:3.7783 train_time:119127ms step_avg:268.30ms
step:455/4578 train_loss:3.7629 train_time:119401ms step_avg:268.32ms
step:456/4578 train_loss:4.0441 train_time:119663ms step_avg:268.30ms
step:457/4578 train_loss:3.8898 train_time:119937ms step_avg:268.32ms
step:458/4578 train_loss:3.9048 train_time:120204ms step_avg:268.31ms
step:459/4578 train_loss:4.0709 train_time:120473ms step_avg:268.31ms
step:460/4578 train_loss:3.7233 train_time:120736ms step_avg:268.30ms
step:461/4578 train_loss:3.9999 train_time:121007ms step_avg:268.31ms
step:462/4578 train_loss:3.9045 train_time:121273ms step_avg:268.30ms
step:463/4578 train_loss:3.9495 train_time:121540ms step_avg:268.30ms
step:464/4578 train_loss:3.9686 train_time:121810ms step_avg:268.30ms
step:465/4578 train_loss:3.8369 train_time:122078ms step_avg:268.30ms
step:466/4578 train_loss:3.8712 train_time:122345ms step_avg:268.30ms
step:467/4578 train_loss:4.0323 train_time:122616ms step_avg:268.31ms
step:468/4578 train_loss:4.2078 train_time:122883ms step_avg:268.30ms
step:469/4578 train_loss:3.8162 train_time:123149ms step_avg:268.30ms
step:470/4578 train_loss:3.8126 train_time:123417ms step_avg:268.30ms
step:471/4578 train_loss:3.9279 train_time:123684ms step_avg:268.29ms
step:472/4578 train_loss:3.8723 train_time:123954ms step_avg:268.30ms
step:473/4578 train_loss:3.9585 train_time:124223ms step_avg:268.30ms
step:474/4578 train_loss:3.8474 train_time:124489ms step_avg:268.30ms
step:475/4578 train_loss:3.7211 train_time:124758ms step_avg:268.30ms
step:476/4578 train_loss:4.0118 train_time:125026ms step_avg:268.30ms
step:477/4578 train_loss:3.8418 train_time:125295ms step_avg:268.30ms
step:478/4578 train_loss:3.9263 train_time:125568ms step_avg:268.31ms
step:479/4578 train_loss:4.0462 train_time:125831ms step_avg:268.30ms
step:480/4578 train_loss:3.9168 train_time:126099ms step_avg:268.30ms
step:481/4578 train_loss:3.8533 train_time:126365ms step_avg:268.29ms
step:482/4578 train_loss:3.9347 train_time:126633ms step_avg:268.29ms
step:483/4578 train_loss:3.6939 train_time:126899ms step_avg:268.29ms
step:484/4578 train_loss:3.9022 train_time:127172ms step_avg:268.29ms
step:485/4578 train_loss:3.8584 train_time:127446ms step_avg:268.31ms
step:486/4578 train_loss:3.8532 train_time:127712ms step_avg:268.30ms
step:487/4578 train_loss:3.7798 train_time:127987ms step_avg:268.32ms
step:488/4578 train_loss:3.8408 train_time:128248ms step_avg:268.30ms
step:489/4578 train_loss:3.9594 train_time:128513ms step_avg:268.30ms
step:490/4578 train_loss:3.9618 train_time:128782ms step_avg:268.30ms
step:491/4578 train_loss:3.8634 train_time:129050ms step_avg:268.29ms
step:492/4578 train_loss:3.7395 train_time:129315ms step_avg:268.29ms
step:493/4578 train_loss:4.1342 train_time:129587ms step_avg:268.30ms
step:494/4578 train_loss:3.6981 train_time:129854ms step_avg:268.29ms
step:495/4578 train_loss:3.9215 train_time:130121ms step_avg:268.29ms
step:496/4578 train_loss:3.9692 train_time:130389ms step_avg:268.29ms
step:497/4578 train_loss:3.7471 train_time:130657ms step_avg:268.29ms
step:498/4578 train_loss:3.8520 train_time:130928ms step_avg:268.29ms
step:499/4578 train_loss:3.9473 train_time:131193ms step_avg:268.29ms
step:500/4578 train_loss:3.9790 train_time:131459ms step_avg:268.28ms
step:500/4578 val_loss:3.8701 train_time:131686ms step_avg:268.75ms
step:501/4578 train_loss:4.0579 train_time:131726ms step_avg:268.28ms
step:502/4578 train_loss:3.8076 train_time:131995ms step_avg:268.28ms
step:503/4578 train_loss:3.9856 train_time:132266ms step_avg:268.29ms
step:504/4578 train_loss:3.8412 train_time:132533ms step_avg:268.29ms
step:505/4578 train_loss:3.9156 train_time:132800ms step_avg:268.28ms
step:506/4578 train_loss:3.8761 train_time:133066ms step_avg:268.28ms
step:507/4578 train_loss:3.7458 train_time:133334ms step_avg:268.28ms
step:508/4578 train_loss:4.0357 train_time:133604ms step_avg:268.28ms
step:509/4578 train_loss:4.2244 train_time:133873ms step_avg:268.28ms
step:510/4578 train_loss:3.8555 train_time:134142ms step_avg:268.28ms
step:511/4578 train_loss:3.8584 train_time:134410ms step_avg:268.28ms
step:512/4578 train_loss:3.8130 train_time:134677ms step_avg:268.28ms
step:513/4578 train_loss:3.9411 train_time:134946ms step_avg:268.28ms
step:514/4578 train_loss:3.9125 train_time:135213ms step_avg:268.28ms
step:515/4578 train_loss:3.9162 train_time:135477ms step_avg:268.27ms
step:516/4578 train_loss:3.8654 train_time:135748ms step_avg:268.28ms
step:517/4578 train_loss:4.0208 train_time:136020ms step_avg:268.28ms
step:518/4578 train_loss:3.7323 train_time:136282ms step_avg:268.27ms
step:519/4578 train_loss:4.0158 train_time:136549ms step_avg:268.27ms
step:520/4578 train_loss:3.9656 train_time:136820ms step_avg:268.27ms
step:521/4578 train_loss:3.8747 train_time:137086ms step_avg:268.27ms
step:522/4578 train_loss:3.7486 train_time:137355ms step_avg:268.27ms
step:523/4578 train_loss:3.7798 train_time:137623ms step_avg:268.27ms
step:524/4578 train_loss:5.2023 train_time:137905ms step_avg:268.30ms
step:525/4578 train_loss:3.8004 train_time:138158ms step_avg:268.27ms
step:526/4578 train_loss:3.9162 train_time:138427ms step_avg:268.27ms
step:527/4578 train_loss:3.7913 train_time:138704ms step_avg:268.29ms
step:528/4578 train_loss:3.6757 train_time:138962ms step_avg:268.27ms
step:529/4578 train_loss:3.7871 train_time:139236ms step_avg:268.28ms
step:530/4578 train_loss:4.0304 train_time:139505ms step_avg:268.28ms
step:531/4578 train_loss:3.7793 train_time:139767ms step_avg:268.27ms
step:532/4578 train_loss:4.0080 train_time:140037ms step_avg:268.27ms
step:533/4578 train_loss:3.9221 train_time:140302ms step_avg:268.26ms
step:534/4578 train_loss:3.8130 train_time:140573ms step_avg:268.27ms
step:535/4578 train_loss:3.7738 train_time:140838ms step_avg:268.26ms
step:536/4578 train_loss:3.7288 train_time:141106ms step_avg:268.26ms
step:537/4578 train_loss:3.8778 train_time:141378ms step_avg:268.27ms
step:538/4578 train_loss:3.8705 train_time:141645ms step_avg:268.27ms
step:539/4578 train_loss:3.7958 train_time:141912ms step_avg:268.26ms
step:540/4578 train_loss:4.4388 train_time:142184ms step_avg:268.27ms
step:541/4578 train_loss:3.8483 train_time:142451ms step_avg:268.27ms
step:542/4578 train_loss:3.9887 train_time:142720ms step_avg:268.27ms
step:543/4578 train_loss:3.7680 train_time:142983ms step_avg:268.26ms
step:544/4578 train_loss:3.8116 train_time:143255ms step_avg:268.27ms
step:545/4578 train_loss:3.8302 train_time:143521ms step_avg:268.26ms
step:546/4578 train_loss:3.7268 train_time:143797ms step_avg:268.28ms
step:547/4578 train_loss:3.8056 train_time:144061ms step_avg:268.27ms
step:548/4578 train_loss:3.7742 train_time:144336ms step_avg:268.28ms
step:549/4578 train_loss:3.8860 train_time:144596ms step_avg:268.27ms
step:550/4578 train_loss:3.8313 train_time:144865ms step_avg:268.27ms
step:551/4578 train_loss:3.8483 train_time:145131ms step_avg:268.26ms
step:552/4578 train_loss:3.8153 train_time:145400ms step_avg:268.27ms
step:553/4578 train_loss:3.7239 train_time:145669ms step_avg:268.27ms
step:554/4578 train_loss:4.1037 train_time:145934ms step_avg:268.26ms
step:555/4578 train_loss:3.8520 train_time:146203ms step_avg:268.26ms
step:556/4578 train_loss:3.8366 train_time:146473ms step_avg:268.26ms
step:557/4578 train_loss:3.8594 train_time:146743ms step_avg:268.27ms
step:558/4578 train_loss:3.4015 train_time:147011ms step_avg:268.27ms
step:559/4578 train_loss:3.8012 train_time:147283ms step_avg:268.27ms
step:560/4578 train_loss:3.7857 train_time:147555ms step_avg:268.28ms
step:561/4578 train_loss:3.9719 train_time:147809ms step_avg:268.26ms
step:562/4578 train_loss:3.7748 train_time:148078ms step_avg:268.26ms
step:563/4578 train_loss:3.6423 train_time:148347ms step_avg:268.26ms
step:564/4578 train_loss:3.9568 train_time:148617ms step_avg:268.26ms
step:565/4578 train_loss:3.6455 train_time:148886ms step_avg:268.26ms
step:566/4578 train_loss:3.8439 train_time:149154ms step_avg:268.26ms
step:567/4578 train_loss:3.7386 train_time:149419ms step_avg:268.26ms
step:568/4578 train_loss:3.7667 train_time:149689ms step_avg:268.26ms
step:569/4578 train_loss:3.7228 train_time:149953ms step_avg:268.25ms
step:570/4578 train_loss:3.7587 train_time:150408ms step_avg:268.59ms
step:571/4578 train_loss:3.8091 train_time:150622ms step_avg:268.49ms
step:572/4578 train_loss:3.9133 train_time:150884ms step_avg:268.48ms
step:573/4578 train_loss:3.7843 train_time:151155ms step_avg:268.48ms
step:574/4578 train_loss:3.8075 train_time:151425ms step_avg:268.48ms
step:575/4578 train_loss:4.0334 train_time:151688ms step_avg:268.47ms
step:576/4578 train_loss:3.8427 train_time:151958ms step_avg:268.48ms
step:577/4578 train_loss:3.9354 train_time:152231ms step_avg:268.48ms
step:578/4578 train_loss:3.8325 train_time:152496ms step_avg:268.48ms
step:579/4578 train_loss:3.7450 train_time:152765ms step_avg:268.48ms
step:580/4578 train_loss:3.9427 train_time:153031ms step_avg:268.48ms
step:581/4578 train_loss:3.8141 train_time:153297ms step_avg:268.47ms
step:582/4578 train_loss:3.8704 train_time:153569ms step_avg:268.48ms
step:583/4578 train_loss:3.9051 train_time:153843ms step_avg:268.49ms
step:584/4578 train_loss:3.8021 train_time:154110ms step_avg:268.48ms
step:585/4578 train_loss:3.7698 train_time:154380ms step_avg:268.49ms
step:586/4578 train_loss:4.0057 train_time:154647ms step_avg:268.48ms
step:587/4578 train_loss:3.7312 train_time:154913ms step_avg:268.48ms
step:588/4578 train_loss:3.8609 train_time:155179ms step_avg:268.48ms
step:589/4578 train_loss:3.8306 train_time:155445ms step_avg:268.47ms
step:590/4578 train_loss:4.1404 train_time:155716ms step_avg:268.48ms
step:591/4578 train_loss:3.9097 train_time:155985ms step_avg:268.48ms
step:592/4578 train_loss:3.5588 train_time:156252ms step_avg:268.47ms
step:593/4578 train_loss:3.7666 train_time:156520ms step_avg:268.47ms
step:594/4578 train_loss:3.8390 train_time:156784ms step_avg:268.47ms
step:595/4578 train_loss:3.6289 train_time:157055ms step_avg:268.47ms
step:596/4578 train_loss:4.1242 train_time:157324ms step_avg:268.47ms
step:597/4578 train_loss:3.9540 train_time:157592ms step_avg:268.47ms
step:598/4578 train_loss:3.7093 train_time:157862ms step_avg:268.47ms
step:599/4578 train_loss:3.8594 train_time:158128ms step_avg:268.47ms
step:600/4578 train_loss:3.6997 train_time:158396ms step_avg:268.47ms
step:601/4578 train_loss:3.6929 train_time:158665ms step_avg:268.47ms
step:602/4578 train_loss:3.8876 train_time:158937ms step_avg:268.47ms
step:603/4578 train_loss:3.8208 train_time:159199ms step_avg:268.46ms
step:604/4578 train_loss:3.9979 train_time:159470ms step_avg:268.47ms
step:605/4578 train_loss:3.7745 train_time:159739ms step_avg:268.47ms
step:606/4578 train_loss:3.8322 train_time:160005ms step_avg:268.46ms
step:607/4578 train_loss:3.8496 train_time:160275ms step_avg:268.47ms
step:608/4578 train_loss:4.1517 train_time:160539ms step_avg:268.46ms
step:609/4578 train_loss:3.8898 train_time:160817ms step_avg:268.48ms
step:610/4578 train_loss:3.7335 train_time:161079ms step_avg:268.47ms
step:611/4578 train_loss:4.0070 train_time:161342ms step_avg:268.46ms
step:612/4578 train_loss:3.7143 train_time:161611ms step_avg:268.46ms
step:613/4578 train_loss:3.8302 train_time:161879ms step_avg:268.46ms
step:614/4578 train_loss:3.8943 train_time:162145ms step_avg:268.45ms
step:615/4578 train_loss:3.8167 train_time:162415ms step_avg:268.45ms
step:616/4578 train_loss:3.9223 train_time:162684ms step_avg:268.45ms
step:617/4578 train_loss:3.8237 train_time:162952ms step_avg:268.46ms
step:618/4578 train_loss:3.6565 train_time:163223ms step_avg:268.46ms
step:619/4578 train_loss:3.8449 train_time:163489ms step_avg:268.45ms
step:620/4578 train_loss:3.8098 train_time:163766ms step_avg:268.47ms
step:621/4578 train_loss:3.6515 train_time:164026ms step_avg:268.45ms
step:622/4578 train_loss:4.2311 train_time:164295ms step_avg:268.46ms
step:623/4578 train_loss:3.6454 train_time:164561ms step_avg:268.45ms
step:624/4578 train_loss:3.8300 train_time:164831ms step_avg:268.45ms
step:625/4578 train_loss:3.9035 train_time:165098ms step_avg:268.45ms
step:625/4578 val_loss:3.7928 train_time:165325ms step_avg:268.82ms
step:626/4578 train_loss:3.8972 train_time:165367ms step_avg:268.45ms
step:627/4578 train_loss:3.9634 train_time:165638ms step_avg:268.46ms
step:628/4578 train_loss:3.7542 train_time:165905ms step_avg:268.46ms
step:629/4578 train_loss:3.8596 train_time:166173ms step_avg:268.45ms
step:630/4578 train_loss:3.6937 train_time:166441ms step_avg:268.45ms
step:631/4578 train_loss:3.8390 train_time:166708ms step_avg:268.45ms
step:632/4578 train_loss:3.8661 train_time:166977ms step_avg:268.45ms
step:633/4578 train_loss:3.9078 train_time:167242ms step_avg:268.45ms
step:634/4578 train_loss:3.7382 train_time:167510ms step_avg:268.45ms
step:635/4578 train_loss:3.8625 train_time:167778ms step_avg:268.44ms
step:636/4578 train_loss:4.0593 train_time:168047ms step_avg:268.45ms
step:637/4578 train_loss:3.7056 train_time:168317ms step_avg:268.45ms
step:638/4578 train_loss:3.6120 train_time:168584ms step_avg:268.45ms
step:639/4578 train_loss:3.9145 train_time:168855ms step_avg:268.45ms
step:640/4578 train_loss:3.9330 train_time:169127ms step_avg:268.46ms
step:641/4578 train_loss:3.7689 train_time:169395ms step_avg:268.46ms
step:642/4578 train_loss:3.6784 train_time:169661ms step_avg:268.45ms
step:643/4578 train_loss:3.8935 train_time:169927ms step_avg:268.45ms
step:644/4578 train_loss:3.8078 train_time:170196ms step_avg:268.45ms
step:645/4578 train_loss:3.6427 train_time:170464ms step_avg:268.45ms
step:646/4578 train_loss:3.8900 train_time:170731ms step_avg:268.45ms
step:647/4578 train_loss:3.9063 train_time:171000ms step_avg:268.45ms
step:648/4578 train_loss:3.7849 train_time:171267ms step_avg:268.44ms
step:649/4578 train_loss:3.8904 train_time:171537ms step_avg:268.45ms
step:650/4578 train_loss:3.9345 train_time:171808ms step_avg:268.45ms
step:651/4578 train_loss:3.7601 train_time:172081ms step_avg:268.46ms
step:652/4578 train_loss:4.0164 train_time:172353ms step_avg:268.46ms
step:653/4578 train_loss:3.7832 train_time:172616ms step_avg:268.45ms
step:654/4578 train_loss:3.7880 train_time:172884ms step_avg:268.45ms
step:655/4578 train_loss:3.4493 train_time:173152ms step_avg:268.45ms
step:656/4578 train_loss:3.8545 train_time:173416ms step_avg:268.45ms
step:657/4578 train_loss:3.7281 train_time:173683ms step_avg:268.44ms
step:658/4578 train_loss:3.6679 train_time:173950ms step_avg:268.44ms
step:659/4578 train_loss:3.8151 train_time:174223ms step_avg:268.45ms
step:660/4578 train_loss:3.7514 train_time:174490ms step_avg:268.45ms
step:661/4578 train_loss:3.8416 train_time:174753ms step_avg:268.44ms
step:662/4578 train_loss:3.7967 train_time:175024ms step_avg:268.44ms
step:663/4578 train_loss:3.7534 train_time:175290ms step_avg:268.44ms
step:664/4578 train_loss:3.7127 train_time:175556ms step_avg:268.43ms
step:665/4578 train_loss:3.8687 train_time:175826ms step_avg:268.44ms
step:666/4578 train_loss:3.4566 train_time:176095ms step_avg:268.44ms
step:667/4578 train_loss:4.0324 train_time:176361ms step_avg:268.43ms
step:668/4578 train_loss:3.7977 train_time:176630ms step_avg:268.44ms
step:669/4578 train_loss:3.8932 train_time:176896ms step_avg:268.43ms
step:670/4578 train_loss:3.6847 train_time:177166ms step_avg:268.43ms
step:671/4578 train_loss:3.5784 train_time:177435ms step_avg:268.43ms
step:672/4578 train_loss:3.7303 train_time:177701ms step_avg:268.43ms
step:673/4578 train_loss:3.7659 train_time:177970ms step_avg:268.43ms
step:674/4578 train_loss:4.4149 train_time:178237ms step_avg:268.43ms
step:675/4578 train_loss:3.8217 train_time:178509ms step_avg:268.44ms
step:676/4578 train_loss:3.8523 train_time:178775ms step_avg:268.43ms
step:677/4578 train_loss:3.6242 train_time:179045ms step_avg:268.43ms
step:678/4578 train_loss:3.6631 train_time:179319ms step_avg:268.44ms
step:679/4578 train_loss:3.7356 train_time:179584ms step_avg:268.44ms
step:680/4578 train_loss:3.8231 train_time:179851ms step_avg:268.43ms
step:681/4578 train_loss:3.7422 train_time:180119ms step_avg:268.43ms
step:682/4578 train_loss:3.7773 train_time:180386ms step_avg:268.43ms
step:683/4578 train_loss:4.0055 train_time:180654ms step_avg:268.43ms
step:684/4578 train_loss:3.9242 train_time:180921ms step_avg:268.43ms
step:685/4578 train_loss:3.8083 train_time:181190ms step_avg:268.43ms
step:686/4578 train_loss:3.8887 train_time:181458ms step_avg:268.43ms
step:687/4578 train_loss:3.8491 train_time:181730ms step_avg:268.43ms
step:688/4578 train_loss:3.8248 train_time:181994ms step_avg:268.43ms
step:689/4578 train_loss:3.3337 train_time:182272ms step_avg:268.44ms
step:690/4578 train_loss:3.5320 train_time:182537ms step_avg:268.44ms
step:691/4578 train_loss:3.7723 train_time:182813ms step_avg:268.45ms
step:692/4578 train_loss:3.5219 train_time:183080ms step_avg:268.45ms
step:693/4578 train_loss:3.9136 train_time:183348ms step_avg:268.44ms
step:694/4578 train_loss:3.7678 train_time:183616ms step_avg:268.44ms
step:695/4578 train_loss:3.6347 train_time:183890ms step_avg:268.45ms
step:696/4578 train_loss:3.5364 train_time:184154ms step_avg:268.45ms
step:697/4578 train_loss:4.1445 train_time:184424ms step_avg:268.45ms
step:698/4578 train_loss:3.7103 train_time:184694ms step_avg:268.45ms
step:699/4578 train_loss:3.7768 train_time:184958ms step_avg:268.44ms
step:700/4578 train_loss:3.7077 train_time:185223ms step_avg:268.44ms
step:701/4578 train_loss:3.7590 train_time:185490ms step_avg:268.44ms
step:702/4578 train_loss:3.7046 train_time:185772ms step_avg:268.46ms
step:703/4578 train_loss:3.6817 train_time:186030ms step_avg:268.44ms
step:704/4578 train_loss:3.6509 train_time:186296ms step_avg:268.44ms
step:705/4578 train_loss:3.8958 train_time:186575ms step_avg:268.45ms
step:706/4578 train_loss:3.7641 train_time:186842ms step_avg:268.45ms
step:707/4578 train_loss:3.7526 train_time:187105ms step_avg:268.44ms
step:708/4578 train_loss:3.8737 train_time:187378ms step_avg:268.45ms
step:709/4578 train_loss:3.7922 train_time:187637ms step_avg:268.44ms
step:710/4578 train_loss:3.7943 train_time:187912ms step_avg:268.45ms
step:711/4578 train_loss:3.6651 train_time:188178ms step_avg:268.44ms
step:712/4578 train_loss:3.7866 train_time:188444ms step_avg:268.44ms
step:713/4578 train_loss:3.9208 train_time:188710ms step_avg:268.44ms
step:714/4578 train_loss:3.6907 train_time:188976ms step_avg:268.43ms
step:715/4578 train_loss:3.8168 train_time:189248ms step_avg:268.44ms
step:716/4578 train_loss:3.8344 train_time:189514ms step_avg:268.43ms
step:717/4578 train_loss:3.7494 train_time:189783ms step_avg:268.43ms
step:718/4578 train_loss:4.0064 train_time:190058ms step_avg:268.44ms
step:719/4578 train_loss:3.6540 train_time:190319ms step_avg:268.43ms
step:720/4578 train_loss:3.6804 train_time:190592ms step_avg:268.44ms
step:721/4578 train_loss:4.1281 train_time:190854ms step_avg:268.43ms
step:722/4578 train_loss:3.5328 train_time:191125ms step_avg:268.43ms
step:723/4578 train_loss:3.9819 train_time:191394ms step_avg:268.43ms
step:724/4578 train_loss:3.9597 train_time:191666ms step_avg:268.44ms
step:725/4578 train_loss:3.7514 train_time:191930ms step_avg:268.43ms
step:726/4578 train_loss:3.7817 train_time:192200ms step_avg:268.44ms
step:727/4578 train_loss:3.6159 train_time:192470ms step_avg:268.44ms
step:728/4578 train_loss:3.4766 train_time:192742ms step_avg:268.44ms
step:729/4578 train_loss:3.8051 train_time:193005ms step_avg:268.44ms
step:730/4578 train_loss:3.7811 train_time:193271ms step_avg:268.43ms
step:731/4578 train_loss:3.8667 train_time:193537ms step_avg:268.43ms
step:732/4578 train_loss:3.7796 train_time:193812ms step_avg:268.44ms
step:733/4578 train_loss:3.7846 train_time:194075ms step_avg:268.43ms
step:734/4578 train_loss:4.1515 train_time:194343ms step_avg:268.43ms
step:735/4578 train_loss:3.5513 train_time:194616ms step_avg:268.44ms
step:736/4578 train_loss:3.8067 train_time:194888ms step_avg:268.44ms
step:737/4578 train_loss:4.0492 train_time:195148ms step_avg:268.43ms
step:738/4578 train_loss:3.7913 train_time:195420ms step_avg:268.43ms
step:739/4578 train_loss:3.7289 train_time:195683ms step_avg:268.43ms
step:740/4578 train_loss:3.8287 train_time:195960ms step_avg:268.44ms
step:741/4578 train_loss:4.2293 train_time:196226ms step_avg:268.44ms
step:742/4578 train_loss:3.7381 train_time:196489ms step_avg:268.43ms
step:743/4578 train_loss:3.6638 train_time:196757ms step_avg:268.43ms
step:744/4578 train_loss:3.6555 train_time:197032ms step_avg:268.44ms
step:745/4578 train_loss:3.8878 train_time:197296ms step_avg:268.43ms
step:746/4578 train_loss:3.7827 train_time:197561ms step_avg:268.43ms
step:747/4578 train_loss:3.8013 train_time:197835ms step_avg:268.43ms
step:748/4578 train_loss:3.7349 train_time:198097ms step_avg:268.42ms
step:749/4578 train_loss:3.7594 train_time:198366ms step_avg:268.42ms
step:750/4578 train_loss:3.6798 train_time:198635ms step_avg:268.43ms
step:750/4578 val_loss:3.7392 train_time:198861ms step_avg:268.73ms
step:751/4578 train_loss:3.7489 train_time:198908ms step_avg:268.43ms
step:752/4578 train_loss:3.6666 train_time:199185ms step_avg:268.44ms
step:753/4578 train_loss:3.7409 train_time:199454ms step_avg:268.44ms
step:754/4578 train_loss:3.6802 train_time:199725ms step_avg:268.45ms
step:755/4578 train_loss:3.7064 train_time:199987ms step_avg:268.44ms
step:756/4578 train_loss:3.9375 train_time:200256ms step_avg:268.44ms
step:757/4578 train_loss:3.6850 train_time:200523ms step_avg:268.44ms
step:758/4578 train_loss:3.8416 train_time:200786ms step_avg:268.43ms
step:759/4578 train_loss:3.7828 train_time:201056ms step_avg:268.43ms
step:760/4578 train_loss:3.7403 train_time:201515ms step_avg:268.69ms
step:761/4578 train_loss:3.7394 train_time:201723ms step_avg:268.61ms
step:762/4578 train_loss:3.6210 train_time:201985ms step_avg:268.60ms
step:763/4578 train_loss:3.8001 train_time:202252ms step_avg:268.60ms
step:764/4578 train_loss:3.6928 train_time:202517ms step_avg:268.59ms
step:765/4578 train_loss:3.5342 train_time:202788ms step_avg:268.59ms
step:766/4578 train_loss:3.9926 train_time:203053ms step_avg:268.59ms
step:767/4578 train_loss:3.8315 train_time:203322ms step_avg:268.59ms
step:768/4578 train_loss:3.8238 train_time:203590ms step_avg:268.59ms
step:769/4578 train_loss:3.6980 train_time:203859ms step_avg:268.59ms
step:770/4578 train_loss:3.9255 train_time:204126ms step_avg:268.59ms
step:771/4578 train_loss:3.8444 train_time:204393ms step_avg:268.58ms
step:772/4578 train_loss:4.1125 train_time:204664ms step_avg:268.59ms
step:773/4578 train_loss:3.6228 train_time:204929ms step_avg:268.58ms
step:774/4578 train_loss:3.7353 train_time:205197ms step_avg:268.58ms
step:775/4578 train_loss:3.8752 train_time:205467ms step_avg:268.58ms
step:776/4578 train_loss:3.8424 train_time:205733ms step_avg:268.58ms
step:777/4578 train_loss:3.7170 train_time:206014ms step_avg:268.60ms
step:778/4578 train_loss:3.5743 train_time:206271ms step_avg:268.58ms
step:779/4578 train_loss:3.7619 train_time:206540ms step_avg:268.58ms
step:780/4578 train_loss:3.6531 train_time:206801ms step_avg:268.57ms
step:781/4578 train_loss:3.8016 train_time:207070ms step_avg:268.57ms
step:782/4578 train_loss:3.8571 train_time:207344ms step_avg:268.58ms
step:783/4578 train_loss:3.7108 train_time:207609ms step_avg:268.58ms
step:784/4578 train_loss:3.7666 train_time:207879ms step_avg:268.58ms
step:785/4578 train_loss:3.7376 train_time:208146ms step_avg:268.58ms
step:786/4578 train_loss:3.6895 train_time:208413ms step_avg:268.57ms
step:787/4578 train_loss:3.5908 train_time:208683ms step_avg:268.58ms
step:788/4578 train_loss:4.1022 train_time:208950ms step_avg:268.57ms
step:789/4578 train_loss:3.5863 train_time:209219ms step_avg:268.57ms
step:790/4578 train_loss:3.6514 train_time:209495ms step_avg:268.58ms
step:791/4578 train_loss:3.7909 train_time:209754ms step_avg:268.57ms
step:792/4578 train_loss:3.7280 train_time:210028ms step_avg:268.58ms
step:793/4578 train_loss:3.6563 train_time:210301ms step_avg:268.58ms
step:794/4578 train_loss:3.5520 train_time:210572ms step_avg:268.59ms
step:795/4578 train_loss:3.6776 train_time:210833ms step_avg:268.58ms
step:796/4578 train_loss:3.7478 train_time:211101ms step_avg:268.58ms
step:797/4578 train_loss:3.7655 train_time:211376ms step_avg:268.58ms
step:798/4578 train_loss:3.6616 train_time:211640ms step_avg:268.58ms
step:799/4578 train_loss:3.8986 train_time:211909ms step_avg:268.58ms
step:800/4578 train_loss:3.7130 train_time:212177ms step_avg:268.58ms
step:801/4578 train_loss:3.7241 train_time:212441ms step_avg:268.57ms
step:802/4578 train_loss:3.8289 train_time:212714ms step_avg:268.58ms
step:803/4578 train_loss:3.8275 train_time:212982ms step_avg:268.58ms
step:804/4578 train_loss:3.8672 train_time:213245ms step_avg:268.57ms
step:805/4578 train_loss:3.8224 train_time:213522ms step_avg:268.58ms
step:806/4578 train_loss:3.6519 train_time:213779ms step_avg:268.57ms
step:807/4578 train_loss:3.4987 train_time:214048ms step_avg:268.57ms
step:808/4578 train_loss:3.8053 train_time:214316ms step_avg:268.57ms
step:809/4578 train_loss:3.8184 train_time:214588ms step_avg:268.57ms
step:810/4578 train_loss:3.6560 train_time:214852ms step_avg:268.57ms
step:811/4578 train_loss:3.7087 train_time:215120ms step_avg:268.56ms
step:812/4578 train_loss:3.8279 train_time:215392ms step_avg:268.57ms
step:813/4578 train_loss:3.7843 train_time:215665ms step_avg:268.57ms
step:814/4578 train_loss:3.7479 train_time:215930ms step_avg:268.57ms
step:815/4578 train_loss:3.8016 train_time:216197ms step_avg:268.57ms
step:816/4578 train_loss:3.7352 train_time:216467ms step_avg:268.57ms
step:817/4578 train_loss:3.7659 train_time:216744ms step_avg:268.58ms
step:818/4578 train_loss:4.1092 train_time:217011ms step_avg:268.58ms
step:819/4578 train_loss:3.7124 train_time:217275ms step_avg:268.57ms
step:820/4578 train_loss:3.9723 train_time:217548ms step_avg:268.58ms
step:821/4578 train_loss:3.5784 train_time:217811ms step_avg:268.57ms
step:822/4578 train_loss:3.6847 train_time:218078ms step_avg:268.57ms
step:823/4578 train_loss:3.9653 train_time:218353ms step_avg:268.58ms
step:824/4578 train_loss:3.7259 train_time:218613ms step_avg:268.57ms
step:825/4578 train_loss:3.6967 train_time:218888ms step_avg:268.57ms
step:826/4578 train_loss:3.8408 train_time:219155ms step_avg:268.57ms
step:827/4578 train_loss:3.6700 train_time:219419ms step_avg:268.57ms
step:828/4578 train_loss:4.1323 train_time:219684ms step_avg:268.56ms
step:829/4578 train_loss:3.7360 train_time:219952ms step_avg:268.56ms
step:830/4578 train_loss:3.8146 train_time:220226ms step_avg:268.57ms
step:831/4578 train_loss:3.6915 train_time:220490ms step_avg:268.56ms
step:832/4578 train_loss:3.6762 train_time:220764ms step_avg:268.57ms
step:833/4578 train_loss:3.6304 train_time:221027ms step_avg:268.56ms
step:834/4578 train_loss:3.7189 train_time:221298ms step_avg:268.57ms
step:835/4578 train_loss:3.6046 train_time:221565ms step_avg:268.56ms
step:836/4578 train_loss:3.5697 train_time:221832ms step_avg:268.56ms
step:837/4578 train_loss:3.9333 train_time:222101ms step_avg:268.56ms
step:838/4578 train_loss:3.5907 train_time:222372ms step_avg:268.57ms
step:839/4578 train_loss:3.7034 train_time:222637ms step_avg:268.56ms
step:840/4578 train_loss:3.6062 train_time:222908ms step_avg:268.56ms
step:841/4578 train_loss:3.7205 train_time:223177ms step_avg:268.56ms
step:842/4578 train_loss:3.7355 train_time:223445ms step_avg:268.56ms
step:843/4578 train_loss:3.7956 train_time:223713ms step_avg:268.56ms
step:844/4578 train_loss:3.7029 train_time:223979ms step_avg:268.56ms
step:845/4578 train_loss:3.6110 train_time:224247ms step_avg:268.56ms
step:846/4578 train_loss:3.8979 train_time:224519ms step_avg:268.56ms
step:847/4578 train_loss:3.6230 train_time:224787ms step_avg:268.56ms
step:848/4578 train_loss:3.5954 train_time:225054ms step_avg:268.56ms
step:849/4578 train_loss:3.7336 train_time:225321ms step_avg:268.56ms
step:850/4578 train_loss:3.6547 train_time:225591ms step_avg:268.56ms
step:851/4578 train_loss:3.7389 train_time:225855ms step_avg:268.56ms
step:852/4578 train_loss:3.8460 train_time:226124ms step_avg:268.56ms
step:853/4578 train_loss:3.6431 train_time:226398ms step_avg:268.56ms
step:854/4578 train_loss:3.7131 train_time:226662ms step_avg:268.56ms
step:855/4578 train_loss:3.9338 train_time:226926ms step_avg:268.55ms
step:856/4578 train_loss:3.6420 train_time:227200ms step_avg:268.56ms
step:857/4578 train_loss:3.6291 train_time:227461ms step_avg:268.55ms
step:858/4578 train_loss:3.7670 train_time:227730ms step_avg:268.55ms
step:859/4578 train_loss:3.5369 train_time:228004ms step_avg:268.56ms
step:860/4578 train_loss:3.7448 train_time:228269ms step_avg:268.55ms
step:861/4578 train_loss:3.6589 train_time:228537ms step_avg:268.55ms
step:862/4578 train_loss:3.8352 train_time:228807ms step_avg:268.55ms
step:863/4578 train_loss:3.7031 train_time:229075ms step_avg:268.55ms
step:864/4578 train_loss:3.7488 train_time:229341ms step_avg:268.55ms
step:865/4578 train_loss:3.6318 train_time:229612ms step_avg:268.55ms
step:866/4578 train_loss:3.7306 train_time:229879ms step_avg:268.55ms
step:867/4578 train_loss:4.1728 train_time:230148ms step_avg:268.55ms
step:868/4578 train_loss:3.5788 train_time:230420ms step_avg:268.55ms
step:869/4578 train_loss:3.8715 train_time:230684ms step_avg:268.55ms
step:870/4578 train_loss:3.6944 train_time:230954ms step_avg:268.55ms
step:871/4578 train_loss:3.6485 train_time:231219ms step_avg:268.55ms
step:872/4578 train_loss:3.4994 train_time:231493ms step_avg:268.55ms
step:873/4578 train_loss:3.8944 train_time:231760ms step_avg:268.55ms
step:874/4578 train_loss:3.5819 train_time:232030ms step_avg:268.55ms
step:875/4578 train_loss:3.2286 train_time:232299ms step_avg:268.55ms
step:875/4578 val_loss:3.6952 train_time:232521ms step_avg:268.81ms
step:876/4578 train_loss:3.7803 train_time:232566ms step_avg:268.55ms
step:877/4578 train_loss:3.7690 train_time:232834ms step_avg:268.55ms
step:878/4578 train_loss:3.7559 train_time:233097ms step_avg:268.55ms
step:879/4578 train_loss:3.6470 train_time:233369ms step_avg:268.55ms
step:880/4578 train_loss:3.7345 train_time:233635ms step_avg:268.55ms
step:881/4578 train_loss:3.3922 train_time:233902ms step_avg:268.54ms
step:882/4578 train_loss:3.7438 train_time:234177ms step_avg:268.55ms
step:883/4578 train_loss:4.1935 train_time:234443ms step_avg:268.55ms
step:884/4578 train_loss:4.0449 train_time:234712ms step_avg:268.55ms
step:885/4578 train_loss:3.8442 train_time:234985ms step_avg:268.55ms
step:886/4578 train_loss:3.7204 train_time:235257ms step_avg:268.56ms
step:887/4578 train_loss:3.7521 train_time:235518ms step_avg:268.55ms
step:888/4578 train_loss:4.6254 train_time:235794ms step_avg:268.56ms
step:889/4578 train_loss:3.9871 train_time:236054ms step_avg:268.55ms
step:890/4578 train_loss:3.6317 train_time:236321ms step_avg:268.55ms
step:891/4578 train_loss:3.6555 train_time:236591ms step_avg:268.55ms
step:892/4578 train_loss:3.6177 train_time:236860ms step_avg:268.55ms
step:893/4578 train_loss:3.8154 train_time:237129ms step_avg:268.55ms
step:894/4578 train_loss:3.5544 train_time:237398ms step_avg:268.55ms
step:895/4578 train_loss:3.6418 train_time:237673ms step_avg:268.56ms
step:896/4578 train_loss:3.6843 train_time:237937ms step_avg:268.55ms
step:897/4578 train_loss:3.6919 train_time:238209ms step_avg:268.56ms
step:898/4578 train_loss:3.7219 train_time:238476ms step_avg:268.55ms
step:899/4578 train_loss:3.8482 train_time:238745ms step_avg:268.55ms
step:900/4578 train_loss:3.6545 train_time:239011ms step_avg:268.55ms
step:901/4578 train_loss:3.5443 train_time:239280ms step_avg:268.55ms
step:902/4578 train_loss:3.7573 train_time:239547ms step_avg:268.55ms
step:903/4578 train_loss:3.6430 train_time:239828ms step_avg:268.56ms
step:904/4578 train_loss:3.6521 train_time:240094ms step_avg:268.56ms
step:905/4578 train_loss:3.6930 train_time:240356ms step_avg:268.55ms
step:906/4578 train_loss:3.7002 train_time:240622ms step_avg:268.55ms
step:907/4578 train_loss:3.7224 train_time:240889ms step_avg:268.55ms
step:908/4578 train_loss:3.6861 train_time:241161ms step_avg:268.55ms
step:909/4578 train_loss:3.6337 train_time:241426ms step_avg:268.55ms
step:910/4578 train_loss:3.6599 train_time:241692ms step_avg:268.55ms
step:911/4578 train_loss:3.6702 train_time:241960ms step_avg:268.55ms
step:912/4578 train_loss:3.7233 train_time:242231ms step_avg:268.55ms
step:913/4578 train_loss:3.9476 train_time:242496ms step_avg:268.54ms
step:914/4578 train_loss:3.5459 train_time:242763ms step_avg:268.54ms
step:915/4578 train_loss:3.7936 train_time:243030ms step_avg:268.54ms
step:916/4578 train_loss:3.8238 train_time:243297ms step_avg:268.54ms
step:917/4578 train_loss:3.7424 train_time:243569ms step_avg:268.54ms
step:918/4578 train_loss:3.7506 train_time:243833ms step_avg:268.54ms
step:919/4578 train_loss:4.0882 train_time:244100ms step_avg:268.54ms
step:920/4578 train_loss:3.5397 train_time:244365ms step_avg:268.53ms
step:921/4578 train_loss:3.6708 train_time:244637ms step_avg:268.54ms
step:922/4578 train_loss:3.6913 train_time:244908ms step_avg:268.54ms
step:923/4578 train_loss:3.6962 train_time:245173ms step_avg:268.54ms
step:924/4578 train_loss:3.7770 train_time:245441ms step_avg:268.54ms
step:925/4578 train_loss:3.8083 train_time:245718ms step_avg:268.54ms
step:926/4578 train_loss:3.8013 train_time:245984ms step_avg:268.54ms
step:927/4578 train_loss:3.7499 train_time:246247ms step_avg:268.54ms
step:928/4578 train_loss:3.8499 train_time:246519ms step_avg:268.54ms
step:929/4578 train_loss:3.9151 train_time:246784ms step_avg:268.54ms
step:930/4578 train_loss:3.6029 train_time:247052ms step_avg:268.53ms
step:931/4578 train_loss:3.5433 train_time:247320ms step_avg:268.53ms
step:932/4578 train_loss:3.6693 train_time:247597ms step_avg:268.54ms
step:933/4578 train_loss:3.8836 train_time:247856ms step_avg:268.53ms
step:934/4578 train_loss:3.5125 train_time:248125ms step_avg:268.53ms
step:935/4578 train_loss:3.7423 train_time:248393ms step_avg:268.53ms
step:936/4578 train_loss:3.5694 train_time:248660ms step_avg:268.53ms
step:937/4578 train_loss:3.6725 train_time:248929ms step_avg:268.53ms
step:938/4578 train_loss:3.7323 train_time:249197ms step_avg:268.53ms
step:939/4578 train_loss:3.6208 train_time:249469ms step_avg:268.53ms
step:940/4578 train_loss:3.8984 train_time:249734ms step_avg:268.53ms
step:941/4578 train_loss:3.6458 train_time:250007ms step_avg:268.54ms
step:942/4578 train_loss:3.7053 train_time:250273ms step_avg:268.53ms
step:943/4578 train_loss:3.4549 train_time:250544ms step_avg:268.54ms
step:944/4578 train_loss:3.7863 train_time:250809ms step_avg:268.53ms
step:945/4578 train_loss:3.4114 train_time:251081ms step_avg:268.54ms
step:946/4578 train_loss:3.5398 train_time:251347ms step_avg:268.53ms
step:947/4578 train_loss:4.0744 train_time:251613ms step_avg:268.53ms
step:948/4578 train_loss:3.9683 train_time:251883ms step_avg:268.53ms
step:949/4578 train_loss:3.7112 train_time:252157ms step_avg:268.54ms
step:950/4578 train_loss:3.7155 train_time:252588ms step_avg:268.71ms
step:951/4578 train_loss:3.6377 train_time:252799ms step_avg:268.65ms
step:952/4578 train_loss:3.6020 train_time:253065ms step_avg:268.65ms
step:953/4578 train_loss:3.6594 train_time:253345ms step_avg:268.66ms
step:954/4578 train_loss:3.8052 train_time:253601ms step_avg:268.64ms
step:955/4578 train_loss:3.6525 train_time:253866ms step_avg:268.64ms
step:956/4578 train_loss:3.6657 train_time:254137ms step_avg:268.64ms
step:957/4578 train_loss:3.6067 train_time:254403ms step_avg:268.64ms
step:958/4578 train_loss:3.6816 train_time:254672ms step_avg:268.64ms
step:959/4578 train_loss:3.6901 train_time:254938ms step_avg:268.64ms
step:960/4578 train_loss:3.8081 train_time:255208ms step_avg:268.64ms
step:961/4578 train_loss:3.4572 train_time:255474ms step_avg:268.64ms
step:962/4578 train_loss:3.9078 train_time:255743ms step_avg:268.64ms
step:963/4578 train_loss:3.9080 train_time:256014ms step_avg:268.64ms
step:964/4578 train_loss:3.9364 train_time:256285ms step_avg:268.64ms
step:965/4578 train_loss:3.5645 train_time:256549ms step_avg:268.64ms
step:966/4578 train_loss:3.6018 train_time:256820ms step_avg:268.64ms
step:967/4578 train_loss:3.8900 train_time:257085ms step_avg:268.64ms
step:968/4578 train_loss:3.6509 train_time:257355ms step_avg:268.64ms
step:969/4578 train_loss:3.6674 train_time:257622ms step_avg:268.64ms
step:970/4578 train_loss:3.6946 train_time:257889ms step_avg:268.63ms
step:971/4578 train_loss:3.5882 train_time:258158ms step_avg:268.64ms
step:972/4578 train_loss:3.6902 train_time:258423ms step_avg:268.63ms
step:973/4578 train_loss:3.6484 train_time:258695ms step_avg:268.63ms
step:974/4578 train_loss:3.6958 train_time:258965ms step_avg:268.64ms
step:975/4578 train_loss:3.8274 train_time:259231ms step_avg:268.63ms
step:976/4578 train_loss:3.6776 train_time:259501ms step_avg:268.63ms
step:977/4578 train_loss:4.0291 train_time:259766ms step_avg:268.63ms
step:978/4578 train_loss:3.8287 train_time:260035ms step_avg:268.63ms
step:979/4578 train_loss:3.5336 train_time:260305ms step_avg:268.63ms
step:980/4578 train_loss:4.2049 train_time:260575ms step_avg:268.63ms
step:981/4578 train_loss:3.6457 train_time:260838ms step_avg:268.63ms
step:982/4578 train_loss:3.7004 train_time:261106ms step_avg:268.63ms
step:983/4578 train_loss:3.6398 train_time:261376ms step_avg:268.63ms
step:984/4578 train_loss:3.6926 train_time:261641ms step_avg:268.62ms
step:985/4578 train_loss:3.7668 train_time:261911ms step_avg:268.63ms
step:986/4578 train_loss:3.8242 train_time:262178ms step_avg:268.63ms
step:987/4578 train_loss:3.6057 train_time:262447ms step_avg:268.62ms
step:988/4578 train_loss:3.6648 train_time:262714ms step_avg:268.62ms
step:989/4578 train_loss:3.6536 train_time:262982ms step_avg:268.62ms
step:990/4578 train_loss:3.5818 train_time:263249ms step_avg:268.62ms
step:991/4578 train_loss:3.8555 train_time:263516ms step_avg:268.62ms
step:992/4578 train_loss:3.5242 train_time:263790ms step_avg:268.62ms
step:993/4578 train_loss:3.6350 train_time:264056ms step_avg:268.62ms
step:994/4578 train_loss:3.6543 train_time:264324ms step_avg:268.62ms
step:995/4578 train_loss:3.7803 train_time:264594ms step_avg:268.62ms
step:996/4578 train_loss:3.6540 train_time:264864ms step_avg:268.63ms
step:997/4578 train_loss:3.5672 train_time:265132ms step_avg:268.62ms
step:998/4578 train_loss:3.9610 train_time:265398ms step_avg:268.62ms
step:999/4578 train_loss:3.6213 train_time:265667ms step_avg:268.62ms
step:1000/4578 train_loss:3.8449 train_time:265933ms step_avg:268.62ms
step:1000/4578 val_loss:3.6578 train_time:266161ms step_avg:268.85ms
step:1001/4578 train_loss:3.5537 train_time:266204ms step_avg:268.62ms
step:1002/4578 train_loss:3.5754 train_time:266470ms step_avg:268.62ms
step:1003/4578 train_loss:3.5934 train_time:266738ms step_avg:268.62ms
step:1004/4578 train_loss:3.9489 train_time:267013ms step_avg:268.62ms
step:1005/4578 train_loss:3.7822 train_time:267277ms step_avg:268.62ms
step:1006/4578 train_loss:3.5586 train_time:267556ms step_avg:268.63ms
step:1007/4578 train_loss:3.5911 train_time:267822ms step_avg:268.63ms
step:1008/4578 train_loss:3.5615 train_time:268090ms step_avg:268.63ms
step:1009/4578 train_loss:3.7737 train_time:268360ms step_avg:268.63ms
step:1010/4578 train_loss:3.8717 train_time:268628ms step_avg:268.63ms
step:1011/4578 train_loss:3.7913 train_time:268893ms step_avg:268.62ms
step:1012/4578 train_loss:3.7297 train_time:269164ms step_avg:268.63ms
step:1013/4578 train_loss:3.5669 train_time:269436ms step_avg:268.63ms
step:1014/4578 train_loss:3.7912 train_time:269702ms step_avg:268.63ms
step:1015/4578 train_loss:3.7498 train_time:269969ms step_avg:268.63ms
step:1016/4578 train_loss:3.4435 train_time:270235ms step_avg:268.62ms
step:1017/4578 train_loss:3.6336 train_time:270504ms step_avg:268.62ms
step:1018/4578 train_loss:3.5615 train_time:270782ms step_avg:268.63ms
step:1019/4578 train_loss:3.5970 train_time:271039ms step_avg:268.62ms
step:1020/4578 train_loss:3.5640 train_time:271307ms step_avg:268.62ms
step:1021/4578 train_loss:3.5549 train_time:271575ms step_avg:268.62ms
step:1022/4578 train_loss:3.5156 train_time:271847ms step_avg:268.62ms
step:1023/4578 train_loss:3.7169 train_time:272112ms step_avg:268.62ms
step:1024/4578 train_loss:3.6896 train_time:272378ms step_avg:268.62ms
step:1025/4578 train_loss:3.6682 train_time:272651ms step_avg:268.62ms
step:1026/4578 train_loss:3.6024 train_time:272919ms step_avg:268.62ms
step:1027/4578 train_loss:3.7007 train_time:273183ms step_avg:268.62ms
step:1028/4578 train_loss:3.6295 train_time:273454ms step_avg:268.62ms
step:1029/4578 train_loss:3.5696 train_time:273721ms step_avg:268.62ms
step:1030/4578 train_loss:3.5931 train_time:273989ms step_avg:268.62ms
step:1031/4578 train_loss:3.6638 train_time:274256ms step_avg:268.61ms
step:1032/4578 train_loss:3.5543 train_time:274526ms step_avg:268.62ms
step:1033/4578 train_loss:3.7863 train_time:274794ms step_avg:268.62ms
step:1034/4578 train_loss:3.6527 train_time:275062ms step_avg:268.62ms
step:1035/4578 train_loss:3.4887 train_time:275330ms step_avg:268.61ms
step:1036/4578 train_loss:3.5522 train_time:275596ms step_avg:268.61ms
step:1037/4578 train_loss:3.7190 train_time:275865ms step_avg:268.61ms
step:1038/4578 train_loss:4.0916 train_time:276135ms step_avg:268.61ms
step:1039/4578 train_loss:3.8207 train_time:276401ms step_avg:268.61ms
step:1040/4578 train_loss:3.7796 train_time:276670ms step_avg:268.61ms
step:1041/4578 train_loss:3.6943 train_time:276940ms step_avg:268.61ms
step:1042/4578 train_loss:3.5338 train_time:277209ms step_avg:268.61ms
step:1043/4578 train_loss:3.5779 train_time:277472ms step_avg:268.61ms
step:1044/4578 train_loss:3.6007 train_time:277748ms step_avg:268.62ms
step:1045/4578 train_loss:3.7377 train_time:278015ms step_avg:268.61ms
step:1046/4578 train_loss:3.8058 train_time:278286ms step_avg:268.62ms
step:1047/4578 train_loss:3.6520 train_time:278545ms step_avg:268.61ms
step:1048/4578 train_loss:3.8771 train_time:278822ms step_avg:268.61ms
step:1049/4578 train_loss:3.7154 train_time:279081ms step_avg:268.61ms
step:1050/4578 train_loss:3.6895 train_time:279351ms step_avg:268.61ms
step:1051/4578 train_loss:3.5182 train_time:279615ms step_avg:268.60ms
step:1052/4578 train_loss:3.7551 train_time:279896ms step_avg:268.61ms
step:1053/4578 train_loss:3.5311 train_time:280153ms step_avg:268.60ms
step:1054/4578 train_loss:3.9820 train_time:280423ms step_avg:268.60ms
step:1055/4578 train_loss:3.5246 train_time:280692ms step_avg:268.61ms
step:1056/4578 train_loss:3.6382 train_time:280964ms step_avg:268.61ms
step:1057/4578 train_loss:3.7853 train_time:281232ms step_avg:268.61ms
step:1058/4578 train_loss:3.6578 train_time:281502ms step_avg:268.61ms
step:1059/4578 train_loss:3.5313 train_time:281767ms step_avg:268.61ms
step:1060/4578 train_loss:3.7882 train_time:282033ms step_avg:268.60ms
step:1061/4578 train_loss:3.7134 train_time:282302ms step_avg:268.60ms
step:1062/4578 train_loss:3.5899 train_time:282573ms step_avg:268.61ms
step:1063/4578 train_loss:3.5615 train_time:282837ms step_avg:268.60ms
step:1064/4578 train_loss:3.7036 train_time:283107ms step_avg:268.60ms
step:1065/4578 train_loss:3.5035 train_time:283380ms step_avg:268.61ms
step:1066/4578 train_loss:3.5086 train_time:283641ms step_avg:268.60ms
step:1067/4578 train_loss:3.6562 train_time:283909ms step_avg:268.60ms
step:1068/4578 train_loss:3.4556 train_time:284176ms step_avg:268.60ms
step:1069/4578 train_loss:3.6001 train_time:284447ms step_avg:268.60ms
step:1070/4578 train_loss:3.3214 train_time:284717ms step_avg:268.60ms
step:1071/4578 train_loss:3.8342 train_time:284985ms step_avg:268.60ms
step:1072/4578 train_loss:3.7133 train_time:285252ms step_avg:268.60ms
step:1073/4578 train_loss:3.5990 train_time:285519ms step_avg:268.60ms
step:1074/4578 train_loss:3.7796 train_time:285790ms step_avg:268.60ms
step:1075/4578 train_loss:3.6521 train_time:286055ms step_avg:268.60ms
step:1076/4578 train_loss:3.5483 train_time:286323ms step_avg:268.60ms
step:1077/4578 train_loss:3.9441 train_time:286590ms step_avg:268.59ms
step:1078/4578 train_loss:3.5866 train_time:286864ms step_avg:268.60ms
step:1079/4578 train_loss:3.3191 train_time:287128ms step_avg:268.59ms
step:1080/4578 train_loss:3.5087 train_time:287396ms step_avg:268.59ms
step:1081/4578 train_loss:3.6439 train_time:287661ms step_avg:268.59ms
step:1082/4578 train_loss:3.7473 train_time:287932ms step_avg:268.59ms
step:1083/4578 train_loss:3.7983 train_time:288199ms step_avg:268.59ms
step:1084/4578 train_loss:3.8067 train_time:288467ms step_avg:268.59ms
step:1085/4578 train_loss:3.5952 train_time:288735ms step_avg:268.59ms
step:1086/4578 train_loss:3.7152 train_time:289002ms step_avg:268.59ms
step:1087/4578 train_loss:3.5428 train_time:289281ms step_avg:268.60ms
step:1088/4578 train_loss:3.7242 train_time:289546ms step_avg:268.60ms
step:1089/4578 train_loss:3.5869 train_time:289813ms step_avg:268.59ms
step:1090/4578 train_loss:3.5518 train_time:290085ms step_avg:268.60ms
step:1091/4578 train_loss:3.7939 train_time:290363ms step_avg:268.61ms
step:1092/4578 train_loss:3.6030 train_time:290621ms step_avg:268.60ms
step:1093/4578 train_loss:3.7294 train_time:290891ms step_avg:268.60ms
step:1094/4578 train_loss:3.6255 train_time:291157ms step_avg:268.59ms
step:1095/4578 train_loss:3.6963 train_time:291426ms step_avg:268.60ms
step:1096/4578 train_loss:3.5900 train_time:291693ms step_avg:268.59ms
step:1097/4578 train_loss:3.6208 train_time:291963ms step_avg:268.59ms
step:1098/4578 train_loss:3.6903 train_time:292229ms step_avg:268.59ms
step:1099/4578 train_loss:3.7935 train_time:292500ms step_avg:268.59ms
step:1100/4578 train_loss:3.6504 train_time:292767ms step_avg:268.59ms
step:1101/4578 train_loss:3.7373 train_time:293041ms step_avg:268.60ms
step:1102/4578 train_loss:3.6448 train_time:293305ms step_avg:268.59ms
step:1103/4578 train_loss:3.5208 train_time:293575ms step_avg:268.60ms
step:1104/4578 train_loss:3.6135 train_time:293845ms step_avg:268.60ms
step:1105/4578 train_loss:3.6166 train_time:294115ms step_avg:268.60ms
step:1106/4578 train_loss:3.8210 train_time:294381ms step_avg:268.60ms
step:1107/4578 train_loss:3.3672 train_time:294655ms step_avg:268.60ms
step:1108/4578 train_loss:3.8428 train_time:294918ms step_avg:268.60ms
step:1109/4578 train_loss:3.6658 train_time:295190ms step_avg:268.60ms
step:1110/4578 train_loss:3.6210 train_time:295467ms step_avg:268.61ms
step:1111/4578 train_loss:3.6526 train_time:295721ms step_avg:268.59ms
step:1112/4578 train_loss:3.7216 train_time:295986ms step_avg:268.59ms
step:1113/4578 train_loss:3.7891 train_time:296258ms step_avg:268.59ms
step:1114/4578 train_loss:3.6418 train_time:296523ms step_avg:268.59ms
step:1115/4578 train_loss:3.6664 train_time:296798ms step_avg:268.60ms
step:1116/4578 train_loss:3.4552 train_time:297061ms step_avg:268.59ms
step:1117/4578 train_loss:3.6160 train_time:297328ms step_avg:268.59ms
step:1118/4578 train_loss:3.6504 train_time:297597ms step_avg:268.59ms
step:1119/4578 train_loss:4.0968 train_time:297865ms step_avg:268.59ms
step:1120/4578 train_loss:3.7467 train_time:298133ms step_avg:268.59ms
step:1121/4578 train_loss:3.6573 train_time:298400ms step_avg:268.59ms
step:1122/4578 train_loss:3.6247 train_time:298672ms step_avg:268.59ms
step:1123/4578 train_loss:3.6549 train_time:298939ms step_avg:268.59ms
step:1124/4578 train_loss:3.8819 train_time:299211ms step_avg:268.59ms
step:1125/4578 train_loss:3.5103 train_time:299472ms step_avg:268.58ms
step:1125/4578 val_loss:3.6300 train_time:299700ms step_avg:268.79ms
step:1126/4578 train_loss:3.3365 train_time:299745ms step_avg:268.59ms
step:1127/4578 train_loss:3.7587 train_time:300013ms step_avg:268.59ms
step:1128/4578 train_loss:4.1363 train_time:300279ms step_avg:268.59ms
step:1129/4578 train_loss:3.4989 train_time:300547ms step_avg:268.59ms
step:1130/4578 train_loss:3.7926 train_time:300814ms step_avg:268.58ms
step:1131/4578 train_loss:3.7127 train_time:301082ms step_avg:268.58ms
step:1132/4578 train_loss:3.6423 train_time:301349ms step_avg:268.58ms
step:1133/4578 train_loss:3.6738 train_time:301619ms step_avg:268.58ms
step:1134/4578 train_loss:3.8872 train_time:301885ms step_avg:268.58ms
step:1135/4578 train_loss:3.6538 train_time:302153ms step_avg:268.58ms
step:1136/4578 train_loss:3.6299 train_time:302427ms step_avg:268.58ms
step:1137/4578 train_loss:3.8018 train_time:302694ms step_avg:268.58ms
step:1138/4578 train_loss:3.6796 train_time:302958ms step_avg:268.58ms
step:1139/4578 train_loss:3.4823 train_time:303230ms step_avg:268.58ms
step:1140/4578 train_loss:3.9596 train_time:303908ms step_avg:268.94ms
step:1141/4578 train_loss:3.6540 train_time:304116ms step_avg:268.89ms
step:1142/4578 train_loss:3.8650 train_time:304383ms step_avg:268.89ms
step:1143/4578 train_loss:3.7354 train_time:304652ms step_avg:268.89ms
step:1144/4578 train_loss:3.6590 train_time:304921ms step_avg:268.89ms
step:1145/4578 train_loss:3.6050 train_time:305192ms step_avg:268.89ms
step:1146/4578 train_loss:3.6659 train_time:305454ms step_avg:268.89ms
step:1147/4578 train_loss:3.9448 train_time:305721ms step_avg:268.88ms
step:1148/4578 train_loss:3.7730 train_time:305999ms step_avg:268.89ms
step:1149/4578 train_loss:3.6263 train_time:306264ms step_avg:268.89ms
step:1150/4578 train_loss:3.4762 train_time:306531ms step_avg:268.89ms
step:1151/4578 train_loss:3.5272 train_time:306800ms step_avg:268.89ms
step:1152/4578 train_loss:3.5807 train_time:307067ms step_avg:268.89ms
step:1153/4578 train_loss:3.9870 train_time:307335ms step_avg:268.88ms
step:1154/4578 train_loss:3.7779 train_time:307605ms step_avg:268.89ms
step:1155/4578 train_loss:3.7860 train_time:307874ms step_avg:268.89ms
step:1156/4578 train_loss:3.4602 train_time:308143ms step_avg:268.89ms
step:1157/4578 train_loss:3.8450 train_time:308409ms step_avg:268.88ms
step:1158/4578 train_loss:3.6896 train_time:308677ms step_avg:268.88ms
step:1159/4578 train_loss:3.4831 train_time:308946ms step_avg:268.88ms
step:1160/4578 train_loss:3.5597 train_time:309214ms step_avg:268.88ms
step:1161/4578 train_loss:3.4896 train_time:309483ms step_avg:268.88ms
step:1162/4578 train_loss:3.4676 train_time:309747ms step_avg:268.88ms
step:1163/4578 train_loss:3.5240 train_time:310018ms step_avg:268.88ms
step:1164/4578 train_loss:3.7219 train_time:310286ms step_avg:268.88ms
step:1165/4578 train_loss:3.6170 train_time:310559ms step_avg:268.88ms
step:1166/4578 train_loss:3.4894 train_time:310826ms step_avg:268.88ms
step:1167/4578 train_loss:3.5910 train_time:311097ms step_avg:268.88ms
step:1168/4578 train_loss:3.5842 train_time:311361ms step_avg:268.88ms
step:1169/4578 train_loss:3.7955 train_time:311626ms step_avg:268.87ms
step:1170/4578 train_loss:3.5403 train_time:311894ms step_avg:268.87ms
step:1171/4578 train_loss:3.6164 train_time:312161ms step_avg:268.87ms
step:1172/4578 train_loss:3.5796 train_time:312430ms step_avg:268.87ms
step:1173/4578 train_loss:3.6172 train_time:312697ms step_avg:268.87ms
step:1174/4578 train_loss:3.7911 train_time:312967ms step_avg:268.87ms
step:1175/4578 train_loss:3.5222 train_time:313233ms step_avg:268.87ms
step:1176/4578 train_loss:3.6397 train_time:313507ms step_avg:268.87ms
step:1177/4578 train_loss:3.7560 train_time:313769ms step_avg:268.87ms
step:1178/4578 train_loss:3.5578 train_time:314043ms step_avg:268.87ms
step:1179/4578 train_loss:3.7126 train_time:314305ms step_avg:268.87ms
step:1180/4578 train_loss:3.5615 train_time:314574ms step_avg:268.87ms
step:1181/4578 train_loss:3.5257 train_time:314842ms step_avg:268.87ms
step:1182/4578 train_loss:3.3727 train_time:315111ms step_avg:268.87ms
step:1183/4578 train_loss:3.6643 train_time:315378ms step_avg:268.86ms
step:1184/4578 train_loss:3.4694 train_time:315655ms step_avg:268.87ms
step:1185/4578 train_loss:3.8548 train_time:315913ms step_avg:268.86ms
step:1186/4578 train_loss:3.8299 train_time:316185ms step_avg:268.86ms
step:1187/4578 train_loss:3.5827 train_time:316449ms step_avg:268.86ms
step:1188/4578 train_loss:3.5935 train_time:316721ms step_avg:268.86ms
step:1189/4578 train_loss:3.6309 train_time:316986ms step_avg:268.86ms
step:1190/4578 train_loss:3.4384 train_time:317256ms step_avg:268.86ms
step:1191/4578 train_loss:3.6973 train_time:317526ms step_avg:268.86ms
step:1192/4578 train_loss:4.0686 train_time:317791ms step_avg:268.86ms
step:1193/4578 train_loss:3.5907 train_time:318058ms step_avg:268.86ms
step:1194/4578 train_loss:3.5254 train_time:318328ms step_avg:268.86ms
step:1195/4578 train_loss:3.7910 train_time:318595ms step_avg:268.86ms
step:1196/4578 train_loss:3.5859 train_time:318867ms step_avg:268.86ms
step:1197/4578 train_loss:3.5141 train_time:319132ms step_avg:268.86ms
step:1198/4578 train_loss:3.4852 train_time:319399ms step_avg:268.85ms
step:1199/4578 train_loss:3.4713 train_time:319669ms step_avg:268.86ms
step:1200/4578 train_loss:3.6147 train_time:319936ms step_avg:268.85ms
step:1201/4578 train_loss:3.6682 train_time:320204ms step_avg:268.85ms
step:1202/4578 train_loss:3.8180 train_time:320472ms step_avg:268.85ms
step:1203/4578 train_loss:3.7261 train_time:320742ms step_avg:268.85ms
step:1204/4578 train_loss:3.6554 train_time:321007ms step_avg:268.85ms
step:1205/4578 train_loss:3.5412 train_time:321273ms step_avg:268.85ms
step:1206/4578 train_loss:3.6067 train_time:321543ms step_avg:268.85ms
step:1207/4578 train_loss:3.7328 train_time:321815ms step_avg:268.85ms
step:1208/4578 train_loss:3.7874 train_time:322080ms step_avg:268.85ms
step:1209/4578 train_loss:3.5374 train_time:322348ms step_avg:268.85ms
step:1210/4578 train_loss:3.4359 train_time:322618ms step_avg:268.85ms
step:1211/4578 train_loss:3.3778 train_time:322886ms step_avg:268.85ms
step:1212/4578 train_loss:3.6768 train_time:323154ms step_avg:268.85ms
step:1213/4578 train_loss:3.7438 train_time:323422ms step_avg:268.85ms
step:1214/4578 train_loss:3.5939 train_time:323691ms step_avg:268.85ms
step:1215/4578 train_loss:3.4848 train_time:323961ms step_avg:268.85ms
step:1216/4578 train_loss:3.8091 train_time:324231ms step_avg:268.85ms
step:1217/4578 train_loss:3.5387 train_time:324499ms step_avg:268.85ms
step:1218/4578 train_loss:3.6179 train_time:324768ms step_avg:268.85ms
step:1219/4578 train_loss:3.6484 train_time:325043ms step_avg:268.85ms
step:1220/4578 train_loss:3.6568 train_time:325308ms step_avg:268.85ms
step:1221/4578 train_loss:3.6177 train_time:325571ms step_avg:268.84ms
step:1222/4578 train_loss:3.8290 train_time:325841ms step_avg:268.85ms
step:1223/4578 train_loss:3.5920 train_time:326107ms step_avg:268.84ms
step:1224/4578 train_loss:3.5032 train_time:326374ms step_avg:268.84ms
step:1225/4578 train_loss:3.4165 train_time:326645ms step_avg:268.84ms
step:1226/4578 train_loss:3.5357 train_time:326911ms step_avg:268.84ms
step:1227/4578 train_loss:3.5332 train_time:327179ms step_avg:268.84ms
step:1228/4578 train_loss:3.5647 train_time:327451ms step_avg:268.84ms
step:1229/4578 train_loss:3.6435 train_time:327715ms step_avg:268.84ms
step:1230/4578 train_loss:3.5670 train_time:327983ms step_avg:268.84ms
step:1231/4578 train_loss:3.8314 train_time:328252ms step_avg:268.84ms
step:1232/4578 train_loss:3.8955 train_time:328518ms step_avg:268.84ms
step:1233/4578 train_loss:3.7980 train_time:328790ms step_avg:268.84ms
step:1234/4578 train_loss:3.6929 train_time:329055ms step_avg:268.84ms
step:1235/4578 train_loss:3.8693 train_time:329328ms step_avg:268.84ms
step:1236/4578 train_loss:3.5938 train_time:329595ms step_avg:268.84ms
step:1237/4578 train_loss:3.5191 train_time:329862ms step_avg:268.84ms
step:1238/4578 train_loss:3.4555 train_time:330133ms step_avg:268.84ms
step:1239/4578 train_loss:3.4835 train_time:330400ms step_avg:268.84ms
step:1240/4578 train_loss:3.5507 train_time:330669ms step_avg:268.84ms
step:1241/4578 train_loss:3.4735 train_time:330940ms step_avg:268.84ms
step:1242/4578 train_loss:3.6735 train_time:331209ms step_avg:268.84ms
step:1243/4578 train_loss:3.5565 train_time:331474ms step_avg:268.84ms
step:1244/4578 train_loss:3.6478 train_time:331744ms step_avg:268.84ms
step:1245/4578 train_loss:3.7228 train_time:332009ms step_avg:268.83ms
step:1246/4578 train_loss:3.4603 train_time:332279ms step_avg:268.83ms
step:1247/4578 train_loss:3.5456 train_time:332548ms step_avg:268.83ms
step:1248/4578 train_loss:3.6702 train_time:332818ms step_avg:268.84ms
step:1249/4578 train_loss:3.7908 train_time:333083ms step_avg:268.83ms
step:1250/4578 train_loss:3.6651 train_time:333354ms step_avg:268.83ms
step:1250/4578 val_loss:3.6017 train_time:333579ms step_avg:269.02ms
step:1251/4578 train_loss:3.5717 train_time:333627ms step_avg:268.84ms
step:1252/4578 train_loss:3.6309 train_time:333893ms step_avg:268.84ms
step:1253/4578 train_loss:3.6157 train_time:334163ms step_avg:268.84ms
step:1254/4578 train_loss:3.6204 train_time:334431ms step_avg:268.84ms
step:1255/4578 train_loss:3.7826 train_time:334699ms step_avg:268.83ms
step:1256/4578 train_loss:3.6875 train_time:334964ms step_avg:268.83ms
step:1257/4578 train_loss:3.7253 train_time:335237ms step_avg:268.84ms
step:1258/4578 train_loss:3.6892 train_time:335508ms step_avg:268.84ms
step:1259/4578 train_loss:3.5843 train_time:335772ms step_avg:268.83ms
step:1260/4578 train_loss:3.5855 train_time:336040ms step_avg:268.83ms
step:1261/4578 train_loss:3.4450 train_time:336310ms step_avg:268.83ms
step:1262/4578 train_loss:3.3624 train_time:336579ms step_avg:268.83ms
step:1263/4578 train_loss:3.7209 train_time:336844ms step_avg:268.83ms
step:1264/4578 train_loss:3.4219 train_time:337116ms step_avg:268.83ms
step:1265/4578 train_loss:3.7625 train_time:337381ms step_avg:268.83ms
step:1266/4578 train_loss:3.6664 train_time:337647ms step_avg:268.83ms
step:1267/4578 train_loss:3.6520 train_time:337919ms step_avg:268.83ms
step:1268/4578 train_loss:3.7339 train_time:338185ms step_avg:268.83ms
step:1269/4578 train_loss:3.5579 train_time:338452ms step_avg:268.83ms
step:1270/4578 train_loss:3.5805 train_time:338721ms step_avg:268.83ms
step:1271/4578 train_loss:3.5072 train_time:338989ms step_avg:268.83ms
step:1272/4578 train_loss:3.5001 train_time:339259ms step_avg:268.83ms
step:1273/4578 train_loss:3.5393 train_time:339519ms step_avg:268.82ms
step:1274/4578 train_loss:3.5945 train_time:339785ms step_avg:268.82ms
step:1275/4578 train_loss:3.5823 train_time:340057ms step_avg:268.82ms
step:1276/4578 train_loss:3.7142 train_time:340326ms step_avg:268.82ms
step:1277/4578 train_loss:3.7132 train_time:340593ms step_avg:268.82ms
step:1278/4578 train_loss:3.6695 train_time:340872ms step_avg:268.83ms
step:1279/4578 train_loss:3.5669 train_time:341130ms step_avg:268.82ms
step:1280/4578 train_loss:3.4067 train_time:341399ms step_avg:268.82ms
step:1281/4578 train_loss:3.4989 train_time:341667ms step_avg:268.82ms
step:1282/4578 train_loss:3.7137 train_time:341934ms step_avg:268.82ms
step:1283/4578 train_loss:3.6301 train_time:342200ms step_avg:268.81ms
step:1284/4578 train_loss:3.7045 train_time:342469ms step_avg:268.81ms
step:1285/4578 train_loss:3.6472 train_time:342740ms step_avg:268.82ms
step:1286/4578 train_loss:3.6125 train_time:343005ms step_avg:268.81ms
step:1287/4578 train_loss:3.4730 train_time:343276ms step_avg:268.81ms
step:1288/4578 train_loss:3.5423 train_time:343544ms step_avg:268.81ms
step:1289/4578 train_loss:3.5201 train_time:343815ms step_avg:268.82ms
step:1290/4578 train_loss:3.4687 train_time:344081ms step_avg:268.81ms
step:1291/4578 train_loss:3.6281 train_time:344349ms step_avg:268.81ms
step:1292/4578 train_loss:3.6497 train_time:344617ms step_avg:268.81ms
step:1293/4578 train_loss:3.6882 train_time:344890ms step_avg:268.82ms
step:1294/4578 train_loss:3.7210 train_time:345153ms step_avg:268.81ms
step:1295/4578 train_loss:3.3735 train_time:345422ms step_avg:268.81ms
step:1296/4578 train_loss:3.4841 train_time:345691ms step_avg:268.81ms
step:1297/4578 train_loss:3.6832 train_time:345957ms step_avg:268.81ms
step:1298/4578 train_loss:3.4333 train_time:346226ms step_avg:268.81ms
step:1299/4578 train_loss:3.6872 train_time:346494ms step_avg:268.81ms
step:1300/4578 train_loss:3.6138 train_time:346762ms step_avg:268.81ms
step:1301/4578 train_loss:3.7357 train_time:347029ms step_avg:268.81ms
step:1302/4578 train_loss:3.6926 train_time:347299ms step_avg:268.81ms
step:1303/4578 train_loss:3.8384 train_time:347565ms step_avg:268.81ms
step:1304/4578 train_loss:3.4753 train_time:347832ms step_avg:268.80ms
step:1305/4578 train_loss:3.9685 train_time:348108ms step_avg:268.81ms
step:1306/4578 train_loss:3.5673 train_time:348375ms step_avg:268.81ms
step:1307/4578 train_loss:3.7555 train_time:348640ms step_avg:268.80ms
step:1308/4578 train_loss:3.9199 train_time:348906ms step_avg:268.80ms
step:1309/4578 train_loss:3.5391 train_time:349175ms step_avg:268.80ms
step:1310/4578 train_loss:3.4806 train_time:349446ms step_avg:268.80ms
step:1311/4578 train_loss:3.6660 train_time:349713ms step_avg:268.80ms
step:1312/4578 train_loss:3.5992 train_time:349978ms step_avg:268.80ms
step:1313/4578 train_loss:3.5807 train_time:350250ms step_avg:268.80ms
step:1314/4578 train_loss:3.6722 train_time:350520ms step_avg:268.80ms
step:1315/4578 train_loss:3.3119 train_time:350783ms step_avg:268.80ms
step:1316/4578 train_loss:3.5064 train_time:351050ms step_avg:268.80ms
step:1317/4578 train_loss:3.6049 train_time:351320ms step_avg:268.80ms
step:1318/4578 train_loss:3.7183 train_time:351585ms step_avg:268.80ms
step:1319/4578 train_loss:3.4011 train_time:351854ms step_avg:268.80ms
step:1320/4578 train_loss:3.5864 train_time:352125ms step_avg:268.80ms
step:1321/4578 train_loss:3.7404 train_time:352392ms step_avg:268.80ms
step:1322/4578 train_loss:3.7040 train_time:352660ms step_avg:268.80ms
step:1323/4578 train_loss:3.5793 train_time:352931ms step_avg:268.80ms
step:1324/4578 train_loss:3.6142 train_time:353198ms step_avg:268.80ms
step:1325/4578 train_loss:3.8693 train_time:353466ms step_avg:268.80ms
step:1326/4578 train_loss:3.9016 train_time:353741ms step_avg:268.80ms
step:1327/4578 train_loss:3.6441 train_time:354008ms step_avg:268.80ms
step:1328/4578 train_loss:3.4648 train_time:354274ms step_avg:268.80ms
step:1329/4578 train_loss:3.8684 train_time:354543ms step_avg:268.80ms
step:1330/4578 train_loss:3.6378 train_time:355145ms step_avg:269.05ms
step:1331/4578 train_loss:3.8412 train_time:355351ms step_avg:269.00ms
step:1332/4578 train_loss:3.5677 train_time:355617ms step_avg:269.00ms
step:1333/4578 train_loss:3.8160 train_time:355891ms step_avg:269.00ms
step:1334/4578 train_loss:3.7201 train_time:356163ms step_avg:269.01ms
step:1335/4578 train_loss:3.6226 train_time:356432ms step_avg:269.00ms
step:1336/4578 train_loss:3.5317 train_time:356707ms step_avg:269.01ms
step:1337/4578 train_loss:3.6471 train_time:356965ms step_avg:269.00ms
step:1338/4578 train_loss:3.8366 train_time:357232ms step_avg:269.00ms
step:1339/4578 train_loss:3.7186 train_time:357501ms step_avg:269.00ms
step:1340/4578 train_loss:3.5622 train_time:357776ms step_avg:269.00ms
step:1341/4578 train_loss:3.5007 train_time:358039ms step_avg:269.00ms
step:1342/4578 train_loss:3.8721 train_time:358306ms step_avg:269.00ms
step:1343/4578 train_loss:3.6720 train_time:358574ms step_avg:269.00ms
step:1344/4578 train_loss:3.6919 train_time:358839ms step_avg:269.00ms
step:1345/4578 train_loss:3.6945 train_time:359104ms step_avg:268.99ms
step:1346/4578 train_loss:3.6829 train_time:359375ms step_avg:268.99ms
step:1347/4578 train_loss:3.5094 train_time:359644ms step_avg:268.99ms
step:1348/4578 train_loss:3.4902 train_time:359909ms step_avg:268.99ms
step:1349/4578 train_loss:3.6217 train_time:360178ms step_avg:268.99ms
step:1350/4578 train_loss:3.5036 train_time:360447ms step_avg:268.99ms
step:1351/4578 train_loss:3.6977 train_time:360715ms step_avg:268.99ms
step:1352/4578 train_loss:3.5881 train_time:360986ms step_avg:268.99ms
step:1353/4578 train_loss:3.5388 train_time:361256ms step_avg:268.99ms
step:1354/4578 train_loss:3.6795 train_time:361521ms step_avg:268.99ms
step:1355/4578 train_loss:3.5482 train_time:361799ms step_avg:269.00ms
step:1356/4578 train_loss:3.3565 train_time:362057ms step_avg:268.99ms
step:1357/4578 train_loss:3.6748 train_time:362324ms step_avg:268.99ms
step:1358/4578 train_loss:3.7495 train_time:362591ms step_avg:268.98ms
step:1359/4578 train_loss:3.4414 train_time:362859ms step_avg:268.98ms
step:1360/4578 train_loss:3.7948 train_time:363129ms step_avg:268.98ms
step:1361/4578 train_loss:3.7201 train_time:363397ms step_avg:268.98ms
step:1362/4578 train_loss:3.4577 train_time:363664ms step_avg:268.98ms
step:1363/4578 train_loss:3.6308 train_time:363930ms step_avg:268.98ms
step:1364/4578 train_loss:3.4845 train_time:364198ms step_avg:268.98ms
step:1365/4578 train_loss:3.4992 train_time:364471ms step_avg:268.98ms
step:1366/4578 train_loss:3.6320 train_time:364738ms step_avg:268.98ms
step:1367/4578 train_loss:3.6879 train_time:365005ms step_avg:268.98ms
step:1368/4578 train_loss:3.6501 train_time:365278ms step_avg:268.98ms
step:1369/4578 train_loss:3.7543 train_time:365546ms step_avg:268.98ms
step:1370/4578 train_loss:3.6595 train_time:365810ms step_avg:268.98ms
step:1371/4578 train_loss:3.9235 train_time:366079ms step_avg:268.98ms
step:1372/4578 train_loss:3.5558 train_time:366346ms step_avg:268.98ms
step:1373/4578 train_loss:3.5442 train_time:366615ms step_avg:268.98ms
step:1374/4578 train_loss:3.6215 train_time:366886ms step_avg:268.98ms
step:1375/4578 train_loss:3.4527 train_time:367159ms step_avg:268.98ms
step:1375/4578 val_loss:3.5809 train_time:367379ms step_avg:269.14ms
step:1376/4578 train_loss:3.8883 train_time:367419ms step_avg:268.97ms
step:1377/4578 train_loss:3.5999 train_time:367694ms step_avg:268.98ms
step:1378/4578 train_loss:3.8008 train_time:367965ms step_avg:268.98ms
step:1379/4578 train_loss:3.8456 train_time:368230ms step_avg:268.98ms
step:1380/4578 train_loss:3.6041 train_time:368496ms step_avg:268.98ms
step:1381/4578 train_loss:3.6166 train_time:368764ms step_avg:268.97ms
step:1382/4578 train_loss:3.6603 train_time:369031ms step_avg:268.97ms
step:1383/4578 train_loss:3.4889 train_time:369300ms step_avg:268.97ms
step:1384/4578 train_loss:3.6856 train_time:369569ms step_avg:268.97ms
step:1385/4578 train_loss:3.7837 train_time:369835ms step_avg:268.97ms
step:1386/4578 train_loss:3.5473 train_time:370103ms step_avg:268.97ms
step:1387/4578 train_loss:3.6815 train_time:370379ms step_avg:268.98ms
step:1388/4578 train_loss:3.5523 train_time:370646ms step_avg:268.97ms
step:1389/4578 train_loss:3.5467 train_time:370912ms step_avg:268.97ms
step:1390/4578 train_loss:3.3182 train_time:371187ms step_avg:268.98ms
step:1391/4578 train_loss:3.6235 train_time:371451ms step_avg:268.97ms
step:1392/4578 train_loss:3.4787 train_time:371725ms step_avg:268.98ms
step:1393/4578 train_loss:3.6079 train_time:371988ms step_avg:268.97ms
step:1394/4578 train_loss:3.6141 train_time:372248ms step_avg:268.97ms
step:1395/4578 train_loss:3.6532 train_time:372516ms step_avg:268.96ms
step:1396/4578 train_loss:3.6280 train_time:372783ms step_avg:268.96ms
step:1397/4578 train_loss:3.6135 train_time:373054ms step_avg:268.96ms
step:1398/4578 train_loss:3.4126 train_time:373320ms step_avg:268.96ms
step:1399/4578 train_loss:3.5917 train_time:373588ms step_avg:268.96ms
step:1400/4578 train_loss:3.6157 train_time:373864ms step_avg:268.97ms
step:1401/4578 train_loss:3.5856 train_time:374127ms step_avg:268.96ms
step:1402/4578 train_loss:3.5457 train_time:374394ms step_avg:268.96ms
step:1403/4578 train_loss:3.5217 train_time:374660ms step_avg:268.96ms
step:1404/4578 train_loss:3.6278 train_time:374930ms step_avg:268.96ms
step:1405/4578 train_loss:3.6045 train_time:375196ms step_avg:268.96ms
step:1406/4578 train_loss:3.6660 train_time:375464ms step_avg:268.96ms
step:1407/4578 train_loss:3.5897 train_time:375735ms step_avg:268.96ms
step:1408/4578 train_loss:3.5404 train_time:376002ms step_avg:268.96ms
step:1409/4578 train_loss:3.3856 train_time:376267ms step_avg:268.95ms
step:1410/4578 train_loss:3.5605 train_time:376544ms step_avg:268.96ms
step:1411/4578 train_loss:3.5375 train_time:376809ms step_avg:268.96ms
step:1412/4578 train_loss:3.6131 train_time:377077ms step_avg:268.96ms
step:1413/4578 train_loss:3.5279 train_time:377344ms step_avg:268.95ms
step:1414/4578 train_loss:3.4473 train_time:377613ms step_avg:268.95ms
step:1415/4578 train_loss:3.6462 train_time:377878ms step_avg:268.95ms
step:1416/4578 train_loss:3.8454 train_time:378149ms step_avg:268.95ms
step:1417/4578 train_loss:3.4838 train_time:378416ms step_avg:268.95ms
step:1418/4578 train_loss:3.4864 train_time:378682ms step_avg:268.95ms
step:1419/4578 train_loss:3.4876 train_time:378958ms step_avg:268.96ms
step:1420/4578 train_loss:3.5760 train_time:379221ms step_avg:268.95ms
step:1421/4578 train_loss:3.6663 train_time:379488ms step_avg:268.95ms
step:1422/4578 train_loss:3.4676 train_time:379760ms step_avg:268.95ms
step:1423/4578 train_loss:3.6259 train_time:380028ms step_avg:268.95ms
step:1424/4578 train_loss:3.7149 train_time:380294ms step_avg:268.95ms
step:1425/4578 train_loss:3.7143 train_time:380560ms step_avg:268.95ms
step:1426/4578 train_loss:3.2381 train_time:380831ms step_avg:268.95ms
step:1427/4578 train_loss:3.6094 train_time:381097ms step_avg:268.95ms
step:1428/4578 train_loss:3.6528 train_time:381368ms step_avg:268.95ms
step:1429/4578 train_loss:3.6685 train_time:381636ms step_avg:268.95ms
step:1430/4578 train_loss:3.5658 train_time:381904ms step_avg:268.95ms
step:1431/4578 train_loss:3.8050 train_time:382169ms step_avg:268.94ms
step:1432/4578 train_loss:3.6781 train_time:382438ms step_avg:268.94ms
step:1433/4578 train_loss:3.5694 train_time:382714ms step_avg:268.95ms
step:1434/4578 train_loss:3.5731 train_time:382975ms step_avg:268.94ms
step:1435/4578 train_loss:3.5249 train_time:383241ms step_avg:268.94ms
step:1436/4578 train_loss:3.2015 train_time:383517ms step_avg:268.95ms
step:1437/4578 train_loss:3.4700 train_time:383780ms step_avg:268.94ms
step:1438/4578 train_loss:3.6350 train_time:384055ms step_avg:268.95ms
step:1439/4578 train_loss:3.6413 train_time:384322ms step_avg:268.94ms
step:1440/4578 train_loss:3.6449 train_time:384596ms step_avg:268.95ms
step:1441/4578 train_loss:3.4893 train_time:384857ms step_avg:268.94ms
step:1442/4578 train_loss:3.5874 train_time:385133ms step_avg:268.95ms
step:1443/4578 train_loss:3.8762 train_time:385399ms step_avg:268.95ms
step:1444/4578 train_loss:3.6536 train_time:385660ms step_avg:268.94ms
step:1445/4578 train_loss:3.6286 train_time:385927ms step_avg:268.94ms
step:1446/4578 train_loss:3.6209 train_time:386195ms step_avg:268.94ms
step:1447/4578 train_loss:3.4534 train_time:386462ms step_avg:268.94ms
step:1448/4578 train_loss:3.5391 train_time:386733ms step_avg:268.94ms
step:1449/4578 train_loss:3.5623 train_time:387001ms step_avg:268.94ms
step:1450/4578 train_loss:3.7858 train_time:387266ms step_avg:268.93ms
step:1451/4578 train_loss:3.6849 train_time:387534ms step_avg:268.93ms
step:1452/4578 train_loss:3.4578 train_time:387804ms step_avg:268.94ms
step:1453/4578 train_loss:3.7130 train_time:388070ms step_avg:268.93ms
step:1454/4578 train_loss:3.4678 train_time:388338ms step_avg:268.93ms
step:1455/4578 train_loss:3.5801 train_time:388610ms step_avg:268.93ms
step:1456/4578 train_loss:3.6332 train_time:388874ms step_avg:268.93ms
step:1457/4578 train_loss:3.4684 train_time:389148ms step_avg:268.93ms
step:1458/4578 train_loss:3.4354 train_time:389412ms step_avg:268.93ms
step:1459/4578 train_loss:3.6135 train_time:389679ms step_avg:268.93ms
step:1460/4578 train_loss:3.5629 train_time:389945ms step_avg:268.93ms
step:1461/4578 train_loss:3.4794 train_time:390215ms step_avg:268.93ms
step:1462/4578 train_loss:3.8333 train_time:390483ms step_avg:268.93ms
step:1463/4578 train_loss:3.6523 train_time:390748ms step_avg:268.93ms
step:1464/4578 train_loss:3.8130 train_time:391018ms step_avg:268.93ms
step:1465/4578 train_loss:3.5749 train_time:391290ms step_avg:268.93ms
step:1466/4578 train_loss:3.5927 train_time:391553ms step_avg:268.92ms
step:1467/4578 train_loss:3.4919 train_time:391826ms step_avg:268.93ms
step:1468/4578 train_loss:3.6959 train_time:392093ms step_avg:268.93ms
step:1469/4578 train_loss:3.6270 train_time:392362ms step_avg:268.93ms
step:1470/4578 train_loss:3.4622 train_time:392631ms step_avg:268.93ms
step:1471/4578 train_loss:3.6975 train_time:392898ms step_avg:268.92ms
step:1472/4578 train_loss:3.5493 train_time:393167ms step_avg:268.92ms
step:1473/4578 train_loss:3.4951 train_time:393439ms step_avg:268.93ms
step:1474/4578 train_loss:3.7180 train_time:393704ms step_avg:268.92ms
step:1475/4578 train_loss:3.5590 train_time:393974ms step_avg:268.92ms
step:1476/4578 train_loss:3.2903 train_time:394245ms step_avg:268.93ms
step:1477/4578 train_loss:3.4811 train_time:394514ms step_avg:268.93ms
step:1478/4578 train_loss:3.4199 train_time:394778ms step_avg:268.92ms
step:1479/4578 train_loss:3.5941 train_time:395043ms step_avg:268.92ms
step:1480/4578 train_loss:3.6059 train_time:395311ms step_avg:268.92ms
step:1481/4578 train_loss:3.6259 train_time:395577ms step_avg:268.92ms
step:1482/4578 train_loss:3.7305 train_time:395847ms step_avg:268.92ms
step:1483/4578 train_loss:3.6447 train_time:396119ms step_avg:268.92ms
step:1484/4578 train_loss:3.5095 train_time:396382ms step_avg:268.92ms
step:1485/4578 train_loss:3.5390 train_time:396651ms step_avg:268.92ms
step:1486/4578 train_loss:3.5045 train_time:396921ms step_avg:268.92ms
step:1487/4578 train_loss:3.5561 train_time:397187ms step_avg:268.91ms
step:1488/4578 train_loss:3.5446 train_time:397457ms step_avg:268.92ms
step:1489/4578 train_loss:3.5250 train_time:397724ms step_avg:268.91ms
step:1490/4578 train_loss:3.6769 train_time:397993ms step_avg:268.91ms
step:1491/4578 train_loss:3.4896 train_time:398261ms step_avg:268.91ms
step:1492/4578 train_loss:3.3308 train_time:398528ms step_avg:268.91ms
step:1493/4578 train_loss:3.6099 train_time:398797ms step_avg:268.91ms
step:1494/4578 train_loss:3.7823 train_time:399063ms step_avg:268.91ms
step:1495/4578 train_loss:3.5887 train_time:399338ms step_avg:268.91ms
step:1496/4578 train_loss:3.4476 train_time:399605ms step_avg:268.91ms
step:1497/4578 train_loss:3.5238 train_time:399871ms step_avg:268.91ms
step:1498/4578 train_loss:3.5242 train_time:400144ms step_avg:268.91ms
step:1499/4578 train_loss:3.5525 train_time:400409ms step_avg:268.91ms
step:1500/4578 train_loss:3.4879 train_time:400676ms step_avg:268.91ms
step:1500/4578 val_loss:3.5608 train_time:400903ms step_avg:269.06ms
step:1501/4578 train_loss:3.4501 train_time:400950ms step_avg:268.91ms
step:1502/4578 train_loss:3.4725 train_time:401211ms step_avg:268.91ms
step:1503/4578 train_loss:3.6353 train_time:401481ms step_avg:268.91ms
step:1504/4578 train_loss:3.4595 train_time:401755ms step_avg:268.91ms
step:1505/4578 train_loss:3.5302 train_time:402016ms step_avg:268.91ms
step:1506/4578 train_loss:3.4502 train_time:402286ms step_avg:268.91ms
step:1507/4578 train_loss:3.5818 train_time:402555ms step_avg:268.91ms
step:1508/4578 train_loss:3.4894 train_time:402823ms step_avg:268.91ms
step:1509/4578 train_loss:4.1503 train_time:403089ms step_avg:268.91ms
step:1510/4578 train_loss:3.4737 train_time:403356ms step_avg:268.90ms
step:1511/4578 train_loss:3.5722 train_time:403629ms step_avg:268.91ms
step:1512/4578 train_loss:3.6021 train_time:403895ms step_avg:268.91ms
step:1513/4578 train_loss:3.8498 train_time:404163ms step_avg:268.90ms
step:1514/4578 train_loss:3.4660 train_time:404432ms step_avg:268.90ms
step:1515/4578 train_loss:3.4575 train_time:404699ms step_avg:268.90ms
step:1516/4578 train_loss:3.5812 train_time:404969ms step_avg:268.90ms
step:1517/4578 train_loss:3.4937 train_time:405235ms step_avg:268.90ms
step:1518/4578 train_loss:3.6607 train_time:405502ms step_avg:268.90ms
step:1519/4578 train_loss:3.4504 train_time:405772ms step_avg:268.90ms
step:1520/4578 train_loss:3.6499 train_time:406217ms step_avg:269.02ms
step:1521/4578 train_loss:3.4810 train_time:406423ms step_avg:268.98ms
step:1522/4578 train_loss:3.5148 train_time:406697ms step_avg:268.98ms
step:1523/4578 train_loss:3.6366 train_time:406957ms step_avg:268.97ms
step:1524/4578 train_loss:3.5677 train_time:407228ms step_avg:268.97ms
step:1525/4578 train_loss:3.7132 train_time:407498ms step_avg:268.98ms
step:1526/4578 train_loss:3.5292 train_time:407765ms step_avg:268.97ms
step:1527/4578 train_loss:3.5724 train_time:408030ms step_avg:268.97ms
step:1528/4578 train_loss:3.5592 train_time:408301ms step_avg:268.97ms
step:1529/4578 train_loss:3.9644 train_time:408574ms step_avg:268.98ms
step:1530/4578 train_loss:3.7514 train_time:408843ms step_avg:268.98ms
step:1531/4578 train_loss:3.3803 train_time:409105ms step_avg:268.97ms
step:1532/4578 train_loss:3.4876 train_time:409372ms step_avg:268.97ms
step:1533/4578 train_loss:3.5742 train_time:409643ms step_avg:268.97ms
step:1534/4578 train_loss:3.5146 train_time:409910ms step_avg:268.97ms
step:1535/4578 train_loss:3.6219 train_time:410178ms step_avg:268.97ms
step:1536/4578 train_loss:3.5663 train_time:410445ms step_avg:268.97ms
step:1537/4578 train_loss:3.4597 train_time:410713ms step_avg:268.97ms
step:1538/4578 train_loss:3.4967 train_time:410983ms step_avg:268.97ms
step:1539/4578 train_loss:3.9049 train_time:411248ms step_avg:268.97ms
step:1540/4578 train_loss:3.5234 train_time:411517ms step_avg:268.97ms
step:1541/4578 train_loss:3.6045 train_time:411783ms step_avg:268.96ms
step:1542/4578 train_loss:3.5375 train_time:412052ms step_avg:268.96ms
step:1543/4578 train_loss:3.4941 train_time:412329ms step_avg:268.97ms
step:1544/4578 train_loss:3.4276 train_time:412591ms step_avg:268.96ms
step:1545/4578 train_loss:3.5622 train_time:412859ms step_avg:268.96ms
step:1546/4578 train_loss:3.6633 train_time:413128ms step_avg:268.96ms
step:1547/4578 train_loss:3.4424 train_time:413396ms step_avg:268.96ms
step:1548/4578 train_loss:3.5233 train_time:413662ms step_avg:268.96ms
step:1549/4578 train_loss:3.4925 train_time:413931ms step_avg:268.96ms
step:1550/4578 train_loss:3.6210 train_time:414198ms step_avg:268.96ms
step:1551/4578 train_loss:3.4852 train_time:414467ms step_avg:268.96ms
step:1552/4578 train_loss:3.5015 train_time:414735ms step_avg:268.96ms
step:1553/4578 train_loss:3.5773 train_time:415007ms step_avg:268.96ms
step:1554/4578 train_loss:3.4703 train_time:415272ms step_avg:268.96ms
step:1555/4578 train_loss:3.5407 train_time:415539ms step_avg:268.96ms
step:1556/4578 train_loss:3.4766 train_time:415811ms step_avg:268.96ms
step:1557/4578 train_loss:3.4935 train_time:416078ms step_avg:268.96ms
step:1558/4578 train_loss:3.5758 train_time:416348ms step_avg:268.96ms
step:1559/4578 train_loss:3.4013 train_time:416616ms step_avg:268.96ms
step:1560/4578 train_loss:3.5025 train_time:416882ms step_avg:268.96ms
step:1561/4578 train_loss:3.7211 train_time:417156ms step_avg:268.96ms
step:1562/4578 train_loss:3.4324 train_time:417419ms step_avg:268.96ms
step:1563/4578 train_loss:3.5286 train_time:417689ms step_avg:268.96ms
step:1564/4578 train_loss:3.7513 train_time:417962ms step_avg:268.96ms
step:1565/4578 train_loss:3.4084 train_time:418226ms step_avg:268.96ms
step:1566/4578 train_loss:3.4095 train_time:418490ms step_avg:268.95ms
step:1567/4578 train_loss:3.5159 train_time:418770ms step_avg:268.96ms
step:1568/4578 train_loss:3.5226 train_time:419030ms step_avg:268.95ms
step:1569/4578 train_loss:3.4200 train_time:419297ms step_avg:268.95ms
step:1570/4578 train_loss:3.7090 train_time:419568ms step_avg:268.95ms
step:1571/4578 train_loss:3.6266 train_time:419841ms step_avg:268.96ms
step:1572/4578 train_loss:3.3584 train_time:420102ms step_avg:268.95ms
step:1573/4578 train_loss:3.5677 train_time:420374ms step_avg:268.95ms
step:1574/4578 train_loss:3.5067 train_time:420637ms step_avg:268.95ms
step:1575/4578 train_loss:3.5168 train_time:420906ms step_avg:268.95ms
step:1576/4578 train_loss:3.6323 train_time:421175ms step_avg:268.95ms
step:1577/4578 train_loss:3.5165 train_time:421445ms step_avg:268.95ms
step:1578/4578 train_loss:3.5459 train_time:421712ms step_avg:268.95ms
step:1579/4578 train_loss:3.4913 train_time:421978ms step_avg:268.95ms
step:1580/4578 train_loss:3.3928 train_time:422249ms step_avg:268.95ms
step:1581/4578 train_loss:3.4759 train_time:422519ms step_avg:268.95ms
step:1582/4578 train_loss:3.5484 train_time:422783ms step_avg:268.95ms
step:1583/4578 train_loss:3.5104 train_time:423060ms step_avg:268.95ms
step:1584/4578 train_loss:3.9858 train_time:423325ms step_avg:268.95ms
step:1585/4578 train_loss:3.5039 train_time:423593ms step_avg:268.95ms
step:1586/4578 train_loss:3.6052 train_time:423856ms step_avg:268.94ms
step:1587/4578 train_loss:3.3283 train_time:424133ms step_avg:268.95ms
step:1588/4578 train_loss:3.6880 train_time:424400ms step_avg:268.95ms
step:1589/4578 train_loss:3.5223 train_time:424669ms step_avg:268.95ms
step:1590/4578 train_loss:3.6523 train_time:424945ms step_avg:268.95ms
step:1591/4578 train_loss:3.5061 train_time:425207ms step_avg:268.95ms
step:1592/4578 train_loss:3.5504 train_time:425481ms step_avg:268.95ms
step:1593/4578 train_loss:3.5678 train_time:425746ms step_avg:268.95ms
step:1594/4578 train_loss:3.5331 train_time:426010ms step_avg:268.95ms
step:1595/4578 train_loss:3.6239 train_time:426284ms step_avg:268.95ms
step:1596/4578 train_loss:3.9097 train_time:426548ms step_avg:268.95ms
step:1597/4578 train_loss:3.4780 train_time:426813ms step_avg:268.94ms
step:1598/4578 train_loss:3.5399 train_time:427081ms step_avg:268.94ms
step:1599/4578 train_loss:3.6376 train_time:427359ms step_avg:268.95ms
step:1600/4578 train_loss:3.6743 train_time:427623ms step_avg:268.95ms
step:1601/4578 train_loss:3.5296 train_time:427894ms step_avg:268.95ms
step:1602/4578 train_loss:3.9493 train_time:428162ms step_avg:268.95ms
step:1603/4578 train_loss:3.6775 train_time:428429ms step_avg:268.94ms
step:1604/4578 train_loss:3.3487 train_time:428694ms step_avg:268.94ms
step:1605/4578 train_loss:3.5526 train_time:428964ms step_avg:268.94ms
step:1606/4578 train_loss:3.3854 train_time:429227ms step_avg:268.94ms
step:1607/4578 train_loss:3.7078 train_time:429497ms step_avg:268.94ms
step:1608/4578 train_loss:3.5001 train_time:429762ms step_avg:268.94ms
step:1609/4578 train_loss:3.5820 train_time:430030ms step_avg:268.94ms
step:1610/4578 train_loss:3.5738 train_time:430298ms step_avg:268.94ms
step:1611/4578 train_loss:3.9480 train_time:430566ms step_avg:268.94ms
step:1612/4578 train_loss:3.7526 train_time:430834ms step_avg:268.94ms
step:1613/4578 train_loss:3.6592 train_time:431106ms step_avg:268.94ms
step:1614/4578 train_loss:3.4986 train_time:431377ms step_avg:268.94ms
step:1615/4578 train_loss:3.5769 train_time:431641ms step_avg:268.94ms
step:1616/4578 train_loss:3.4517 train_time:431907ms step_avg:268.93ms
step:1617/4578 train_loss:3.5523 train_time:432179ms step_avg:268.94ms
step:1618/4578 train_loss:3.7198 train_time:432444ms step_avg:268.93ms
step:1619/4578 train_loss:3.7398 train_time:432736ms step_avg:268.95ms
step:1620/4578 train_loss:3.4473 train_time:433008ms step_avg:268.95ms
step:1621/4578 train_loss:3.6394 train_time:433276ms step_avg:268.95ms
step:1622/4578 train_loss:3.5985 train_time:433541ms step_avg:268.95ms
step:1623/4578 train_loss:3.4144 train_time:433814ms step_avg:268.95ms
step:1624/4578 train_loss:3.5813 train_time:434077ms step_avg:268.95ms
step:1625/4578 train_loss:3.4508 train_time:434347ms step_avg:268.95ms
step:1625/4578 val_loss:3.5441 train_time:434573ms step_avg:269.09ms
step:1626/4578 train_loss:3.5760 train_time:434631ms step_avg:268.95ms
step:1627/4578 train_loss:3.5367 train_time:434887ms step_avg:268.95ms
step:1628/4578 train_loss:3.4783 train_time:435153ms step_avg:268.94ms
step:1629/4578 train_loss:3.5750 train_time:435421ms step_avg:268.94ms
step:1630/4578 train_loss:3.5810 train_time:435692ms step_avg:268.95ms
step:1631/4578 train_loss:3.5697 train_time:435959ms step_avg:268.94ms
step:1632/4578 train_loss:3.4364 train_time:436225ms step_avg:268.94ms
step:1633/4578 train_loss:3.3304 train_time:436492ms step_avg:268.94ms
step:1634/4578 train_loss:3.5088 train_time:436763ms step_avg:268.94ms
step:1635/4578 train_loss:3.5435 train_time:437033ms step_avg:268.94ms
step:1636/4578 train_loss:3.3868 train_time:437302ms step_avg:268.94ms
step:1637/4578 train_loss:3.5999 train_time:437570ms step_avg:268.94ms
step:1638/4578 train_loss:3.7217 train_time:437837ms step_avg:268.94ms
step:1639/4578 train_loss:3.7600 train_time:438102ms step_avg:268.94ms
step:1640/4578 train_loss:4.1144 train_time:438375ms step_avg:268.94ms
step:1641/4578 train_loss:3.6163 train_time:438646ms step_avg:268.94ms
step:1642/4578 train_loss:3.5958 train_time:438907ms step_avg:268.94ms
step:1643/4578 train_loss:3.7273 train_time:439176ms step_avg:268.94ms
step:1644/4578 train_loss:3.6785 train_time:439442ms step_avg:268.94ms
step:1645/4578 train_loss:3.4240 train_time:439711ms step_avg:268.94ms
step:1646/4578 train_loss:3.5731 train_time:439980ms step_avg:268.94ms
step:1647/4578 train_loss:3.2036 train_time:440246ms step_avg:268.93ms
step:1648/4578 train_loss:3.5712 train_time:440517ms step_avg:268.94ms
step:1649/4578 train_loss:3.5407 train_time:440783ms step_avg:268.93ms
step:1650/4578 train_loss:3.4835 train_time:441050ms step_avg:268.93ms
step:1651/4578 train_loss:3.4690 train_time:441318ms step_avg:268.93ms
step:1652/4578 train_loss:3.5190 train_time:441592ms step_avg:268.94ms
step:1653/4578 train_loss:3.5424 train_time:441856ms step_avg:268.93ms
step:1654/4578 train_loss:3.7616 train_time:442124ms step_avg:268.93ms
step:1655/4578 train_loss:3.4409 train_time:442393ms step_avg:268.93ms
step:1656/4578 train_loss:3.4804 train_time:442662ms step_avg:268.93ms
step:1657/4578 train_loss:3.5539 train_time:442928ms step_avg:268.93ms
step:1658/4578 train_loss:3.5120 train_time:443197ms step_avg:268.93ms
step:1659/4578 train_loss:3.4596 train_time:443463ms step_avg:268.93ms
step:1660/4578 train_loss:3.4808 train_time:443733ms step_avg:268.93ms
step:1661/4578 train_loss:3.4903 train_time:444000ms step_avg:268.93ms
step:1662/4578 train_loss:3.5975 train_time:444284ms step_avg:268.94ms
step:1663/4578 train_loss:3.5005 train_time:444551ms step_avg:268.94ms
step:1664/4578 train_loss:3.5271 train_time:444809ms step_avg:268.93ms
step:1665/4578 train_loss:3.6014 train_time:445077ms step_avg:268.93ms
step:1666/4578 train_loss:3.5686 train_time:445353ms step_avg:268.93ms
step:1667/4578 train_loss:3.9247 train_time:445613ms step_avg:268.93ms
step:1668/4578 train_loss:3.3528 train_time:445884ms step_avg:268.93ms
step:1669/4578 train_loss:3.5470 train_time:446149ms step_avg:268.93ms
step:1670/4578 train_loss:3.4119 train_time:446419ms step_avg:268.93ms
step:1671/4578 train_loss:3.3292 train_time:446687ms step_avg:268.93ms
step:1672/4578 train_loss:3.6800 train_time:446952ms step_avg:268.92ms
step:1673/4578 train_loss:3.8249 train_time:447224ms step_avg:268.93ms
step:1674/4578 train_loss:3.4849 train_time:447498ms step_avg:268.93ms
step:1675/4578 train_loss:3.4196 train_time:447764ms step_avg:268.93ms
step:1676/4578 train_loss:3.4522 train_time:448039ms step_avg:268.93ms
step:1677/4578 train_loss:3.6488 train_time:448294ms step_avg:268.92ms
step:1678/4578 train_loss:3.4660 train_time:448570ms step_avg:268.93ms
step:1679/4578 train_loss:3.5350 train_time:448833ms step_avg:268.92ms
step:1680/4578 train_loss:3.5307 train_time:449097ms step_avg:268.92ms
step:1681/4578 train_loss:3.1035 train_time:449373ms step_avg:268.92ms
step:1682/4578 train_loss:3.5232 train_time:449637ms step_avg:268.92ms
step:1683/4578 train_loss:3.6295 train_time:449902ms step_avg:268.92ms
step:1684/4578 train_loss:3.6284 train_time:450183ms step_avg:268.93ms
step:1685/4578 train_loss:3.6094 train_time:450446ms step_avg:268.92ms
step:1686/4578 train_loss:3.4558 train_time:450719ms step_avg:268.93ms
step:1687/4578 train_loss:3.5977 train_time:450992ms step_avg:268.93ms
step:1688/4578 train_loss:3.4597 train_time:451252ms step_avg:268.92ms
step:1689/4578 train_loss:3.4493 train_time:451522ms step_avg:268.92ms
step:1690/4578 train_loss:3.5130 train_time:451785ms step_avg:268.92ms
step:1691/4578 train_loss:3.3833 train_time:452053ms step_avg:268.92ms
step:1692/4578 train_loss:3.5486 train_time:452325ms step_avg:268.92ms
step:1693/4578 train_loss:3.5080 train_time:452589ms step_avg:268.92ms
step:1694/4578 train_loss:3.4667 train_time:452856ms step_avg:268.92ms
step:1695/4578 train_loss:4.0333 train_time:453130ms step_avg:268.92ms
step:1696/4578 train_loss:3.7090 train_time:453391ms step_avg:268.91ms
step:1697/4578 train_loss:3.5644 train_time:453668ms step_avg:268.92ms
step:1698/4578 train_loss:3.4867 train_time:453930ms step_avg:268.92ms
step:1699/4578 train_loss:3.2838 train_time:454201ms step_avg:268.92ms
step:1700/4578 train_loss:3.5417 train_time:454461ms step_avg:268.91ms
step:1701/4578 train_loss:3.5585 train_time:454740ms step_avg:268.92ms
step:1702/4578 train_loss:3.5459 train_time:455005ms step_avg:268.92ms
step:1703/4578 train_loss:3.3493 train_time:455276ms step_avg:268.92ms
step:1704/4578 train_loss:3.8009 train_time:455554ms step_avg:268.92ms
step:1705/4578 train_loss:3.4653 train_time:455812ms step_avg:268.92ms
step:1706/4578 train_loss:4.0024 train_time:456091ms step_avg:268.92ms
step:1707/4578 train_loss:3.4364 train_time:456348ms step_avg:268.91ms
step:1708/4578 train_loss:3.2994 train_time:456616ms step_avg:268.91ms
step:1709/4578 train_loss:3.6472 train_time:456882ms step_avg:268.91ms
step:1710/4578 train_loss:3.4227 train_time:457333ms step_avg:269.02ms
step:1711/4578 train_loss:3.4363 train_time:457543ms step_avg:268.98ms
step:1712/4578 train_loss:3.4992 train_time:457810ms step_avg:268.98ms
step:1713/4578 train_loss:3.6318 train_time:458078ms step_avg:268.98ms
step:1714/4578 train_loss:3.7433 train_time:458344ms step_avg:268.98ms
step:1715/4578 train_loss:3.4273 train_time:458611ms step_avg:268.98ms
step:1716/4578 train_loss:3.5137 train_time:458888ms step_avg:268.98ms
step:1717/4578 train_loss:3.3793 train_time:459149ms step_avg:268.98ms
step:1718/4578 train_loss:3.4240 train_time:459423ms step_avg:268.98ms
step:1719/4578 train_loss:3.6878 train_time:459688ms step_avg:268.98ms
step:1720/4578 train_loss:3.4734 train_time:459957ms step_avg:268.98ms
step:1721/4578 train_loss:3.4643 train_time:460220ms step_avg:268.98ms
step:1722/4578 train_loss:3.3574 train_time:460490ms step_avg:268.98ms
step:1723/4578 train_loss:3.6414 train_time:460758ms step_avg:268.98ms
step:1724/4578 train_loss:3.5003 train_time:461028ms step_avg:268.98ms
step:1725/4578 train_loss:3.6546 train_time:461297ms step_avg:268.98ms
step:1726/4578 train_loss:3.6689 train_time:461560ms step_avg:268.97ms
step:1727/4578 train_loss:3.6179 train_time:461828ms step_avg:268.97ms
step:1728/4578 train_loss:3.5082 train_time:462097ms step_avg:268.97ms
step:1729/4578 train_loss:3.4633 train_time:462365ms step_avg:268.97ms
step:1730/4578 train_loss:3.5033 train_time:462629ms step_avg:268.97ms
step:1731/4578 train_loss:4.1667 train_time:462900ms step_avg:268.97ms
step:1732/4578 train_loss:3.6680 train_time:463171ms step_avg:268.97ms
step:1733/4578 train_loss:3.7719 train_time:463440ms step_avg:268.97ms
step:1734/4578 train_loss:3.3871 train_time:463708ms step_avg:268.97ms
step:1735/4578 train_loss:3.5504 train_time:463972ms step_avg:268.97ms
step:1736/4578 train_loss:3.5609 train_time:464244ms step_avg:268.97ms
step:1737/4578 train_loss:3.4514 train_time:464513ms step_avg:268.97ms
step:1738/4578 train_loss:3.5773 train_time:464780ms step_avg:268.97ms
step:1739/4578 train_loss:3.4804 train_time:465050ms step_avg:268.97ms
step:1740/4578 train_loss:3.5156 train_time:465315ms step_avg:268.97ms
step:1741/4578 train_loss:3.7518 train_time:465585ms step_avg:268.97ms
step:1742/4578 train_loss:3.3962 train_time:465848ms step_avg:268.97ms
step:1743/4578 train_loss:3.2891 train_time:466117ms step_avg:268.97ms
step:1744/4578 train_loss:2.9898 train_time:466385ms step_avg:268.96ms
step:1745/4578 train_loss:3.5396 train_time:466655ms step_avg:268.97ms
step:1746/4578 train_loss:3.5160 train_time:466924ms step_avg:268.97ms
step:1747/4578 train_loss:3.5001 train_time:467191ms step_avg:268.96ms
step:1748/4578 train_loss:3.4934 train_time:467458ms step_avg:268.96ms
step:1749/4578 train_loss:3.9622 train_time:467726ms step_avg:268.96ms
step:1750/4578 train_loss:3.5396 train_time:467992ms step_avg:268.96ms
step:1750/4578 val_loss:3.5255 train_time:468218ms step_avg:269.09ms
step:1751/4578 train_loss:3.4754 train_time:468265ms step_avg:268.96ms
step:1752/4578 train_loss:3.4953 train_time:468540ms step_avg:268.97ms
step:1753/4578 train_loss:3.3905 train_time:468800ms step_avg:268.96ms
step:1754/4578 train_loss:3.0764 train_time:469069ms step_avg:268.96ms
step:1755/4578 train_loss:3.3405 train_time:469335ms step_avg:268.96ms
step:1756/4578 train_loss:3.3036 train_time:469603ms step_avg:268.96ms
step:1757/4578 train_loss:3.4499 train_time:469872ms step_avg:268.96ms
step:1758/4578 train_loss:3.4453 train_time:470137ms step_avg:268.96ms
step:1759/4578 train_loss:3.4037 train_time:470402ms step_avg:268.95ms
step:1760/4578 train_loss:5.4091 train_time:470670ms step_avg:268.95ms
step:1761/4578 train_loss:3.5659 train_time:470940ms step_avg:268.95ms
step:1762/4578 train_loss:3.5875 train_time:471210ms step_avg:268.96ms
step:1763/4578 train_loss:3.5468 train_time:471478ms step_avg:268.95ms
step:1764/4578 train_loss:3.5353 train_time:471747ms step_avg:268.96ms
step:1765/4578 train_loss:3.4401 train_time:472016ms step_avg:268.96ms
step:1766/4578 train_loss:3.5591 train_time:472283ms step_avg:268.95ms
step:1767/4578 train_loss:3.6557 train_time:472552ms step_avg:268.95ms
step:1768/4578 train_loss:3.5908 train_time:472820ms step_avg:268.95ms
step:1769/4578 train_loss:3.5922 train_time:473089ms step_avg:268.95ms
step:1770/4578 train_loss:3.5366 train_time:473357ms step_avg:268.95ms
step:1771/4578 train_loss:4.2363 train_time:473624ms step_avg:268.95ms
step:1772/4578 train_loss:3.4402 train_time:473891ms step_avg:268.95ms
step:1773/4578 train_loss:3.4222 train_time:474164ms step_avg:268.95ms
step:1774/4578 train_loss:3.7767 train_time:474428ms step_avg:268.95ms
step:1775/4578 train_loss:3.2893 train_time:474695ms step_avg:268.95ms
step:1776/4578 train_loss:3.5865 train_time:474963ms step_avg:268.95ms
step:1777/4578 train_loss:3.4524 train_time:475231ms step_avg:268.95ms
step:1778/4578 train_loss:3.9027 train_time:475501ms step_avg:268.95ms
step:1779/4578 train_loss:3.6477 train_time:475773ms step_avg:268.95ms
step:1780/4578 train_loss:3.5039 train_time:476040ms step_avg:268.95ms
step:1781/4578 train_loss:3.6155 train_time:476306ms step_avg:268.95ms
step:1782/4578 train_loss:3.5358 train_time:476572ms step_avg:268.95ms
step:1783/4578 train_loss:3.2990 train_time:476841ms step_avg:268.95ms
step:1784/4578 train_loss:3.5745 train_time:477112ms step_avg:268.95ms
step:1785/4578 train_loss:3.6177 train_time:477376ms step_avg:268.94ms
step:1786/4578 train_loss:3.5361 train_time:477645ms step_avg:268.94ms
step:1787/4578 train_loss:3.6901 train_time:477914ms step_avg:268.94ms
step:1788/4578 train_loss:3.4632 train_time:478181ms step_avg:268.94ms
step:1789/4578 train_loss:3.5107 train_time:478448ms step_avg:268.94ms
step:1790/4578 train_loss:3.6285 train_time:478715ms step_avg:268.94ms
step:1791/4578 train_loss:3.5462 train_time:478986ms step_avg:268.94ms
step:1792/4578 train_loss:3.5301 train_time:479260ms step_avg:268.95ms
step:1793/4578 train_loss:3.4788 train_time:479526ms step_avg:268.94ms
step:1794/4578 train_loss:3.3630 train_time:479794ms step_avg:268.94ms
step:1795/4578 train_loss:3.4332 train_time:480059ms step_avg:268.94ms
step:1796/4578 train_loss:3.4067 train_time:480327ms step_avg:268.94ms
step:1797/4578 train_loss:3.6273 train_time:480601ms step_avg:268.94ms
step:1798/4578 train_loss:3.5472 train_time:480864ms step_avg:268.94ms
step:1799/4578 train_loss:3.4798 train_time:481130ms step_avg:268.94ms
step:1800/4578 train_loss:3.5463 train_time:481401ms step_avg:268.94ms
step:1801/4578 train_loss:3.5620 train_time:481670ms step_avg:268.94ms
step:1802/4578 train_loss:3.5433 train_time:481937ms step_avg:268.94ms
step:1803/4578 train_loss:3.4565 train_time:482204ms step_avg:268.94ms
step:1804/4578 train_loss:3.4299 train_time:482469ms step_avg:268.93ms
step:1805/4578 train_loss:3.6887 train_time:482744ms step_avg:268.94ms
step:1806/4578 train_loss:3.5461 train_time:483008ms step_avg:268.94ms
step:1807/4578 train_loss:3.6122 train_time:483278ms step_avg:268.94ms
step:1808/4578 train_loss:3.6374 train_time:483545ms step_avg:268.94ms
step:1809/4578 train_loss:3.4214 train_time:483816ms step_avg:268.94ms
step:1810/4578 train_loss:3.6134 train_time:484082ms step_avg:268.93ms
step:1811/4578 train_loss:3.6408 train_time:484351ms step_avg:268.93ms
step:1812/4578 train_loss:3.5270 train_time:484616ms step_avg:268.93ms
step:1813/4578 train_loss:3.4793 train_time:484889ms step_avg:268.93ms
step:1814/4578 train_loss:3.4879 train_time:485153ms step_avg:268.93ms
step:1815/4578 train_loss:3.5646 train_time:485419ms step_avg:268.93ms
step:1816/4578 train_loss:3.6329 train_time:485688ms step_avg:268.93ms
step:1817/4578 train_loss:3.4994 train_time:485964ms step_avg:268.93ms
step:1818/4578 train_loss:3.6755 train_time:486227ms step_avg:268.93ms
step:1819/4578 train_loss:3.4626 train_time:486497ms step_avg:268.93ms
step:1820/4578 train_loss:3.5363 train_time:486763ms step_avg:268.93ms
step:1821/4578 train_loss:3.4245 train_time:487028ms step_avg:268.93ms
step:1822/4578 train_loss:3.2618 train_time:487296ms step_avg:268.93ms
step:1823/4578 train_loss:3.2856 train_time:487569ms step_avg:268.93ms
step:1824/4578 train_loss:3.4586 train_time:487835ms step_avg:268.93ms
step:1825/4578 train_loss:3.5705 train_time:488102ms step_avg:268.93ms
step:1826/4578 train_loss:3.5183 train_time:488370ms step_avg:268.93ms
step:1827/4578 train_loss:3.5087 train_time:488641ms step_avg:268.93ms
step:1828/4578 train_loss:3.4893 train_time:488904ms step_avg:268.92ms
step:1829/4578 train_loss:3.4962 train_time:489172ms step_avg:268.92ms
step:1830/4578 train_loss:3.5899 train_time:489445ms step_avg:268.93ms
step:1831/4578 train_loss:3.2552 train_time:489709ms step_avg:268.92ms
step:1832/4578 train_loss:3.4958 train_time:489979ms step_avg:268.92ms
step:1833/4578 train_loss:3.4833 train_time:490246ms step_avg:268.92ms
step:1834/4578 train_loss:4.0493 train_time:490516ms step_avg:268.92ms
step:1835/4578 train_loss:3.5573 train_time:490782ms step_avg:268.92ms
step:1836/4578 train_loss:3.5361 train_time:491052ms step_avg:268.92ms
step:1837/4578 train_loss:3.8055 train_time:491317ms step_avg:268.92ms
step:1838/4578 train_loss:3.5172 train_time:491594ms step_avg:268.92ms
step:1839/4578 train_loss:3.3922 train_time:491857ms step_avg:268.92ms
step:1840/4578 train_loss:3.4801 train_time:492130ms step_avg:268.92ms
step:1841/4578 train_loss:3.3993 train_time:492397ms step_avg:268.92ms
step:1842/4578 train_loss:3.5131 train_time:492665ms step_avg:268.92ms
step:1843/4578 train_loss:3.5748 train_time:492933ms step_avg:268.92ms
step:1844/4578 train_loss:3.4948 train_time:493205ms step_avg:268.92ms
step:1845/4578 train_loss:3.5142 train_time:493472ms step_avg:268.92ms
step:1846/4578 train_loss:3.4704 train_time:493742ms step_avg:268.92ms
step:1847/4578 train_loss:3.5129 train_time:494007ms step_avg:268.92ms
step:1848/4578 train_loss:3.3864 train_time:494270ms step_avg:268.92ms
step:1849/4578 train_loss:3.7537 train_time:494548ms step_avg:268.92ms
step:1850/4578 train_loss:3.4183 train_time:494815ms step_avg:268.92ms
step:1851/4578 train_loss:3.5229 train_time:495077ms step_avg:268.92ms
step:1852/4578 train_loss:3.3525 train_time:495345ms step_avg:268.92ms
step:1853/4578 train_loss:3.5668 train_time:495611ms step_avg:268.92ms
step:1854/4578 train_loss:3.5985 train_time:495882ms step_avg:268.92ms
step:1855/4578 train_loss:3.5027 train_time:496156ms step_avg:268.92ms
step:1856/4578 train_loss:3.4773 train_time:496423ms step_avg:268.92ms
step:1857/4578 train_loss:3.5654 train_time:496692ms step_avg:268.92ms
step:1858/4578 train_loss:3.6124 train_time:496953ms step_avg:268.91ms
step:1859/4578 train_loss:3.4231 train_time:497225ms step_avg:268.92ms
step:1860/4578 train_loss:3.5133 train_time:497491ms step_avg:268.91ms
step:1861/4578 train_loss:3.4936 train_time:497760ms step_avg:268.91ms
step:1862/4578 train_loss:3.4663 train_time:498031ms step_avg:268.92ms
step:1863/4578 train_loss:3.4247 train_time:498296ms step_avg:268.91ms
step:1864/4578 train_loss:3.5369 train_time:498567ms step_avg:268.91ms
step:1865/4578 train_loss:3.6500 train_time:498836ms step_avg:268.91ms
step:1866/4578 train_loss:3.2846 train_time:499101ms step_avg:268.91ms
step:1867/4578 train_loss:3.4727 train_time:499376ms step_avg:268.92ms
step:1868/4578 train_loss:3.4369 train_time:499638ms step_avg:268.91ms
step:1869/4578 train_loss:3.2535 train_time:499911ms step_avg:268.91ms
step:1870/4578 train_loss:3.5523 train_time:500175ms step_avg:268.91ms
step:1871/4578 train_loss:3.5220 train_time:500443ms step_avg:268.91ms
step:1872/4578 train_loss:3.4740 train_time:500708ms step_avg:268.91ms
step:1873/4578 train_loss:3.5896 train_time:500977ms step_avg:268.91ms
step:1874/4578 train_loss:3.3998 train_time:501250ms step_avg:268.91ms
step:1875/4578 train_loss:3.6658 train_time:501515ms step_avg:268.91ms
step:1875/4578 val_loss:3.5124 train_time:501742ms step_avg:269.03ms
step:1876/4578 train_loss:3.4930 train_time:501783ms step_avg:268.91ms
step:1877/4578 train_loss:3.4609 train_time:502051ms step_avg:268.91ms
step:1878/4578 train_loss:3.6252 train_time:502320ms step_avg:268.91ms
step:1879/4578 train_loss:3.6084 train_time:502590ms step_avg:268.91ms
step:1880/4578 train_loss:3.4713 train_time:502856ms step_avg:268.91ms
step:1881/4578 train_loss:3.4989 train_time:503125ms step_avg:268.91ms
step:1882/4578 train_loss:3.4179 train_time:503391ms step_avg:268.91ms
step:1883/4578 train_loss:3.6490 train_time:503659ms step_avg:268.91ms
step:1884/4578 train_loss:3.4835 train_time:503926ms step_avg:268.90ms
step:1885/4578 train_loss:2.9876 train_time:504196ms step_avg:268.90ms
step:1886/4578 train_loss:3.8234 train_time:504463ms step_avg:268.90ms
step:1887/4578 train_loss:3.4435 train_time:504734ms step_avg:268.90ms
step:1888/4578 train_loss:3.3697 train_time:505002ms step_avg:268.90ms
step:1889/4578 train_loss:3.5261 train_time:505268ms step_avg:268.90ms
step:1890/4578 train_loss:3.5761 train_time:505538ms step_avg:268.90ms
step:1891/4578 train_loss:3.3443 train_time:505804ms step_avg:268.90ms
step:1892/4578 train_loss:3.7682 train_time:506071ms step_avg:268.90ms
step:1893/4578 train_loss:3.4040 train_time:506342ms step_avg:268.90ms
step:1894/4578 train_loss:3.4536 train_time:506609ms step_avg:268.90ms
step:1895/4578 train_loss:3.6072 train_time:506877ms step_avg:268.90ms
step:1896/4578 train_loss:3.3390 train_time:507151ms step_avg:268.90ms
step:1897/4578 train_loss:3.5234 train_time:507420ms step_avg:268.90ms
step:1898/4578 train_loss:3.5862 train_time:507682ms step_avg:268.90ms
step:1899/4578 train_loss:3.6104 train_time:507958ms step_avg:268.90ms
step:1900/4578 train_loss:3.4442 train_time:508396ms step_avg:268.99ms
step:1901/4578 train_loss:3.6278 train_time:508601ms step_avg:268.96ms
step:1902/4578 train_loss:3.4457 train_time:508870ms step_avg:268.96ms
step:1903/4578 train_loss:3.5484 train_time:509137ms step_avg:268.96ms
step:1904/4578 train_loss:3.4502 train_time:509407ms step_avg:268.96ms
step:1905/4578 train_loss:3.6559 train_time:509674ms step_avg:268.96ms
step:1906/4578 train_loss:3.5042 train_time:509945ms step_avg:268.96ms
step:1907/4578 train_loss:3.5362 train_time:510210ms step_avg:268.96ms
step:1908/4578 train_loss:3.5516 train_time:510478ms step_avg:268.96ms
step:1909/4578 train_loss:3.3514 train_time:510747ms step_avg:268.96ms
step:1910/4578 train_loss:3.5134 train_time:511014ms step_avg:268.95ms
step:1911/4578 train_loss:3.5688 train_time:511282ms step_avg:268.95ms
step:1912/4578 train_loss:3.4870 train_time:511555ms step_avg:268.96ms
step:1913/4578 train_loss:3.4441 train_time:511819ms step_avg:268.95ms
step:1914/4578 train_loss:3.0290 train_time:512088ms step_avg:268.95ms
step:1915/4578 train_loss:3.3999 train_time:512354ms step_avg:268.95ms
step:1916/4578 train_loss:3.6332 train_time:512624ms step_avg:268.95ms
step:1917/4578 train_loss:3.6835 train_time:512891ms step_avg:268.95ms
step:1918/4578 train_loss:3.5175 train_time:513158ms step_avg:268.95ms
step:1919/4578 train_loss:3.4929 train_time:513427ms step_avg:268.95ms
step:1920/4578 train_loss:3.7399 train_time:513694ms step_avg:268.95ms
step:1921/4578 train_loss:3.4444 train_time:513967ms step_avg:268.95ms
step:1922/4578 train_loss:3.5024 train_time:514237ms step_avg:268.95ms
step:1923/4578 train_loss:3.5266 train_time:514496ms step_avg:268.95ms
step:1924/4578 train_loss:3.5853 train_time:514765ms step_avg:268.95ms
step:1925/4578 train_loss:3.2217 train_time:515035ms step_avg:268.95ms
step:1926/4578 train_loss:3.3990 train_time:515304ms step_avg:268.95ms
step:1927/4578 train_loss:3.3560 train_time:515570ms step_avg:268.95ms
step:1928/4578 train_loss:3.4422 train_time:515840ms step_avg:268.95ms
step:1929/4578 train_loss:3.2248 train_time:516113ms step_avg:268.95ms
step:1930/4578 train_loss:3.4289 train_time:516377ms step_avg:268.95ms
step:1931/4578 train_loss:3.6809 train_time:516646ms step_avg:268.95ms
step:1932/4578 train_loss:3.5414 train_time:516915ms step_avg:268.95ms
step:1933/4578 train_loss:3.6333 train_time:517182ms step_avg:268.95ms
step:1934/4578 train_loss:3.4690 train_time:517456ms step_avg:268.95ms
step:1935/4578 train_loss:3.4609 train_time:517725ms step_avg:268.95ms
step:1936/4578 train_loss:3.5473 train_time:517989ms step_avg:268.95ms
step:1937/4578 train_loss:3.4722 train_time:518259ms step_avg:268.95ms
step:1938/4578 train_loss:3.5785 train_time:518528ms step_avg:268.95ms
step:1939/4578 train_loss:3.4398 train_time:518798ms step_avg:268.95ms
step:1940/4578 train_loss:3.6076 train_time:519064ms step_avg:268.94ms
step:1941/4578 train_loss:3.7647 train_time:519335ms step_avg:268.95ms
step:1942/4578 train_loss:3.5203 train_time:519598ms step_avg:268.94ms
step:1943/4578 train_loss:3.4577 train_time:519865ms step_avg:268.94ms
step:1944/4578 train_loss:3.6908 train_time:520139ms step_avg:268.94ms
step:1945/4578 train_loss:3.3554 train_time:520404ms step_avg:268.94ms
step:1946/4578 train_loss:3.5518 train_time:520671ms step_avg:268.94ms
step:1947/4578 train_loss:3.5083 train_time:520941ms step_avg:268.94ms
step:1948/4578 train_loss:3.4105 train_time:521207ms step_avg:268.94ms
step:1949/4578 train_loss:3.4392 train_time:521474ms step_avg:268.94ms
step:1950/4578 train_loss:3.3920 train_time:521747ms step_avg:268.94ms
step:1951/4578 train_loss:3.4286 train_time:522015ms step_avg:268.94ms
step:1952/4578 train_loss:3.4171 train_time:522280ms step_avg:268.94ms
step:1953/4578 train_loss:3.6447 train_time:522546ms step_avg:268.94ms
step:1954/4578 train_loss:3.6269 train_time:522816ms step_avg:268.94ms
step:1955/4578 train_loss:3.4819 train_time:523082ms step_avg:268.94ms
step:1956/4578 train_loss:3.3644 train_time:523350ms step_avg:268.94ms
step:1957/4578 train_loss:3.3112 train_time:523620ms step_avg:268.94ms
step:1958/4578 train_loss:3.7382 train_time:523885ms step_avg:268.93ms
step:1959/4578 train_loss:3.5171 train_time:524154ms step_avg:268.93ms
step:1960/4578 train_loss:3.6245 train_time:524426ms step_avg:268.94ms
step:1961/4578 train_loss:3.4049 train_time:524691ms step_avg:268.93ms
step:1962/4578 train_loss:3.5848 train_time:524962ms step_avg:268.94ms
step:1963/4578 train_loss:3.5846 train_time:525226ms step_avg:268.93ms
step:1964/4578 train_loss:3.5163 train_time:525498ms step_avg:268.93ms
step:1965/4578 train_loss:3.4253 train_time:525766ms step_avg:268.93ms
step:1966/4578 train_loss:3.6980 train_time:526031ms step_avg:268.93ms
step:1967/4578 train_loss:3.4260 train_time:526297ms step_avg:268.93ms
step:1968/4578 train_loss:3.4596 train_time:526567ms step_avg:268.93ms
step:1969/4578 train_loss:3.5350 train_time:526832ms step_avg:268.93ms
step:1970/4578 train_loss:3.3561 train_time:527107ms step_avg:268.93ms
step:1971/4578 train_loss:3.1285 train_time:527372ms step_avg:268.93ms
step:1972/4578 train_loss:3.2117 train_time:527642ms step_avg:268.93ms
step:1973/4578 train_loss:3.4969 train_time:527910ms step_avg:268.93ms
step:1974/4578 train_loss:3.4137 train_time:528184ms step_avg:268.93ms
step:1975/4578 train_loss:3.3112 train_time:528448ms step_avg:268.93ms
step:1976/4578 train_loss:3.5786 train_time:528719ms step_avg:268.93ms
step:1977/4578 train_loss:3.4375 train_time:528986ms step_avg:268.93ms
step:1978/4578 train_loss:4.0385 train_time:529255ms step_avg:268.93ms
step:1979/4578 train_loss:3.4650 train_time:529522ms step_avg:268.93ms
step:1980/4578 train_loss:3.4896 train_time:529792ms step_avg:268.93ms
step:1981/4578 train_loss:3.4951 train_time:530059ms step_avg:268.93ms
step:1982/4578 train_loss:3.5419 train_time:530326ms step_avg:268.93ms
step:1983/4578 train_loss:3.5165 train_time:530594ms step_avg:268.93ms
step:1984/4578 train_loss:3.3856 train_time:530867ms step_avg:268.93ms
step:1985/4578 train_loss:3.5820 train_time:531135ms step_avg:268.93ms
step:1986/4578 train_loss:3.6319 train_time:531400ms step_avg:268.93ms
step:1987/4578 train_loss:3.3911 train_time:531669ms step_avg:268.93ms
step:1988/4578 train_loss:3.4554 train_time:531937ms step_avg:268.93ms
step:1989/4578 train_loss:3.5347 train_time:532203ms step_avg:268.93ms
step:1990/4578 train_loss:3.6115 train_time:532475ms step_avg:268.93ms
step:1991/4578 train_loss:3.3909 train_time:532742ms step_avg:268.93ms
step:1992/4578 train_loss:3.3760 train_time:533006ms step_avg:268.92ms
step:1993/4578 train_loss:3.7081 train_time:533275ms step_avg:268.92ms
step:1994/4578 train_loss:3.3920 train_time:533544ms step_avg:268.92ms
step:1995/4578 train_loss:3.4462 train_time:533812ms step_avg:268.92ms
step:1996/4578 train_loss:3.5273 train_time:534080ms step_avg:268.92ms
step:1997/4578 train_loss:3.4396 train_time:534347ms step_avg:268.92ms
step:1998/4578 train_loss:3.4146 train_time:534616ms step_avg:268.92ms
step:1999/4578 train_loss:3.4120 train_time:534883ms step_avg:268.92ms
step:2000/4578 train_loss:3.4844 train_time:535158ms step_avg:268.92ms
step:2000/4578 val_loss:3.4986 train_time:535381ms step_avg:269.04ms
step:2001/4578 train_loss:3.6054 train_time:535448ms step_avg:268.93ms
step:2002/4578 train_loss:3.5131 train_time:535691ms step_avg:268.92ms
step:2003/4578 train_loss:3.8660 train_time:535958ms step_avg:268.92ms
step:2004/4578 train_loss:3.5701 train_time:536225ms step_avg:268.92ms
step:2005/4578 train_loss:3.4038 train_time:536498ms step_avg:268.92ms
step:2006/4578 train_loss:3.4627 train_time:536766ms step_avg:268.92ms
step:2007/4578 train_loss:3.3013 train_time:537033ms step_avg:268.92ms
step:2008/4578 train_loss:3.5888 train_time:537305ms step_avg:268.92ms
step:2009/4578 train_loss:3.5016 train_time:537575ms step_avg:268.92ms
step:2010/4578 train_loss:3.4712 train_time:537844ms step_avg:268.92ms
step:2011/4578 train_loss:3.5355 train_time:538107ms step_avg:268.92ms
step:2012/4578 train_loss:3.5718 train_time:538389ms step_avg:268.93ms
step:2013/4578 train_loss:3.4129 train_time:538653ms step_avg:268.92ms
step:2014/4578 train_loss:3.5072 train_time:538919ms step_avg:268.92ms
step:2015/4578 train_loss:3.4523 train_time:539180ms step_avg:268.92ms
step:2016/4578 train_loss:3.4396 train_time:539454ms step_avg:268.92ms
step:2017/4578 train_loss:3.7490 train_time:539724ms step_avg:268.92ms
step:2018/4578 train_loss:3.4216 train_time:539992ms step_avg:268.92ms
step:2019/4578 train_loss:3.6994 train_time:540257ms step_avg:268.92ms
step:2020/4578 train_loss:3.4644 train_time:540523ms step_avg:268.92ms
step:2021/4578 train_loss:3.1884 train_time:540794ms step_avg:268.92ms
step:2022/4578 train_loss:3.4566 train_time:541063ms step_avg:268.92ms
step:2023/4578 train_loss:3.4388 train_time:541325ms step_avg:268.91ms
step:2024/4578 train_loss:3.5217 train_time:541595ms step_avg:268.91ms
step:2025/4578 train_loss:3.6379 train_time:541864ms step_avg:268.92ms
step:2026/4578 train_loss:3.4449 train_time:542132ms step_avg:268.91ms
step:2027/4578 train_loss:2.9239 train_time:542399ms step_avg:268.91ms
step:2028/4578 train_loss:3.4071 train_time:542678ms step_avg:268.92ms
step:2029/4578 train_loss:3.5659 train_time:542942ms step_avg:268.92ms
step:2030/4578 train_loss:3.4435 train_time:543209ms step_avg:268.92ms
step:2031/4578 train_loss:3.5432 train_time:543479ms step_avg:268.92ms
step:2032/4578 train_loss:3.3200 train_time:543747ms step_avg:268.92ms
step:2033/4578 train_loss:3.5597 train_time:544024ms step_avg:268.92ms
step:2034/4578 train_loss:3.3737 train_time:544283ms step_avg:268.91ms
step:2035/4578 train_loss:3.5495 train_time:544558ms step_avg:268.92ms
step:2036/4578 train_loss:3.5568 train_time:544822ms step_avg:268.92ms
step:2037/4578 train_loss:3.5895 train_time:545091ms step_avg:268.92ms
step:2038/4578 train_loss:3.3708 train_time:545358ms step_avg:268.91ms
step:2039/4578 train_loss:3.7146 train_time:545628ms step_avg:268.91ms
step:2040/4578 train_loss:3.5427 train_time:545895ms step_avg:268.91ms
step:2041/4578 train_loss:3.5962 train_time:546170ms step_avg:268.92ms
step:2042/4578 train_loss:3.4068 train_time:546431ms step_avg:268.91ms
step:2043/4578 train_loss:3.4834 train_time:546702ms step_avg:268.91ms
step:2044/4578 train_loss:3.5570 train_time:546968ms step_avg:268.91ms
step:2045/4578 train_loss:3.5350 train_time:547236ms step_avg:268.91ms
step:2046/4578 train_loss:3.2731 train_time:547506ms step_avg:268.91ms
step:2047/4578 train_loss:3.3353 train_time:547772ms step_avg:268.91ms
step:2048/4578 train_loss:3.5038 train_time:548040ms step_avg:268.91ms
step:2049/4578 train_loss:3.4233 train_time:548310ms step_avg:268.91ms
step:2050/4578 train_loss:3.3463 train_time:548580ms step_avg:268.91ms
step:2051/4578 train_loss:3.6112 train_time:548847ms step_avg:268.91ms
step:2052/4578 train_loss:3.5338 train_time:549112ms step_avg:268.91ms
step:2053/4578 train_loss:3.4633 train_time:549386ms step_avg:268.91ms
step:2054/4578 train_loss:3.4735 train_time:549651ms step_avg:268.91ms
step:2055/4578 train_loss:3.5206 train_time:549922ms step_avg:268.91ms
step:2056/4578 train_loss:3.4338 train_time:550188ms step_avg:268.91ms
step:2057/4578 train_loss:3.7731 train_time:550455ms step_avg:268.91ms
step:2058/4578 train_loss:3.6951 train_time:550723ms step_avg:268.91ms
step:2059/4578 train_loss:3.4689 train_time:550997ms step_avg:268.91ms
step:2060/4578 train_loss:3.6049 train_time:551274ms step_avg:268.91ms
step:2061/4578 train_loss:3.5668 train_time:551535ms step_avg:268.91ms
step:2062/4578 train_loss:3.5622 train_time:551802ms step_avg:268.91ms
step:2063/4578 train_loss:3.4979 train_time:552070ms step_avg:268.91ms
step:2064/4578 train_loss:3.8001 train_time:552338ms step_avg:268.91ms
step:2065/4578 train_loss:3.5547 train_time:552606ms step_avg:268.91ms
step:2066/4578 train_loss:3.6127 train_time:552874ms step_avg:268.91ms
step:2067/4578 train_loss:3.4554 train_time:553141ms step_avg:268.91ms
step:2068/4578 train_loss:3.3913 train_time:553414ms step_avg:268.91ms
step:2069/4578 train_loss:3.4440 train_time:553673ms step_avg:268.90ms
step:2070/4578 train_loss:3.6882 train_time:553945ms step_avg:268.91ms
step:2071/4578 train_loss:3.6545 train_time:554213ms step_avg:268.90ms
step:2072/4578 train_loss:3.5510 train_time:554479ms step_avg:268.90ms
step:2073/4578 train_loss:3.5029 train_time:554746ms step_avg:268.90ms
step:2074/4578 train_loss:3.5254 train_time:555017ms step_avg:268.90ms
step:2075/4578 train_loss:3.5113 train_time:555289ms step_avg:268.90ms
step:2076/4578 train_loss:3.2499 train_time:555551ms step_avg:268.90ms
step:2077/4578 train_loss:3.6488 train_time:555819ms step_avg:268.90ms
step:2078/4578 train_loss:3.3290 train_time:556087ms step_avg:268.90ms
step:2079/4578 train_loss:3.3209 train_time:556354ms step_avg:268.90ms
step:2080/4578 train_loss:3.4061 train_time:556626ms step_avg:268.90ms
step:2081/4578 train_loss:3.4846 train_time:556891ms step_avg:268.90ms
step:2082/4578 train_loss:3.3484 train_time:557159ms step_avg:268.90ms
step:2083/4578 train_loss:3.5906 train_time:557427ms step_avg:268.90ms
step:2084/4578 train_loss:3.4036 train_time:557695ms step_avg:268.90ms
step:2085/4578 train_loss:3.3472 train_time:557964ms step_avg:268.90ms
step:2086/4578 train_loss:3.5163 train_time:558231ms step_avg:268.90ms
step:2087/4578 train_loss:3.5801 train_time:558500ms step_avg:268.90ms
step:2088/4578 train_loss:3.4986 train_time:558771ms step_avg:268.90ms
step:2089/4578 train_loss:3.7633 train_time:559034ms step_avg:268.90ms
step:2090/4578 train_loss:3.5857 train_time:559482ms step_avg:268.98ms
step:2091/4578 train_loss:3.6048 train_time:559688ms step_avg:268.95ms
step:2092/4578 train_loss:3.3754 train_time:559953ms step_avg:268.95ms
step:2093/4578 train_loss:3.5238 train_time:560222ms step_avg:268.95ms
step:2094/4578 train_loss:3.4603 train_time:560491ms step_avg:268.95ms
step:2095/4578 train_loss:3.0425 train_time:560758ms step_avg:268.95ms
step:2096/4578 train_loss:3.4366 train_time:561025ms step_avg:268.95ms
step:2097/4578 train_loss:3.6149 train_time:561293ms step_avg:268.95ms
step:2098/4578 train_loss:3.4737 train_time:561565ms step_avg:268.95ms
step:2099/4578 train_loss:3.2929 train_time:561829ms step_avg:268.95ms
step:2100/4578 train_loss:3.4273 train_time:562101ms step_avg:268.95ms
step:2101/4578 train_loss:3.4193 train_time:562368ms step_avg:268.95ms
step:2102/4578 train_loss:3.6557 train_time:562639ms step_avg:268.95ms
step:2103/4578 train_loss:3.3869 train_time:562905ms step_avg:268.95ms
step:2104/4578 train_loss:3.4387 train_time:563174ms step_avg:268.95ms
step:2105/4578 train_loss:3.7555 train_time:563438ms step_avg:268.94ms
step:2106/4578 train_loss:3.2680 train_time:563706ms step_avg:268.94ms
step:2107/4578 train_loss:3.8282 train_time:563974ms step_avg:268.94ms
step:2108/4578 train_loss:3.3879 train_time:564246ms step_avg:268.94ms
step:2109/4578 train_loss:3.5252 train_time:564514ms step_avg:268.94ms
step:2110/4578 train_loss:3.6364 train_time:564778ms step_avg:268.94ms
step:2111/4578 train_loss:3.3312 train_time:565046ms step_avg:268.94ms
step:2112/4578 train_loss:3.6434 train_time:565322ms step_avg:268.94ms
step:2113/4578 train_loss:3.5648 train_time:565587ms step_avg:268.94ms
step:2114/4578 train_loss:3.5267 train_time:565856ms step_avg:268.94ms
step:2115/4578 train_loss:3.4321 train_time:566121ms step_avg:268.94ms
step:2116/4578 train_loss:3.5451 train_time:566386ms step_avg:268.94ms
step:2117/4578 train_loss:3.3991 train_time:566659ms step_avg:268.94ms
step:2118/4578 train_loss:3.5739 train_time:566925ms step_avg:268.94ms
step:2119/4578 train_loss:3.4603 train_time:567190ms step_avg:268.94ms
step:2120/4578 train_loss:3.4382 train_time:567458ms step_avg:268.94ms
step:2121/4578 train_loss:3.3487 train_time:567726ms step_avg:268.94ms
step:2122/4578 train_loss:3.4978 train_time:567998ms step_avg:268.94ms
step:2123/4578 train_loss:3.5618 train_time:568264ms step_avg:268.94ms
step:2124/4578 train_loss:3.4631 train_time:568539ms step_avg:268.94ms
step:2125/4578 train_loss:3.4629 train_time:568801ms step_avg:268.94ms
step:2125/4578 val_loss:3.4870 train_time:569028ms step_avg:269.04ms
step:2126/4578 train_loss:3.3903 train_time:569070ms step_avg:268.94ms
step:2127/4578 train_loss:3.6001 train_time:569339ms step_avg:268.94ms
step:2128/4578 train_loss:3.5217 train_time:569613ms step_avg:268.94ms
step:2129/4578 train_loss:3.5572 train_time:569875ms step_avg:268.94ms
step:2130/4578 train_loss:3.4100 train_time:570145ms step_avg:268.94ms
step:2131/4578 train_loss:3.3839 train_time:570414ms step_avg:268.94ms
step:2132/4578 train_loss:3.6392 train_time:570680ms step_avg:268.93ms
step:2133/4578 train_loss:3.5557 train_time:570952ms step_avg:268.94ms
step:2134/4578 train_loss:3.3329 train_time:571219ms step_avg:268.94ms
step:2135/4578 train_loss:3.5079 train_time:571485ms step_avg:268.93ms
step:2136/4578 train_loss:3.4409 train_time:571753ms step_avg:268.93ms
step:2137/4578 train_loss:3.6392 train_time:572020ms step_avg:268.93ms
step:2138/4578 train_loss:3.3793 train_time:572288ms step_avg:268.93ms
step:2139/4578 train_loss:3.4456 train_time:572557ms step_avg:268.93ms
step:2140/4578 train_loss:3.5576 train_time:572834ms step_avg:268.94ms
step:2141/4578 train_loss:3.7588 train_time:573102ms step_avg:268.94ms
step:2142/4578 train_loss:4.2657 train_time:573366ms step_avg:268.93ms
step:2143/4578 train_loss:3.4584 train_time:573632ms step_avg:268.93ms
step:2144/4578 train_loss:3.2738 train_time:573903ms step_avg:268.93ms
step:2145/4578 train_loss:3.5185 train_time:574174ms step_avg:268.93ms
step:2146/4578 train_loss:3.6758 train_time:574436ms step_avg:268.93ms
step:2147/4578 train_loss:3.5128 train_time:574700ms step_avg:268.93ms
step:2148/4578 train_loss:3.4400 train_time:574971ms step_avg:268.93ms
step:2149/4578 train_loss:3.4741 train_time:575241ms step_avg:268.93ms
step:2150/4578 train_loss:3.3677 train_time:575506ms step_avg:268.93ms
step:2151/4578 train_loss:3.4659 train_time:575775ms step_avg:268.93ms
step:2152/4578 train_loss:3.5772 train_time:576043ms step_avg:268.93ms
step:2153/4578 train_loss:3.4679 train_time:576308ms step_avg:268.93ms
step:2154/4578 train_loss:3.4664 train_time:576577ms step_avg:268.93ms
step:2155/4578 train_loss:3.4133 train_time:576845ms step_avg:268.93ms
step:2156/4578 train_loss:3.2932 train_time:577114ms step_avg:268.93ms
step:2157/4578 train_loss:3.4664 train_time:577382ms step_avg:268.93ms
step:2158/4578 train_loss:3.5164 train_time:577652ms step_avg:268.93ms
step:2159/4578 train_loss:3.5153 train_time:577917ms step_avg:268.92ms
step:2160/4578 train_loss:3.6159 train_time:578190ms step_avg:268.93ms
step:2161/4578 train_loss:3.5240 train_time:578460ms step_avg:268.93ms
step:2162/4578 train_loss:3.4413 train_time:578722ms step_avg:268.92ms
step:2163/4578 train_loss:3.4812 train_time:578991ms step_avg:268.92ms
step:2164/4578 train_loss:3.5445 train_time:579263ms step_avg:268.92ms
step:2165/4578 train_loss:3.4914 train_time:579530ms step_avg:268.92ms
step:2166/4578 train_loss:3.5040 train_time:579797ms step_avg:268.92ms
step:2167/4578 train_loss:3.4525 train_time:580066ms step_avg:268.92ms
step:2168/4578 train_loss:3.3526 train_time:580335ms step_avg:268.92ms
step:2169/4578 train_loss:3.3912 train_time:580601ms step_avg:268.92ms
step:2170/4578 train_loss:3.4399 train_time:580868ms step_avg:268.92ms
step:2171/4578 train_loss:3.6152 train_time:581141ms step_avg:268.92ms
step:2172/4578 train_loss:3.5561 train_time:581406ms step_avg:268.92ms
step:2173/4578 train_loss:3.3853 train_time:581678ms step_avg:268.92ms
step:2174/4578 train_loss:3.4554 train_time:581944ms step_avg:268.92ms
step:2175/4578 train_loss:3.3848 train_time:582211ms step_avg:268.92ms
step:2176/4578 train_loss:3.4785 train_time:582480ms step_avg:268.92ms
step:2177/4578 train_loss:3.3395 train_time:582744ms step_avg:268.92ms
step:2178/4578 train_loss:3.6013 train_time:583011ms step_avg:268.92ms
step:2179/4578 train_loss:3.4767 train_time:583284ms step_avg:268.92ms
step:2180/4578 train_loss:3.3449 train_time:583547ms step_avg:268.92ms
step:2181/4578 train_loss:3.6205 train_time:583816ms step_avg:268.92ms
step:2182/4578 train_loss:3.4795 train_time:584082ms step_avg:268.91ms
step:2183/4578 train_loss:3.4791 train_time:584353ms step_avg:268.92ms
step:2184/4578 train_loss:3.3952 train_time:584624ms step_avg:268.92ms
step:2185/4578 train_loss:3.3612 train_time:584890ms step_avg:268.92ms
step:2186/4578 train_loss:3.4495 train_time:585157ms step_avg:268.91ms
step:2187/4578 train_loss:3.3961 train_time:585425ms step_avg:268.91ms
step:2188/4578 train_loss:3.3193 train_time:585692ms step_avg:268.91ms
step:2189/4578 train_loss:3.4057 train_time:585960ms step_avg:268.91ms
step:2190/4578 train_loss:3.3695 train_time:586228ms step_avg:268.91ms
step:2191/4578 train_loss:3.5067 train_time:586497ms step_avg:268.91ms
step:2192/4578 train_loss:3.4811 train_time:586761ms step_avg:268.91ms
step:2193/4578 train_loss:3.8186 train_time:587035ms step_avg:268.91ms
step:2194/4578 train_loss:3.4751 train_time:587300ms step_avg:268.91ms
step:2195/4578 train_loss:3.5824 train_time:587570ms step_avg:268.91ms
step:2196/4578 train_loss:3.6108 train_time:587837ms step_avg:268.91ms
step:2197/4578 train_loss:3.3976 train_time:588108ms step_avg:268.91ms
step:2198/4578 train_loss:3.5271 train_time:588374ms step_avg:268.91ms
step:2199/4578 train_loss:3.3939 train_time:588641ms step_avg:268.91ms
step:2200/4578 train_loss:3.3716 train_time:588908ms step_avg:268.91ms
step:2201/4578 train_loss:3.4699 train_time:589181ms step_avg:268.91ms
step:2202/4578 train_loss:3.4381 train_time:589445ms step_avg:268.91ms
step:2203/4578 train_loss:3.4713 train_time:589714ms step_avg:268.91ms
step:2204/4578 train_loss:4.3752 train_time:589983ms step_avg:268.91ms
step:2205/4578 train_loss:3.5404 train_time:590256ms step_avg:268.91ms
step:2206/4578 train_loss:3.4002 train_time:590521ms step_avg:268.91ms
step:2207/4578 train_loss:3.4395 train_time:590788ms step_avg:268.91ms
step:2208/4578 train_loss:3.5710 train_time:591053ms step_avg:268.90ms
step:2209/4578 train_loss:3.3045 train_time:591323ms step_avg:268.91ms
step:2210/4578 train_loss:3.4468 train_time:591589ms step_avg:268.90ms
step:2211/4578 train_loss:3.4094 train_time:591859ms step_avg:268.90ms
step:2212/4578 train_loss:3.5036 train_time:592133ms step_avg:268.91ms
step:2213/4578 train_loss:3.5149 train_time:592396ms step_avg:268.90ms
step:2214/4578 train_loss:3.4155 train_time:592663ms step_avg:268.90ms
step:2215/4578 train_loss:3.5053 train_time:592932ms step_avg:268.90ms
step:2216/4578 train_loss:3.6747 train_time:593202ms step_avg:268.90ms
step:2217/4578 train_loss:3.5038 train_time:593467ms step_avg:268.90ms
step:2218/4578 train_loss:3.3391 train_time:593736ms step_avg:268.90ms
step:2219/4578 train_loss:3.4457 train_time:594004ms step_avg:268.90ms
step:2220/4578 train_loss:3.2983 train_time:594272ms step_avg:268.90ms
step:2221/4578 train_loss:3.7311 train_time:594540ms step_avg:268.90ms
step:2222/4578 train_loss:3.5986 train_time:594809ms step_avg:268.90ms
step:2223/4578 train_loss:3.7860 train_time:595078ms step_avg:268.90ms
step:2224/4578 train_loss:3.3819 train_time:595343ms step_avg:268.90ms
step:2225/4578 train_loss:3.4493 train_time:595611ms step_avg:268.90ms
step:2226/4578 train_loss:3.3394 train_time:595880ms step_avg:268.90ms
step:2227/4578 train_loss:3.6922 train_time:596152ms step_avg:268.90ms
step:2228/4578 train_loss:3.6349 train_time:596416ms step_avg:268.90ms
step:2229/4578 train_loss:3.2657 train_time:596683ms step_avg:268.90ms
step:2230/4578 train_loss:3.7259 train_time:596954ms step_avg:268.90ms
step:2231/4578 train_loss:3.4163 train_time:597223ms step_avg:268.90ms
step:2232/4578 train_loss:3.4148 train_time:597491ms step_avg:268.90ms
step:2233/4578 train_loss:3.5657 train_time:597759ms step_avg:268.90ms
step:2234/4578 train_loss:3.6689 train_time:598024ms step_avg:268.90ms
step:2235/4578 train_loss:3.5004 train_time:598294ms step_avg:268.90ms
step:2236/4578 train_loss:3.3930 train_time:598563ms step_avg:268.90ms
step:2237/4578 train_loss:3.2045 train_time:598830ms step_avg:268.90ms
step:2238/4578 train_loss:3.4800 train_time:599099ms step_avg:268.90ms
step:2239/4578 train_loss:3.5052 train_time:599370ms step_avg:268.90ms
step:2240/4578 train_loss:3.2981 train_time:599638ms step_avg:268.90ms
step:2241/4578 train_loss:3.3941 train_time:599902ms step_avg:268.89ms
step:2242/4578 train_loss:3.4460 train_time:600169ms step_avg:268.89ms
step:2243/4578 train_loss:3.5019 train_time:600447ms step_avg:268.90ms
step:2244/4578 train_loss:3.2903 train_time:600707ms step_avg:268.89ms
step:2245/4578 train_loss:3.5495 train_time:600972ms step_avg:268.89ms
step:2246/4578 train_loss:3.5572 train_time:601242ms step_avg:268.89ms
step:2247/4578 train_loss:3.2362 train_time:601508ms step_avg:268.89ms
step:2248/4578 train_loss:3.2748 train_time:601776ms step_avg:268.89ms
step:2249/4578 train_loss:3.6113 train_time:602045ms step_avg:268.89ms
step:2250/4578 train_loss:3.5445 train_time:602312ms step_avg:268.89ms
step:2250/4578 val_loss:3.4765 train_time:602540ms step_avg:268.99ms
step:2251/4578 train_loss:3.4079 train_time:602582ms step_avg:268.89ms
step:2252/4578 train_loss:3.4140 train_time:602848ms step_avg:268.89ms
step:2253/4578 train_loss:3.4744 train_time:603118ms step_avg:268.89ms
step:2254/4578 train_loss:3.4972 train_time:603385ms step_avg:268.89ms
step:2255/4578 train_loss:3.5623 train_time:603653ms step_avg:268.89ms
step:2256/4578 train_loss:3.4248 train_time:603924ms step_avg:268.89ms
step:2257/4578 train_loss:3.5948 train_time:604190ms step_avg:268.89ms
step:2258/4578 train_loss:3.4748 train_time:604457ms step_avg:268.89ms
step:2259/4578 train_loss:4.2790 train_time:604727ms step_avg:268.89ms
step:2260/4578 train_loss:3.4422 train_time:604994ms step_avg:268.89ms
step:2261/4578 train_loss:3.4949 train_time:605263ms step_avg:268.89ms
step:2262/4578 train_loss:3.4888 train_time:605532ms step_avg:268.89ms
step:2263/4578 train_loss:3.3587 train_time:605798ms step_avg:268.88ms
step:2264/4578 train_loss:3.5037 train_time:606066ms step_avg:268.88ms
step:2265/4578 train_loss:3.3392 train_time:606336ms step_avg:268.89ms
step:2266/4578 train_loss:3.6635 train_time:606605ms step_avg:268.89ms
step:2267/4578 train_loss:3.2647 train_time:606868ms step_avg:268.88ms
step:2268/4578 train_loss:3.3681 train_time:607137ms step_avg:268.88ms
step:2269/4578 train_loss:3.2829 train_time:607405ms step_avg:268.88ms
step:2270/4578 train_loss:3.4190 train_time:607673ms step_avg:268.88ms
step:2271/4578 train_loss:3.9434 train_time:607941ms step_avg:268.88ms
step:2272/4578 train_loss:3.5447 train_time:608211ms step_avg:268.88ms
step:2273/4578 train_loss:3.5464 train_time:608478ms step_avg:268.88ms
step:2274/4578 train_loss:3.4498 train_time:608749ms step_avg:268.88ms
step:2275/4578 train_loss:3.3822 train_time:609015ms step_avg:268.88ms
step:2276/4578 train_loss:3.4167 train_time:609283ms step_avg:268.88ms
step:2277/4578 train_loss:3.2774 train_time:609551ms step_avg:268.88ms
step:2278/4578 train_loss:3.3584 train_time:609819ms step_avg:268.88ms
step:2279/4578 train_loss:3.7785 train_time:610087ms step_avg:268.88ms
step:2280/4578 train_loss:3.3286 train_time:610530ms step_avg:268.96ms
step:2281/4578 train_loss:3.5057 train_time:610738ms step_avg:268.93ms
step:2282/4578 train_loss:3.3307 train_time:611004ms step_avg:268.93ms
step:2283/4578 train_loss:3.4586 train_time:611276ms step_avg:268.93ms
step:2284/4578 train_loss:3.3756 train_time:611545ms step_avg:268.93ms
step:2285/4578 train_loss:3.5155 train_time:611810ms step_avg:268.93ms
step:2286/4578 train_loss:3.4929 train_time:612080ms step_avg:268.93ms
step:2287/4578 train_loss:3.3131 train_time:612356ms step_avg:268.93ms
step:2288/4578 train_loss:3.5062 train_time:612628ms step_avg:268.93ms
step:2289/4578 train_loss:3.5047 train_time:612888ms step_avg:268.93ms
step:2290/4578 train_loss:3.6978 train_time:613166ms step_avg:268.93ms
step:2291/4578 train_loss:3.3067 train_time:613425ms step_avg:268.93ms
step:2292/4578 train_loss:4.1258 train_time:613700ms step_avg:268.93ms
step:2293/4578 train_loss:3.4274 train_time:613970ms step_avg:268.93ms
step:2294/4578 train_loss:3.3561 train_time:614230ms step_avg:268.93ms
step:2295/4578 train_loss:3.5199 train_time:614499ms step_avg:268.93ms
step:2296/4578 train_loss:3.4411 train_time:614764ms step_avg:268.93ms
step:2297/4578 train_loss:3.4780 train_time:615035ms step_avg:268.93ms
step:2298/4578 train_loss:3.9103 train_time:615302ms step_avg:268.93ms
step:2299/4578 train_loss:3.5066 train_time:615573ms step_avg:268.93ms
step:2300/4578 train_loss:3.2692 train_time:615837ms step_avg:268.92ms
step:2301/4578 train_loss:3.7029 train_time:616107ms step_avg:268.92ms
step:2302/4578 train_loss:3.3292 train_time:616374ms step_avg:268.92ms
step:2303/4578 train_loss:3.4853 train_time:616650ms step_avg:268.93ms
step:2304/4578 train_loss:3.4381 train_time:616916ms step_avg:268.93ms
step:2305/4578 train_loss:3.3878 train_time:617183ms step_avg:268.93ms
step:2306/4578 train_loss:3.7002 train_time:617456ms step_avg:268.93ms
step:2307/4578 train_loss:3.3020 train_time:617718ms step_avg:268.92ms
step:2308/4578 train_loss:3.5237 train_time:617986ms step_avg:268.92ms
step:2309/4578 train_loss:3.4974 train_time:618258ms step_avg:268.92ms
step:2310/4578 train_loss:3.6097 train_time:618521ms step_avg:268.92ms
step:2311/4578 train_loss:3.3105 train_time:618788ms step_avg:268.92ms
step:2312/4578 train_loss:3.5026 train_time:619059ms step_avg:268.92ms
step:2313/4578 train_loss:3.5565 train_time:619326ms step_avg:268.92ms
step:2314/4578 train_loss:3.5215 train_time:619595ms step_avg:268.92ms
step:2315/4578 train_loss:3.3797 train_time:619870ms step_avg:268.92ms
step:2316/4578 train_loss:3.4668 train_time:620129ms step_avg:268.92ms
step:2317/4578 train_loss:3.3130 train_time:620398ms step_avg:268.92ms
step:2318/4578 train_loss:3.4999 train_time:620668ms step_avg:268.92ms
step:2319/4578 train_loss:3.4423 train_time:620937ms step_avg:268.92ms
step:2320/4578 train_loss:3.1266 train_time:621204ms step_avg:268.92ms
step:2321/4578 train_loss:3.4089 train_time:621470ms step_avg:268.92ms
step:2322/4578 train_loss:3.5526 train_time:621740ms step_avg:268.92ms
step:2323/4578 train_loss:3.4541 train_time:622007ms step_avg:268.92ms
step:2324/4578 train_loss:3.4936 train_time:622279ms step_avg:268.92ms
step:2325/4578 train_loss:3.5033 train_time:622544ms step_avg:268.92ms
step:2326/4578 train_loss:3.5846 train_time:622810ms step_avg:268.92ms
step:2327/4578 train_loss:3.5813 train_time:623077ms step_avg:268.92ms
step:2328/4578 train_loss:3.3088 train_time:623346ms step_avg:268.92ms
step:2329/4578 train_loss:3.4029 train_time:623619ms step_avg:268.92ms
step:2330/4578 train_loss:3.3986 train_time:623881ms step_avg:268.91ms
step:2331/4578 train_loss:3.3566 train_time:624153ms step_avg:268.92ms
step:2332/4578 train_loss:3.1419 train_time:624420ms step_avg:268.91ms
step:2333/4578 train_loss:3.4511 train_time:624686ms step_avg:268.91ms
step:2334/4578 train_loss:3.4439 train_time:624956ms step_avg:268.91ms
step:2335/4578 train_loss:3.5402 train_time:625223ms step_avg:268.91ms
step:2336/4578 train_loss:3.3308 train_time:625491ms step_avg:268.91ms
step:2337/4578 train_loss:3.4859 train_time:625760ms step_avg:268.91ms
step:2338/4578 train_loss:3.4412 train_time:626025ms step_avg:268.91ms
step:2339/4578 train_loss:3.3692 train_time:626295ms step_avg:268.91ms
step:2340/4578 train_loss:3.5922 train_time:626563ms step_avg:268.91ms
step:2341/4578 train_loss:3.4796 train_time:626834ms step_avg:268.91ms
step:2342/4578 train_loss:3.4344 train_time:627098ms step_avg:268.91ms
step:2343/4578 train_loss:3.4409 train_time:627376ms step_avg:268.91ms
step:2344/4578 train_loss:3.5231 train_time:627636ms step_avg:268.91ms
step:2345/4578 train_loss:3.4360 train_time:627903ms step_avg:268.91ms
step:2346/4578 train_loss:3.5010 train_time:628180ms step_avg:268.91ms
step:2347/4578 train_loss:3.5106 train_time:628442ms step_avg:268.91ms
step:2348/4578 train_loss:3.4652 train_time:628707ms step_avg:268.91ms
step:2349/4578 train_loss:3.5159 train_time:628980ms step_avg:268.91ms
step:2350/4578 train_loss:3.3136 train_time:629246ms step_avg:268.91ms
step:2351/4578 train_loss:3.2852 train_time:629511ms step_avg:268.91ms
step:2352/4578 train_loss:3.4218 train_time:629781ms step_avg:268.91ms
step:2353/4578 train_loss:3.4495 train_time:630051ms step_avg:268.91ms
step:2354/4578 train_loss:3.5370 train_time:630316ms step_avg:268.91ms
step:2355/4578 train_loss:3.4280 train_time:630585ms step_avg:268.91ms
step:2356/4578 train_loss:3.2803 train_time:630855ms step_avg:268.91ms
step:2357/4578 train_loss:3.6000 train_time:631126ms step_avg:268.91ms
step:2358/4578 train_loss:3.2922 train_time:631394ms step_avg:268.91ms
step:2359/4578 train_loss:3.3714 train_time:631663ms step_avg:268.91ms
step:2360/4578 train_loss:3.3158 train_time:631931ms step_avg:268.91ms
step:2361/4578 train_loss:3.3081 train_time:632197ms step_avg:268.91ms
step:2362/4578 train_loss:3.4235 train_time:632470ms step_avg:268.91ms
step:2363/4578 train_loss:3.2896 train_time:632735ms step_avg:268.91ms
step:2364/4578 train_loss:3.4513 train_time:633007ms step_avg:268.91ms
step:2365/4578 train_loss:3.4051 train_time:633275ms step_avg:268.91ms
step:2366/4578 train_loss:3.4675 train_time:633545ms step_avg:268.91ms
step:2367/4578 train_loss:3.5464 train_time:633806ms step_avg:268.90ms
step:2368/4578 train_loss:3.4444 train_time:634072ms step_avg:268.90ms
step:2369/4578 train_loss:3.4755 train_time:634340ms step_avg:268.90ms
step:2370/4578 train_loss:3.5681 train_time:634609ms step_avg:268.90ms
step:2371/4578 train_loss:3.3792 train_time:634879ms step_avg:268.90ms
step:2372/4578 train_loss:3.6120 train_time:635147ms step_avg:268.90ms
step:2373/4578 train_loss:3.4303 train_time:635418ms step_avg:268.90ms
step:2374/4578 train_loss:4.1323 train_time:635687ms step_avg:268.90ms
step:2375/4578 train_loss:3.4000 train_time:635954ms step_avg:268.90ms
step:2375/4578 val_loss:3.4677 train_time:636181ms step_avg:269.00ms
step:2376/4578 train_loss:3.3500 train_time:636225ms step_avg:268.90ms
step:2377/4578 train_loss:3.6756 train_time:636492ms step_avg:268.90ms
step:2378/4578 train_loss:3.5661 train_time:636768ms step_avg:268.91ms
step:2379/4578 train_loss:3.5870 train_time:637033ms step_avg:268.90ms
step:2380/4578 train_loss:3.5071 train_time:637305ms step_avg:268.90ms
step:2381/4578 train_loss:3.3673 train_time:637572ms step_avg:268.90ms
step:2382/4578 train_loss:3.5324 train_time:637839ms step_avg:268.90ms
step:2383/4578 train_loss:3.5530 train_time:638113ms step_avg:268.91ms
step:2384/4578 train_loss:3.4021 train_time:638371ms step_avg:268.90ms
step:2385/4578 train_loss:3.3403 train_time:638646ms step_avg:268.90ms
step:2386/4578 train_loss:3.5249 train_time:638910ms step_avg:268.90ms
step:2387/4578 train_loss:3.5318 train_time:639180ms step_avg:268.90ms
step:2388/4578 train_loss:3.5846 train_time:639448ms step_avg:268.90ms
step:2389/4578 train_loss:3.4928 train_time:639722ms step_avg:268.90ms
step:2390/4578 train_loss:3.5675 train_time:639984ms step_avg:268.90ms
step:2391/4578 train_loss:3.3847 train_time:640250ms step_avg:268.90ms
step:2392/4578 train_loss:3.3595 train_time:640518ms step_avg:268.90ms
step:2393/4578 train_loss:3.6073 train_time:640787ms step_avg:268.90ms
step:2394/4578 train_loss:3.3657 train_time:641057ms step_avg:268.90ms
step:2395/4578 train_loss:3.5836 train_time:641323ms step_avg:268.90ms
step:2396/4578 train_loss:3.6386 train_time:641592ms step_avg:268.90ms
step:2397/4578 train_loss:3.8119 train_time:641861ms step_avg:268.90ms
step:2398/4578 train_loss:3.7440 train_time:642126ms step_avg:268.90ms
step:2399/4578 train_loss:3.5162 train_time:642397ms step_avg:268.90ms
step:2400/4578 train_loss:3.3572 train_time:642669ms step_avg:268.90ms
step:2401/4578 train_loss:3.3933 train_time:642931ms step_avg:268.90ms
step:2402/4578 train_loss:3.5638 train_time:643198ms step_avg:268.90ms
step:2403/4578 train_loss:3.3666 train_time:643468ms step_avg:268.90ms
step:2404/4578 train_loss:3.4534 train_time:643734ms step_avg:268.89ms
step:2405/4578 train_loss:3.7534 train_time:644002ms step_avg:268.89ms
step:2406/4578 train_loss:3.4069 train_time:644272ms step_avg:268.89ms
step:2407/4578 train_loss:3.5660 train_time:644538ms step_avg:268.89ms
step:2408/4578 train_loss:3.4335 train_time:644811ms step_avg:268.90ms
step:2409/4578 train_loss:3.4794 train_time:645082ms step_avg:268.90ms
step:2410/4578 train_loss:3.5528 train_time:645348ms step_avg:268.89ms
step:2411/4578 train_loss:3.4024 train_time:645615ms step_avg:268.89ms
step:2412/4578 train_loss:3.5860 train_time:645894ms step_avg:268.90ms
step:2413/4578 train_loss:3.5532 train_time:646153ms step_avg:268.89ms
step:2414/4578 train_loss:3.4262 train_time:646419ms step_avg:268.89ms
step:2415/4578 train_loss:3.3961 train_time:646694ms step_avg:268.90ms
step:2416/4578 train_loss:3.5503 train_time:646955ms step_avg:268.89ms
step:2417/4578 train_loss:3.3601 train_time:647226ms step_avg:268.89ms
step:2418/4578 train_loss:3.2895 train_time:647497ms step_avg:268.89ms
step:2419/4578 train_loss:3.6242 train_time:647768ms step_avg:268.90ms
step:2420/4578 train_loss:3.4545 train_time:648040ms step_avg:268.90ms
step:2421/4578 train_loss:3.4526 train_time:648305ms step_avg:268.89ms
step:2422/4578 train_loss:3.4763 train_time:648573ms step_avg:268.89ms
step:2423/4578 train_loss:3.6677 train_time:648839ms step_avg:268.89ms
step:2424/4578 train_loss:3.4760 train_time:649104ms step_avg:268.89ms
step:2425/4578 train_loss:3.7172 train_time:649371ms step_avg:268.89ms
step:2426/4578 train_loss:3.5858 train_time:649643ms step_avg:268.89ms
step:2427/4578 train_loss:3.4679 train_time:649916ms step_avg:268.89ms
step:2428/4578 train_loss:3.4858 train_time:650186ms step_avg:268.89ms
step:2429/4578 train_loss:3.4805 train_time:650446ms step_avg:268.89ms
step:2430/4578 train_loss:3.4795 train_time:650714ms step_avg:268.89ms
step:2431/4578 train_loss:3.4543 train_time:650984ms step_avg:268.89ms
step:2432/4578 train_loss:3.4614 train_time:651251ms step_avg:268.89ms
step:2433/4578 train_loss:3.5012 train_time:651513ms step_avg:268.89ms
step:2434/4578 train_loss:3.3327 train_time:651787ms step_avg:268.89ms
step:2435/4578 train_loss:3.2939 train_time:652055ms step_avg:268.89ms
step:2436/4578 train_loss:3.5003 train_time:652330ms step_avg:268.89ms
step:2437/4578 train_loss:3.2788 train_time:652594ms step_avg:268.89ms
step:2438/4578 train_loss:3.4429 train_time:652860ms step_avg:268.89ms
step:2439/4578 train_loss:3.5422 train_time:653126ms step_avg:268.89ms
step:2440/4578 train_loss:3.5562 train_time:653402ms step_avg:268.89ms
step:2441/4578 train_loss:3.4493 train_time:653671ms step_avg:268.89ms
step:2442/4578 train_loss:3.4160 train_time:653935ms step_avg:268.89ms
step:2443/4578 train_loss:3.5534 train_time:654204ms step_avg:268.89ms
step:2444/4578 train_loss:3.3313 train_time:654476ms step_avg:268.89ms
step:2445/4578 train_loss:3.4357 train_time:654742ms step_avg:268.89ms
step:2446/4578 train_loss:3.4434 train_time:655007ms step_avg:268.89ms
step:2447/4578 train_loss:3.4330 train_time:655279ms step_avg:268.89ms
step:2448/4578 train_loss:3.4468 train_time:655548ms step_avg:268.89ms
step:2449/4578 train_loss:3.7404 train_time:655815ms step_avg:268.89ms
step:2450/4578 train_loss:3.4937 train_time:656081ms step_avg:268.89ms
step:2451/4578 train_loss:3.4091 train_time:656350ms step_avg:268.89ms
step:2452/4578 train_loss:3.3612 train_time:656618ms step_avg:268.89ms
step:2453/4578 train_loss:3.7438 train_time:656883ms step_avg:268.88ms
step:2454/4578 train_loss:3.4032 train_time:657151ms step_avg:268.88ms
step:2455/4578 train_loss:3.5851 train_time:657420ms step_avg:268.88ms
step:2456/4578 train_loss:3.5360 train_time:657690ms step_avg:268.88ms
step:2457/4578 train_loss:3.4531 train_time:657960ms step_avg:268.88ms
step:2458/4578 train_loss:3.2590 train_time:658224ms step_avg:268.88ms
step:2459/4578 train_loss:3.4435 train_time:658497ms step_avg:268.88ms
step:2460/4578 train_loss:3.4300 train_time:658761ms step_avg:268.88ms
step:2461/4578 train_loss:3.5328 train_time:659031ms step_avg:268.88ms
step:2462/4578 train_loss:3.3393 train_time:659301ms step_avg:268.88ms
step:2463/4578 train_loss:3.6825 train_time:659568ms step_avg:268.88ms
step:2464/4578 train_loss:3.4680 train_time:659836ms step_avg:268.88ms
step:2465/4578 train_loss:3.5791 train_time:660100ms step_avg:268.88ms
step:2466/4578 train_loss:3.6784 train_time:660371ms step_avg:268.88ms
step:2467/4578 train_loss:3.4605 train_time:660642ms step_avg:268.88ms
step:2468/4578 train_loss:3.3944 train_time:660910ms step_avg:268.88ms
step:2469/4578 train_loss:3.4643 train_time:661177ms step_avg:268.88ms
step:2470/4578 train_loss:3.4828 train_time:661789ms step_avg:269.02ms
step:2471/4578 train_loss:3.4698 train_time:661999ms step_avg:269.00ms
step:2472/4578 train_loss:3.4332 train_time:662264ms step_avg:268.99ms
step:2473/4578 train_loss:3.4823 train_time:662534ms step_avg:268.99ms
step:2474/4578 train_loss:3.5690 train_time:662803ms step_avg:268.99ms
step:2475/4578 train_loss:3.9997 train_time:663067ms step_avg:268.99ms
step:2476/4578 train_loss:3.3604 train_time:663340ms step_avg:268.99ms
step:2477/4578 train_loss:3.6841 train_time:663605ms step_avg:268.99ms
step:2478/4578 train_loss:3.6261 train_time:663871ms step_avg:268.99ms
step:2479/4578 train_loss:3.3224 train_time:664142ms step_avg:268.99ms
step:2480/4578 train_loss:3.2858 train_time:664411ms step_avg:268.99ms
step:2481/4578 train_loss:3.5041 train_time:664675ms step_avg:268.99ms
step:2482/4578 train_loss:3.4528 train_time:664943ms step_avg:268.99ms
step:2483/4578 train_loss:3.3566 train_time:665211ms step_avg:268.99ms
step:2484/4578 train_loss:3.4364 train_time:665489ms step_avg:268.99ms
step:2485/4578 train_loss:3.5098 train_time:665756ms step_avg:268.99ms
step:2486/4578 train_loss:3.2031 train_time:666024ms step_avg:268.99ms
step:2487/4578 train_loss:3.5533 train_time:666290ms step_avg:268.99ms
step:2488/4578 train_loss:3.3573 train_time:666558ms step_avg:268.99ms
step:2489/4578 train_loss:3.3331 train_time:666824ms step_avg:268.99ms
step:2490/4578 train_loss:3.5030 train_time:667091ms step_avg:268.99ms
step:2491/4578 train_loss:3.5388 train_time:667361ms step_avg:268.99ms
step:2492/4578 train_loss:3.7675 train_time:667628ms step_avg:268.99ms
step:2493/4578 train_loss:3.4842 train_time:667897ms step_avg:268.99ms
step:2494/4578 train_loss:3.3489 train_time:668165ms step_avg:268.99ms
step:2495/4578 train_loss:3.5950 train_time:668431ms step_avg:268.99ms
step:2496/4578 train_loss:3.5932 train_time:668698ms step_avg:268.99ms
step:2497/4578 train_loss:3.4206 train_time:668967ms step_avg:268.99ms
step:2498/4578 train_loss:3.4858 train_time:669238ms step_avg:268.99ms
step:2499/4578 train_loss:3.5051 train_time:669509ms step_avg:268.99ms
step:2500/4578 train_loss:3.5715 train_time:669771ms step_avg:268.98ms
step:2500/4578 val_loss:3.4590 train_time:670000ms step_avg:269.08ms
step:2501/4578 train_loss:3.6137 train_time:670041ms step_avg:268.98ms
step:2502/4578 train_loss:3.5488 train_time:670307ms step_avg:268.98ms
step:2503/4578 train_loss:3.5772 train_time:670576ms step_avg:268.98ms
step:2504/4578 train_loss:3.3275 train_time:670845ms step_avg:268.98ms
step:2505/4578 train_loss:3.5753 train_time:671114ms step_avg:268.98ms
step:2506/4578 train_loss:3.5123 train_time:671385ms step_avg:268.98ms
step:2507/4578 train_loss:3.3926 train_time:671648ms step_avg:268.98ms
step:2508/4578 train_loss:3.3386 train_time:671916ms step_avg:268.98ms
step:2509/4578 train_loss:3.4630 train_time:672187ms step_avg:268.98ms
step:2510/4578 train_loss:3.5062 train_time:672451ms step_avg:268.98ms
step:2511/4578 train_loss:3.4313 train_time:672721ms step_avg:268.98ms
step:2512/4578 train_loss:3.5758 train_time:672989ms step_avg:268.98ms
step:2513/4578 train_loss:3.5196 train_time:673260ms step_avg:268.98ms
step:2514/4578 train_loss:3.4801 train_time:673528ms step_avg:268.98ms
step:2515/4578 train_loss:3.4949 train_time:673795ms step_avg:268.98ms
step:2516/4578 train_loss:3.5030 train_time:674060ms step_avg:268.98ms
step:2517/4578 train_loss:3.4786 train_time:674336ms step_avg:268.98ms
step:2518/4578 train_loss:3.3260 train_time:674601ms step_avg:268.98ms
step:2519/4578 train_loss:3.4462 train_time:674871ms step_avg:268.98ms
step:2520/4578 train_loss:3.5099 train_time:675140ms step_avg:268.98ms
step:2521/4578 train_loss:3.5612 train_time:675406ms step_avg:268.98ms
step:2522/4578 train_loss:3.4134 train_time:675676ms step_avg:268.98ms
step:2523/4578 train_loss:3.2264 train_time:675944ms step_avg:268.98ms
step:2524/4578 train_loss:3.4561 train_time:676210ms step_avg:268.98ms
step:2525/4578 train_loss:3.3392 train_time:676481ms step_avg:268.98ms
step:2526/4578 train_loss:3.5930 train_time:676747ms step_avg:268.98ms
step:2527/4578 train_loss:3.3740 train_time:677018ms step_avg:268.98ms
step:2528/4578 train_loss:3.4841 train_time:677285ms step_avg:268.98ms
step:2529/4578 train_loss:3.3960 train_time:677555ms step_avg:268.98ms
step:2530/4578 train_loss:3.5253 train_time:677823ms step_avg:268.98ms
step:2531/4578 train_loss:3.5357 train_time:678091ms step_avg:268.98ms
step:2532/4578 train_loss:3.3757 train_time:678362ms step_avg:268.98ms
step:2533/4578 train_loss:3.5615 train_time:678630ms step_avg:268.98ms
step:2534/4578 train_loss:3.4251 train_time:678895ms step_avg:268.98ms
step:2535/4578 train_loss:3.3553 train_time:679165ms step_avg:268.98ms
step:2536/4578 train_loss:3.5199 train_time:679436ms step_avg:268.98ms
step:2537/4578 train_loss:3.5239 train_time:679703ms step_avg:268.98ms
step:2538/4578 train_loss:3.3432 train_time:679968ms step_avg:268.97ms
step:2539/4578 train_loss:3.7702 train_time:680238ms step_avg:268.97ms
step:2540/4578 train_loss:3.4548 train_time:680503ms step_avg:268.97ms
step:2541/4578 train_loss:3.4042 train_time:680772ms step_avg:268.97ms
step:2542/4578 train_loss:3.4644 train_time:681042ms step_avg:268.97ms
step:2543/4578 train_loss:3.9129 train_time:681309ms step_avg:268.97ms
step:2544/4578 train_loss:3.4764 train_time:681576ms step_avg:268.97ms
step:2545/4578 train_loss:3.6404 train_time:681844ms step_avg:268.97ms
step:2546/4578 train_loss:3.4078 train_time:682110ms step_avg:268.97ms
step:2547/4578 train_loss:3.4283 train_time:682378ms step_avg:268.97ms
step:2548/4578 train_loss:3.3595 train_time:682660ms step_avg:268.98ms
step:2549/4578 train_loss:3.5672 train_time:682917ms step_avg:268.97ms
step:2550/4578 train_loss:3.4235 train_time:683194ms step_avg:268.97ms
step:2551/4578 train_loss:3.3739 train_time:683461ms step_avg:268.97ms
step:2552/4578 train_loss:3.4748 train_time:683719ms step_avg:268.97ms
step:2553/4578 train_loss:3.4786 train_time:683999ms step_avg:268.97ms
step:2554/4578 train_loss:3.4500 train_time:684261ms step_avg:268.97ms
step:2555/4578 train_loss:3.6926 train_time:684527ms step_avg:268.97ms
step:2556/4578 train_loss:3.5301 train_time:684794ms step_avg:268.97ms
step:2557/4578 train_loss:3.5443 train_time:685073ms step_avg:268.97ms
step:2558/4578 train_loss:3.5023 train_time:685329ms step_avg:268.97ms
step:2559/4578 train_loss:3.4197 train_time:685600ms step_avg:268.97ms
step:2560/4578 train_loss:3.5784 train_time:685868ms step_avg:268.97ms
step:2561/4578 train_loss:3.4761 train_time:686134ms step_avg:268.97ms
step:2562/4578 train_loss:3.4544 train_time:686405ms step_avg:268.97ms
step:2563/4578 train_loss:3.4658 train_time:686679ms step_avg:268.97ms
step:2564/4578 train_loss:3.4885 train_time:686938ms step_avg:268.97ms
step:2565/4578 train_loss:3.3870 train_time:687203ms step_avg:268.96ms
step:2566/4578 train_loss:3.4627 train_time:687477ms step_avg:268.97ms
step:2567/4578 train_loss:3.4503 train_time:687741ms step_avg:268.96ms
step:2568/4578 train_loss:3.4014 train_time:688010ms step_avg:268.96ms
step:2569/4578 train_loss:3.6668 train_time:688278ms step_avg:268.96ms
step:2570/4578 train_loss:3.5763 train_time:688550ms step_avg:268.96ms
step:2571/4578 train_loss:3.6222 train_time:688817ms step_avg:268.96ms
step:2572/4578 train_loss:3.2794 train_time:689081ms step_avg:268.96ms
step:2573/4578 train_loss:3.4109 train_time:689353ms step_avg:268.96ms
step:2574/4578 train_loss:2.9869 train_time:689622ms step_avg:268.96ms
step:2575/4578 train_loss:3.3795 train_time:689888ms step_avg:268.96ms
step:2576/4578 train_loss:3.1137 train_time:690157ms step_avg:268.96ms
step:2577/4578 train_loss:3.4108 train_time:690426ms step_avg:268.96ms
step:2578/4578 train_loss:3.4856 train_time:690694ms step_avg:268.96ms
step:2579/4578 train_loss:3.3457 train_time:690962ms step_avg:268.96ms
step:2580/4578 train_loss:3.4685 train_time:691233ms step_avg:268.96ms
step:2581/4578 train_loss:3.4711 train_time:691496ms step_avg:268.96ms
step:2582/4578 train_loss:3.5695 train_time:691767ms step_avg:268.96ms
step:2583/4578 train_loss:3.3957 train_time:692035ms step_avg:268.96ms
step:2584/4578 train_loss:3.6451 train_time:692304ms step_avg:268.96ms
step:2585/4578 train_loss:3.4954 train_time:692570ms step_avg:268.96ms
step:2586/4578 train_loss:3.7235 train_time:692841ms step_avg:268.96ms
step:2587/4578 train_loss:3.6205 train_time:693106ms step_avg:268.96ms
step:2588/4578 train_loss:3.3016 train_time:693373ms step_avg:268.96ms
step:2589/4578 train_loss:3.4272 train_time:693641ms step_avg:268.96ms
step:2590/4578 train_loss:3.5531 train_time:693909ms step_avg:268.96ms
step:2591/4578 train_loss:3.3720 train_time:694178ms step_avg:268.96ms
step:2592/4578 train_loss:3.8303 train_time:694443ms step_avg:268.96ms
step:2593/4578 train_loss:3.5535 train_time:694711ms step_avg:268.95ms
step:2594/4578 train_loss:3.4331 train_time:694978ms step_avg:268.95ms
step:2595/4578 train_loss:3.4533 train_time:695247ms step_avg:268.95ms
step:2596/4578 train_loss:3.8466 train_time:695517ms step_avg:268.95ms
step:2597/4578 train_loss:3.5373 train_time:695785ms step_avg:268.95ms
step:2598/4578 train_loss:3.4291 train_time:696054ms step_avg:268.95ms
step:2599/4578 train_loss:3.3837 train_time:696323ms step_avg:268.95ms
step:2600/4578 train_loss:3.5935 train_time:696587ms step_avg:268.95ms
step:2601/4578 train_loss:3.9450 train_time:696856ms step_avg:268.95ms
step:2602/4578 train_loss:3.0343 train_time:697125ms step_avg:268.95ms
step:2603/4578 train_loss:3.4170 train_time:697398ms step_avg:268.95ms
step:2604/4578 train_loss:3.3610 train_time:697663ms step_avg:268.95ms
step:2605/4578 train_loss:3.6072 train_time:697931ms step_avg:268.95ms
step:2606/4578 train_loss:3.4634 train_time:698202ms step_avg:268.95ms
step:2607/4578 train_loss:3.5060 train_time:698468ms step_avg:268.95ms
step:2608/4578 train_loss:3.3730 train_time:698735ms step_avg:268.95ms
step:2609/4578 train_loss:3.3625 train_time:699003ms step_avg:268.95ms
step:2610/4578 train_loss:3.5776 train_time:699270ms step_avg:268.95ms
step:2611/4578 train_loss:3.5501 train_time:699538ms step_avg:268.95ms
step:2612/4578 train_loss:3.1896 train_time:699805ms step_avg:268.95ms
step:2613/4578 train_loss:3.5758 train_time:700078ms step_avg:268.95ms
step:2614/4578 train_loss:3.5262 train_time:700344ms step_avg:268.95ms
step:2615/4578 train_loss:3.4165 train_time:700613ms step_avg:268.95ms
step:2616/4578 train_loss:3.5742 train_time:700880ms step_avg:268.95ms
step:2617/4578 train_loss:3.4295 train_time:701148ms step_avg:268.95ms
step:2618/4578 train_loss:3.5162 train_time:701414ms step_avg:268.95ms
step:2619/4578 train_loss:3.2919 train_time:701684ms step_avg:268.95ms
step:2620/4578 train_loss:3.6128 train_time:701955ms step_avg:268.95ms
step:2621/4578 train_loss:3.5886 train_time:702220ms step_avg:268.95ms
step:2622/4578 train_loss:3.6822 train_time:702486ms step_avg:268.95ms
step:2623/4578 train_loss:3.6366 train_time:702757ms step_avg:268.95ms
step:2624/4578 train_loss:3.4556 train_time:703022ms step_avg:268.94ms
step:2625/4578 train_loss:3.6361 train_time:703292ms step_avg:268.95ms
step:2625/4578 val_loss:3.4486 train_time:703517ms step_avg:269.03ms
step:2626/4578 train_loss:3.4268 train_time:703560ms step_avg:268.95ms
step:2627/4578 train_loss:3.5024 train_time:703827ms step_avg:268.94ms
step:2628/4578 train_loss:3.4602 train_time:704101ms step_avg:268.95ms
step:2629/4578 train_loss:3.4193 train_time:704366ms step_avg:268.94ms
step:2630/4578 train_loss:3.6397 train_time:704634ms step_avg:268.94ms
step:2631/4578 train_loss:3.5637 train_time:704903ms step_avg:268.94ms
step:2632/4578 train_loss:3.8180 train_time:705167ms step_avg:268.94ms
step:2633/4578 train_loss:3.4750 train_time:705433ms step_avg:268.94ms
step:2634/4578 train_loss:3.4647 train_time:705703ms step_avg:268.94ms
step:2635/4578 train_loss:3.3432 train_time:705973ms step_avg:268.94ms
step:2636/4578 train_loss:3.5122 train_time:706240ms step_avg:268.94ms
step:2637/4578 train_loss:3.0802 train_time:706509ms step_avg:268.94ms
step:2638/4578 train_loss:3.5342 train_time:706774ms step_avg:268.94ms
step:2639/4578 train_loss:3.4704 train_time:707042ms step_avg:268.94ms
step:2640/4578 train_loss:3.1737 train_time:707312ms step_avg:268.94ms
step:2641/4578 train_loss:3.4279 train_time:707579ms step_avg:268.94ms
step:2642/4578 train_loss:3.5136 train_time:707846ms step_avg:268.94ms
step:2643/4578 train_loss:3.2931 train_time:708121ms step_avg:268.94ms
step:2644/4578 train_loss:3.3902 train_time:708387ms step_avg:268.94ms
step:2645/4578 train_loss:3.5453 train_time:708651ms step_avg:268.94ms
step:2646/4578 train_loss:3.3879 train_time:708918ms step_avg:268.94ms
step:2647/4578 train_loss:3.4204 train_time:709188ms step_avg:268.94ms
step:2648/4578 train_loss:3.6936 train_time:709456ms step_avg:268.94ms
step:2649/4578 train_loss:3.5502 train_time:709724ms step_avg:268.94ms
step:2650/4578 train_loss:3.3999 train_time:709997ms step_avg:268.94ms
step:2651/4578 train_loss:3.3843 train_time:710260ms step_avg:268.94ms
step:2652/4578 train_loss:3.5168 train_time:710529ms step_avg:268.94ms
step:2653/4578 train_loss:3.4116 train_time:710800ms step_avg:268.94ms
step:2654/4578 train_loss:3.2643 train_time:711070ms step_avg:268.94ms
step:2655/4578 train_loss:3.4477 train_time:711332ms step_avg:268.93ms
step:2656/4578 train_loss:3.2979 train_time:711603ms step_avg:268.94ms
step:2657/4578 train_loss:3.4932 train_time:711876ms step_avg:268.94ms
step:2658/4578 train_loss:3.3398 train_time:712140ms step_avg:268.93ms
step:2659/4578 train_loss:3.3854 train_time:712409ms step_avg:268.94ms
step:2660/4578 train_loss:3.5415 train_time:712979ms step_avg:269.05ms
step:2661/4578 train_loss:3.4773 train_time:713188ms step_avg:269.03ms
step:2662/4578 train_loss:3.4163 train_time:713457ms step_avg:269.03ms
step:2663/4578 train_loss:3.5622 train_time:713721ms step_avg:269.02ms
step:2664/4578 train_loss:3.4653 train_time:713994ms step_avg:269.03ms
step:2665/4578 train_loss:3.3670 train_time:714258ms step_avg:269.02ms
step:2666/4578 train_loss:3.4367 train_time:714525ms step_avg:269.02ms
step:2667/4578 train_loss:3.3897 train_time:714795ms step_avg:269.02ms
step:2668/4578 train_loss:3.5400 train_time:715063ms step_avg:269.02ms
step:2669/4578 train_loss:3.3662 train_time:715328ms step_avg:269.02ms
step:2670/4578 train_loss:3.5482 train_time:715602ms step_avg:269.02ms
step:2671/4578 train_loss:3.3029 train_time:715869ms step_avg:269.02ms
step:2672/4578 train_loss:3.3570 train_time:716135ms step_avg:269.02ms
step:2673/4578 train_loss:3.4046 train_time:716402ms step_avg:269.02ms
step:2674/4578 train_loss:3.4996 train_time:716670ms step_avg:269.02ms
step:2675/4578 train_loss:3.4039 train_time:716938ms step_avg:269.02ms
step:2676/4578 train_loss:3.4443 train_time:717206ms step_avg:269.02ms
step:2677/4578 train_loss:3.3821 train_time:717474ms step_avg:269.02ms
step:2678/4578 train_loss:3.5016 train_time:717744ms step_avg:269.02ms
step:2679/4578 train_loss:3.5412 train_time:718009ms step_avg:269.02ms
step:2680/4578 train_loss:3.3421 train_time:718282ms step_avg:269.02ms
step:2681/4578 train_loss:3.2746 train_time:718552ms step_avg:269.02ms
step:2682/4578 train_loss:3.3021 train_time:718818ms step_avg:269.02ms
step:2683/4578 train_loss:3.4131 train_time:719089ms step_avg:269.02ms
step:2684/4578 train_loss:3.5293 train_time:719360ms step_avg:269.02ms
step:2685/4578 train_loss:3.5963 train_time:719636ms step_avg:269.02ms
step:2686/4578 train_loss:3.4681 train_time:719898ms step_avg:269.02ms
step:2687/4578 train_loss:3.4190 train_time:720168ms step_avg:269.02ms
step:2688/4578 train_loss:3.7690 train_time:720434ms step_avg:269.02ms
step:2689/4578 train_loss:3.4750 train_time:720700ms step_avg:269.02ms
step:2690/4578 train_loss:3.4316 train_time:720969ms step_avg:269.02ms
step:2691/4578 train_loss:3.3641 train_time:721239ms step_avg:269.02ms
step:2692/4578 train_loss:3.4435 train_time:721505ms step_avg:269.02ms
step:2693/4578 train_loss:3.2904 train_time:721771ms step_avg:269.02ms
step:2694/4578 train_loss:3.9180 train_time:722038ms step_avg:269.02ms
step:2695/4578 train_loss:3.5061 train_time:722305ms step_avg:269.02ms
step:2696/4578 train_loss:3.4508 train_time:722578ms step_avg:269.02ms
step:2697/4578 train_loss:3.4943 train_time:722843ms step_avg:269.01ms
step:2698/4578 train_loss:3.3923 train_time:723111ms step_avg:269.01ms
step:2699/4578 train_loss:3.5403 train_time:723382ms step_avg:269.02ms
step:2700/4578 train_loss:3.6403 train_time:723646ms step_avg:269.01ms
step:2701/4578 train_loss:3.4293 train_time:723913ms step_avg:269.01ms
step:2702/4578 train_loss:3.3676 train_time:724186ms step_avg:269.01ms
step:2703/4578 train_loss:3.3364 train_time:724450ms step_avg:269.01ms
step:2704/4578 train_loss:3.3606 train_time:724717ms step_avg:269.01ms
step:2705/4578 train_loss:3.3724 train_time:724985ms step_avg:269.01ms
step:2706/4578 train_loss:3.6534 train_time:725253ms step_avg:269.01ms
step:2707/4578 train_loss:3.4800 train_time:725520ms step_avg:269.01ms
step:2708/4578 train_loss:3.4858 train_time:725789ms step_avg:269.01ms
step:2709/4578 train_loss:3.5181 train_time:726059ms step_avg:269.01ms
step:2710/4578 train_loss:3.6139 train_time:726324ms step_avg:269.01ms
step:2711/4578 train_loss:3.4682 train_time:726591ms step_avg:269.01ms
step:2712/4578 train_loss:3.4915 train_time:726863ms step_avg:269.01ms
step:2713/4578 train_loss:3.2722 train_time:727132ms step_avg:269.01ms
step:2714/4578 train_loss:3.5680 train_time:727395ms step_avg:269.01ms
step:2715/4578 train_loss:3.2861 train_time:727663ms step_avg:269.01ms
step:2716/4578 train_loss:3.2732 train_time:727930ms step_avg:269.01ms
step:2717/4578 train_loss:3.6764 train_time:728201ms step_avg:269.01ms
step:2718/4578 train_loss:3.4078 train_time:728470ms step_avg:269.01ms
step:2719/4578 train_loss:3.4547 train_time:728741ms step_avg:269.01ms
step:2720/4578 train_loss:3.3126 train_time:729011ms step_avg:269.01ms
step:2721/4578 train_loss:3.5264 train_time:729275ms step_avg:269.01ms
step:2722/4578 train_loss:3.6406 train_time:729544ms step_avg:269.01ms
step:2723/4578 train_loss:3.3486 train_time:729810ms step_avg:269.00ms
step:2724/4578 train_loss:3.4263 train_time:730076ms step_avg:269.00ms
step:2725/4578 train_loss:3.5507 train_time:730345ms step_avg:269.00ms
step:2726/4578 train_loss:3.4071 train_time:730614ms step_avg:269.00ms
step:2727/4578 train_loss:3.4470 train_time:730882ms step_avg:269.00ms
step:2728/4578 train_loss:3.6265 train_time:731149ms step_avg:269.00ms
step:2729/4578 train_loss:3.5411 train_time:731416ms step_avg:269.00ms
step:2730/4578 train_loss:3.3509 train_time:731687ms step_avg:269.00ms
step:2731/4578 train_loss:3.4198 train_time:731955ms step_avg:269.00ms
step:2732/4578 train_loss:3.3215 train_time:732221ms step_avg:269.00ms
step:2733/4578 train_loss:3.3529 train_time:732490ms step_avg:269.00ms
step:2734/4578 train_loss:3.3475 train_time:732762ms step_avg:269.00ms
step:2735/4578 train_loss:3.3766 train_time:733029ms step_avg:269.00ms
step:2736/4578 train_loss:3.2429 train_time:733297ms step_avg:269.00ms
step:2737/4578 train_loss:3.4810 train_time:733564ms step_avg:269.00ms
step:2738/4578 train_loss:3.4070 train_time:733834ms step_avg:269.00ms
step:2739/4578 train_loss:3.7701 train_time:734100ms step_avg:269.00ms
step:2740/4578 train_loss:3.4761 train_time:734367ms step_avg:269.00ms
step:2741/4578 train_loss:3.4465 train_time:734637ms step_avg:269.00ms
step:2742/4578 train_loss:3.3903 train_time:734905ms step_avg:269.00ms
step:2743/4578 train_loss:3.4121 train_time:735174ms step_avg:269.00ms
step:2744/4578 train_loss:3.3571 train_time:735445ms step_avg:269.00ms
step:2745/4578 train_loss:3.3816 train_time:735712ms step_avg:269.00ms
step:2746/4578 train_loss:3.2586 train_time:735977ms step_avg:269.00ms
step:2747/4578 train_loss:3.3407 train_time:736250ms step_avg:269.00ms
step:2748/4578 train_loss:3.4999 train_time:736518ms step_avg:269.00ms
step:2749/4578 train_loss:3.4574 train_time:736782ms step_avg:269.00ms
step:2750/4578 train_loss:3.5325 train_time:737050ms step_avg:269.00ms
step:2750/4578 val_loss:3.4416 train_time:737277ms step_avg:269.08ms
step:2751/4578 train_loss:3.5429 train_time:737318ms step_avg:269.00ms
step:2752/4578 train_loss:3.5259 train_time:737590ms step_avg:269.00ms
step:2753/4578 train_loss:3.5875 train_time:737855ms step_avg:269.00ms
step:2754/4578 train_loss:3.3583 train_time:738132ms step_avg:269.00ms
step:2755/4578 train_loss:3.4229 train_time:738395ms step_avg:269.00ms
step:2756/4578 train_loss:3.5378 train_time:738659ms step_avg:268.99ms
step:2757/4578 train_loss:3.4627 train_time:738929ms step_avg:268.99ms
step:2758/4578 train_loss:3.0865 train_time:739198ms step_avg:268.99ms
step:2759/4578 train_loss:3.4209 train_time:739468ms step_avg:269.00ms
step:2760/4578 train_loss:3.4583 train_time:739739ms step_avg:269.00ms
step:2761/4578 train_loss:3.5226 train_time:740002ms step_avg:268.99ms
step:2762/4578 train_loss:3.4738 train_time:740270ms step_avg:268.99ms
step:2763/4578 train_loss:3.3545 train_time:740536ms step_avg:268.99ms
step:2764/4578 train_loss:3.4362 train_time:740803ms step_avg:268.99ms
step:2765/4578 train_loss:3.4860 train_time:741071ms step_avg:268.99ms
step:2766/4578 train_loss:3.2624 train_time:741344ms step_avg:268.99ms
step:2767/4578 train_loss:3.4444 train_time:741608ms step_avg:268.99ms
step:2768/4578 train_loss:3.5550 train_time:741876ms step_avg:268.99ms
step:2769/4578 train_loss:3.3107 train_time:742146ms step_avg:268.99ms
step:2770/4578 train_loss:3.5321 train_time:742411ms step_avg:268.99ms
step:2771/4578 train_loss:3.5453 train_time:742683ms step_avg:268.99ms
step:2772/4578 train_loss:3.4033 train_time:742948ms step_avg:268.99ms
step:2773/4578 train_loss:3.2361 train_time:743217ms step_avg:268.99ms
step:2774/4578 train_loss:3.3907 train_time:743483ms step_avg:268.99ms
step:2775/4578 train_loss:3.6262 train_time:743751ms step_avg:268.99ms
step:2776/4578 train_loss:3.4417 train_time:744018ms step_avg:268.99ms
step:2777/4578 train_loss:3.5790 train_time:744286ms step_avg:268.99ms
step:2778/4578 train_loss:3.4614 train_time:744556ms step_avg:268.99ms
step:2779/4578 train_loss:3.3483 train_time:744825ms step_avg:268.99ms
step:2780/4578 train_loss:3.2957 train_time:745089ms step_avg:268.99ms
step:2781/4578 train_loss:3.3847 train_time:745358ms step_avg:268.99ms
step:2782/4578 train_loss:3.4356 train_time:745628ms step_avg:268.99ms
step:2783/4578 train_loss:3.4516 train_time:745895ms step_avg:268.99ms
step:2784/4578 train_loss:3.4596 train_time:746162ms step_avg:268.98ms
step:2785/4578 train_loss:3.4469 train_time:746431ms step_avg:268.98ms
step:2786/4578 train_loss:3.4283 train_time:746701ms step_avg:268.98ms
step:2787/4578 train_loss:3.3492 train_time:746971ms step_avg:268.98ms
step:2788/4578 train_loss:3.5562 train_time:747235ms step_avg:268.98ms
step:2789/4578 train_loss:3.4698 train_time:747501ms step_avg:268.98ms
step:2790/4578 train_loss:3.4167 train_time:747776ms step_avg:268.98ms
step:2791/4578 train_loss:3.4287 train_time:748040ms step_avg:268.98ms
step:2792/4578 train_loss:3.3556 train_time:748311ms step_avg:268.98ms
step:2793/4578 train_loss:3.3835 train_time:748576ms step_avg:268.98ms
step:2794/4578 train_loss:3.5175 train_time:748842ms step_avg:268.98ms
step:2795/4578 train_loss:3.3144 train_time:749111ms step_avg:268.98ms
step:2796/4578 train_loss:3.5356 train_time:749381ms step_avg:268.98ms
step:2797/4578 train_loss:3.3937 train_time:749649ms step_avg:268.98ms
step:2798/4578 train_loss:3.4173 train_time:749919ms step_avg:268.98ms
step:2799/4578 train_loss:3.2633 train_time:750186ms step_avg:268.98ms
step:2800/4578 train_loss:3.6736 train_time:750461ms step_avg:268.98ms
step:2801/4578 train_loss:3.5594 train_time:750720ms step_avg:268.98ms
step:2802/4578 train_loss:3.6466 train_time:750996ms step_avg:268.98ms
step:2803/4578 train_loss:3.3530 train_time:751257ms step_avg:268.98ms
step:2804/4578 train_loss:3.5159 train_time:751530ms step_avg:268.98ms
step:2805/4578 train_loss:3.4973 train_time:751796ms step_avg:268.98ms
step:2806/4578 train_loss:3.2431 train_time:752060ms step_avg:268.98ms
step:2807/4578 train_loss:3.6982 train_time:752333ms step_avg:268.98ms
step:2808/4578 train_loss:3.4102 train_time:752600ms step_avg:268.98ms
step:2809/4578 train_loss:3.4000 train_time:752869ms step_avg:268.98ms
step:2810/4578 train_loss:3.7000 train_time:753142ms step_avg:268.98ms
step:2811/4578 train_loss:3.4010 train_time:753413ms step_avg:268.98ms
step:2812/4578 train_loss:3.4853 train_time:753671ms step_avg:268.98ms
step:2813/4578 train_loss:3.2949 train_time:753941ms step_avg:268.98ms
step:2814/4578 train_loss:3.5252 train_time:754211ms step_avg:268.98ms
step:2815/4578 train_loss:3.4492 train_time:754479ms step_avg:268.98ms
step:2816/4578 train_loss:3.4505 train_time:754746ms step_avg:268.98ms
step:2817/4578 train_loss:2.8250 train_time:755012ms step_avg:268.97ms
step:2818/4578 train_loss:3.4232 train_time:755279ms step_avg:268.97ms
step:2819/4578 train_loss:3.3447 train_time:755547ms step_avg:268.97ms
step:2820/4578 train_loss:3.6095 train_time:755822ms step_avg:268.98ms
step:2821/4578 train_loss:3.7011 train_time:756090ms step_avg:268.98ms
step:2822/4578 train_loss:3.4855 train_time:756353ms step_avg:268.97ms
step:2823/4578 train_loss:3.5818 train_time:756626ms step_avg:268.97ms
step:2824/4578 train_loss:3.5224 train_time:756891ms step_avg:268.97ms
step:2825/4578 train_loss:3.1818 train_time:757158ms step_avg:268.97ms
step:2826/4578 train_loss:3.5079 train_time:757430ms step_avg:268.97ms
step:2827/4578 train_loss:3.5829 train_time:757693ms step_avg:268.97ms
step:2828/4578 train_loss:3.1606 train_time:757962ms step_avg:268.97ms
step:2829/4578 train_loss:3.4350 train_time:758230ms step_avg:268.97ms
step:2830/4578 train_loss:3.4722 train_time:758504ms step_avg:268.97ms
step:2831/4578 train_loss:3.3850 train_time:758776ms step_avg:268.97ms
step:2832/4578 train_loss:3.5129 train_time:759039ms step_avg:268.97ms
step:2833/4578 train_loss:3.3951 train_time:759309ms step_avg:268.97ms
step:2834/4578 train_loss:3.3859 train_time:759577ms step_avg:268.97ms
step:2835/4578 train_loss:3.1462 train_time:759846ms step_avg:268.97ms
step:2836/4578 train_loss:3.6176 train_time:760116ms step_avg:268.97ms
step:2837/4578 train_loss:3.4929 train_time:760383ms step_avg:268.97ms
step:2838/4578 train_loss:3.4155 train_time:760651ms step_avg:268.97ms
step:2839/4578 train_loss:3.3505 train_time:760920ms step_avg:268.97ms
step:2840/4578 train_loss:3.3671 train_time:761187ms step_avg:268.97ms
step:2841/4578 train_loss:3.4882 train_time:761457ms step_avg:268.97ms
step:2842/4578 train_loss:3.3645 train_time:761729ms step_avg:268.97ms
step:2843/4578 train_loss:3.4630 train_time:761998ms step_avg:268.97ms
step:2844/4578 train_loss:3.5462 train_time:762262ms step_avg:268.97ms
step:2845/4578 train_loss:3.4167 train_time:762531ms step_avg:268.97ms
step:2846/4578 train_loss:3.3793 train_time:762795ms step_avg:268.97ms
step:2847/4578 train_loss:3.3933 train_time:763069ms step_avg:268.97ms
step:2848/4578 train_loss:3.8860 train_time:763338ms step_avg:268.97ms
step:2849/4578 train_loss:3.3907 train_time:763603ms step_avg:268.97ms
step:2850/4578 train_loss:3.3823 train_time:764229ms step_avg:269.09ms
step:2851/4578 train_loss:3.5161 train_time:764437ms step_avg:269.07ms
step:2852/4578 train_loss:3.4736 train_time:764704ms step_avg:269.07ms
step:2853/4578 train_loss:3.4120 train_time:764970ms step_avg:269.07ms
step:2854/4578 train_loss:3.4612 train_time:765241ms step_avg:269.07ms
step:2855/4578 train_loss:3.4417 train_time:765506ms step_avg:269.07ms
step:2856/4578 train_loss:3.3424 train_time:765776ms step_avg:269.07ms
step:2857/4578 train_loss:3.4207 train_time:766044ms step_avg:269.07ms
step:2858/4578 train_loss:3.4575 train_time:766311ms step_avg:269.07ms
step:2859/4578 train_loss:3.1855 train_time:766585ms step_avg:269.07ms
step:2860/4578 train_loss:3.4537 train_time:766859ms step_avg:269.07ms
step:2861/4578 train_loss:3.3836 train_time:767122ms step_avg:269.07ms
step:2862/4578 train_loss:3.4023 train_time:767393ms step_avg:269.07ms
step:2863/4578 train_loss:3.4810 train_time:767662ms step_avg:269.07ms
step:2864/4578 train_loss:3.7155 train_time:767928ms step_avg:269.07ms
step:2865/4578 train_loss:3.5009 train_time:768203ms step_avg:269.07ms
step:2866/4578 train_loss:3.4605 train_time:768465ms step_avg:269.07ms
step:2867/4578 train_loss:3.4715 train_time:768733ms step_avg:269.07ms
step:2868/4578 train_loss:3.6344 train_time:769004ms step_avg:269.07ms
step:2869/4578 train_loss:3.4417 train_time:769273ms step_avg:269.07ms
step:2870/4578 train_loss:3.3155 train_time:769537ms step_avg:269.07ms
step:2871/4578 train_loss:3.5685 train_time:769806ms step_avg:269.07ms
step:2872/4578 train_loss:3.4194 train_time:770073ms step_avg:269.07ms
step:2873/4578 train_loss:3.4326 train_time:770344ms step_avg:269.07ms
step:2874/4578 train_loss:3.2774 train_time:770609ms step_avg:269.07ms
step:2875/4578 train_loss:3.4065 train_time:770877ms step_avg:269.07ms
step:2875/4578 val_loss:3.4351 train_time:771105ms step_avg:269.15ms
step:2876/4578 train_loss:3.3719 train_time:771156ms step_avg:269.07ms
step:2877/4578 train_loss:3.3493 train_time:771414ms step_avg:269.07ms
step:2878/4578 train_loss:3.4294 train_time:771683ms step_avg:269.07ms
step:2879/4578 train_loss:3.5794 train_time:771949ms step_avg:269.07ms
step:2880/4578 train_loss:3.4218 train_time:772220ms step_avg:269.07ms
step:2881/4578 train_loss:3.4568 train_time:772487ms step_avg:269.07ms
step:2882/4578 train_loss:3.4719 train_time:772756ms step_avg:269.07ms
step:2883/4578 train_loss:3.5793 train_time:773026ms step_avg:269.07ms
step:2884/4578 train_loss:3.4312 train_time:773295ms step_avg:269.07ms
step:2885/4578 train_loss:3.2787 train_time:773561ms step_avg:269.06ms
step:2886/4578 train_loss:3.2702 train_time:773832ms step_avg:269.07ms
step:2887/4578 train_loss:3.3734 train_time:774098ms step_avg:269.06ms
step:2888/4578 train_loss:3.4148 train_time:774363ms step_avg:269.06ms
step:2889/4578 train_loss:3.4154 train_time:774634ms step_avg:269.06ms
step:2890/4578 train_loss:3.7473 train_time:774901ms step_avg:269.06ms
step:2891/4578 train_loss:3.3728 train_time:775172ms step_avg:269.06ms
step:2892/4578 train_loss:3.4436 train_time:775438ms step_avg:269.06ms
step:2893/4578 train_loss:3.3718 train_time:775707ms step_avg:269.06ms
step:2894/4578 train_loss:3.4044 train_time:775982ms step_avg:269.06ms
step:2895/4578 train_loss:3.3643 train_time:776245ms step_avg:269.06ms
step:2896/4578 train_loss:3.4478 train_time:776509ms step_avg:269.06ms
step:2897/4578 train_loss:3.6201 train_time:776780ms step_avg:269.06ms
step:2898/4578 train_loss:3.3385 train_time:777044ms step_avg:269.06ms
step:2899/4578 train_loss:3.4390 train_time:777313ms step_avg:269.06ms
step:2900/4578 train_loss:3.1742 train_time:777580ms step_avg:269.06ms
step:2901/4578 train_loss:3.6107 train_time:777849ms step_avg:269.06ms
step:2902/4578 train_loss:3.4765 train_time:778117ms step_avg:269.06ms
step:2903/4578 train_loss:3.4082 train_time:778388ms step_avg:269.06ms
step:2904/4578 train_loss:3.4209 train_time:778655ms step_avg:269.06ms
step:2905/4578 train_loss:3.4122 train_time:778926ms step_avg:269.06ms
step:2906/4578 train_loss:3.3969 train_time:779194ms step_avg:269.06ms
step:2907/4578 train_loss:3.2147 train_time:779467ms step_avg:269.06ms
step:2908/4578 train_loss:3.5318 train_time:779729ms step_avg:269.06ms
step:2909/4578 train_loss:3.4449 train_time:780003ms step_avg:269.06ms
step:2910/4578 train_loss:3.7360 train_time:780269ms step_avg:269.06ms
step:2911/4578 train_loss:3.2081 train_time:780537ms step_avg:269.06ms
step:2912/4578 train_loss:3.3462 train_time:780815ms step_avg:269.06ms
step:2913/4578 train_loss:3.3831 train_time:781083ms step_avg:269.06ms
step:2914/4578 train_loss:3.8669 train_time:781344ms step_avg:269.06ms
step:2915/4578 train_loss:3.4769 train_time:781614ms step_avg:269.06ms
step:2916/4578 train_loss:3.3116 train_time:781878ms step_avg:269.06ms
step:2917/4578 train_loss:3.4137 train_time:782154ms step_avg:269.06ms
step:2918/4578 train_loss:3.3825 train_time:782418ms step_avg:269.06ms
step:2919/4578 train_loss:3.4132 train_time:782685ms step_avg:269.06ms
step:2920/4578 train_loss:3.2750 train_time:782952ms step_avg:269.06ms
step:2921/4578 train_loss:3.4311 train_time:783227ms step_avg:269.06ms
step:2922/4578 train_loss:3.4147 train_time:783502ms step_avg:269.06ms
step:2923/4578 train_loss:3.4513 train_time:783771ms step_avg:269.06ms
step:2924/4578 train_loss:3.3801 train_time:784031ms step_avg:269.06ms
step:2925/4578 train_loss:3.5276 train_time:784306ms step_avg:269.06ms
step:2926/4578 train_loss:3.4411 train_time:784573ms step_avg:269.06ms
step:2927/4578 train_loss:3.4117 train_time:784834ms step_avg:269.06ms
step:2928/4578 train_loss:3.6082 train_time:785100ms step_avg:269.05ms
step:2929/4578 train_loss:3.4068 train_time:785381ms step_avg:269.06ms
step:2930/4578 train_loss:3.3487 train_time:785637ms step_avg:269.05ms
step:2931/4578 train_loss:3.5538 train_time:785905ms step_avg:269.05ms
step:2932/4578 train_loss:3.6405 train_time:786178ms step_avg:269.05ms
step:2933/4578 train_loss:3.6834 train_time:786445ms step_avg:269.05ms
step:2934/4578 train_loss:3.5757 train_time:786709ms step_avg:269.05ms
step:2935/4578 train_loss:3.3720 train_time:786978ms step_avg:269.05ms
step:2936/4578 train_loss:3.4663 train_time:787246ms step_avg:269.05ms
step:2937/4578 train_loss:3.3868 train_time:787512ms step_avg:269.05ms
step:2938/4578 train_loss:3.3919 train_time:787782ms step_avg:269.05ms
step:2939/4578 train_loss:3.5107 train_time:788048ms step_avg:269.05ms
step:2940/4578 train_loss:3.3685 train_time:788315ms step_avg:269.05ms
step:2941/4578 train_loss:3.5409 train_time:788586ms step_avg:269.05ms
step:2942/4578 train_loss:3.6321 train_time:788865ms step_avg:269.05ms
step:2943/4578 train_loss:3.3624 train_time:789127ms step_avg:269.05ms
step:2944/4578 train_loss:3.2151 train_time:789396ms step_avg:269.05ms
step:2945/4578 train_loss:3.2679 train_time:789663ms step_avg:269.05ms
step:2946/4578 train_loss:3.4528 train_time:789931ms step_avg:269.05ms
step:2947/4578 train_loss:3.5026 train_time:790198ms step_avg:269.05ms
step:2948/4578 train_loss:3.3715 train_time:790471ms step_avg:269.05ms
step:2949/4578 train_loss:3.3604 train_time:790736ms step_avg:269.05ms
step:2950/4578 train_loss:3.4599 train_time:791004ms step_avg:269.05ms
step:2951/4578 train_loss:3.4314 train_time:791276ms step_avg:269.05ms
step:2952/4578 train_loss:3.6230 train_time:791542ms step_avg:269.05ms
step:2953/4578 train_loss:3.5015 train_time:791809ms step_avg:269.05ms
step:2954/4578 train_loss:3.5217 train_time:792078ms step_avg:269.05ms
step:2955/4578 train_loss:3.4778 train_time:792349ms step_avg:269.05ms
step:2956/4578 train_loss:3.3179 train_time:792615ms step_avg:269.05ms
step:2957/4578 train_loss:3.4307 train_time:792885ms step_avg:269.05ms
step:2958/4578 train_loss:3.4170 train_time:793156ms step_avg:269.05ms
step:2959/4578 train_loss:3.3951 train_time:793422ms step_avg:269.05ms
step:2960/4578 train_loss:3.5380 train_time:793692ms step_avg:269.05ms
step:2961/4578 train_loss:3.3866 train_time:793957ms step_avg:269.05ms
step:2962/4578 train_loss:3.5054 train_time:794222ms step_avg:269.05ms
step:2963/4578 train_loss:3.3896 train_time:794491ms step_avg:269.05ms
step:2964/4578 train_loss:3.4182 train_time:794763ms step_avg:269.05ms
step:2965/4578 train_loss:3.3574 train_time:795025ms step_avg:269.04ms
step:2966/4578 train_loss:3.5643 train_time:795296ms step_avg:269.04ms
step:2967/4578 train_loss:3.2448 train_time:795561ms step_avg:269.04ms
step:2968/4578 train_loss:3.9149 train_time:795830ms step_avg:269.04ms
step:2969/4578 train_loss:3.4443 train_time:796105ms step_avg:269.05ms
step:2970/4578 train_loss:3.3680 train_time:796366ms step_avg:269.04ms
step:2971/4578 train_loss:3.5995 train_time:796633ms step_avg:269.04ms
step:2972/4578 train_loss:3.5515 train_time:796902ms step_avg:269.04ms
step:2973/4578 train_loss:3.3156 train_time:797172ms step_avg:269.04ms
step:2974/4578 train_loss:3.4191 train_time:797437ms step_avg:269.04ms
step:2975/4578 train_loss:3.2875 train_time:797705ms step_avg:269.04ms
step:2976/4578 train_loss:3.3513 train_time:797981ms step_avg:269.04ms
step:2977/4578 train_loss:3.1533 train_time:798247ms step_avg:269.04ms
step:2978/4578 train_loss:3.6484 train_time:798515ms step_avg:269.04ms
step:2979/4578 train_loss:3.4485 train_time:798791ms step_avg:269.04ms
step:2980/4578 train_loss:3.6050 train_time:799053ms step_avg:269.04ms
step:2981/4578 train_loss:3.4497 train_time:799321ms step_avg:269.04ms
step:2982/4578 train_loss:3.5587 train_time:799591ms step_avg:269.04ms
step:2983/4578 train_loss:3.5198 train_time:799858ms step_avg:269.04ms
step:2984/4578 train_loss:3.3577 train_time:800125ms step_avg:269.04ms
step:2985/4578 train_loss:3.4214 train_time:800399ms step_avg:269.04ms
step:2986/4578 train_loss:3.5072 train_time:800664ms step_avg:269.04ms
step:2987/4578 train_loss:3.4415 train_time:800929ms step_avg:269.04ms
step:2988/4578 train_loss:3.6927 train_time:801198ms step_avg:269.04ms
step:2989/4578 train_loss:3.2690 train_time:801476ms step_avg:269.04ms
step:2990/4578 train_loss:3.5136 train_time:801746ms step_avg:269.04ms
step:2991/4578 train_loss:3.4508 train_time:802004ms step_avg:269.04ms
step:2992/4578 train_loss:3.5059 train_time:802271ms step_avg:269.04ms
step:2993/4578 train_loss:3.4021 train_time:802540ms step_avg:269.04ms
step:2994/4578 train_loss:3.5942 train_time:802804ms step_avg:269.04ms
step:2995/4578 train_loss:3.3092 train_time:803076ms step_avg:269.04ms
step:2996/4578 train_loss:3.3209 train_time:803343ms step_avg:269.04ms
step:2997/4578 train_loss:3.3413 train_time:803612ms step_avg:269.04ms
step:2998/4578 train_loss:3.3785 train_time:803881ms step_avg:269.04ms
step:2999/4578 train_loss:3.5163 train_time:804146ms step_avg:269.04ms
step:3000/4578 train_loss:3.3180 train_time:804416ms step_avg:269.04ms
step:3000/4578 val_loss:3.4282 train_time:804643ms step_avg:269.11ms
step:3001/4578 train_loss:3.4272 train_time:804688ms step_avg:269.04ms
step:3002/4578 train_loss:3.2575 train_time:804955ms step_avg:269.04ms
step:3003/4578 train_loss:3.3872 train_time:805222ms step_avg:269.04ms
step:3004/4578 train_loss:3.4544 train_time:805489ms step_avg:269.03ms
step:3005/4578 train_loss:4.2003 train_time:805757ms step_avg:269.03ms
step:3006/4578 train_loss:3.3239 train_time:806026ms step_avg:269.03ms
step:3007/4578 train_loss:3.4720 train_time:806296ms step_avg:269.03ms
step:3008/4578 train_loss:3.2388 train_time:806561ms step_avg:269.03ms
step:3009/4578 train_loss:3.5649 train_time:806830ms step_avg:269.03ms
step:3010/4578 train_loss:3.5366 train_time:807111ms step_avg:269.04ms
step:3011/4578 train_loss:3.5460 train_time:807368ms step_avg:269.03ms
step:3012/4578 train_loss:3.4923 train_time:807633ms step_avg:269.03ms
step:3013/4578 train_loss:3.3061 train_time:807907ms step_avg:269.03ms
step:3014/4578 train_loss:3.4247 train_time:808173ms step_avg:269.03ms
step:3015/4578 train_loss:3.5119 train_time:808453ms step_avg:269.04ms
step:3016/4578 train_loss:3.2839 train_time:808710ms step_avg:269.03ms
step:3017/4578 train_loss:3.3516 train_time:808980ms step_avg:269.03ms
step:3018/4578 train_loss:3.4991 train_time:809260ms step_avg:269.04ms
step:3019/4578 train_loss:3.6033 train_time:809517ms step_avg:269.03ms
step:3020/4578 train_loss:3.3665 train_time:809789ms step_avg:269.03ms
step:3021/4578 train_loss:3.6791 train_time:810058ms step_avg:269.03ms
step:3022/4578 train_loss:3.4001 train_time:810328ms step_avg:269.03ms
step:3023/4578 train_loss:3.2879 train_time:810597ms step_avg:269.03ms
step:3024/4578 train_loss:3.4644 train_time:810868ms step_avg:269.03ms
step:3025/4578 train_loss:3.5816 train_time:811339ms step_avg:269.10ms
step:3026/4578 train_loss:3.4061 train_time:811607ms step_avg:269.10ms
step:3027/4578 train_loss:3.4948 train_time:811873ms step_avg:269.10ms
step:3028/4578 train_loss:3.3147 train_time:812146ms step_avg:269.10ms
step:3029/4578 train_loss:3.1634 train_time:812416ms step_avg:269.10ms
step:3030/4578 train_loss:3.5151 train_time:812680ms step_avg:269.10ms
step:3031/4578 train_loss:3.3277 train_time:812950ms step_avg:269.10ms
step:3032/4578 train_loss:3.1697 train_time:813217ms step_avg:269.10ms
step:3033/4578 train_loss:3.5504 train_time:813483ms step_avg:269.10ms
step:3034/4578 train_loss:3.6656 train_time:813752ms step_avg:269.10ms
step:3035/4578 train_loss:3.3468 train_time:814018ms step_avg:269.10ms
step:3036/4578 train_loss:3.3936 train_time:814288ms step_avg:269.10ms
step:3037/4578 train_loss:3.3996 train_time:814563ms step_avg:269.10ms
step:3038/4578 train_loss:3.2936 train_time:814820ms step_avg:269.10ms
step:3039/4578 train_loss:3.4609 train_time:815100ms step_avg:269.10ms
step:3040/4578 train_loss:3.5246 train_time:815535ms step_avg:269.15ms
step:3041/4578 train_loss:3.5260 train_time:815741ms step_avg:269.13ms
step:3042/4578 train_loss:3.0735 train_time:816015ms step_avg:269.13ms
step:3043/4578 train_loss:3.4401 train_time:816279ms step_avg:269.13ms
step:3044/4578 train_loss:3.4133 train_time:816549ms step_avg:269.13ms
step:3045/4578 train_loss:3.4610 train_time:816821ms step_avg:269.13ms
step:3046/4578 train_loss:3.5910 train_time:817083ms step_avg:269.13ms
step:3047/4578 train_loss:3.3681 train_time:817351ms step_avg:269.13ms
step:3048/4578 train_loss:3.4377 train_time:817626ms step_avg:269.13ms
step:3049/4578 train_loss:3.4812 train_time:817898ms step_avg:269.13ms
step:3050/4578 train_loss:3.4144 train_time:818160ms step_avg:269.13ms
step:3051/4578 train_loss:3.4561 train_time:818429ms step_avg:269.13ms
step:3052/4578 train_loss:3.3385 train_time:818703ms step_avg:269.13ms
step:3053/4578 train_loss:3.3630 train_time:818958ms step_avg:269.13ms
step:3054/4578 train_loss:3.6040 train_time:819234ms step_avg:269.13ms
step:3055/4578 train_loss:3.5339 train_time:819500ms step_avg:269.13ms
step:3056/4578 train_loss:3.5074 train_time:819776ms step_avg:269.13ms
step:3057/4578 train_loss:3.3685 train_time:820044ms step_avg:269.13ms
step:3058/4578 train_loss:3.3508 train_time:820306ms step_avg:269.13ms
step:3059/4578 train_loss:3.5685 train_time:820574ms step_avg:269.13ms
step:3060/4578 train_loss:3.3490 train_time:820850ms step_avg:269.13ms
step:3061/4578 train_loss:3.4746 train_time:821127ms step_avg:269.13ms
step:3062/4578 train_loss:3.4943 train_time:821386ms step_avg:269.13ms
step:3063/4578 train_loss:3.3955 train_time:821652ms step_avg:269.13ms
step:3064/4578 train_loss:3.4301 train_time:821924ms step_avg:269.13ms
step:3065/4578 train_loss:3.4616 train_time:822187ms step_avg:269.13ms
step:3066/4578 train_loss:3.3822 train_time:822458ms step_avg:269.13ms
step:3067/4578 train_loss:3.2653 train_time:822721ms step_avg:269.13ms
step:3068/4578 train_loss:3.3940 train_time:822994ms step_avg:269.13ms
step:3069/4578 train_loss:3.3433 train_time:823261ms step_avg:269.13ms
step:3070/4578 train_loss:3.3101 train_time:823535ms step_avg:269.13ms
step:3071/4578 train_loss:3.4467 train_time:823800ms step_avg:269.13ms
step:3072/4578 train_loss:3.4621 train_time:824065ms step_avg:269.13ms
step:3073/4578 train_loss:3.3502 train_time:824332ms step_avg:269.13ms
step:3074/4578 train_loss:3.3851 train_time:824601ms step_avg:269.13ms
step:3075/4578 train_loss:3.3606 train_time:824870ms step_avg:269.13ms
step:3076/4578 train_loss:3.3694 train_time:825137ms step_avg:269.12ms
step:3077/4578 train_loss:3.5692 train_time:825407ms step_avg:269.13ms
step:3078/4578 train_loss:3.2633 train_time:825678ms step_avg:269.13ms
step:3079/4578 train_loss:4.2354 train_time:825939ms step_avg:269.12ms
step:3080/4578 train_loss:3.3472 train_time:826212ms step_avg:269.12ms
step:3081/4578 train_loss:3.4676 train_time:826491ms step_avg:269.13ms
step:3082/4578 train_loss:3.5792 train_time:826749ms step_avg:269.12ms
step:3083/4578 train_loss:3.3110 train_time:827017ms step_avg:269.12ms
step:3084/4578 train_loss:3.3718 train_time:827285ms step_avg:269.12ms
step:3085/4578 train_loss:3.3809 train_time:827553ms step_avg:269.12ms
step:3086/4578 train_loss:3.4241 train_time:827820ms step_avg:269.12ms
step:3087/4578 train_loss:3.4226 train_time:828088ms step_avg:269.12ms
step:3088/4578 train_loss:3.2465 train_time:828356ms step_avg:269.12ms
step:3089/4578 train_loss:3.4812 train_time:828625ms step_avg:269.12ms
step:3090/4578 train_loss:3.3634 train_time:828895ms step_avg:269.12ms
step:3091/4578 train_loss:3.6500 train_time:829160ms step_avg:269.12ms
step:3092/4578 train_loss:3.4211 train_time:829430ms step_avg:269.12ms
step:3093/4578 train_loss:3.3592 train_time:829699ms step_avg:269.12ms
step:3094/4578 train_loss:3.4211 train_time:829963ms step_avg:269.12ms
step:3095/4578 train_loss:3.3677 train_time:830232ms step_avg:269.12ms
step:3096/4578 train_loss:3.3659 train_time:830499ms step_avg:269.12ms
step:3097/4578 train_loss:3.8271 train_time:830775ms step_avg:269.12ms
step:3098/4578 train_loss:3.3754 train_time:831037ms step_avg:269.12ms
step:3099/4578 train_loss:3.4442 train_time:831307ms step_avg:269.12ms
step:3100/4578 train_loss:3.5021 train_time:831573ms step_avg:269.12ms
step:3101/4578 train_loss:3.4306 train_time:831840ms step_avg:269.12ms
step:3102/4578 train_loss:3.5177 train_time:832107ms step_avg:269.12ms
step:3103/4578 train_loss:3.3738 train_time:832377ms step_avg:269.12ms
step:3104/4578 train_loss:3.9103 train_time:832648ms step_avg:269.12ms
step:3105/4578 train_loss:3.5623 train_time:832916ms step_avg:269.12ms
step:3106/4578 train_loss:3.0578 train_time:833180ms step_avg:269.11ms
step:3107/4578 train_loss:3.3329 train_time:833455ms step_avg:269.12ms
step:3108/4578 train_loss:3.1771 train_time:833726ms step_avg:269.12ms
step:3109/4578 train_loss:3.6104 train_time:833992ms step_avg:269.12ms
step:3110/4578 train_loss:3.4321 train_time:834260ms step_avg:269.12ms
step:3111/4578 train_loss:3.5979 train_time:834527ms step_avg:269.12ms
step:3112/4578 train_loss:3.4338 train_time:834790ms step_avg:269.11ms
step:3113/4578 train_loss:3.5416 train_time:835058ms step_avg:269.11ms
step:3114/4578 train_loss:3.5164 train_time:835325ms step_avg:269.11ms
step:3115/4578 train_loss:3.4453 train_time:835593ms step_avg:269.11ms
step:3116/4578 train_loss:3.3262 train_time:835863ms step_avg:269.11ms
step:3117/4578 train_loss:3.3359 train_time:836132ms step_avg:269.11ms
step:3118/4578 train_loss:3.4226 train_time:836400ms step_avg:269.11ms
step:3119/4578 train_loss:3.8437 train_time:836666ms step_avg:269.11ms
step:3120/4578 train_loss:3.4395 train_time:836937ms step_avg:269.11ms
step:3121/4578 train_loss:3.3542 train_time:837204ms step_avg:269.11ms
step:3122/4578 train_loss:3.5275 train_time:837468ms step_avg:269.11ms
step:3123/4578 train_loss:3.5613 train_time:837740ms step_avg:269.11ms
step:3124/4578 train_loss:3.5484 train_time:838010ms step_avg:269.11ms
step:3125/4578 train_loss:3.2621 train_time:838275ms step_avg:269.11ms
step:3125/4578 val_loss:3.4206 train_time:838501ms step_avg:269.18ms
step:3126/4578 train_loss:3.4187 train_time:838542ms step_avg:269.11ms
step:3127/4578 train_loss:3.4117 train_time:838826ms step_avg:269.11ms
step:3128/4578 train_loss:3.5142 train_time:839090ms step_avg:269.11ms
step:3129/4578 train_loss:3.4552 train_time:839353ms step_avg:269.11ms
step:3130/4578 train_loss:3.2236 train_time:839620ms step_avg:269.11ms
step:3131/4578 train_loss:3.2888 train_time:839893ms step_avg:269.11ms
step:3132/4578 train_loss:3.4439 train_time:840157ms step_avg:269.11ms
step:3133/4578 train_loss:3.4702 train_time:840431ms step_avg:269.11ms
step:3134/4578 train_loss:3.2717 train_time:840696ms step_avg:269.11ms
step:3135/4578 train_loss:3.4664 train_time:840964ms step_avg:269.11ms
step:3136/4578 train_loss:3.2784 train_time:841228ms step_avg:269.11ms
step:3137/4578 train_loss:3.6333 train_time:841497ms step_avg:269.11ms
step:3138/4578 train_loss:3.8595 train_time:841766ms step_avg:269.11ms
step:3139/4578 train_loss:3.6938 train_time:842038ms step_avg:269.11ms
step:3140/4578 train_loss:3.3850 train_time:842308ms step_avg:269.11ms
step:3141/4578 train_loss:3.4272 train_time:842574ms step_avg:269.11ms
step:3142/4578 train_loss:3.3325 train_time:842842ms step_avg:269.11ms
step:3143/4578 train_loss:3.5356 train_time:843108ms step_avg:269.11ms
step:3144/4578 train_loss:3.2449 train_time:843379ms step_avg:269.11ms
step:3145/4578 train_loss:3.4732 train_time:843646ms step_avg:269.11ms
step:3146/4578 train_loss:3.5788 train_time:843914ms step_avg:269.11ms
step:3147/4578 train_loss:3.4012 train_time:844180ms step_avg:269.10ms
step:3148/4578 train_loss:3.6068 train_time:844449ms step_avg:269.10ms
step:3149/4578 train_loss:4.0205 train_time:844722ms step_avg:269.11ms
step:3150/4578 train_loss:3.3264 train_time:844994ms step_avg:269.11ms
step:3151/4578 train_loss:3.4185 train_time:845256ms step_avg:269.10ms
step:3152/4578 train_loss:3.5432 train_time:845520ms step_avg:269.10ms
step:3153/4578 train_loss:3.3449 train_time:845797ms step_avg:269.10ms
step:3154/4578 train_loss:3.4813 train_time:846061ms step_avg:269.10ms
step:3155/4578 train_loss:3.2540 train_time:846331ms step_avg:269.10ms
step:3156/4578 train_loss:3.3597 train_time:846602ms step_avg:269.10ms
step:3157/4578 train_loss:3.4629 train_time:846868ms step_avg:269.10ms
step:3158/4578 train_loss:3.5069 train_time:847137ms step_avg:269.10ms
step:3159/4578 train_loss:3.4129 train_time:847400ms step_avg:269.10ms
step:3160/4578 train_loss:3.3644 train_time:847672ms step_avg:269.10ms
step:3161/4578 train_loss:3.4789 train_time:847943ms step_avg:269.10ms
step:3162/4578 train_loss:3.7023 train_time:848204ms step_avg:269.10ms
step:3163/4578 train_loss:3.6283 train_time:848473ms step_avg:269.10ms
step:3164/4578 train_loss:3.5057 train_time:848741ms step_avg:269.10ms
step:3165/4578 train_loss:3.4748 train_time:849014ms step_avg:269.10ms
step:3166/4578 train_loss:3.4331 train_time:849288ms step_avg:269.10ms
step:3167/4578 train_loss:3.2895 train_time:849555ms step_avg:269.10ms
step:3168/4578 train_loss:3.2217 train_time:849829ms step_avg:269.10ms
step:3169/4578 train_loss:3.2489 train_time:850090ms step_avg:269.10ms
step:3170/4578 train_loss:3.4366 train_time:850360ms step_avg:269.10ms
step:3171/4578 train_loss:3.2297 train_time:850624ms step_avg:269.10ms
step:3172/4578 train_loss:3.3987 train_time:850897ms step_avg:269.10ms
step:3173/4578 train_loss:3.5449 train_time:851161ms step_avg:269.10ms
step:3174/4578 train_loss:3.4332 train_time:851427ms step_avg:269.10ms
step:3175/4578 train_loss:3.4605 train_time:851698ms step_avg:269.10ms
step:3176/4578 train_loss:3.5008 train_time:851974ms step_avg:269.10ms
step:3177/4578 train_loss:3.2982 train_time:852234ms step_avg:269.10ms
step:3178/4578 train_loss:3.4185 train_time:852504ms step_avg:269.10ms
step:3179/4578 train_loss:3.6357 train_time:852771ms step_avg:269.10ms
step:3180/4578 train_loss:3.4093 train_time:853039ms step_avg:269.10ms
step:3181/4578 train_loss:3.3865 train_time:853310ms step_avg:269.10ms
step:3182/4578 train_loss:3.3654 train_time:853585ms step_avg:269.10ms
step:3183/4578 train_loss:3.5492 train_time:853841ms step_avg:269.10ms
step:3184/4578 train_loss:3.4860 train_time:854112ms step_avg:269.10ms
step:3185/4578 train_loss:3.3758 train_time:854380ms step_avg:269.10ms
step:3186/4578 train_loss:3.6040 train_time:854649ms step_avg:269.10ms
step:3187/4578 train_loss:3.5221 train_time:854919ms step_avg:269.10ms
step:3188/4578 train_loss:3.3285 train_time:855185ms step_avg:269.10ms
step:3189/4578 train_loss:3.5676 train_time:855454ms step_avg:269.10ms
step:3190/4578 train_loss:3.4037 train_time:855729ms step_avg:269.10ms
step:3191/4578 train_loss:3.3350 train_time:855995ms step_avg:269.10ms
step:3192/4578 train_loss:3.3618 train_time:856259ms step_avg:269.09ms
step:3193/4578 train_loss:3.3121 train_time:856528ms step_avg:269.09ms
step:3194/4578 train_loss:4.0496 train_time:856800ms step_avg:269.10ms
step:3195/4578 train_loss:3.4425 train_time:857066ms step_avg:269.09ms
step:3196/4578 train_loss:3.2213 train_time:857344ms step_avg:269.10ms
step:3197/4578 train_loss:3.4095 train_time:857613ms step_avg:269.10ms
step:3198/4578 train_loss:3.2419 train_time:857873ms step_avg:269.09ms
step:3199/4578 train_loss:3.2501 train_time:858151ms step_avg:269.10ms
step:3200/4578 train_loss:3.2149 train_time:858417ms step_avg:269.10ms
step:3201/4578 train_loss:3.3733 train_time:858687ms step_avg:269.10ms
step:3202/4578 train_loss:3.4266 train_time:858958ms step_avg:269.10ms
step:3203/4578 train_loss:3.3232 train_time:859227ms step_avg:269.10ms
step:3204/4578 train_loss:3.3487 train_time:859490ms step_avg:269.10ms
step:3205/4578 train_loss:3.4213 train_time:859760ms step_avg:269.10ms
step:3206/4578 train_loss:3.6595 train_time:860025ms step_avg:269.09ms
step:3207/4578 train_loss:3.1672 train_time:860297ms step_avg:269.10ms
step:3208/4578 train_loss:3.5757 train_time:860562ms step_avg:269.09ms
step:3209/4578 train_loss:3.5247 train_time:860831ms step_avg:269.09ms
step:3210/4578 train_loss:3.5655 train_time:861101ms step_avg:269.09ms
step:3211/4578 train_loss:3.2815 train_time:861362ms step_avg:269.09ms
step:3212/4578 train_loss:3.2499 train_time:861631ms step_avg:269.09ms
step:3213/4578 train_loss:3.3028 train_time:861900ms step_avg:269.09ms
step:3214/4578 train_loss:3.7246 train_time:862167ms step_avg:269.09ms
step:3215/4578 train_loss:3.1964 train_time:862443ms step_avg:269.09ms
step:3216/4578 train_loss:3.3921 train_time:862705ms step_avg:269.09ms
step:3217/4578 train_loss:3.3076 train_time:862969ms step_avg:269.09ms
step:3218/4578 train_loss:3.3689 train_time:863238ms step_avg:269.09ms
step:3219/4578 train_loss:3.3920 train_time:863509ms step_avg:269.09ms
step:3220/4578 train_loss:3.5732 train_time:863771ms step_avg:269.09ms
step:3221/4578 train_loss:3.4858 train_time:864036ms step_avg:269.09ms
step:3222/4578 train_loss:3.3821 train_time:864308ms step_avg:269.09ms
step:3223/4578 train_loss:3.3317 train_time:864579ms step_avg:269.09ms
step:3224/4578 train_loss:3.2920 train_time:864842ms step_avg:269.09ms
step:3225/4578 train_loss:3.2841 train_time:865109ms step_avg:269.09ms
step:3226/4578 train_loss:3.4046 train_time:865380ms step_avg:269.09ms
step:3227/4578 train_loss:3.2483 train_time:865644ms step_avg:269.08ms
step:3228/4578 train_loss:3.3195 train_time:865914ms step_avg:269.08ms
step:3229/4578 train_loss:3.4444 train_time:866190ms step_avg:269.09ms
step:3230/4578 train_loss:3.2467 train_time:866635ms step_avg:269.14ms
step:3231/4578 train_loss:3.1710 train_time:866843ms step_avg:269.12ms
step:3232/4578 train_loss:3.3452 train_time:867108ms step_avg:269.12ms
step:3233/4578 train_loss:3.6169 train_time:867380ms step_avg:269.12ms
step:3234/4578 train_loss:3.6951 train_time:867650ms step_avg:269.12ms
step:3235/4578 train_loss:3.5597 train_time:867916ms step_avg:269.12ms
step:3236/4578 train_loss:3.3443 train_time:868184ms step_avg:269.12ms
step:3237/4578 train_loss:3.6577 train_time:868457ms step_avg:269.12ms
step:3238/4578 train_loss:3.4398 train_time:868720ms step_avg:269.12ms
step:3239/4578 train_loss:3.5321 train_time:868986ms step_avg:269.12ms
step:3240/4578 train_loss:3.2321 train_time:869256ms step_avg:269.12ms
step:3241/4578 train_loss:3.4151 train_time:869524ms step_avg:269.12ms
step:3242/4578 train_loss:3.4511 train_time:869792ms step_avg:269.12ms
step:3243/4578 train_loss:3.5667 train_time:870060ms step_avg:269.12ms
step:3244/4578 train_loss:3.4785 train_time:870328ms step_avg:269.12ms
step:3245/4578 train_loss:3.5482 train_time:870597ms step_avg:269.12ms
step:3246/4578 train_loss:3.3092 train_time:870866ms step_avg:269.12ms
step:3247/4578 train_loss:3.4778 train_time:871138ms step_avg:269.12ms
step:3248/4578 train_loss:3.4214 train_time:871406ms step_avg:269.12ms
step:3249/4578 train_loss:3.2833 train_time:871673ms step_avg:269.12ms
step:3250/4578 train_loss:3.1879 train_time:871943ms step_avg:269.12ms
step:3250/4578 val_loss:3.4115 train_time:872170ms step_avg:269.19ms
step:3251/4578 train_loss:3.3606 train_time:872216ms step_avg:269.12ms
step:3252/4578 train_loss:3.3824 train_time:872482ms step_avg:269.12ms
step:3253/4578 train_loss:3.4897 train_time:872746ms step_avg:269.12ms
step:3254/4578 train_loss:3.4396 train_time:873016ms step_avg:269.12ms
step:3255/4578 train_loss:3.6039 train_time:873286ms step_avg:269.12ms
step:3256/4578 train_loss:3.4046 train_time:873553ms step_avg:269.12ms
step:3257/4578 train_loss:3.5531 train_time:873822ms step_avg:269.12ms
step:3258/4578 train_loss:3.4096 train_time:874092ms step_avg:269.12ms
step:3259/4578 train_loss:3.3546 train_time:874357ms step_avg:269.12ms
step:3260/4578 train_loss:3.5338 train_time:874628ms step_avg:269.12ms
step:3261/4578 train_loss:3.2501 train_time:874894ms step_avg:269.12ms
step:3262/4578 train_loss:3.1676 train_time:875163ms step_avg:269.12ms
step:3263/4578 train_loss:3.2788 train_time:875432ms step_avg:269.12ms
step:3264/4578 train_loss:3.3704 train_time:875699ms step_avg:269.11ms
step:3265/4578 train_loss:3.3849 train_time:875972ms step_avg:269.12ms
step:3266/4578 train_loss:3.3650 train_time:876234ms step_avg:269.11ms
step:3267/4578 train_loss:3.3166 train_time:876512ms step_avg:269.12ms
step:3268/4578 train_loss:3.5190 train_time:876773ms step_avg:269.11ms
step:3269/4578 train_loss:3.3945 train_time:877048ms step_avg:269.12ms
step:3270/4578 train_loss:3.4594 train_time:877309ms step_avg:269.11ms
step:3271/4578 train_loss:3.3099 train_time:877590ms step_avg:269.12ms
step:3272/4578 train_loss:3.1269 train_time:877849ms step_avg:269.11ms
step:3273/4578 train_loss:3.4401 train_time:878115ms step_avg:269.11ms
step:3274/4578 train_loss:3.4360 train_time:878387ms step_avg:269.11ms
step:3275/4578 train_loss:3.3821 train_time:878651ms step_avg:269.11ms
step:3276/4578 train_loss:3.3989 train_time:878922ms step_avg:269.11ms
step:3277/4578 train_loss:3.3708 train_time:879212ms step_avg:269.12ms
step:3278/4578 train_loss:3.4806 train_time:879485ms step_avg:269.12ms
step:3279/4578 train_loss:3.5577 train_time:879757ms step_avg:269.12ms
step:3280/4578 train_loss:3.4365 train_time:880021ms step_avg:269.12ms
step:3281/4578 train_loss:3.4831 train_time:880287ms step_avg:269.12ms
step:3282/4578 train_loss:3.3477 train_time:880561ms step_avg:269.12ms
step:3283/4578 train_loss:3.3395 train_time:880829ms step_avg:269.12ms
step:3284/4578 train_loss:3.4980 train_time:881095ms step_avg:269.12ms
step:3285/4578 train_loss:3.4701 train_time:881362ms step_avg:269.12ms
step:3286/4578 train_loss:3.4374 train_time:881643ms step_avg:269.12ms
step:3287/4578 train_loss:3.5694 train_time:881905ms step_avg:269.12ms
step:3288/4578 train_loss:3.3651 train_time:882166ms step_avg:269.12ms
step:3289/4578 train_loss:3.4703 train_time:882433ms step_avg:269.12ms
step:3290/4578 train_loss:3.4787 train_time:882702ms step_avg:269.12ms
step:3291/4578 train_loss:3.2987 train_time:882970ms step_avg:269.12ms
step:3292/4578 train_loss:3.4760 train_time:883243ms step_avg:269.12ms
step:3293/4578 train_loss:3.3049 train_time:883507ms step_avg:269.12ms
step:3294/4578 train_loss:3.3916 train_time:883774ms step_avg:269.12ms
step:3295/4578 train_loss:3.4257 train_time:884040ms step_avg:269.11ms
step:3296/4578 train_loss:3.4502 train_time:884315ms step_avg:269.12ms
step:3297/4578 train_loss:3.4887 train_time:884583ms step_avg:269.12ms
step:3298/4578 train_loss:3.3860 train_time:884851ms step_avg:269.12ms
step:3299/4578 train_loss:3.4590 train_time:885117ms step_avg:269.11ms
step:3300/4578 train_loss:3.3030 train_time:885384ms step_avg:269.11ms
step:3301/4578 train_loss:3.3582 train_time:885654ms step_avg:269.11ms
step:3302/4578 train_loss:3.5102 train_time:885920ms step_avg:269.11ms
step:3303/4578 train_loss:3.3808 train_time:886187ms step_avg:269.11ms
step:3304/4578 train_loss:3.4101 train_time:886459ms step_avg:269.11ms
step:3305/4578 train_loss:3.4856 train_time:886728ms step_avg:269.11ms
step:3306/4578 train_loss:3.5023 train_time:886996ms step_avg:269.11ms
step:3307/4578 train_loss:3.4037 train_time:887262ms step_avg:269.11ms
step:3308/4578 train_loss:3.4388 train_time:887534ms step_avg:269.11ms
step:3309/4578 train_loss:3.5527 train_time:887800ms step_avg:269.11ms
step:3310/4578 train_loss:3.3472 train_time:888069ms step_avg:269.11ms
step:3311/4578 train_loss:3.4058 train_time:888335ms step_avg:269.11ms
step:3312/4578 train_loss:3.5297 train_time:888601ms step_avg:269.11ms
step:3313/4578 train_loss:3.4020 train_time:888879ms step_avg:269.11ms
step:3314/4578 train_loss:3.7083 train_time:889138ms step_avg:269.11ms
step:3315/4578 train_loss:3.4379 train_time:889405ms step_avg:269.11ms
step:3316/4578 train_loss:3.3205 train_time:889671ms step_avg:269.11ms
step:3317/4578 train_loss:3.0204 train_time:889958ms step_avg:269.11ms
step:3318/4578 train_loss:3.5407 train_time:890219ms step_avg:269.11ms
step:3319/4578 train_loss:3.3746 train_time:890486ms step_avg:269.11ms
step:3320/4578 train_loss:3.4230 train_time:890755ms step_avg:269.11ms
step:3321/4578 train_loss:3.4307 train_time:891023ms step_avg:269.11ms
step:3322/4578 train_loss:3.4490 train_time:891297ms step_avg:269.11ms
step:3323/4578 train_loss:3.3967 train_time:891557ms step_avg:269.11ms
step:3324/4578 train_loss:3.2985 train_time:891828ms step_avg:269.11ms
step:3325/4578 train_loss:3.1743 train_time:892093ms step_avg:269.11ms
step:3326/4578 train_loss:3.4336 train_time:892363ms step_avg:269.11ms
step:3327/4578 train_loss:3.3591 train_time:892628ms step_avg:269.11ms
step:3328/4578 train_loss:3.2639 train_time:892897ms step_avg:269.11ms
step:3329/4578 train_loss:3.2299 train_time:893168ms step_avg:269.11ms
step:3330/4578 train_loss:3.4026 train_time:893436ms step_avg:269.11ms
step:3331/4578 train_loss:3.5120 train_time:893706ms step_avg:269.11ms
step:3332/4578 train_loss:3.7998 train_time:893979ms step_avg:269.11ms
step:3333/4578 train_loss:3.4769 train_time:894241ms step_avg:269.11ms
step:3334/4578 train_loss:3.2754 train_time:894514ms step_avg:269.11ms
step:3335/4578 train_loss:3.3925 train_time:894774ms step_avg:269.10ms
step:3336/4578 train_loss:3.4696 train_time:895042ms step_avg:269.10ms
step:3337/4578 train_loss:3.4020 train_time:895315ms step_avg:269.11ms
step:3338/4578 train_loss:3.5922 train_time:895579ms step_avg:269.10ms
step:3339/4578 train_loss:3.4973 train_time:895848ms step_avg:269.10ms
step:3340/4578 train_loss:3.4059 train_time:896116ms step_avg:269.10ms
step:3341/4578 train_loss:3.4628 train_time:896387ms step_avg:269.10ms
step:3342/4578 train_loss:3.4604 train_time:896655ms step_avg:269.10ms
step:3343/4578 train_loss:3.5343 train_time:896918ms step_avg:269.10ms
step:3344/4578 train_loss:3.3692 train_time:897185ms step_avg:269.10ms
step:3345/4578 train_loss:3.2464 train_time:897459ms step_avg:269.10ms
step:3346/4578 train_loss:3.3990 train_time:897721ms step_avg:269.10ms
step:3347/4578 train_loss:3.3285 train_time:897991ms step_avg:269.10ms
step:3348/4578 train_loss:3.3789 train_time:898257ms step_avg:269.10ms
step:3349/4578 train_loss:3.4062 train_time:898533ms step_avg:269.10ms
step:3350/4578 train_loss:3.5671 train_time:898794ms step_avg:269.10ms
step:3351/4578 train_loss:3.2675 train_time:899067ms step_avg:269.10ms
step:3352/4578 train_loss:3.3184 train_time:899341ms step_avg:269.10ms
step:3353/4578 train_loss:3.4405 train_time:899605ms step_avg:269.10ms
step:3354/4578 train_loss:3.3240 train_time:899875ms step_avg:269.10ms
step:3355/4578 train_loss:3.5846 train_time:900142ms step_avg:269.10ms
step:3356/4578 train_loss:3.2848 train_time:900415ms step_avg:269.10ms
step:3357/4578 train_loss:3.5083 train_time:900677ms step_avg:269.10ms
step:3358/4578 train_loss:3.3023 train_time:900944ms step_avg:269.10ms
step:3359/4578 train_loss:3.5397 train_time:901215ms step_avg:269.10ms
step:3360/4578 train_loss:3.2581 train_time:901478ms step_avg:269.10ms
step:3361/4578 train_loss:3.8361 train_time:901749ms step_avg:269.10ms
step:3362/4578 train_loss:3.5584 train_time:902018ms step_avg:269.10ms
step:3363/4578 train_loss:3.5216 train_time:902289ms step_avg:269.10ms
step:3364/4578 train_loss:3.3727 train_time:902557ms step_avg:269.10ms
step:3365/4578 train_loss:3.6689 train_time:902821ms step_avg:269.10ms
step:3366/4578 train_loss:3.3824 train_time:903090ms step_avg:269.10ms
step:3367/4578 train_loss:3.5128 train_time:903364ms step_avg:269.10ms
step:3368/4578 train_loss:3.3264 train_time:903627ms step_avg:269.10ms
step:3369/4578 train_loss:3.3616 train_time:903894ms step_avg:269.10ms
step:3370/4578 train_loss:3.3272 train_time:904166ms step_avg:269.10ms
step:3371/4578 train_loss:3.3613 train_time:904430ms step_avg:269.10ms
step:3372/4578 train_loss:3.3082 train_time:904697ms step_avg:269.09ms
step:3373/4578 train_loss:3.3588 train_time:904965ms step_avg:269.09ms
step:3374/4578 train_loss:3.4318 train_time:905235ms step_avg:269.09ms
step:3375/4578 train_loss:3.2928 train_time:905502ms step_avg:269.09ms
step:3375/4578 val_loss:3.4013 train_time:905728ms step_avg:269.16ms
step:3376/4578 train_loss:3.4031 train_time:905770ms step_avg:269.09ms
step:3377/4578 train_loss:3.4583 train_time:906038ms step_avg:269.09ms
step:3378/4578 train_loss:3.4008 train_time:906306ms step_avg:269.09ms
step:3379/4578 train_loss:3.2628 train_time:906573ms step_avg:269.09ms
step:3380/4578 train_loss:3.4023 train_time:906845ms step_avg:269.09ms
step:3381/4578 train_loss:3.2726 train_time:907112ms step_avg:269.09ms
step:3382/4578 train_loss:3.5103 train_time:907382ms step_avg:269.09ms
step:3383/4578 train_loss:3.3006 train_time:907647ms step_avg:269.09ms
step:3384/4578 train_loss:3.5109 train_time:907924ms step_avg:269.09ms
step:3385/4578 train_loss:3.3861 train_time:908187ms step_avg:269.09ms
step:3386/4578 train_loss:3.3683 train_time:908453ms step_avg:269.09ms
step:3387/4578 train_loss:3.3039 train_time:908722ms step_avg:269.09ms
step:3388/4578 train_loss:3.4671 train_time:909001ms step_avg:269.09ms
step:3389/4578 train_loss:3.4641 train_time:909262ms step_avg:269.09ms
step:3390/4578 train_loss:3.4223 train_time:909527ms step_avg:269.09ms
step:3391/4578 train_loss:3.4418 train_time:909794ms step_avg:269.09ms
step:3392/4578 train_loss:3.3794 train_time:910064ms step_avg:269.09ms
step:3393/4578 train_loss:3.5680 train_time:910330ms step_avg:269.09ms
step:3394/4578 train_loss:3.2670 train_time:910600ms step_avg:269.09ms
step:3395/4578 train_loss:3.3064 train_time:910868ms step_avg:269.09ms
step:3396/4578 train_loss:3.3313 train_time:911133ms step_avg:269.09ms
step:3397/4578 train_loss:3.2919 train_time:911405ms step_avg:269.09ms
step:3398/4578 train_loss:3.3434 train_time:911672ms step_avg:269.09ms
step:3399/4578 train_loss:3.3274 train_time:911939ms step_avg:269.09ms
step:3400/4578 train_loss:3.3813 train_time:912208ms step_avg:269.09ms
step:3401/4578 train_loss:3.6345 train_time:912478ms step_avg:269.09ms
step:3402/4578 train_loss:3.4166 train_time:912744ms step_avg:269.09ms
step:3403/4578 train_loss:3.6291 train_time:913014ms step_avg:269.09ms
step:3404/4578 train_loss:3.4569 train_time:913285ms step_avg:269.09ms
step:3405/4578 train_loss:3.4274 train_time:913555ms step_avg:269.09ms
step:3406/4578 train_loss:3.3713 train_time:913820ms step_avg:269.09ms
step:3407/4578 train_loss:3.4943 train_time:914087ms step_avg:269.09ms
step:3408/4578 train_loss:3.3715 train_time:914357ms step_avg:269.09ms
step:3409/4578 train_loss:3.3710 train_time:914626ms step_avg:269.09ms
step:3410/4578 train_loss:3.4140 train_time:914894ms step_avg:269.09ms
step:3411/4578 train_loss:3.2744 train_time:915159ms step_avg:269.09ms
step:3412/4578 train_loss:3.3019 train_time:915430ms step_avg:269.09ms
step:3413/4578 train_loss:3.4241 train_time:915696ms step_avg:269.08ms
step:3414/4578 train_loss:3.6027 train_time:915974ms step_avg:269.09ms
step:3415/4578 train_loss:3.3208 train_time:916243ms step_avg:269.09ms
step:3416/4578 train_loss:3.4641 train_time:916510ms step_avg:269.09ms
step:3417/4578 train_loss:3.5633 train_time:916771ms step_avg:269.08ms
step:3418/4578 train_loss:3.5703 train_time:917037ms step_avg:269.08ms
step:3419/4578 train_loss:3.4639 train_time:917304ms step_avg:269.08ms
step:3420/4578 train_loss:3.5168 train_time:917964ms step_avg:269.20ms
step:3421/4578 train_loss:3.2641 train_time:918168ms step_avg:269.18ms
step:3422/4578 train_loss:3.3724 train_time:918436ms step_avg:269.18ms
step:3423/4578 train_loss:3.2842 train_time:918705ms step_avg:269.18ms
step:3424/4578 train_loss:3.5573 train_time:918979ms step_avg:269.18ms
step:3425/4578 train_loss:3.6946 train_time:919245ms step_avg:269.18ms
step:3426/4578 train_loss:3.4130 train_time:919520ms step_avg:269.18ms
step:3427/4578 train_loss:3.4022 train_time:919784ms step_avg:269.18ms
step:3428/4578 train_loss:3.3817 train_time:920050ms step_avg:269.18ms
step:3429/4578 train_loss:3.2909 train_time:920327ms step_avg:269.18ms
step:3430/4578 train_loss:3.3456 train_time:920585ms step_avg:269.18ms
step:3431/4578 train_loss:3.4615 train_time:920853ms step_avg:269.18ms
step:3432/4578 train_loss:3.6040 train_time:921121ms step_avg:269.18ms
step:3433/4578 train_loss:3.3050 train_time:921392ms step_avg:269.18ms
step:3434/4578 train_loss:3.6527 train_time:921669ms step_avg:269.18ms
step:3435/4578 train_loss:3.4634 train_time:921926ms step_avg:269.18ms
step:3436/4578 train_loss:3.2931 train_time:922195ms step_avg:269.18ms
step:3437/4578 train_loss:3.3206 train_time:922462ms step_avg:269.17ms
step:3438/4578 train_loss:3.3782 train_time:922735ms step_avg:269.18ms
step:3439/4578 train_loss:3.5197 train_time:923000ms step_avg:269.17ms
step:3440/4578 train_loss:3.2688 train_time:923270ms step_avg:269.17ms
step:3441/4578 train_loss:3.5144 train_time:923536ms step_avg:269.17ms
step:3442/4578 train_loss:3.3727 train_time:923804ms step_avg:269.17ms
step:3443/4578 train_loss:3.5443 train_time:924071ms step_avg:269.17ms
step:3444/4578 train_loss:3.4708 train_time:924348ms step_avg:269.18ms
step:3445/4578 train_loss:3.3901 train_time:924613ms step_avg:269.17ms
step:3446/4578 train_loss:3.2840 train_time:924885ms step_avg:269.17ms
step:3447/4578 train_loss:3.6584 train_time:925157ms step_avg:269.18ms
step:3448/4578 train_loss:3.4259 train_time:925420ms step_avg:269.17ms
step:3449/4578 train_loss:3.2712 train_time:925687ms step_avg:269.17ms
step:3450/4578 train_loss:3.5754 train_time:925958ms step_avg:269.17ms
step:3451/4578 train_loss:3.5456 train_time:926221ms step_avg:269.17ms
step:3452/4578 train_loss:3.4720 train_time:926489ms step_avg:269.17ms
step:3453/4578 train_loss:3.3098 train_time:926762ms step_avg:269.17ms
step:3454/4578 train_loss:3.6208 train_time:927033ms step_avg:269.17ms
step:3455/4578 train_loss:3.3194 train_time:927302ms step_avg:269.17ms
step:3456/4578 train_loss:3.5445 train_time:927574ms step_avg:269.17ms
step:3457/4578 train_loss:3.3366 train_time:927837ms step_avg:269.17ms
step:3458/4578 train_loss:3.4301 train_time:928107ms step_avg:269.17ms
step:3459/4578 train_loss:3.4743 train_time:928380ms step_avg:269.17ms
step:3460/4578 train_loss:3.3201 train_time:928641ms step_avg:269.17ms
step:3461/4578 train_loss:3.4103 train_time:928909ms step_avg:269.17ms
step:3462/4578 train_loss:3.3981 train_time:929176ms step_avg:269.17ms
step:3463/4578 train_loss:3.3490 train_time:929452ms step_avg:269.17ms
step:3464/4578 train_loss:3.3577 train_time:929716ms step_avg:269.17ms
step:3465/4578 train_loss:3.2840 train_time:929982ms step_avg:269.17ms
step:3466/4578 train_loss:3.3665 train_time:930250ms step_avg:269.17ms
step:3467/4578 train_loss:3.4590 train_time:930525ms step_avg:269.17ms
step:3468/4578 train_loss:3.4360 train_time:930790ms step_avg:269.17ms
step:3469/4578 train_loss:3.4351 train_time:931063ms step_avg:269.17ms
step:3470/4578 train_loss:3.4802 train_time:931328ms step_avg:269.17ms
step:3471/4578 train_loss:3.3149 train_time:931596ms step_avg:269.17ms
step:3472/4578 train_loss:3.6091 train_time:931872ms step_avg:269.17ms
step:3473/4578 train_loss:4.2343 train_time:932134ms step_avg:269.17ms
step:3474/4578 train_loss:3.4415 train_time:932410ms step_avg:269.17ms
step:3475/4578 train_loss:3.4430 train_time:932678ms step_avg:269.17ms
step:3476/4578 train_loss:3.4060 train_time:932945ms step_avg:269.17ms
step:3477/4578 train_loss:3.4021 train_time:933213ms step_avg:269.17ms
step:3478/4578 train_loss:3.2450 train_time:933489ms step_avg:269.17ms
step:3479/4578 train_loss:3.3786 train_time:933747ms step_avg:269.17ms
step:3480/4578 train_loss:3.1396 train_time:934015ms step_avg:269.17ms
step:3481/4578 train_loss:3.5838 train_time:934281ms step_avg:269.17ms
step:3482/4578 train_loss:3.3698 train_time:934552ms step_avg:269.17ms
step:3483/4578 train_loss:3.3881 train_time:934819ms step_avg:269.17ms
step:3484/4578 train_loss:3.4255 train_time:935089ms step_avg:269.17ms
step:3485/4578 train_loss:3.3982 train_time:935354ms step_avg:269.17ms
step:3486/4578 train_loss:3.4152 train_time:935627ms step_avg:269.17ms
step:3487/4578 train_loss:3.6610 train_time:935891ms step_avg:269.17ms
step:3488/4578 train_loss:3.3787 train_time:936159ms step_avg:269.17ms
step:3489/4578 train_loss:3.3253 train_time:936426ms step_avg:269.17ms
step:3490/4578 train_loss:3.5886 train_time:936694ms step_avg:269.16ms
step:3491/4578 train_loss:3.4721 train_time:936965ms step_avg:269.17ms
step:3492/4578 train_loss:3.3672 train_time:937237ms step_avg:269.17ms
step:3493/4578 train_loss:3.1928 train_time:937500ms step_avg:269.16ms
step:3494/4578 train_loss:3.5879 train_time:937770ms step_avg:269.16ms
step:3495/4578 train_loss:3.3878 train_time:938038ms step_avg:269.16ms
step:3496/4578 train_loss:3.4643 train_time:938305ms step_avg:269.16ms
step:3497/4578 train_loss:3.4992 train_time:938571ms step_avg:269.16ms
step:3498/4578 train_loss:3.3110 train_time:938840ms step_avg:269.16ms
step:3499/4578 train_loss:3.5068 train_time:939107ms step_avg:269.16ms
step:3500/4578 train_loss:3.3803 train_time:939383ms step_avg:269.16ms
step:3500/4578 val_loss:3.3833 train_time:939608ms step_avg:269.23ms
step:3501/4578 train_loss:3.3591 train_time:939653ms step_avg:269.16ms
step:3502/4578 train_loss:3.5621 train_time:939917ms step_avg:269.16ms
step:3503/4578 train_loss:3.3018 train_time:940197ms step_avg:269.17ms
step:3504/4578 train_loss:3.3673 train_time:940455ms step_avg:269.16ms
step:3505/4578 train_loss:3.4482 train_time:940723ms step_avg:269.16ms
step:3506/4578 train_loss:3.5328 train_time:940992ms step_avg:269.16ms
step:3507/4578 train_loss:3.2482 train_time:941261ms step_avg:269.16ms
step:3508/4578 train_loss:3.4075 train_time:941528ms step_avg:269.16ms
step:3509/4578 train_loss:3.2672 train_time:941797ms step_avg:269.16ms
step:3510/4578 train_loss:3.7127 train_time:942064ms step_avg:269.16ms
step:3511/4578 train_loss:3.3353 train_time:942333ms step_avg:269.16ms
step:3512/4578 train_loss:3.2277 train_time:942607ms step_avg:269.16ms
step:3513/4578 train_loss:3.4043 train_time:942870ms step_avg:269.16ms
step:3514/4578 train_loss:3.2704 train_time:943139ms step_avg:269.16ms
step:3515/4578 train_loss:3.2919 train_time:943408ms step_avg:269.16ms
step:3516/4578 train_loss:3.3937 train_time:943681ms step_avg:269.16ms
step:3517/4578 train_loss:3.3466 train_time:943945ms step_avg:269.16ms
step:3518/4578 train_loss:3.4620 train_time:944213ms step_avg:269.16ms
step:3519/4578 train_loss:3.3092 train_time:944482ms step_avg:269.16ms
step:3520/4578 train_loss:3.2470 train_time:944748ms step_avg:269.16ms
step:3521/4578 train_loss:3.5838 train_time:945025ms step_avg:269.16ms
step:3522/4578 train_loss:3.5124 train_time:945283ms step_avg:269.16ms
step:3523/4578 train_loss:3.3652 train_time:945553ms step_avg:269.16ms
step:3524/4578 train_loss:3.2804 train_time:945823ms step_avg:269.16ms
step:3525/4578 train_loss:3.4547 train_time:946087ms step_avg:269.16ms
step:3526/4578 train_loss:3.3033 train_time:946357ms step_avg:269.16ms
step:3527/4578 train_loss:3.5218 train_time:946628ms step_avg:269.16ms
step:3528/4578 train_loss:3.3996 train_time:946894ms step_avg:269.16ms
step:3529/4578 train_loss:3.1051 train_time:947172ms step_avg:269.16ms
step:3530/4578 train_loss:3.5408 train_time:947435ms step_avg:269.16ms
step:3531/4578 train_loss:3.3432 train_time:947704ms step_avg:269.16ms
step:3532/4578 train_loss:3.1953 train_time:947969ms step_avg:269.16ms
step:3533/4578 train_loss:3.2487 train_time:948236ms step_avg:269.16ms
step:3534/4578 train_loss:3.2918 train_time:948506ms step_avg:269.16ms
step:3535/4578 train_loss:3.2679 train_time:948774ms step_avg:269.16ms
step:3536/4578 train_loss:3.2286 train_time:949040ms step_avg:269.15ms
step:3537/4578 train_loss:3.4923 train_time:949313ms step_avg:269.16ms
step:3538/4578 train_loss:3.4159 train_time:949578ms step_avg:269.15ms
step:3539/4578 train_loss:3.3069 train_time:949858ms step_avg:269.16ms
step:3540/4578 train_loss:3.3218 train_time:950114ms step_avg:269.15ms
step:3541/4578 train_loss:3.5746 train_time:950381ms step_avg:269.15ms
step:3542/4578 train_loss:3.3124 train_time:950653ms step_avg:269.15ms
step:3543/4578 train_loss:3.4761 train_time:950918ms step_avg:269.15ms
step:3544/4578 train_loss:3.5699 train_time:951185ms step_avg:269.15ms
step:3545/4578 train_loss:3.5343 train_time:951456ms step_avg:269.15ms
step:3546/4578 train_loss:3.4688 train_time:951723ms step_avg:269.15ms
step:3547/4578 train_loss:3.2963 train_time:951988ms step_avg:269.15ms
step:3548/4578 train_loss:3.3028 train_time:952257ms step_avg:269.15ms
step:3549/4578 train_loss:3.4043 train_time:952525ms step_avg:269.15ms
step:3550/4578 train_loss:3.5205 train_time:952792ms step_avg:269.15ms
step:3551/4578 train_loss:3.3003 train_time:953067ms step_avg:269.15ms
step:3552/4578 train_loss:3.2095 train_time:953332ms step_avg:269.15ms
step:3553/4578 train_loss:3.3932 train_time:953599ms step_avg:269.15ms
step:3554/4578 train_loss:3.4895 train_time:953870ms step_avg:269.15ms
step:3555/4578 train_loss:3.4139 train_time:954134ms step_avg:269.15ms
step:3556/4578 train_loss:3.3289 train_time:954400ms step_avg:269.15ms
step:3557/4578 train_loss:3.1817 train_time:954668ms step_avg:269.15ms
step:3558/4578 train_loss:3.2326 train_time:954936ms step_avg:269.15ms
step:3559/4578 train_loss:3.4447 train_time:955209ms step_avg:269.15ms
step:3560/4578 train_loss:3.9349 train_time:955475ms step_avg:269.15ms
step:3561/4578 train_loss:3.4286 train_time:955741ms step_avg:269.15ms
step:3562/4578 train_loss:3.4086 train_time:956011ms step_avg:269.15ms
step:3563/4578 train_loss:3.2391 train_time:956289ms step_avg:269.15ms
step:3564/4578 train_loss:3.6474 train_time:956556ms step_avg:269.15ms
step:3565/4578 train_loss:3.2924 train_time:956825ms step_avg:269.15ms
step:3566/4578 train_loss:3.1470 train_time:957096ms step_avg:269.15ms
step:3567/4578 train_loss:3.3789 train_time:957363ms step_avg:269.15ms
step:3568/4578 train_loss:3.5568 train_time:957634ms step_avg:269.15ms
step:3569/4578 train_loss:3.3899 train_time:957900ms step_avg:269.15ms
step:3570/4578 train_loss:3.3919 train_time:958168ms step_avg:269.15ms
step:3571/4578 train_loss:3.5067 train_time:958437ms step_avg:269.15ms
step:3572/4578 train_loss:3.6925 train_time:958708ms step_avg:269.15ms
step:3573/4578 train_loss:3.2001 train_time:958972ms step_avg:269.15ms
step:3574/4578 train_loss:3.4125 train_time:959244ms step_avg:269.15ms
step:3575/4578 train_loss:3.5759 train_time:959511ms step_avg:269.15ms
step:3576/4578 train_loss:3.5715 train_time:959780ms step_avg:269.15ms
step:3577/4578 train_loss:3.3304 train_time:960044ms step_avg:269.15ms
step:3578/4578 train_loss:3.3210 train_time:960322ms step_avg:269.15ms
step:3579/4578 train_loss:3.4481 train_time:960583ms step_avg:269.15ms
step:3580/4578 train_loss:3.3945 train_time:960851ms step_avg:269.15ms
step:3581/4578 train_loss:3.3276 train_time:961116ms step_avg:269.14ms
step:3582/4578 train_loss:3.3021 train_time:961384ms step_avg:269.14ms
step:3583/4578 train_loss:3.2446 train_time:961652ms step_avg:269.14ms
step:3584/4578 train_loss:3.3246 train_time:961924ms step_avg:269.14ms
step:3585/4578 train_loss:3.4564 train_time:962191ms step_avg:269.14ms
step:3586/4578 train_loss:3.3386 train_time:962460ms step_avg:269.14ms
step:3587/4578 train_loss:3.3183 train_time:962730ms step_avg:269.14ms
step:3588/4578 train_loss:3.3156 train_time:962995ms step_avg:269.14ms
step:3589/4578 train_loss:3.3124 train_time:963264ms step_avg:269.14ms
step:3590/4578 train_loss:3.4718 train_time:963532ms step_avg:269.14ms
step:3591/4578 train_loss:3.6734 train_time:963800ms step_avg:269.14ms
step:3592/4578 train_loss:3.4344 train_time:964068ms step_avg:269.14ms
step:3593/4578 train_loss:3.4884 train_time:964337ms step_avg:269.14ms
step:3594/4578 train_loss:3.3804 train_time:964604ms step_avg:269.14ms
step:3595/4578 train_loss:3.4298 train_time:964874ms step_avg:269.14ms
step:3596/4578 train_loss:3.1600 train_time:965138ms step_avg:269.14ms
step:3597/4578 train_loss:3.3205 train_time:965409ms step_avg:269.14ms
step:3598/4578 train_loss:3.6837 train_time:965677ms step_avg:269.14ms
step:3599/4578 train_loss:3.3934 train_time:965944ms step_avg:269.14ms
step:3600/4578 train_loss:3.2012 train_time:966210ms step_avg:269.14ms
step:3601/4578 train_loss:3.3804 train_time:966484ms step_avg:269.14ms
step:3602/4578 train_loss:3.5096 train_time:966753ms step_avg:269.14ms
step:3603/4578 train_loss:3.4201 train_time:967021ms step_avg:269.14ms
step:3604/4578 train_loss:3.3930 train_time:967288ms step_avg:269.14ms
step:3605/4578 train_loss:3.6669 train_time:967558ms step_avg:269.14ms
step:3606/4578 train_loss:3.2688 train_time:967831ms step_avg:269.14ms
step:3607/4578 train_loss:3.2509 train_time:968101ms step_avg:269.14ms
step:3608/4578 train_loss:3.7975 train_time:968363ms step_avg:269.14ms
step:3609/4578 train_loss:3.3073 train_time:968633ms step_avg:269.14ms
step:3610/4578 train_loss:3.2888 train_time:969072ms step_avg:269.19ms
step:3611/4578 train_loss:3.2065 train_time:969277ms step_avg:269.17ms
step:3612/4578 train_loss:3.3504 train_time:969543ms step_avg:269.17ms
step:3613/4578 train_loss:3.4736 train_time:969816ms step_avg:269.17ms
step:3614/4578 train_loss:3.3865 train_time:970081ms step_avg:269.17ms
step:3615/4578 train_loss:3.8868 train_time:970349ms step_avg:269.17ms
step:3616/4578 train_loss:3.2090 train_time:970619ms step_avg:269.17ms
step:3617/4578 train_loss:3.3487 train_time:970890ms step_avg:269.17ms
step:3618/4578 train_loss:3.2774 train_time:971153ms step_avg:269.17ms
step:3619/4578 train_loss:3.5652 train_time:971422ms step_avg:269.17ms
step:3620/4578 train_loss:3.3955 train_time:971692ms step_avg:269.17ms
step:3621/4578 train_loss:3.2463 train_time:971959ms step_avg:269.17ms
step:3622/4578 train_loss:3.3455 train_time:972229ms step_avg:269.17ms
step:3623/4578 train_loss:3.3652 train_time:972501ms step_avg:269.17ms
step:3624/4578 train_loss:3.2568 train_time:972764ms step_avg:269.17ms
step:3625/4578 train_loss:3.4281 train_time:973031ms step_avg:269.16ms
step:3625/4578 val_loss:3.3701 train_time:973256ms step_avg:269.23ms
step:3626/4578 train_loss:3.5705 train_time:973299ms step_avg:269.16ms
step:3627/4578 train_loss:3.5369 train_time:973568ms step_avg:269.16ms
step:3628/4578 train_loss:3.2907 train_time:973832ms step_avg:269.16ms
step:3629/4578 train_loss:3.1520 train_time:974107ms step_avg:269.16ms
step:3630/4578 train_loss:3.4369 train_time:974372ms step_avg:269.16ms
step:3631/4578 train_loss:3.2566 train_time:974637ms step_avg:269.16ms
step:3632/4578 train_loss:3.5643 train_time:974917ms step_avg:269.17ms
step:3633/4578 train_loss:3.3609 train_time:975177ms step_avg:269.16ms
step:3634/4578 train_loss:3.3965 train_time:975444ms step_avg:269.16ms
step:3635/4578 train_loss:3.2435 train_time:975712ms step_avg:269.16ms
step:3636/4578 train_loss:3.3296 train_time:975980ms step_avg:269.16ms
step:3637/4578 train_loss:3.3970 train_time:976250ms step_avg:269.16ms
step:3638/4578 train_loss:3.3180 train_time:976522ms step_avg:269.16ms
step:3639/4578 train_loss:3.4248 train_time:976784ms step_avg:269.16ms
step:3640/4578 train_loss:3.4158 train_time:977056ms step_avg:269.16ms
step:3641/4578 train_loss:3.3070 train_time:977323ms step_avg:269.16ms
step:3642/4578 train_loss:3.3033 train_time:977590ms step_avg:269.16ms
step:3643/4578 train_loss:3.3772 train_time:977860ms step_avg:269.16ms
step:3644/4578 train_loss:3.4347 train_time:978142ms step_avg:269.16ms
step:3645/4578 train_loss:3.2524 train_time:978400ms step_avg:269.16ms
step:3646/4578 train_loss:3.4668 train_time:978663ms step_avg:269.16ms
step:3647/4578 train_loss:3.3099 train_time:978938ms step_avg:269.16ms
step:3648/4578 train_loss:3.3835 train_time:979203ms step_avg:269.16ms
step:3649/4578 train_loss:3.4837 train_time:979478ms step_avg:269.16ms
step:3650/4578 train_loss:3.3916 train_time:979749ms step_avg:269.16ms
step:3651/4578 train_loss:3.4964 train_time:980016ms step_avg:269.16ms
step:3652/4578 train_loss:3.5859 train_time:980284ms step_avg:269.16ms
step:3653/4578 train_loss:3.2660 train_time:980551ms step_avg:269.16ms
step:3654/4578 train_loss:3.4115 train_time:980821ms step_avg:269.16ms
step:3655/4578 train_loss:3.4787 train_time:981085ms step_avg:269.16ms
step:3656/4578 train_loss:3.3143 train_time:981347ms step_avg:269.16ms
step:3657/4578 train_loss:3.5244 train_time:981615ms step_avg:269.16ms
step:3658/4578 train_loss:3.3950 train_time:981885ms step_avg:269.16ms
step:3659/4578 train_loss:3.3647 train_time:982153ms step_avg:269.16ms
step:3660/4578 train_loss:3.2978 train_time:982420ms step_avg:269.16ms
step:3661/4578 train_loss:3.3923 train_time:982690ms step_avg:269.16ms
step:3662/4578 train_loss:3.3128 train_time:982957ms step_avg:269.16ms
step:3663/4578 train_loss:3.5563 train_time:983226ms step_avg:269.16ms
step:3664/4578 train_loss:3.4229 train_time:983497ms step_avg:269.16ms
step:3665/4578 train_loss:3.3102 train_time:983763ms step_avg:269.16ms
step:3666/4578 train_loss:3.2025 train_time:984035ms step_avg:269.16ms
step:3667/4578 train_loss:3.5506 train_time:984307ms step_avg:269.16ms
step:3668/4578 train_loss:3.2722 train_time:984572ms step_avg:269.16ms
step:3669/4578 train_loss:3.4485 train_time:984836ms step_avg:269.15ms
step:3670/4578 train_loss:3.3532 train_time:985106ms step_avg:269.15ms
step:3671/4578 train_loss:3.5169 train_time:985375ms step_avg:269.15ms
step:3672/4578 train_loss:3.4812 train_time:985641ms step_avg:269.15ms
step:3673/4578 train_loss:3.3040 train_time:985914ms step_avg:269.15ms
step:3674/4578 train_loss:3.2019 train_time:986181ms step_avg:269.15ms
step:3675/4578 train_loss:3.3168 train_time:986446ms step_avg:269.15ms
step:3676/4578 train_loss:3.4190 train_time:986720ms step_avg:269.15ms
step:3677/4578 train_loss:3.3067 train_time:986988ms step_avg:269.15ms
step:3678/4578 train_loss:3.4515 train_time:987254ms step_avg:269.15ms
step:3679/4578 train_loss:3.3255 train_time:987520ms step_avg:269.15ms
step:3680/4578 train_loss:3.2327 train_time:987794ms step_avg:269.15ms
step:3681/4578 train_loss:3.3215 train_time:988070ms step_avg:269.16ms
step:3682/4578 train_loss:3.4794 train_time:988326ms step_avg:269.15ms
step:3683/4578 train_loss:3.6140 train_time:988599ms step_avg:269.15ms
step:3684/4578 train_loss:3.2966 train_time:988864ms step_avg:269.15ms
step:3685/4578 train_loss:3.5167 train_time:989135ms step_avg:269.15ms
step:3686/4578 train_loss:3.5744 train_time:989398ms step_avg:269.15ms
step:3687/4578 train_loss:3.1697 train_time:989670ms step_avg:269.15ms
step:3688/4578 train_loss:3.5665 train_time:989935ms step_avg:269.15ms
step:3689/4578 train_loss:3.2091 train_time:990202ms step_avg:269.15ms
step:3690/4578 train_loss:3.3511 train_time:990474ms step_avg:269.15ms
step:3691/4578 train_loss:3.3055 train_time:990744ms step_avg:269.15ms
step:3692/4578 train_loss:3.1848 train_time:991032ms step_avg:269.16ms
step:3693/4578 train_loss:3.3312 train_time:991302ms step_avg:269.16ms
step:3694/4578 train_loss:3.3863 train_time:991568ms step_avg:269.16ms
step:3695/4578 train_loss:3.3860 train_time:991835ms step_avg:269.15ms
step:3696/4578 train_loss:3.5325 train_time:992107ms step_avg:269.16ms
step:3697/4578 train_loss:3.1262 train_time:992376ms step_avg:269.16ms
step:3698/4578 train_loss:3.3494 train_time:992643ms step_avg:269.15ms
step:3699/4578 train_loss:3.4808 train_time:992908ms step_avg:269.15ms
step:3700/4578 train_loss:3.4293 train_time:993176ms step_avg:269.15ms
step:3701/4578 train_loss:3.4513 train_time:993446ms step_avg:269.15ms
step:3702/4578 train_loss:3.4419 train_time:993712ms step_avg:269.15ms
step:3703/4578 train_loss:3.3897 train_time:993982ms step_avg:269.15ms
step:3704/4578 train_loss:3.1709 train_time:994250ms step_avg:269.15ms
step:3705/4578 train_loss:3.4852 train_time:994522ms step_avg:269.15ms
step:3706/4578 train_loss:3.6188 train_time:994789ms step_avg:269.15ms
step:3707/4578 train_loss:3.5784 train_time:995053ms step_avg:269.15ms
step:3708/4578 train_loss:3.4190 train_time:995347ms step_avg:269.16ms
step:3709/4578 train_loss:3.3450 train_time:995613ms step_avg:269.16ms
step:3710/4578 train_loss:3.6109 train_time:995881ms step_avg:269.16ms
step:3711/4578 train_loss:3.1312 train_time:996152ms step_avg:269.16ms
step:3712/4578 train_loss:3.5079 train_time:996417ms step_avg:269.16ms
step:3713/4578 train_loss:3.2791 train_time:996683ms step_avg:269.16ms
step:3714/4578 train_loss:3.4196 train_time:996953ms step_avg:269.16ms
step:3715/4578 train_loss:3.9035 train_time:997235ms step_avg:269.16ms
step:3716/4578 train_loss:3.7636 train_time:997493ms step_avg:269.16ms
step:3717/4578 train_loss:3.6527 train_time:997757ms step_avg:269.15ms
step:3718/4578 train_loss:3.3438 train_time:998025ms step_avg:269.15ms
step:3719/4578 train_loss:3.1457 train_time:998295ms step_avg:269.15ms
step:3720/4578 train_loss:3.5276 train_time:998561ms step_avg:269.15ms
step:3721/4578 train_loss:3.1607 train_time:998839ms step_avg:269.16ms
step:3722/4578 train_loss:3.4350 train_time:999099ms step_avg:269.15ms
step:3723/4578 train_loss:3.2983 train_time:999367ms step_avg:269.15ms
step:3724/4578 train_loss:3.2742 train_time:999635ms step_avg:269.15ms
step:3725/4578 train_loss:3.5298 train_time:999905ms step_avg:269.15ms
step:3726/4578 train_loss:3.3236 train_time:1000173ms step_avg:269.15ms
step:3727/4578 train_loss:3.5771 train_time:1000439ms step_avg:269.15ms
step:3728/4578 train_loss:3.3351 train_time:1000708ms step_avg:269.15ms
step:3729/4578 train_loss:3.2883 train_time:1000975ms step_avg:269.15ms
step:3730/4578 train_loss:3.4770 train_time:1001240ms step_avg:269.15ms
step:3731/4578 train_loss:3.4815 train_time:1001509ms step_avg:269.15ms
step:3732/4578 train_loss:3.2834 train_time:1001780ms step_avg:269.15ms
step:3733/4578 train_loss:3.1999 train_time:1002050ms step_avg:269.15ms
step:3734/4578 train_loss:3.3983 train_time:1002318ms step_avg:269.15ms
step:3735/4578 train_loss:3.2398 train_time:1002583ms step_avg:269.15ms
step:3736/4578 train_loss:3.2478 train_time:1002859ms step_avg:269.15ms
step:3737/4578 train_loss:3.3468 train_time:1003121ms step_avg:269.15ms
step:3738/4578 train_loss:3.4524 train_time:1003389ms step_avg:269.15ms
step:3739/4578 train_loss:3.2237 train_time:1003655ms step_avg:269.15ms
step:3740/4578 train_loss:3.3343 train_time:1003924ms step_avg:269.15ms
step:3741/4578 train_loss:3.4860 train_time:1004193ms step_avg:269.15ms
step:3742/4578 train_loss:3.3550 train_time:1004463ms step_avg:269.15ms
step:3743/4578 train_loss:3.3685 train_time:1004729ms step_avg:269.15ms
step:3744/4578 train_loss:3.4871 train_time:1005001ms step_avg:269.15ms
step:3745/4578 train_loss:3.2933 train_time:1005266ms step_avg:269.15ms
step:3746/4578 train_loss:3.2236 train_time:1005533ms step_avg:269.15ms
step:3747/4578 train_loss:3.3908 train_time:1005801ms step_avg:269.15ms
step:3748/4578 train_loss:3.3107 train_time:1006073ms step_avg:269.15ms
step:3749/4578 train_loss:3.2355 train_time:1006340ms step_avg:269.15ms
step:3750/4578 train_loss:3.4248 train_time:1006604ms step_avg:269.15ms
step:3750/4578 val_loss:3.3538 train_time:1006832ms step_avg:269.21ms
step:3751/4578 train_loss:3.3867 train_time:1006878ms step_avg:269.15ms
step:3752/4578 train_loss:3.5748 train_time:1007150ms step_avg:269.15ms
step:3753/4578 train_loss:3.2242 train_time:1007412ms step_avg:269.15ms
step:3754/4578 train_loss:3.3631 train_time:1007687ms step_avg:269.15ms
step:3755/4578 train_loss:3.4283 train_time:1007954ms step_avg:269.15ms
step:3756/4578 train_loss:3.5278 train_time:1008223ms step_avg:269.15ms
step:3757/4578 train_loss:3.4283 train_time:1008485ms step_avg:269.14ms
step:3758/4578 train_loss:3.2813 train_time:1008755ms step_avg:269.14ms
step:3759/4578 train_loss:3.5342 train_time:1009032ms step_avg:269.15ms
step:3760/4578 train_loss:3.5069 train_time:1009296ms step_avg:269.15ms
step:3761/4578 train_loss:3.1446 train_time:1009564ms step_avg:269.15ms
step:3762/4578 train_loss:3.3341 train_time:1009832ms step_avg:269.15ms
step:3763/4578 train_loss:3.2844 train_time:1010101ms step_avg:269.14ms
step:3764/4578 train_loss:3.4811 train_time:1010369ms step_avg:269.14ms
step:3765/4578 train_loss:3.2980 train_time:1010636ms step_avg:269.14ms
step:3766/4578 train_loss:3.3669 train_time:1010905ms step_avg:269.14ms
step:3767/4578 train_loss:3.3437 train_time:1011177ms step_avg:269.14ms
step:3768/4578 train_loss:3.2674 train_time:1011440ms step_avg:269.14ms
step:3769/4578 train_loss:3.4512 train_time:1011705ms step_avg:269.14ms
step:3770/4578 train_loss:3.2611 train_time:1011973ms step_avg:269.14ms
step:3771/4578 train_loss:3.2031 train_time:1012239ms step_avg:269.14ms
step:3772/4578 train_loss:3.3787 train_time:1012506ms step_avg:269.14ms
step:3773/4578 train_loss:3.3421 train_time:1012777ms step_avg:269.14ms
step:3774/4578 train_loss:3.3094 train_time:1013043ms step_avg:269.14ms
step:3775/4578 train_loss:3.3999 train_time:1013314ms step_avg:269.14ms
step:3776/4578 train_loss:3.5682 train_time:1013583ms step_avg:269.14ms
step:3777/4578 train_loss:3.4026 train_time:1013851ms step_avg:269.14ms
step:3778/4578 train_loss:3.4668 train_time:1014116ms step_avg:269.14ms
step:3779/4578 train_loss:3.4912 train_time:1014390ms step_avg:269.14ms
step:3780/4578 train_loss:3.3826 train_time:1014655ms step_avg:269.14ms
step:3781/4578 train_loss:3.3439 train_time:1014922ms step_avg:269.14ms
step:3782/4578 train_loss:3.4223 train_time:1015194ms step_avg:269.14ms
step:3783/4578 train_loss:3.4009 train_time:1015464ms step_avg:269.14ms
step:3784/4578 train_loss:3.4246 train_time:1015730ms step_avg:269.14ms
step:3785/4578 train_loss:3.2024 train_time:1016000ms step_avg:269.14ms
step:3786/4578 train_loss:3.2129 train_time:1016275ms step_avg:269.14ms
step:3787/4578 train_loss:3.3943 train_time:1016535ms step_avg:269.14ms
step:3788/4578 train_loss:3.3277 train_time:1016810ms step_avg:269.14ms
step:3789/4578 train_loss:3.2500 train_time:1017078ms step_avg:269.14ms
step:3790/4578 train_loss:3.3274 train_time:1017343ms step_avg:269.14ms
step:3791/4578 train_loss:3.2604 train_time:1017616ms step_avg:269.14ms
step:3792/4578 train_loss:3.4137 train_time:1017876ms step_avg:269.14ms
step:3793/4578 train_loss:3.4296 train_time:1018151ms step_avg:269.14ms
step:3794/4578 train_loss:3.3501 train_time:1018413ms step_avg:269.14ms
step:3795/4578 train_loss:3.2366 train_time:1018679ms step_avg:269.14ms
step:3796/4578 train_loss:3.1278 train_time:1018949ms step_avg:269.14ms
step:3797/4578 train_loss:3.2933 train_time:1019216ms step_avg:269.14ms
step:3798/4578 train_loss:3.2613 train_time:1019484ms step_avg:269.14ms
step:3799/4578 train_loss:3.3385 train_time:1019757ms step_avg:269.14ms
step:3800/4578 train_loss:3.3518 train_time:1020384ms step_avg:269.23ms
step:3801/4578 train_loss:3.2068 train_time:1020588ms step_avg:269.21ms
step:3802/4578 train_loss:3.2493 train_time:1020865ms step_avg:269.22ms
step:3803/4578 train_loss:3.4631 train_time:1021128ms step_avg:269.21ms
step:3804/4578 train_loss:3.4612 train_time:1021395ms step_avg:269.21ms
step:3805/4578 train_loss:3.2850 train_time:1021665ms step_avg:269.21ms
step:3806/4578 train_loss:3.4663 train_time:1021934ms step_avg:269.21ms
step:3807/4578 train_loss:3.5046 train_time:1022203ms step_avg:269.21ms
step:3808/4578 train_loss:3.3640 train_time:1022468ms step_avg:269.21ms
step:3809/4578 train_loss:3.2381 train_time:1022736ms step_avg:269.21ms
step:3810/4578 train_loss:3.3283 train_time:1023011ms step_avg:269.21ms
step:3811/4578 train_loss:3.4180 train_time:1023276ms step_avg:269.21ms
step:3812/4578 train_loss:3.2216 train_time:1023540ms step_avg:269.21ms
step:3813/4578 train_loss:3.5541 train_time:1023805ms step_avg:269.21ms
step:3814/4578 train_loss:3.3732 train_time:1024074ms step_avg:269.21ms
step:3815/4578 train_loss:3.1101 train_time:1024346ms step_avg:269.21ms
step:3816/4578 train_loss:3.6240 train_time:1024610ms step_avg:269.21ms
step:3817/4578 train_loss:3.4233 train_time:1024880ms step_avg:269.21ms
step:3818/4578 train_loss:3.4421 train_time:1025148ms step_avg:269.21ms
step:3819/4578 train_loss:3.2482 train_time:1025419ms step_avg:269.21ms
step:3820/4578 train_loss:3.3119 train_time:1025685ms step_avg:269.21ms
step:3821/4578 train_loss:3.2997 train_time:1025955ms step_avg:269.21ms
step:3822/4578 train_loss:3.4033 train_time:1026220ms step_avg:269.21ms
step:3823/4578 train_loss:3.1997 train_time:1026500ms step_avg:269.21ms
step:3824/4578 train_loss:3.3182 train_time:1026767ms step_avg:269.21ms
step:3825/4578 train_loss:3.3209 train_time:1027033ms step_avg:269.21ms
step:3826/4578 train_loss:3.5314 train_time:1027303ms step_avg:269.21ms
step:3827/4578 train_loss:3.3924 train_time:1027567ms step_avg:269.21ms
step:3828/4578 train_loss:3.9691 train_time:1027831ms step_avg:269.21ms
step:3829/4578 train_loss:3.4108 train_time:1028098ms step_avg:269.21ms
step:3830/4578 train_loss:3.2919 train_time:1028368ms step_avg:269.21ms
step:3831/4578 train_loss:3.3314 train_time:1028637ms step_avg:269.21ms
step:3832/4578 train_loss:3.5907 train_time:1028902ms step_avg:269.21ms
step:3833/4578 train_loss:3.2579 train_time:1029176ms step_avg:269.21ms
step:3834/4578 train_loss:3.3902 train_time:1029444ms step_avg:269.21ms
step:3835/4578 train_loss:3.3016 train_time:1029711ms step_avg:269.21ms
step:3836/4578 train_loss:3.0714 train_time:1029983ms step_avg:269.21ms
step:3837/4578 train_loss:3.5429 train_time:1030250ms step_avg:269.21ms
step:3838/4578 train_loss:3.4378 train_time:1030525ms step_avg:269.21ms
step:3839/4578 train_loss:3.3303 train_time:1030798ms step_avg:269.21ms
step:3840/4578 train_loss:3.4247 train_time:1031070ms step_avg:269.21ms
step:3841/4578 train_loss:3.4558 train_time:1031329ms step_avg:269.21ms
step:3842/4578 train_loss:3.2991 train_time:1031600ms step_avg:269.21ms
step:3843/4578 train_loss:3.2658 train_time:1031867ms step_avg:269.21ms
step:3844/4578 train_loss:3.5628 train_time:1032134ms step_avg:269.21ms
step:3845/4578 train_loss:3.3067 train_time:1032407ms step_avg:269.21ms
step:3846/4578 train_loss:3.1244 train_time:1032665ms step_avg:269.20ms
step:3847/4578 train_loss:3.4774 train_time:1032932ms step_avg:269.20ms
step:3848/4578 train_loss:3.2841 train_time:1033199ms step_avg:269.20ms
step:3849/4578 train_loss:3.3558 train_time:1033467ms step_avg:269.20ms
step:3850/4578 train_loss:3.3529 train_time:1033736ms step_avg:269.20ms
step:3851/4578 train_loss:3.2836 train_time:1034006ms step_avg:269.20ms
step:3852/4578 train_loss:3.4120 train_time:1034272ms step_avg:269.20ms
step:3853/4578 train_loss:3.1581 train_time:1034542ms step_avg:269.20ms
step:3854/4578 train_loss:3.1317 train_time:1034821ms step_avg:269.20ms
step:3855/4578 train_loss:3.3563 train_time:1035084ms step_avg:269.20ms
step:3856/4578 train_loss:3.3458 train_time:1035346ms step_avg:269.20ms
step:3857/4578 train_loss:3.2857 train_time:1035624ms step_avg:269.20ms
step:3858/4578 train_loss:3.3619 train_time:1035887ms step_avg:269.20ms
step:3859/4578 train_loss:3.3112 train_time:1036153ms step_avg:269.20ms
step:3860/4578 train_loss:3.4190 train_time:1036418ms step_avg:269.20ms
step:3861/4578 train_loss:3.6063 train_time:1036688ms step_avg:269.20ms
step:3862/4578 train_loss:3.4042 train_time:1036956ms step_avg:269.20ms
step:3863/4578 train_loss:3.4103 train_time:1037223ms step_avg:269.20ms
step:3864/4578 train_loss:3.4188 train_time:1037493ms step_avg:269.20ms
step:3865/4578 train_loss:3.3767 train_time:1037758ms step_avg:269.20ms
step:3866/4578 train_loss:3.4633 train_time:1038027ms step_avg:269.20ms
step:3867/4578 train_loss:3.2978 train_time:1038297ms step_avg:269.20ms
step:3868/4578 train_loss:3.4512 train_time:1038568ms step_avg:269.20ms
step:3869/4578 train_loss:3.6660 train_time:1038832ms step_avg:269.20ms
step:3870/4578 train_loss:3.4711 train_time:1039098ms step_avg:269.20ms
step:3871/4578 train_loss:3.3325 train_time:1039373ms step_avg:269.20ms
step:3872/4578 train_loss:3.4458 train_time:1039633ms step_avg:269.20ms
step:3873/4578 train_loss:3.3647 train_time:1039908ms step_avg:269.20ms
step:3874/4578 train_loss:3.4985 train_time:1040171ms step_avg:269.20ms
step:3875/4578 train_loss:3.3699 train_time:1040450ms step_avg:269.20ms
step:3875/4578 val_loss:3.3393 train_time:1040666ms step_avg:269.25ms
step:3876/4578 train_loss:3.4176 train_time:1040710ms step_avg:269.20ms
step:3877/4578 train_loss:3.3678 train_time:1040979ms step_avg:269.20ms
step:3878/4578 train_loss:3.4063 train_time:1041252ms step_avg:269.20ms
step:3879/4578 train_loss:3.3288 train_time:1041515ms step_avg:269.19ms
step:3880/4578 train_loss:3.2825 train_time:1041784ms step_avg:269.19ms
step:3881/4578 train_loss:3.3134 train_time:1042053ms step_avg:269.19ms
step:3882/4578 train_loss:3.2824 train_time:1042320ms step_avg:269.19ms
step:3883/4578 train_loss:3.2693 train_time:1042588ms step_avg:269.19ms
step:3884/4578 train_loss:3.2636 train_time:1042856ms step_avg:269.19ms
step:3885/4578 train_loss:3.2561 train_time:1043122ms step_avg:269.19ms
step:3886/4578 train_loss:3.2199 train_time:1043392ms step_avg:269.19ms
step:3887/4578 train_loss:3.3142 train_time:1043661ms step_avg:269.19ms
step:3888/4578 train_loss:3.3375 train_time:1043930ms step_avg:269.19ms
step:3889/4578 train_loss:3.3791 train_time:1044203ms step_avg:269.19ms
step:3890/4578 train_loss:3.1757 train_time:1044465ms step_avg:269.19ms
step:3891/4578 train_loss:3.4262 train_time:1044739ms step_avg:269.19ms
step:3892/4578 train_loss:3.3556 train_time:1045002ms step_avg:269.19ms
step:3893/4578 train_loss:3.7665 train_time:1045267ms step_avg:269.19ms
step:3894/4578 train_loss:3.2477 train_time:1045535ms step_avg:269.19ms
step:3895/4578 train_loss:3.3781 train_time:1045804ms step_avg:269.19ms
step:3896/4578 train_loss:3.5102 train_time:1046077ms step_avg:269.19ms
step:3897/4578 train_loss:3.8922 train_time:1046340ms step_avg:269.19ms
step:3898/4578 train_loss:3.1236 train_time:1046610ms step_avg:269.19ms
step:3899/4578 train_loss:3.3894 train_time:1046876ms step_avg:269.19ms
step:3900/4578 train_loss:3.5308 train_time:1047143ms step_avg:269.19ms
step:3901/4578 train_loss:3.4236 train_time:1047412ms step_avg:269.19ms
step:3902/4578 train_loss:3.5181 train_time:1047681ms step_avg:269.19ms
step:3903/4578 train_loss:3.3281 train_time:1047955ms step_avg:269.19ms
step:3904/4578 train_loss:3.3181 train_time:1048217ms step_avg:269.19ms
step:3905/4578 train_loss:3.2734 train_time:1048483ms step_avg:269.19ms
step:3906/4578 train_loss:3.3063 train_time:1048750ms step_avg:269.19ms
step:3907/4578 train_loss:3.4515 train_time:1049021ms step_avg:269.19ms
step:3908/4578 train_loss:3.4083 train_time:1049288ms step_avg:269.19ms
step:3909/4578 train_loss:3.3893 train_time:1049556ms step_avg:269.19ms
step:3910/4578 train_loss:3.3470 train_time:1049823ms step_avg:269.19ms
step:3911/4578 train_loss:3.2713 train_time:1050092ms step_avg:269.19ms
step:3912/4578 train_loss:3.2746 train_time:1050360ms step_avg:269.18ms
step:3913/4578 train_loss:3.2987 train_time:1050634ms step_avg:269.19ms
step:3914/4578 train_loss:3.5802 train_time:1050896ms step_avg:269.18ms
step:3915/4578 train_loss:3.2870 train_time:1051162ms step_avg:269.18ms
step:3916/4578 train_loss:3.2016 train_time:1051435ms step_avg:269.18ms
step:3917/4578 train_loss:3.2291 train_time:1051703ms step_avg:269.18ms
step:3918/4578 train_loss:3.3753 train_time:1051976ms step_avg:269.19ms
step:3919/4578 train_loss:3.6312 train_time:1052233ms step_avg:269.18ms
step:3920/4578 train_loss:3.2683 train_time:1052504ms step_avg:269.18ms
step:3921/4578 train_loss:3.2076 train_time:1052770ms step_avg:269.18ms
step:3922/4578 train_loss:3.4136 train_time:1053041ms step_avg:269.18ms
step:3923/4578 train_loss:3.2902 train_time:1053307ms step_avg:269.18ms
step:3924/4578 train_loss:3.3630 train_time:1053574ms step_avg:269.18ms
step:3925/4578 train_loss:3.4199 train_time:1053848ms step_avg:269.18ms
step:3926/4578 train_loss:3.4449 train_time:1054110ms step_avg:269.18ms
step:3927/4578 train_loss:3.3119 train_time:1054382ms step_avg:269.18ms
step:3928/4578 train_loss:3.3985 train_time:1054646ms step_avg:269.18ms
step:3929/4578 train_loss:3.3058 train_time:1054913ms step_avg:269.18ms
step:3930/4578 train_loss:3.6217 train_time:1055182ms step_avg:269.18ms
step:3931/4578 train_loss:3.3829 train_time:1055456ms step_avg:269.18ms
step:3932/4578 train_loss:3.4412 train_time:1055723ms step_avg:269.18ms
step:3933/4578 train_loss:3.3547 train_time:1055995ms step_avg:269.18ms
step:3934/4578 train_loss:3.3612 train_time:1056264ms step_avg:269.18ms
step:3935/4578 train_loss:3.4189 train_time:1056526ms step_avg:269.18ms
step:3936/4578 train_loss:3.4630 train_time:1056792ms step_avg:269.18ms
step:3937/4578 train_loss:3.4096 train_time:1057063ms step_avg:269.18ms
step:3938/4578 train_loss:3.4395 train_time:1057332ms step_avg:269.18ms
step:3939/4578 train_loss:3.3356 train_time:1057602ms step_avg:269.18ms
step:3940/4578 train_loss:3.2855 train_time:1057872ms step_avg:269.18ms
step:3941/4578 train_loss:3.2784 train_time:1058142ms step_avg:269.18ms
step:3942/4578 train_loss:3.4049 train_time:1058405ms step_avg:269.18ms
step:3943/4578 train_loss:3.6011 train_time:1058673ms step_avg:269.18ms
step:3944/4578 train_loss:3.4104 train_time:1058940ms step_avg:269.18ms
step:3945/4578 train_loss:3.0946 train_time:1059223ms step_avg:269.18ms
step:3946/4578 train_loss:3.3722 train_time:1059480ms step_avg:269.18ms
step:3947/4578 train_loss:3.2015 train_time:1059756ms step_avg:269.18ms
step:3948/4578 train_loss:3.2831 train_time:1060024ms step_avg:269.18ms
step:3949/4578 train_loss:3.1928 train_time:1060292ms step_avg:269.18ms
step:3950/4578 train_loss:3.4066 train_time:1060560ms step_avg:269.18ms
step:3951/4578 train_loss:3.3604 train_time:1060828ms step_avg:269.18ms
step:3952/4578 train_loss:3.0555 train_time:1061089ms step_avg:269.18ms
step:3953/4578 train_loss:3.2151 train_time:1061353ms step_avg:269.17ms
step:3954/4578 train_loss:3.4164 train_time:1061624ms step_avg:269.17ms
step:3955/4578 train_loss:3.3045 train_time:1061889ms step_avg:269.17ms
step:3956/4578 train_loss:3.2493 train_time:1062162ms step_avg:269.17ms
step:3957/4578 train_loss:3.2872 train_time:1062434ms step_avg:269.18ms
step:3958/4578 train_loss:3.0276 train_time:1062698ms step_avg:269.17ms
step:3959/4578 train_loss:3.3478 train_time:1062966ms step_avg:269.17ms
step:3960/4578 train_loss:3.4217 train_time:1063235ms step_avg:269.17ms
step:3961/4578 train_loss:3.2747 train_time:1063508ms step_avg:269.17ms
step:3962/4578 train_loss:3.3952 train_time:1063772ms step_avg:269.17ms
step:3963/4578 train_loss:3.4597 train_time:1064049ms step_avg:269.17ms
step:3964/4578 train_loss:3.3802 train_time:1064311ms step_avg:269.17ms
step:3965/4578 train_loss:3.2187 train_time:1064574ms step_avg:269.17ms
step:3966/4578 train_loss:3.3936 train_time:1064843ms step_avg:269.17ms
step:3967/4578 train_loss:3.4218 train_time:1065110ms step_avg:269.17ms
step:3968/4578 train_loss:3.2478 train_time:1065380ms step_avg:269.17ms
step:3969/4578 train_loss:3.3764 train_time:1065651ms step_avg:269.17ms
step:3970/4578 train_loss:3.3130 train_time:1065920ms step_avg:269.17ms
step:3971/4578 train_loss:3.5487 train_time:1066186ms step_avg:269.17ms
step:3972/4578 train_loss:3.3606 train_time:1066457ms step_avg:269.17ms
step:3973/4578 train_loss:3.4322 train_time:1066726ms step_avg:269.17ms
step:3974/4578 train_loss:3.3973 train_time:1066999ms step_avg:269.17ms
step:3975/4578 train_loss:3.3383 train_time:1067269ms step_avg:269.17ms
step:3976/4578 train_loss:3.4487 train_time:1067528ms step_avg:269.17ms
step:3977/4578 train_loss:3.2227 train_time:1067796ms step_avg:269.17ms
step:3978/4578 train_loss:3.3711 train_time:1068079ms step_avg:269.17ms
step:3979/4578 train_loss:3.4563 train_time:1068338ms step_avg:269.17ms
step:3980/4578 train_loss:3.3561 train_time:1068607ms step_avg:269.17ms
step:3981/4578 train_loss:3.3679 train_time:1068877ms step_avg:269.17ms
step:3982/4578 train_loss:3.7629 train_time:1069142ms step_avg:269.17ms
step:3983/4578 train_loss:3.2731 train_time:1069410ms step_avg:269.17ms
step:3984/4578 train_loss:3.3725 train_time:1069685ms step_avg:269.17ms
step:3985/4578 train_loss:3.3008 train_time:1069950ms step_avg:269.17ms
step:3986/4578 train_loss:3.4261 train_time:1070218ms step_avg:269.17ms
step:3987/4578 train_loss:3.2897 train_time:1070489ms step_avg:269.17ms
step:3988/4578 train_loss:3.3725 train_time:1070755ms step_avg:269.17ms
step:3989/4578 train_loss:2.5641 train_time:1071024ms step_avg:269.17ms
step:3990/4578 train_loss:3.3039 train_time:1071628ms step_avg:269.25ms
step:3991/4578 train_loss:3.3303 train_time:1071838ms step_avg:269.24ms
step:3992/4578 train_loss:3.2140 train_time:1072100ms step_avg:269.24ms
step:3993/4578 train_loss:3.3447 train_time:1072372ms step_avg:269.24ms
step:3994/4578 train_loss:3.5756 train_time:1072640ms step_avg:269.24ms
step:3995/4578 train_loss:3.1578 train_time:1072912ms step_avg:269.24ms
step:3996/4578 train_loss:3.2174 train_time:1073175ms step_avg:269.24ms
step:3997/4578 train_loss:3.3707 train_time:1073446ms step_avg:269.24ms
step:3998/4578 train_loss:3.2809 train_time:1073724ms step_avg:269.24ms
step:3999/4578 train_loss:3.2143 train_time:1073988ms step_avg:269.24ms
step:4000/4578 train_loss:3.4670 train_time:1074250ms step_avg:269.24ms
step:4000/4578 val_loss:3.3236 train_time:1074476ms step_avg:269.29ms
step:4001/4578 train_loss:3.3476 train_time:1074519ms step_avg:269.24ms
step:4002/4578 train_loss:3.6377 train_time:1074784ms step_avg:269.23ms
step:4003/4578 train_loss:3.2134 train_time:1075054ms step_avg:269.23ms
step:4004/4578 train_loss:3.3695 train_time:1075320ms step_avg:269.23ms
step:4005/4578 train_loss:3.3192 train_time:1075589ms step_avg:269.23ms
step:4006/4578 train_loss:3.2903 train_time:1075858ms step_avg:269.23ms
step:4007/4578 train_loss:3.2046 train_time:1076130ms step_avg:269.23ms
step:4008/4578 train_loss:3.4128 train_time:1076397ms step_avg:269.23ms
step:4009/4578 train_loss:3.2689 train_time:1076666ms step_avg:269.23ms
step:4010/4578 train_loss:3.3249 train_time:1076934ms step_avg:269.23ms
step:4011/4578 train_loss:3.3323 train_time:1077208ms step_avg:269.23ms
step:4012/4578 train_loss:3.1541 train_time:1077475ms step_avg:269.23ms
step:4013/4578 train_loss:3.4142 train_time:1077744ms step_avg:269.23ms
step:4014/4578 train_loss:3.3407 train_time:1078005ms step_avg:269.23ms
step:4015/4578 train_loss:3.3215 train_time:1078273ms step_avg:269.23ms
step:4016/4578 train_loss:3.4225 train_time:1078544ms step_avg:269.23ms
step:4017/4578 train_loss:3.5490 train_time:1078809ms step_avg:269.23ms
step:4018/4578 train_loss:3.1417 train_time:1079079ms step_avg:269.23ms
step:4019/4578 train_loss:3.4131 train_time:1079349ms step_avg:269.23ms
step:4020/4578 train_loss:3.2192 train_time:1079615ms step_avg:269.23ms
step:4021/4578 train_loss:3.4758 train_time:1079888ms step_avg:269.23ms
step:4022/4578 train_loss:3.5450 train_time:1080157ms step_avg:269.23ms
step:4023/4578 train_loss:3.5336 train_time:1080423ms step_avg:269.23ms
step:4024/4578 train_loss:3.4039 train_time:1080690ms step_avg:269.23ms
step:4025/4578 train_loss:3.3168 train_time:1080961ms step_avg:269.23ms
step:4026/4578 train_loss:3.1352 train_time:1081229ms step_avg:269.23ms
step:4027/4578 train_loss:3.4206 train_time:1081493ms step_avg:269.23ms
step:4028/4578 train_loss:3.3775 train_time:1081763ms step_avg:269.23ms
step:4029/4578 train_loss:3.2564 train_time:1082035ms step_avg:269.23ms
step:4030/4578 train_loss:3.2263 train_time:1082303ms step_avg:269.23ms
step:4031/4578 train_loss:3.3063 train_time:1082570ms step_avg:269.23ms
step:4032/4578 train_loss:3.4054 train_time:1082836ms step_avg:269.23ms
step:4033/4578 train_loss:3.3751 train_time:1083107ms step_avg:269.23ms
step:4034/4578 train_loss:3.3255 train_time:1083376ms step_avg:269.23ms
step:4035/4578 train_loss:3.2992 train_time:1083641ms step_avg:269.23ms
step:4036/4578 train_loss:3.2483 train_time:1083911ms step_avg:269.23ms
step:4037/4578 train_loss:3.3988 train_time:1084181ms step_avg:269.23ms
step:4038/4578 train_loss:3.3011 train_time:1084447ms step_avg:269.23ms
step:4039/4578 train_loss:3.3457 train_time:1084714ms step_avg:269.23ms
step:4040/4578 train_loss:3.2710 train_time:1084983ms step_avg:269.23ms
step:4041/4578 train_loss:3.3069 train_time:1085255ms step_avg:269.23ms
step:4042/4578 train_loss:3.4819 train_time:1085521ms step_avg:269.23ms
step:4043/4578 train_loss:3.3669 train_time:1085789ms step_avg:269.23ms
step:4044/4578 train_loss:3.3515 train_time:1086058ms step_avg:269.23ms
step:4045/4578 train_loss:3.4708 train_time:1086327ms step_avg:269.23ms
step:4046/4578 train_loss:3.2806 train_time:1086597ms step_avg:269.23ms
step:4047/4578 train_loss:3.3617 train_time:1086865ms step_avg:269.23ms
step:4048/4578 train_loss:3.5225 train_time:1087130ms step_avg:269.22ms
step:4049/4578 train_loss:3.3061 train_time:1087401ms step_avg:269.23ms
step:4050/4578 train_loss:3.4174 train_time:1087676ms step_avg:269.23ms
step:4051/4578 train_loss:3.1461 train_time:1087935ms step_avg:269.22ms
step:4052/4578 train_loss:3.1422 train_time:1088203ms step_avg:269.22ms
step:4053/4578 train_loss:3.4486 train_time:1088469ms step_avg:269.22ms
step:4054/4578 train_loss:3.2588 train_time:1088736ms step_avg:269.22ms
step:4055/4578 train_loss:3.4399 train_time:1089005ms step_avg:269.22ms
step:4056/4578 train_loss:3.4730 train_time:1089275ms step_avg:269.22ms
step:4057/4578 train_loss:3.2806 train_time:1089541ms step_avg:269.22ms
step:4058/4578 train_loss:3.1269 train_time:1089809ms step_avg:269.22ms
step:4059/4578 train_loss:3.4018 train_time:1090080ms step_avg:269.22ms
step:4060/4578 train_loss:3.1840 train_time:1090352ms step_avg:269.22ms
step:4061/4578 train_loss:3.3046 train_time:1090617ms step_avg:269.22ms
step:4062/4578 train_loss:3.4990 train_time:1090885ms step_avg:269.22ms
step:4063/4578 train_loss:3.5199 train_time:1091154ms step_avg:269.22ms
step:4064/4578 train_loss:2.7671 train_time:1091429ms step_avg:269.22ms
step:4065/4578 train_loss:3.2893 train_time:1091691ms step_avg:269.22ms
step:4066/4578 train_loss:3.0956 train_time:1091961ms step_avg:269.22ms
step:4067/4578 train_loss:3.5207 train_time:1092230ms step_avg:269.22ms
step:4068/4578 train_loss:3.3165 train_time:1092496ms step_avg:269.22ms
step:4069/4578 train_loss:3.3742 train_time:1092762ms step_avg:269.22ms
step:4070/4578 train_loss:3.3513 train_time:1093032ms step_avg:269.22ms
step:4071/4578 train_loss:3.1750 train_time:1093304ms step_avg:269.22ms
step:4072/4578 train_loss:3.5402 train_time:1093578ms step_avg:269.22ms
step:4073/4578 train_loss:3.4038 train_time:1093848ms step_avg:269.22ms
step:4074/4578 train_loss:3.3924 train_time:1094113ms step_avg:269.22ms
step:4075/4578 train_loss:3.3910 train_time:1094380ms step_avg:269.22ms
step:4076/4578 train_loss:3.3360 train_time:1094650ms step_avg:269.22ms
step:4077/4578 train_loss:3.2036 train_time:1094912ms step_avg:269.22ms
step:4078/4578 train_loss:3.4207 train_time:1095179ms step_avg:269.22ms
step:4079/4578 train_loss:3.4035 train_time:1095445ms step_avg:269.22ms
step:4080/4578 train_loss:3.1553 train_time:1095716ms step_avg:269.22ms
step:4081/4578 train_loss:3.3884 train_time:1095985ms step_avg:269.22ms
step:4082/4578 train_loss:3.2547 train_time:1096252ms step_avg:269.22ms
step:4083/4578 train_loss:3.2733 train_time:1096519ms step_avg:269.22ms
step:4084/4578 train_loss:3.4035 train_time:1096787ms step_avg:269.22ms
step:4085/4578 train_loss:3.4019 train_time:1097057ms step_avg:269.22ms
step:4086/4578 train_loss:3.2688 train_time:1097326ms step_avg:269.22ms
step:4087/4578 train_loss:3.4149 train_time:1097593ms step_avg:269.22ms
step:4088/4578 train_loss:3.4427 train_time:1097861ms step_avg:269.22ms
step:4089/4578 train_loss:3.3306 train_time:1098130ms step_avg:269.22ms
step:4090/4578 train_loss:3.3773 train_time:1098404ms step_avg:269.22ms
step:4091/4578 train_loss:3.2426 train_time:1098667ms step_avg:269.22ms
step:4092/4578 train_loss:3.3419 train_time:1098936ms step_avg:269.22ms
step:4093/4578 train_loss:3.3267 train_time:1099203ms step_avg:269.21ms
step:4094/4578 train_loss:3.6187 train_time:1099473ms step_avg:269.21ms
step:4095/4578 train_loss:3.3835 train_time:1099740ms step_avg:269.21ms
step:4096/4578 train_loss:3.2244 train_time:1100017ms step_avg:269.22ms
step:4097/4578 train_loss:3.3928 train_time:1100278ms step_avg:269.21ms
step:4098/4578 train_loss:3.1639 train_time:1100544ms step_avg:269.21ms
step:4099/4578 train_loss:3.2297 train_time:1100812ms step_avg:269.21ms
step:4100/4578 train_loss:3.2180 train_time:1101090ms step_avg:269.22ms
step:4101/4578 train_loss:3.2189 train_time:1101351ms step_avg:269.21ms
step:4102/4578 train_loss:3.4122 train_time:1101616ms step_avg:269.21ms
step:4103/4578 train_loss:3.3842 train_time:1101884ms step_avg:269.21ms
step:4104/4578 train_loss:3.1080 train_time:1102155ms step_avg:269.21ms
step:4105/4578 train_loss:3.2771 train_time:1102419ms step_avg:269.21ms
step:4106/4578 train_loss:3.2700 train_time:1102689ms step_avg:269.21ms
step:4107/4578 train_loss:3.4177 train_time:1102956ms step_avg:269.21ms
step:4108/4578 train_loss:3.3699 train_time:1103225ms step_avg:269.21ms
step:4109/4578 train_loss:3.3245 train_time:1103493ms step_avg:269.21ms
step:4110/4578 train_loss:3.5950 train_time:1103770ms step_avg:269.21ms
step:4111/4578 train_loss:3.5614 train_time:1104038ms step_avg:269.21ms
step:4112/4578 train_loss:3.1285 train_time:1104304ms step_avg:269.21ms
step:4113/4578 train_loss:3.2816 train_time:1104576ms step_avg:269.21ms
step:4114/4578 train_loss:3.1794 train_time:1104841ms step_avg:269.21ms
step:4115/4578 train_loss:3.4351 train_time:1105102ms step_avg:269.21ms
step:4116/4578 train_loss:3.4241 train_time:1105368ms step_avg:269.21ms
step:4117/4578 train_loss:3.8350 train_time:1105640ms step_avg:269.21ms
step:4118/4578 train_loss:3.2433 train_time:1105909ms step_avg:269.21ms
step:4119/4578 train_loss:3.4354 train_time:1106179ms step_avg:269.21ms
step:4120/4578 train_loss:3.3732 train_time:1106449ms step_avg:269.21ms
step:4121/4578 train_loss:3.3488 train_time:1106722ms step_avg:269.21ms
step:4122/4578 train_loss:3.4775 train_time:1106987ms step_avg:269.21ms
step:4123/4578 train_loss:3.3875 train_time:1107258ms step_avg:269.21ms
step:4124/4578 train_loss:3.1493 train_time:1107525ms step_avg:269.21ms
step:4125/4578 train_loss:3.2958 train_time:1107794ms step_avg:269.21ms
step:4125/4578 val_loss:3.3104 train_time:1108019ms step_avg:269.26ms
step:4126/4578 train_loss:3.5524 train_time:1108063ms step_avg:269.21ms
step:4127/4578 train_loss:3.2967 train_time:1108335ms step_avg:269.21ms
step:4128/4578 train_loss:3.3851 train_time:1108600ms step_avg:269.21ms
step:4129/4578 train_loss:3.2724 train_time:1108871ms step_avg:269.21ms
step:4130/4578 train_loss:3.1762 train_time:1109132ms step_avg:269.21ms
step:4131/4578 train_loss:3.4986 train_time:1109400ms step_avg:269.21ms
step:4132/4578 train_loss:3.4467 train_time:1109671ms step_avg:269.21ms
step:4133/4578 train_loss:3.2001 train_time:1109941ms step_avg:269.21ms
step:4134/4578 train_loss:3.5185 train_time:1110205ms step_avg:269.21ms
step:4135/4578 train_loss:3.3835 train_time:1110476ms step_avg:269.21ms
step:4136/4578 train_loss:3.3236 train_time:1110741ms step_avg:269.21ms
step:4137/4578 train_loss:3.4466 train_time:1111011ms step_avg:269.21ms
step:4138/4578 train_loss:3.2398 train_time:1111287ms step_avg:269.21ms
step:4139/4578 train_loss:3.3181 train_time:1111553ms step_avg:269.21ms
step:4140/4578 train_loss:3.4139 train_time:1111821ms step_avg:269.21ms
step:4141/4578 train_loss:3.5042 train_time:1112091ms step_avg:269.21ms
step:4142/4578 train_loss:3.3189 train_time:1112361ms step_avg:269.21ms
step:4143/4578 train_loss:3.3538 train_time:1112626ms step_avg:269.21ms
step:4144/4578 train_loss:3.2893 train_time:1112888ms step_avg:269.20ms
step:4145/4578 train_loss:3.2764 train_time:1113165ms step_avg:269.21ms
step:4146/4578 train_loss:3.3595 train_time:1113432ms step_avg:269.21ms
step:4147/4578 train_loss:3.2419 train_time:1113692ms step_avg:269.20ms
step:4148/4578 train_loss:3.4256 train_time:1113961ms step_avg:269.20ms
step:4149/4578 train_loss:3.2417 train_time:1114232ms step_avg:269.20ms
step:4150/4578 train_loss:3.2036 train_time:1114505ms step_avg:269.20ms
step:4151/4578 train_loss:3.2338 train_time:1114769ms step_avg:269.20ms
step:4152/4578 train_loss:3.1426 train_time:1115036ms step_avg:269.20ms
step:4153/4578 train_loss:3.1451 train_time:1115306ms step_avg:269.20ms
step:4154/4578 train_loss:3.4085 train_time:1115573ms step_avg:269.20ms
step:4155/4578 train_loss:3.5491 train_time:1115842ms step_avg:269.20ms
step:4156/4578 train_loss:3.3533 train_time:1116113ms step_avg:269.20ms
step:4157/4578 train_loss:3.2094 train_time:1116378ms step_avg:269.20ms
step:4158/4578 train_loss:3.3587 train_time:1116649ms step_avg:269.20ms
step:4159/4578 train_loss:3.2778 train_time:1116912ms step_avg:269.20ms
step:4160/4578 train_loss:3.1885 train_time:1117179ms step_avg:269.20ms
step:4161/4578 train_loss:3.4133 train_time:1117451ms step_avg:269.20ms
step:4162/4578 train_loss:3.2648 train_time:1117717ms step_avg:269.20ms
step:4163/4578 train_loss:3.4307 train_time:1117986ms step_avg:269.20ms
step:4164/4578 train_loss:3.1333 train_time:1118252ms step_avg:269.20ms
step:4165/4578 train_loss:3.2114 train_time:1118522ms step_avg:269.20ms
step:4166/4578 train_loss:3.1902 train_time:1118790ms step_avg:269.20ms
step:4167/4578 train_loss:3.3616 train_time:1119070ms step_avg:269.20ms
step:4168/4578 train_loss:3.2921 train_time:1119325ms step_avg:269.20ms
step:4169/4578 train_loss:3.3142 train_time:1119596ms step_avg:269.20ms
step:4170/4578 train_loss:3.1962 train_time:1119863ms step_avg:269.20ms
step:4171/4578 train_loss:3.4136 train_time:1120131ms step_avg:269.20ms
step:4172/4578 train_loss:3.3435 train_time:1120397ms step_avg:269.20ms
step:4173/4578 train_loss:3.4783 train_time:1120666ms step_avg:269.20ms
step:4174/4578 train_loss:3.5618 train_time:1120935ms step_avg:269.20ms
step:4175/4578 train_loss:3.3074 train_time:1121202ms step_avg:269.20ms
step:4176/4578 train_loss:3.4747 train_time:1121475ms step_avg:269.20ms
step:4177/4578 train_loss:3.3483 train_time:1121738ms step_avg:269.20ms
step:4178/4578 train_loss:3.2253 train_time:1122007ms step_avg:269.20ms
step:4179/4578 train_loss:3.4121 train_time:1122274ms step_avg:269.20ms
step:4180/4578 train_loss:3.3315 train_time:1122715ms step_avg:269.24ms
step:4181/4578 train_loss:3.2858 train_time:1122922ms step_avg:269.22ms
step:4182/4578 train_loss:3.3309 train_time:1123195ms step_avg:269.22ms
step:4183/4578 train_loss:3.3709 train_time:1123457ms step_avg:269.22ms
step:4184/4578 train_loss:3.6519 train_time:1123727ms step_avg:269.22ms
step:4185/4578 train_loss:3.3369 train_time:1123993ms step_avg:269.22ms
step:4186/4578 train_loss:3.1722 train_time:1124269ms step_avg:269.22ms
step:4187/4578 train_loss:3.3643 train_time:1124529ms step_avg:269.22ms
step:4188/4578 train_loss:3.3614 train_time:1124803ms step_avg:269.22ms
step:4189/4578 train_loss:3.3143 train_time:1125064ms step_avg:269.22ms
step:4190/4578 train_loss:3.1808 train_time:1125333ms step_avg:269.22ms
step:4191/4578 train_loss:3.4399 train_time:1125603ms step_avg:269.22ms
step:4192/4578 train_loss:3.3019 train_time:1125868ms step_avg:269.22ms
step:4193/4578 train_loss:3.3260 train_time:1126137ms step_avg:269.22ms
step:4194/4578 train_loss:3.4622 train_time:1126408ms step_avg:269.22ms
step:4195/4578 train_loss:3.2299 train_time:1126675ms step_avg:269.22ms
step:4196/4578 train_loss:3.3325 train_time:1126946ms step_avg:269.22ms
step:4197/4578 train_loss:3.7704 train_time:1127209ms step_avg:269.22ms
step:4198/4578 train_loss:2.8062 train_time:1127476ms step_avg:269.22ms
step:4199/4578 train_loss:3.5361 train_time:1127748ms step_avg:269.22ms
step:4200/4578 train_loss:3.4497 train_time:1128016ms step_avg:269.22ms
step:4201/4578 train_loss:3.1664 train_time:1128279ms step_avg:269.21ms
step:4202/4578 train_loss:3.3184 train_time:1128549ms step_avg:269.21ms
step:4203/4578 train_loss:3.3265 train_time:1128820ms step_avg:269.22ms
step:4204/4578 train_loss:3.1709 train_time:1129093ms step_avg:269.22ms
step:4205/4578 train_loss:3.2360 train_time:1129358ms step_avg:269.22ms
step:4206/4578 train_loss:3.2771 train_time:1129635ms step_avg:269.22ms
step:4207/4578 train_loss:4.0566 train_time:1129898ms step_avg:269.22ms
step:4208/4578 train_loss:3.3881 train_time:1130164ms step_avg:269.21ms
step:4209/4578 train_loss:3.4884 train_time:1130431ms step_avg:269.21ms
step:4210/4578 train_loss:3.3251 train_time:1130697ms step_avg:269.21ms
step:4211/4578 train_loss:3.6168 train_time:1130967ms step_avg:269.21ms
step:4212/4578 train_loss:3.3720 train_time:1131239ms step_avg:269.21ms
step:4213/4578 train_loss:3.4277 train_time:1131505ms step_avg:269.21ms
step:4214/4578 train_loss:3.1627 train_time:1131769ms step_avg:269.21ms
step:4215/4578 train_loss:3.2452 train_time:1132039ms step_avg:269.21ms
step:4216/4578 train_loss:3.4067 train_time:1132306ms step_avg:269.21ms
step:4217/4578 train_loss:3.2136 train_time:1132576ms step_avg:269.21ms
step:4218/4578 train_loss:3.3151 train_time:1132841ms step_avg:269.21ms
step:4219/4578 train_loss:3.4192 train_time:1133110ms step_avg:269.21ms
step:4220/4578 train_loss:3.1500 train_time:1133379ms step_avg:269.21ms
step:4221/4578 train_loss:3.2695 train_time:1133647ms step_avg:269.21ms
step:4222/4578 train_loss:3.4001 train_time:1133918ms step_avg:269.21ms
step:4223/4578 train_loss:3.3290 train_time:1134183ms step_avg:269.21ms
step:4224/4578 train_loss:3.5656 train_time:1134450ms step_avg:269.21ms
step:4225/4578 train_loss:3.2801 train_time:1134719ms step_avg:269.21ms
step:4226/4578 train_loss:3.6971 train_time:1134988ms step_avg:269.21ms
step:4227/4578 train_loss:3.4041 train_time:1135254ms step_avg:269.21ms
step:4228/4578 train_loss:3.3390 train_time:1135522ms step_avg:269.21ms
step:4229/4578 train_loss:3.2810 train_time:1135792ms step_avg:269.21ms
step:4230/4578 train_loss:3.2402 train_time:1136061ms step_avg:269.21ms
step:4231/4578 train_loss:3.4111 train_time:1136328ms step_avg:269.21ms
step:4232/4578 train_loss:3.2583 train_time:1136597ms step_avg:269.21ms
step:4233/4578 train_loss:3.3929 train_time:1136863ms step_avg:269.21ms
step:4234/4578 train_loss:3.4870 train_time:1137130ms step_avg:269.21ms
step:4235/4578 train_loss:3.3918 train_time:1137405ms step_avg:269.21ms
step:4236/4578 train_loss:3.2648 train_time:1137668ms step_avg:269.21ms
step:4237/4578 train_loss:3.3910 train_time:1137941ms step_avg:269.21ms
step:4238/4578 train_loss:3.2737 train_time:1138205ms step_avg:269.21ms
step:4239/4578 train_loss:3.2995 train_time:1138473ms step_avg:269.21ms
step:4240/4578 train_loss:3.3380 train_time:1138740ms step_avg:269.21ms
step:4241/4578 train_loss:3.3787 train_time:1139010ms step_avg:269.21ms
step:4242/4578 train_loss:3.2773 train_time:1139278ms step_avg:269.21ms
step:4243/4578 train_loss:3.4373 train_time:1139544ms step_avg:269.20ms
step:4244/4578 train_loss:3.2578 train_time:1139812ms step_avg:269.20ms
step:4245/4578 train_loss:3.2057 train_time:1140084ms step_avg:269.21ms
step:4246/4578 train_loss:3.5727 train_time:1140350ms step_avg:269.20ms
step:4247/4578 train_loss:3.0961 train_time:1140615ms step_avg:269.20ms
step:4248/4578 train_loss:3.0801 train_time:1140885ms step_avg:269.20ms
step:4249/4578 train_loss:3.3353 train_time:1141152ms step_avg:269.20ms
step:4250/4578 train_loss:3.8397 train_time:1141419ms step_avg:269.20ms
step:4250/4578 val_loss:3.2980 train_time:1141646ms step_avg:269.26ms
step:4251/4578 train_loss:3.2310 train_time:1141688ms step_avg:269.20ms
step:4252/4578 train_loss:3.6194 train_time:1141954ms step_avg:269.20ms
step:4253/4578 train_loss:3.3433 train_time:1142221ms step_avg:269.20ms
step:4254/4578 train_loss:3.1858 train_time:1142495ms step_avg:269.20ms
step:4255/4578 train_loss:3.2491 train_time:1142758ms step_avg:269.20ms
step:4256/4578 train_loss:3.1508 train_time:1143027ms step_avg:269.20ms
step:4257/4578 train_loss:3.4433 train_time:1143299ms step_avg:269.20ms
step:4258/4578 train_loss:3.4118 train_time:1143562ms step_avg:269.20ms
step:4259/4578 train_loss:3.3425 train_time:1143839ms step_avg:269.20ms
step:4260/4578 train_loss:3.4276 train_time:1144106ms step_avg:269.20ms
step:4261/4578 train_loss:3.3639 train_time:1144366ms step_avg:269.20ms
step:4262/4578 train_loss:3.3112 train_time:1144638ms step_avg:269.20ms
step:4263/4578 train_loss:3.2974 train_time:1144903ms step_avg:269.20ms
step:4264/4578 train_loss:3.4817 train_time:1145172ms step_avg:269.20ms
step:4265/4578 train_loss:3.1654 train_time:1145442ms step_avg:269.20ms
step:4266/4578 train_loss:3.2552 train_time:1145709ms step_avg:269.20ms
step:4267/4578 train_loss:3.2512 train_time:1145986ms step_avg:269.20ms
step:4268/4578 train_loss:3.2323 train_time:1146247ms step_avg:269.20ms
step:4269/4578 train_loss:3.9867 train_time:1146512ms step_avg:269.20ms
step:4270/4578 train_loss:3.2272 train_time:1146782ms step_avg:269.20ms
step:4271/4578 train_loss:3.3057 train_time:1147051ms step_avg:269.20ms
step:4272/4578 train_loss:3.3505 train_time:1147319ms step_avg:269.20ms
step:4273/4578 train_loss:3.4534 train_time:1147585ms step_avg:269.20ms
step:4274/4578 train_loss:3.4706 train_time:1147863ms step_avg:269.20ms
step:4275/4578 train_loss:3.3245 train_time:1148126ms step_avg:269.20ms
step:4276/4578 train_loss:3.4996 train_time:1148398ms step_avg:269.20ms
step:4277/4578 train_loss:3.2103 train_time:1148674ms step_avg:269.20ms
step:4278/4578 train_loss:3.2186 train_time:1148934ms step_avg:269.20ms
step:4279/4578 train_loss:3.1696 train_time:1149200ms step_avg:269.20ms
step:4280/4578 train_loss:3.2589 train_time:1149477ms step_avg:269.20ms
step:4281/4578 train_loss:3.4219 train_time:1149738ms step_avg:269.20ms
step:4282/4578 train_loss:3.4011 train_time:1150007ms step_avg:269.20ms
step:4283/4578 train_loss:3.3157 train_time:1150275ms step_avg:269.20ms
step:4284/4578 train_loss:3.4126 train_time:1150541ms step_avg:269.20ms
step:4285/4578 train_loss:3.3680 train_time:1150804ms step_avg:269.19ms
step:4286/4578 train_loss:3.3358 train_time:1151071ms step_avg:269.19ms
step:4287/4578 train_loss:3.1982 train_time:1151343ms step_avg:269.19ms
step:4288/4578 train_loss:3.3867 train_time:1151605ms step_avg:269.19ms
step:4289/4578 train_loss:3.3353 train_time:1151872ms step_avg:269.19ms
step:4290/4578 train_loss:3.3555 train_time:1152143ms step_avg:269.19ms
step:4291/4578 train_loss:3.2687 train_time:1152411ms step_avg:269.19ms
step:4292/4578 train_loss:3.3515 train_time:1152680ms step_avg:269.19ms
step:4293/4578 train_loss:3.3165 train_time:1152949ms step_avg:269.19ms
step:4294/4578 train_loss:3.1876 train_time:1153220ms step_avg:269.19ms
step:4295/4578 train_loss:3.4669 train_time:1153485ms step_avg:269.19ms
step:4296/4578 train_loss:3.3421 train_time:1153753ms step_avg:269.19ms
step:4297/4578 train_loss:3.2759 train_time:1154022ms step_avg:269.19ms
step:4298/4578 train_loss:3.3413 train_time:1154297ms step_avg:269.19ms
step:4299/4578 train_loss:3.4727 train_time:1154560ms step_avg:269.19ms
step:4300/4578 train_loss:3.2022 train_time:1154838ms step_avg:269.19ms
step:4301/4578 train_loss:3.1883 train_time:1155104ms step_avg:269.19ms
step:4302/4578 train_loss:3.2910 train_time:1155370ms step_avg:269.19ms
step:4303/4578 train_loss:3.2612 train_time:1155638ms step_avg:269.19ms
step:4304/4578 train_loss:3.2686 train_time:1155913ms step_avg:269.19ms
step:4305/4578 train_loss:3.3830 train_time:1156174ms step_avg:269.19ms
step:4306/4578 train_loss:3.2248 train_time:1156441ms step_avg:269.19ms
step:4307/4578 train_loss:4.1982 train_time:1156702ms step_avg:269.19ms
step:4308/4578 train_loss:3.3229 train_time:1156970ms step_avg:269.19ms
step:4309/4578 train_loss:3.3257 train_time:1157240ms step_avg:269.19ms
step:4310/4578 train_loss:3.4258 train_time:1157510ms step_avg:269.19ms
step:4311/4578 train_loss:3.6021 train_time:1157775ms step_avg:269.19ms
step:4312/4578 train_loss:3.2504 train_time:1158040ms step_avg:269.19ms
step:4313/4578 train_loss:3.1467 train_time:1158308ms step_avg:269.19ms
step:4314/4578 train_loss:3.4533 train_time:1158575ms step_avg:269.19ms
step:4315/4578 train_loss:3.2840 train_time:1158843ms step_avg:269.19ms
step:4316/4578 train_loss:3.3380 train_time:1159111ms step_avg:269.18ms
step:4317/4578 train_loss:3.2330 train_time:1159383ms step_avg:269.19ms
step:4318/4578 train_loss:3.1980 train_time:1159650ms step_avg:269.19ms
step:4319/4578 train_loss:3.4557 train_time:1159920ms step_avg:269.19ms
step:4320/4578 train_loss:3.4591 train_time:1160192ms step_avg:269.19ms
step:4321/4578 train_loss:3.2582 train_time:1160453ms step_avg:269.18ms
step:4322/4578 train_loss:3.3587 train_time:1160727ms step_avg:269.19ms
step:4323/4578 train_loss:3.3554 train_time:1160991ms step_avg:269.18ms
step:4324/4578 train_loss:3.1776 train_time:1161258ms step_avg:269.18ms
step:4325/4578 train_loss:3.0335 train_time:1161532ms step_avg:269.18ms
step:4326/4578 train_loss:3.1547 train_time:1161798ms step_avg:269.18ms
step:4327/4578 train_loss:3.1373 train_time:1162073ms step_avg:269.19ms
step:4328/4578 train_loss:3.2639 train_time:1162333ms step_avg:269.18ms
step:4329/4578 train_loss:3.1986 train_time:1162613ms step_avg:269.19ms
step:4330/4578 train_loss:3.1329 train_time:1162877ms step_avg:269.18ms
step:4331/4578 train_loss:3.3954 train_time:1163141ms step_avg:269.18ms
step:4332/4578 train_loss:3.2577 train_time:1163405ms step_avg:269.18ms
step:4333/4578 train_loss:3.4696 train_time:1163673ms step_avg:269.18ms
step:4334/4578 train_loss:4.0825 train_time:1163940ms step_avg:269.18ms
step:4335/4578 train_loss:3.2752 train_time:1164211ms step_avg:269.18ms
step:4336/4578 train_loss:3.3922 train_time:1164476ms step_avg:269.18ms
step:4337/4578 train_loss:3.4874 train_time:1164745ms step_avg:269.18ms
step:4338/4578 train_loss:3.1965 train_time:1165012ms step_avg:269.18ms
step:4339/4578 train_loss:3.2951 train_time:1165279ms step_avg:269.18ms
step:4340/4578 train_loss:3.0655 train_time:1165550ms step_avg:269.18ms
step:4341/4578 train_loss:3.2536 train_time:1165820ms step_avg:269.18ms
step:4342/4578 train_loss:3.3759 train_time:1166085ms step_avg:269.18ms
step:4343/4578 train_loss:3.4207 train_time:1166355ms step_avg:269.18ms
step:4344/4578 train_loss:3.3499 train_time:1166622ms step_avg:269.18ms
step:4345/4578 train_loss:3.3675 train_time:1166890ms step_avg:269.18ms
step:4346/4578 train_loss:3.3818 train_time:1167159ms step_avg:269.18ms
step:4347/4578 train_loss:3.1317 train_time:1167432ms step_avg:269.18ms
step:4348/4578 train_loss:3.2166 train_time:1167702ms step_avg:269.18ms
step:4349/4578 train_loss:3.0293 train_time:1167967ms step_avg:269.18ms
step:4350/4578 train_loss:3.2710 train_time:1168237ms step_avg:269.18ms
step:4351/4578 train_loss:3.3130 train_time:1168505ms step_avg:269.18ms
step:4352/4578 train_loss:3.2246 train_time:1168774ms step_avg:269.18ms
step:4353/4578 train_loss:3.4668 train_time:1169042ms step_avg:269.18ms
step:4354/4578 train_loss:3.4081 train_time:1169309ms step_avg:269.18ms
step:4355/4578 train_loss:3.1160 train_time:1169587ms step_avg:269.18ms
step:4356/4578 train_loss:3.0811 train_time:1169847ms step_avg:269.18ms
step:4357/4578 train_loss:3.1871 train_time:1170113ms step_avg:269.18ms
step:4358/4578 train_loss:3.2977 train_time:1170383ms step_avg:269.18ms
step:4359/4578 train_loss:3.4263 train_time:1170652ms step_avg:269.18ms
step:4360/4578 train_loss:3.4138 train_time:1170918ms step_avg:269.18ms
step:4361/4578 train_loss:3.4230 train_time:1171187ms step_avg:269.18ms
step:4362/4578 train_loss:3.6711 train_time:1171464ms step_avg:269.18ms
step:4363/4578 train_loss:3.3729 train_time:1171727ms step_avg:269.18ms
step:4364/4578 train_loss:3.3856 train_time:1171995ms step_avg:269.18ms
step:4365/4578 train_loss:3.4077 train_time:1172270ms step_avg:269.18ms
step:4366/4578 train_loss:3.2787 train_time:1172532ms step_avg:269.18ms
step:4367/4578 train_loss:3.2775 train_time:1172799ms step_avg:269.18ms
step:4368/4578 train_loss:3.2750 train_time:1173068ms step_avg:269.18ms
step:4369/4578 train_loss:3.4508 train_time:1173335ms step_avg:269.18ms
step:4370/4578 train_loss:3.3888 train_time:1173963ms step_avg:269.26ms
step:4371/4578 train_loss:3.5374 train_time:1174171ms step_avg:269.24ms
step:4372/4578 train_loss:3.0756 train_time:1174435ms step_avg:269.24ms
step:4373/4578 train_loss:3.2611 train_time:1174707ms step_avg:269.24ms
step:4374/4578 train_loss:3.3905 train_time:1174975ms step_avg:269.24ms
step:4375/4578 train_loss:3.2406 train_time:1175240ms step_avg:269.24ms
step:4375/4578 val_loss:3.2863 train_time:1175465ms step_avg:269.29ms
step:4376/4578 train_loss:3.4290 train_time:1175506ms step_avg:269.24ms
step:4377/4578 train_loss:3.1604 train_time:1175783ms step_avg:269.24ms
step:4378/4578 train_loss:3.2073 train_time:1176042ms step_avg:269.24ms
step:4379/4578 train_loss:3.2974 train_time:1176312ms step_avg:269.24ms
step:4380/4578 train_loss:3.1872 train_time:1176578ms step_avg:269.24ms
step:4381/4578 train_loss:3.2670 train_time:1176846ms step_avg:269.24ms
step:4382/4578 train_loss:3.5579 train_time:1177115ms step_avg:269.24ms
step:4383/4578 train_loss:3.4589 train_time:1177382ms step_avg:269.24ms
step:4384/4578 train_loss:3.3310 train_time:1177653ms step_avg:269.24ms
step:4385/4578 train_loss:3.3432 train_time:1177920ms step_avg:269.24ms
step:4386/4578 train_loss:3.3714 train_time:1178192ms step_avg:269.24ms
step:4387/4578 train_loss:3.2716 train_time:1178464ms step_avg:269.24ms
step:4388/4578 train_loss:3.3641 train_time:1178727ms step_avg:269.24ms
step:4389/4578 train_loss:3.2281 train_time:1178997ms step_avg:269.24ms
step:4390/4578 train_loss:3.4069 train_time:1179267ms step_avg:269.24ms
step:4391/4578 train_loss:3.4138 train_time:1179532ms step_avg:269.24ms
step:4392/4578 train_loss:3.2923 train_time:1179802ms step_avg:269.24ms
step:4393/4578 train_loss:4.5396 train_time:1180067ms step_avg:269.24ms
step:4394/4578 train_loss:3.2893 train_time:1180332ms step_avg:269.24ms
step:4395/4578 train_loss:3.5288 train_time:1180601ms step_avg:269.24ms
step:4396/4578 train_loss:3.2574 train_time:1180872ms step_avg:269.24ms
step:4397/4578 train_loss:3.2754 train_time:1181137ms step_avg:269.24ms
step:4398/4578 train_loss:3.2830 train_time:1181408ms step_avg:269.24ms
step:4399/4578 train_loss:3.3286 train_time:1181676ms step_avg:269.24ms
step:4400/4578 train_loss:3.2557 train_time:1181943ms step_avg:269.24ms
step:4401/4578 train_loss:3.1845 train_time:1182213ms step_avg:269.24ms
step:4402/4578 train_loss:3.2872 train_time:1182480ms step_avg:269.24ms
step:4403/4578 train_loss:3.1587 train_time:1182746ms step_avg:269.23ms
step:4404/4578 train_loss:3.1935 train_time:1183016ms step_avg:269.23ms
step:4405/4578 train_loss:3.4582 train_time:1183284ms step_avg:269.23ms
step:4406/4578 train_loss:3.2664 train_time:1183553ms step_avg:269.23ms
step:4407/4578 train_loss:3.2996 train_time:1183830ms step_avg:269.24ms
step:4408/4578 train_loss:3.3541 train_time:1184094ms step_avg:269.23ms
step:4409/4578 train_loss:3.2800 train_time:1184360ms step_avg:269.23ms
step:4410/4578 train_loss:3.3105 train_time:1184629ms step_avg:269.23ms
step:4411/4578 train_loss:3.5808 train_time:1184902ms step_avg:269.23ms
step:4412/4578 train_loss:3.3143 train_time:1185173ms step_avg:269.24ms
step:4413/4578 train_loss:3.3827 train_time:1185438ms step_avg:269.23ms
step:4414/4578 train_loss:3.4150 train_time:1185710ms step_avg:269.23ms
step:4415/4578 train_loss:3.3616 train_time:1185977ms step_avg:269.23ms
step:4416/4578 train_loss:3.2290 train_time:1186243ms step_avg:269.23ms
step:4417/4578 train_loss:3.3522 train_time:1186516ms step_avg:269.23ms
step:4418/4578 train_loss:3.2986 train_time:1186781ms step_avg:269.23ms
step:4419/4578 train_loss:3.4341 train_time:1187058ms step_avg:269.24ms
step:4420/4578 train_loss:3.1899 train_time:1187323ms step_avg:269.23ms
step:4421/4578 train_loss:3.3392 train_time:1187599ms step_avg:269.24ms
step:4422/4578 train_loss:3.2359 train_time:1187860ms step_avg:269.23ms
step:4423/4578 train_loss:3.2245 train_time:1188123ms step_avg:269.23ms
step:4424/4578 train_loss:3.2436 train_time:1188395ms step_avg:269.23ms
step:4425/4578 train_loss:3.2450 train_time:1188660ms step_avg:269.23ms
step:4426/4578 train_loss:3.3530 train_time:1188933ms step_avg:269.23ms
step:4427/4578 train_loss:3.3473 train_time:1189204ms step_avg:269.23ms
step:4428/4578 train_loss:3.6407 train_time:1189468ms step_avg:269.23ms
step:4429/4578 train_loss:3.3803 train_time:1189736ms step_avg:269.23ms
step:4430/4578 train_loss:3.0982 train_time:1190008ms step_avg:269.23ms
step:4431/4578 train_loss:3.1653 train_time:1190277ms step_avg:269.23ms
step:4432/4578 train_loss:3.2907 train_time:1190542ms step_avg:269.23ms
step:4433/4578 train_loss:3.2023 train_time:1190814ms step_avg:269.23ms
step:4434/4578 train_loss:3.4191 train_time:1191079ms step_avg:269.23ms
step:4435/4578 train_loss:3.4474 train_time:1191349ms step_avg:269.23ms
step:4436/4578 train_loss:3.3589 train_time:1191616ms step_avg:269.23ms
step:4437/4578 train_loss:3.1658 train_time:1191883ms step_avg:269.23ms
step:4438/4578 train_loss:3.4501 train_time:1192154ms step_avg:269.23ms
step:4439/4578 train_loss:3.2466 train_time:1192418ms step_avg:269.23ms
step:4440/4578 train_loss:3.2373 train_time:1192686ms step_avg:269.23ms
step:4441/4578 train_loss:3.3835 train_time:1192965ms step_avg:269.23ms
step:4442/4578 train_loss:3.4449 train_time:1193223ms step_avg:269.23ms
step:4443/4578 train_loss:3.3432 train_time:1193492ms step_avg:269.23ms
step:4444/4578 train_loss:3.3103 train_time:1193760ms step_avg:269.23ms
step:4445/4578 train_loss:3.1176 train_time:1194033ms step_avg:269.23ms
step:4446/4578 train_loss:3.3492 train_time:1194298ms step_avg:269.23ms
step:4447/4578 train_loss:3.3367 train_time:1194566ms step_avg:269.23ms
step:4448/4578 train_loss:3.1608 train_time:1194834ms step_avg:269.23ms
step:4449/4578 train_loss:3.5195 train_time:1195100ms step_avg:269.23ms
step:4450/4578 train_loss:3.4088 train_time:1195364ms step_avg:269.23ms
step:4451/4578 train_loss:3.4254 train_time:1195632ms step_avg:269.23ms
step:4452/4578 train_loss:3.4589 train_time:1195899ms step_avg:269.23ms
step:4453/4578 train_loss:3.1397 train_time:1196170ms step_avg:269.23ms
step:4454/4578 train_loss:3.2473 train_time:1196439ms step_avg:269.23ms
step:4455/4578 train_loss:3.3235 train_time:1196712ms step_avg:269.23ms
step:4456/4578 train_loss:3.0956 train_time:1196976ms step_avg:269.23ms
step:4457/4578 train_loss:3.3501 train_time:1197245ms step_avg:269.23ms
step:4458/4578 train_loss:3.2479 train_time:1197513ms step_avg:269.22ms
step:4459/4578 train_loss:3.2134 train_time:1197779ms step_avg:269.22ms
step:4460/4578 train_loss:3.4052 train_time:1198048ms step_avg:269.22ms
step:4461/4578 train_loss:4.3874 train_time:1198320ms step_avg:269.22ms
step:4462/4578 train_loss:3.2980 train_time:1198582ms step_avg:269.22ms
step:4463/4578 train_loss:3.5852 train_time:1198850ms step_avg:269.22ms
step:4464/4578 train_loss:3.3829 train_time:1199119ms step_avg:269.22ms
step:4465/4578 train_loss:3.3500 train_time:1199385ms step_avg:269.22ms
step:4466/4578 train_loss:3.3530 train_time:1199654ms step_avg:269.22ms
step:4467/4578 train_loss:3.2887 train_time:1199922ms step_avg:269.22ms
step:4468/4578 train_loss:3.2203 train_time:1200192ms step_avg:269.22ms
step:4469/4578 train_loss:3.5189 train_time:1200460ms step_avg:269.22ms
step:4470/4578 train_loss:3.4378 train_time:1200736ms step_avg:269.22ms
step:4471/4578 train_loss:3.2768 train_time:1200995ms step_avg:269.22ms
step:4472/4578 train_loss:3.1671 train_time:1201263ms step_avg:269.22ms
step:4473/4578 train_loss:3.3561 train_time:1201533ms step_avg:269.22ms
step:4474/4578 train_loss:3.1443 train_time:1201799ms step_avg:269.22ms
step:4475/4578 train_loss:3.2486 train_time:1202070ms step_avg:269.22ms
step:4476/4578 train_loss:3.3089 train_time:1202338ms step_avg:269.22ms
step:4477/4578 train_loss:3.2997 train_time:1202604ms step_avg:269.22ms
step:4478/4578 train_loss:3.0826 train_time:1202874ms step_avg:269.22ms
step:4479/4578 train_loss:3.2369 train_time:1203148ms step_avg:269.22ms
step:4480/4578 train_loss:3.3230 train_time:1203415ms step_avg:269.22ms
step:4481/4578 train_loss:3.3692 train_time:1203687ms step_avg:269.22ms
step:4482/4578 train_loss:3.3457 train_time:1203958ms step_avg:269.22ms
step:4483/4578 train_loss:3.3895 train_time:1204219ms step_avg:269.22ms
step:4484/4578 train_loss:3.2126 train_time:1204490ms step_avg:269.22ms
step:4485/4578 train_loss:3.3236 train_time:1204761ms step_avg:269.22ms
step:4486/4578 train_loss:3.4437 train_time:1205022ms step_avg:269.22ms
step:4487/4578 train_loss:3.2248 train_time:1205290ms step_avg:269.22ms
step:4488/4578 train_loss:3.2954 train_time:1205553ms step_avg:269.22ms
step:4489/4578 train_loss:3.4399 train_time:1205821ms step_avg:269.22ms
step:4490/4578 train_loss:3.2914 train_time:1206089ms step_avg:269.22ms
step:4491/4578 train_loss:3.2128 train_time:1206365ms step_avg:269.22ms
step:4492/4578 train_loss:3.1440 train_time:1206623ms step_avg:269.22ms
step:4493/4578 train_loss:3.1220 train_time:1206892ms step_avg:269.22ms
step:4494/4578 train_loss:3.2951 train_time:1207159ms step_avg:269.21ms
step:4495/4578 train_loss:3.1726 train_time:1207427ms step_avg:269.21ms
step:4496/4578 train_loss:3.2101 train_time:1207696ms step_avg:269.21ms
step:4497/4578 train_loss:3.4860 train_time:1207967ms step_avg:269.21ms
step:4498/4578 train_loss:3.2477 train_time:1208231ms step_avg:269.21ms
step:4499/4578 train_loss:3.0933 train_time:1208501ms step_avg:269.21ms
step:4500/4578 train_loss:3.3708 train_time:1208772ms step_avg:269.21ms
step:4500/4578 val_loss:3.2777 train_time:1208994ms step_avg:269.26ms
step:4501/4578 train_loss:3.2182 train_time:1209037ms step_avg:269.21ms
step:4502/4578 train_loss:3.1480 train_time:1209305ms step_avg:269.21ms
step:4503/4578 train_loss:3.4943 train_time:1209573ms step_avg:269.21ms
step:4504/4578 train_loss:3.3057 train_time:1209842ms step_avg:269.21ms
step:4505/4578 train_loss:3.3329 train_time:1210108ms step_avg:269.21ms
step:4506/4578 train_loss:3.2441 train_time:1210376ms step_avg:269.21ms
step:4507/4578 train_loss:3.3813 train_time:1210645ms step_avg:269.21ms
step:4508/4578 train_loss:2.7960 train_time:1210912ms step_avg:269.21ms
step:4509/4578 train_loss:3.2803 train_time:1211183ms step_avg:269.21ms
step:4510/4578 train_loss:3.1813 train_time:1211454ms step_avg:269.21ms
step:4511/4578 train_loss:3.2551 train_time:1211718ms step_avg:269.21ms
step:4512/4578 train_loss:3.2712 train_time:1211989ms step_avg:269.21ms
step:4513/4578 train_loss:3.1759 train_time:1212256ms step_avg:269.21ms
step:4514/4578 train_loss:3.1569 train_time:1212522ms step_avg:269.21ms
step:4515/4578 train_loss:3.4661 train_time:1212794ms step_avg:269.21ms
step:4516/4578 train_loss:3.0228 train_time:1213067ms step_avg:269.21ms
step:4517/4578 train_loss:3.2178 train_time:1213333ms step_avg:269.21ms
step:4518/4578 train_loss:3.2442 train_time:1213594ms step_avg:269.21ms
step:4519/4578 train_loss:3.2119 train_time:1213867ms step_avg:269.21ms
step:4520/4578 train_loss:3.1211 train_time:1214133ms step_avg:269.21ms
step:4521/4578 train_loss:3.2284 train_time:1214405ms step_avg:269.21ms
step:4522/4578 train_loss:3.4457 train_time:1214668ms step_avg:269.21ms
step:4523/4578 train_loss:4.0146 train_time:1214937ms step_avg:269.21ms
step:4524/4578 train_loss:3.3971 train_time:1215205ms step_avg:269.21ms
step:4525/4578 train_loss:3.2712 train_time:1215473ms step_avg:269.21ms
step:4526/4578 train_loss:3.2642 train_time:1215743ms step_avg:269.21ms
step:4527/4578 train_loss:3.3147 train_time:1216013ms step_avg:269.21ms
step:4528/4578 train_loss:3.1577 train_time:1216279ms step_avg:269.21ms
step:4529/4578 train_loss:3.1898 train_time:1216549ms step_avg:269.21ms
step:4530/4578 train_loss:4.3302 train_time:1216819ms step_avg:269.21ms
step:4531/4578 train_loss:3.4244 train_time:1217085ms step_avg:269.21ms
step:4532/4578 train_loss:3.1744 train_time:1217353ms step_avg:269.21ms
step:4533/4578 train_loss:3.1799 train_time:1217623ms step_avg:269.21ms
step:4534/4578 train_loss:3.3516 train_time:1217896ms step_avg:269.21ms
step:4535/4578 train_loss:3.5801 train_time:1218159ms step_avg:269.21ms
step:4536/4578 train_loss:3.4350 train_time:1218426ms step_avg:269.21ms
step:4537/4578 train_loss:3.3269 train_time:1218899ms step_avg:269.25ms
step:4538/4578 train_loss:3.1840 train_time:1219168ms step_avg:269.25ms
step:4539/4578 train_loss:3.3296 train_time:1219432ms step_avg:269.25ms
step:4540/4578 train_loss:3.8325 train_time:1219703ms step_avg:269.25ms
step:4541/4578 train_loss:3.4013 train_time:1219967ms step_avg:269.25ms
step:4542/4578 train_loss:3.2410 train_time:1220235ms step_avg:269.25ms
step:4543/4578 train_loss:3.3826 train_time:1220505ms step_avg:269.25ms
step:4544/4578 train_loss:3.1507 train_time:1220773ms step_avg:269.25ms
step:4545/4578 train_loss:3.4393 train_time:1221034ms step_avg:269.25ms
step:4546/4578 train_loss:3.5730 train_time:1221303ms step_avg:269.25ms
step:4547/4578 train_loss:3.2185 train_time:1221569ms step_avg:269.25ms
step:4548/4578 train_loss:3.3068 train_time:1221841ms step_avg:269.25ms
step:4549/4578 train_loss:3.3321 train_time:1222109ms step_avg:269.25ms
step:4550/4578 train_loss:3.2840 train_time:1222377ms step_avg:269.25ms
step:4551/4578 train_loss:3.2733 train_time:1222644ms step_avg:269.25ms
step:4552/4578 train_loss:3.2308 train_time:1222914ms step_avg:269.25ms
step:4553/4578 train_loss:3.3239 train_time:1223186ms step_avg:269.25ms
step:4554/4578 train_loss:3.2078 train_time:1223447ms step_avg:269.24ms
step:4555/4578 train_loss:3.4174 train_time:1223715ms step_avg:269.24ms
step:4556/4578 train_loss:3.0495 train_time:1223981ms step_avg:269.24ms
step:4557/4578 train_loss:3.3103 train_time:1224251ms step_avg:269.24ms
step:4558/4578 train_loss:3.3063 train_time:1224522ms step_avg:269.24ms
step:4559/4578 train_loss:3.3025 train_time:1224786ms step_avg:269.24ms
step:4560/4578 train_loss:3.5071 train_time:1225239ms step_avg:269.28ms
step:4561/4578 train_loss:3.1628 train_time:1225447ms step_avg:269.27ms
step:4562/4578 train_loss:3.3600 train_time:1225712ms step_avg:269.27ms
step:4563/4578 train_loss:3.2284 train_time:1225979ms step_avg:269.27ms
step:4564/4578 train_loss:3.2781 train_time:1226247ms step_avg:269.27ms
step:4565/4578 train_loss:3.4064 train_time:1226514ms step_avg:269.27ms
step:4566/4578 train_loss:3.5094 train_time:1226783ms step_avg:269.27ms
step:4567/4578 train_loss:3.3299 train_time:1227051ms step_avg:269.27ms
step:4568/4578 train_loss:3.2649 train_time:1227325ms step_avg:269.27ms
step:4569/4578 train_loss:3.4415 train_time:1227593ms step_avg:269.27ms
step:4570/4578 train_loss:3.1842 train_time:1227857ms step_avg:269.27ms
step:4571/4578 train_loss:3.1483 train_time:1228131ms step_avg:269.27ms
step:4572/4578 train_loss:3.4822 train_time:1228395ms step_avg:269.27ms
step:4573/4578 train_loss:3.1214 train_time:1228666ms step_avg:269.27ms
step:4574/4578 train_loss:3.2070 train_time:1228935ms step_avg:269.27ms
step:4575/4578 train_loss:3.3498 train_time:1229205ms step_avg:269.27ms
step:4576/4578 train_loss:3.3420 train_time:1229469ms step_avg:269.27ms
step:4577/4578 train_loss:3.3021 train_time:1229734ms step_avg:269.27ms
step:4578/4578 train_loss:3.2350 train_time:1230011ms step_avg:269.27ms
step:4578/4578 val_loss:3.2749 train_time:1230230ms step_avg:269.31ms
peak memory consumption: 28431 MiB
