====================================================================================================
Running Python 3.10.19 (main, Oct 21 2025, 16:38:01) [GCC 11.2.0]
Running PyTorch 2.7.1+cpu
+------------------------------------------------------------------------------------------------+
| npu-smi 25.5.2                   Version: 25.5.2                                               |
+---------------------------+---------------+----------------------------------------------------+
| NPU   Name                | Health        | Power(W)    Temp(C)           Hugepages-Usage(page)|
| Chip  Phy-ID              | Bus-Id        | AICore(%)   Memory-Usage(MB)  HBM-Usage(MB)        |
+===========================+===============+====================================================+
| 0     Ascend910           | OK            | 170.0       46                0    / 0             |
| 0     0                   | 0000:9D:00.0  | 0           0    / 0          3678 / 65536         |
+------------------------------------------------------------------------------------------------+
| 0     Ascend910           | OK            | -           46                0    / 0             |
| 1     1                   | 0000:9F:00.0  | 0           0    / 0          3434 / 65536         |
+===========================+===============+====================================================+
| 1     Ascend910           | OK            | 167.6       46                0    / 0             |
| 0     2                   | 0000:99:00.0  | 0           0    / 0          3670 / 65536         |
+------------------------------------------------------------------------------------------------+
| 1     Ascend910           | OK            | -           47                0    / 0             |
| 1     3                   | 0000:9B:00.0  | 0           0    / 0          3437 / 65536         |
+===========================+===============+====================================================+
| 2     Ascend910           | OK            | 163.3       48                0    / 0             |
| 0     4                   | 0000:95:00.0  | 0           0    / 0          3680 / 65536         |
+------------------------------------------------------------------------------------------------+
| 2     Ascend910           | OK            | -           48                0    / 0             |
| 1     5                   | 0000:97:00.0  | 0           0    / 0          3426 / 65536         |
+===========================+===============+====================================================+
| 3     Ascend910           | OK            | 160.9       47                0    / 0             |
| 0     6                   | 0000:91:00.0  | 0           0    / 0          3670 / 65536         |
+------------------------------------------------------------------------------------------------+
| 3     Ascend910           | OK            | -           47                0    / 0             |
| 1     7                   | 0000:93:00.0  | 0           0    / 0          3437 / 65536         |
+===========================+===============+====================================================+
| 4     Ascend910           | OK            | 169.8       45                0    / 0             |
| 0     8                   | 0000:8D:00.0  | 0           0    / 0          3680 / 65536         |
+------------------------------------------------------------------------------------------------+
| 4     Ascend910           | OK            | -           45                0    / 0             |
| 1     9                   | 0000:8F:00.0  | 0           0    / 0          3425 / 65536         |
+===========================+===============+====================================================+
| 5     Ascend910           | OK            | 171.5       47                0    / 0             |
| 0     10                  | 0000:89:00.0  | 0           0    / 0          3682 / 65536         |
+------------------------------------------------------------------------------------------------+
| 5     Ascend910           | OK            | -           45                0    / 0             |
| 1     11                  | 0000:8B:00.0  | 0           0    / 0          3426 / 65536         |
+===========================+===============+====================================================+
| 6     Ascend910           | OK            | 171.2       47                0    / 0             |
| 0     12                  | 0000:85:00.0  | 0           0    / 0          3681 / 65536         |
+------------------------------------------------------------------------------------------------+
| 6     Ascend910           | OK            | -           49                0    / 0             |
| 1     13                  | 0000:87:00.0  | 0           0    / 0          3427 / 65536         |
+===========================+===============+====================================================+
| 7     Ascend910           | OK            | 184.4       49                0    / 0             |
| 0     14                  | 0000:81:00.0  | 0           0    / 0          3680 / 65536         |
+------------------------------------------------------------------------------------------------+
| 7     Ascend910           | OK            | -           48                0    / 0             |
| 1     15                  | 0000:83:00.0  | 0           0    / 0          3425 / 65536         |
+===========================+===============+====================================================+
+---------------------------+---------------+----------------------------------------------------+
| NPU     Chip              | Process id    | Process name             | Process memory(MB)      |
+===========================+===============+====================================================+
| 0       0                 | 4030113       | python3.10               | 599                     |
| 0       1                 | 4030114       | python3.10               | 599                     |
+===========================+===============+====================================================+
| 1       0                 | 4030115       | python3.10               | 599                     |
| 1       1                 | 4030116       | python3.10               | 599                     |
+===========================+===============+====================================================+
| 2       0                 | 4030117       | python3.10               | 599                     |
| 2       1                 | 4030118       | python3.10               | 599                     |
+===========================+===============+====================================================+
| 3       0                 | 4030119       | python3.10               | 599                     |
| 3       1                 | 4030120       | python3.10               | 599                     |
+===========================+===============+====================================================+
| 4       0                 | 4030121       | python3.10               | 599                     |
| 4       1                 | 4030122       | python3.10               | 599                     |
+===========================+===============+====================================================+
| 5       0                 | 4030123       | python3.10               | 599                     |
| 5       1                 | 4030124       | python3.10               | 599                     |
+===========================+===============+====================================================+
| 6       0                 | 4030125       | python3.10               | 599                     |
| 6       1                 | 4030126       | python3.10               | 599                     |
+===========================+===============+====================================================+
| 7       0                 | 4030127       | python3.10               | 599                     |
| 7       1                 | 4030128       | python3.10               | 599                     |
+===========================+===============+====================================================+

====================================================================================================
step:0/2160 val_loss:10.8258 train_time:0ms step_avg:0.08ms
step:1/2160 train_time:851ms step_avg:850.70ms
step:2/2160 train_time:895ms step_avg:447.68ms
step:3/2160 train_time:964ms step_avg:321.25ms
step:4/2160 train_time:1036ms step_avg:258.89ms
step:5/2160 train_time:1108ms step_avg:221.51ms
step:6/2160 train_time:1179ms step_avg:196.53ms
step:7/2160 train_time:1252ms step_avg:178.87ms
step:8/2160 train_time:1323ms step_avg:165.36ms
step:9/2160 train_time:1395ms step_avg:154.97ms
step:10/2160 train_time:1467ms step_avg:146.71ms
step:11/2160 train_time:1540ms step_avg:139.97ms
step:12/2160 train_time:1612ms step_avg:134.35ms
step:13/2160 train_time:1684ms step_avg:129.55ms
step:14/2160 train_time:1756ms step_avg:125.41ms
step:15/2160 train_time:1828ms step_avg:121.87ms
step:16/2160 train_time:1901ms step_avg:118.80ms
step:17/2160 train_time:1973ms step_avg:116.07ms
step:18/2160 train_time:2045ms step_avg:113.59ms
step:19/2160 train_time:2117ms step_avg:111.42ms
step:20/2160 train_time:2188ms step_avg:109.40ms
step:21/2160 train_time:2262ms step_avg:107.69ms
step:22/2160 train_time:2335ms step_avg:106.12ms
step:23/2160 train_time:2426ms step_avg:105.48ms
step:24/2160 train_time:2498ms step_avg:104.08ms
step:25/2160 train_time:2572ms step_avg:102.86ms
step:26/2160 train_time:2645ms step_avg:101.71ms
step:27/2160 train_time:2716ms step_avg:100.61ms
step:28/2160 train_time:2824ms step_avg:100.84ms
step:29/2160 train_time:2888ms step_avg:99.60ms
step:30/2160 train_time:2962ms step_avg:98.74ms
step:31/2160 train_time:3036ms step_avg:97.94ms
step:32/2160 train_time:3108ms step_avg:97.13ms
step:33/2160 train_time:3181ms step_avg:96.38ms
step:34/2160 train_time:3252ms step_avg:95.65ms
step:35/2160 train_time:3325ms step_avg:94.99ms
step:36/2160 train_time:3396ms step_avg:94.33ms
step:37/2160 train_time:3468ms step_avg:93.73ms
step:38/2160 train_time:3542ms step_avg:93.21ms
step:39/2160 train_time:3613ms step_avg:92.65ms
step:40/2160 train_time:3688ms step_avg:92.21ms
step:41/2160 train_time:3763ms step_avg:91.79ms
step:42/2160 train_time:3839ms step_avg:91.40ms
step:43/2160 train_time:3914ms step_avg:91.03ms
step:44/2160 train_time:3989ms step_avg:90.65ms
step:45/2160 train_time:4063ms step_avg:90.28ms
step:46/2160 train_time:4137ms step_avg:89.93ms
step:47/2160 train_time:4212ms step_avg:89.62ms
step:48/2160 train_time:4286ms step_avg:89.30ms
step:49/2160 train_time:4359ms step_avg:88.97ms
step:50/2160 train_time:4433ms step_avg:88.65ms
step:51/2160 train_time:4507ms step_avg:88.37ms
step:52/2160 train_time:4577ms step_avg:88.02ms
step:53/2160 train_time:4649ms step_avg:87.73ms
step:54/2160 train_time:4721ms step_avg:87.42ms
step:55/2160 train_time:4794ms step_avg:87.16ms
step:56/2160 train_time:4867ms step_avg:86.91ms
step:57/2160 train_time:4941ms step_avg:86.68ms
step:58/2160 train_time:5012ms step_avg:86.41ms
step:59/2160 train_time:5084ms step_avg:86.17ms
step:60/2160 train_time:5158ms step_avg:85.96ms
step:61/2160 train_time:5230ms step_avg:85.73ms
step:62/2160 train_time:5301ms step_avg:85.50ms
step:63/2160 train_time:5373ms step_avg:85.29ms
step:64/2160 train_time:5445ms step_avg:85.08ms
step:65/2160 train_time:5517ms step_avg:84.88ms
step:66/2160 train_time:5590ms step_avg:84.70ms
step:67/2160 train_time:5662ms step_avg:84.51ms
step:68/2160 train_time:5734ms step_avg:84.32ms
step:69/2160 train_time:5806ms step_avg:84.15ms
step:70/2160 train_time:5881ms step_avg:84.02ms
step:71/2160 train_time:5955ms step_avg:83.87ms
step:72/2160 train_time:6028ms step_avg:83.72ms
step:73/2160 train_time:6101ms step_avg:83.57ms
step:74/2160 train_time:6172ms step_avg:83.41ms
step:75/2160 train_time:6244ms step_avg:83.25ms
step:76/2160 train_time:6315ms step_avg:83.10ms
step:77/2160 train_time:6387ms step_avg:82.95ms
step:78/2160 train_time:6461ms step_avg:82.84ms
step:79/2160 train_time:6533ms step_avg:82.69ms
step:80/2160 train_time:6606ms step_avg:82.58ms
step:81/2160 train_time:6679ms step_avg:82.46ms
step:82/2160 train_time:6751ms step_avg:82.33ms
step:83/2160 train_time:6823ms step_avg:82.21ms
step:84/2160 train_time:6895ms step_avg:82.09ms
step:85/2160 train_time:6968ms step_avg:81.97ms
step:86/2160 train_time:7038ms step_avg:81.84ms
step:87/2160 train_time:7113ms step_avg:81.75ms
step:88/2160 train_time:7187ms step_avg:81.66ms
step:89/2160 train_time:7258ms step_avg:81.55ms
step:90/2160 train_time:7331ms step_avg:81.46ms
step:91/2160 train_time:7403ms step_avg:81.35ms
step:92/2160 train_time:7474ms step_avg:81.24ms
step:93/2160 train_time:7547ms step_avg:81.15ms
step:94/2160 train_time:7618ms step_avg:81.04ms
step:95/2160 train_time:7691ms step_avg:80.96ms
step:96/2160 train_time:7764ms step_avg:80.87ms
step:97/2160 train_time:7836ms step_avg:80.78ms
step:98/2160 train_time:7907ms step_avg:80.69ms
step:99/2160 train_time:7980ms step_avg:80.61ms
step:100/2160 train_time:8053ms step_avg:80.53ms
step:101/2160 train_time:8124ms step_avg:80.44ms
step:102/2160 train_time:8197ms step_avg:80.37ms
step:103/2160 train_time:8269ms step_avg:80.28ms
step:104/2160 train_time:8342ms step_avg:80.21ms
step:105/2160 train_time:8413ms step_avg:80.13ms
step:106/2160 train_time:8485ms step_avg:80.04ms
step:107/2160 train_time:8557ms step_avg:79.97ms
step:108/2160 train_time:8629ms step_avg:79.90ms
step:109/2160 train_time:8701ms step_avg:79.82ms
step:110/2160 train_time:8773ms step_avg:79.75ms
step:111/2160 train_time:8846ms step_avg:79.70ms
step:112/2160 train_time:8919ms step_avg:79.63ms
step:113/2160 train_time:8991ms step_avg:79.57ms
step:114/2160 train_time:9063ms step_avg:79.50ms
step:115/2160 train_time:9135ms step_avg:79.44ms
step:116/2160 train_time:9206ms step_avg:79.36ms
step:117/2160 train_time:9278ms step_avg:79.30ms
step:118/2160 train_time:9353ms step_avg:79.26ms
step:119/2160 train_time:9429ms step_avg:79.23ms
step:120/2160 train_time:9502ms step_avg:79.19ms
step:121/2160 train_time:9575ms step_avg:79.13ms
step:122/2160 train_time:9650ms step_avg:79.10ms
step:123/2160 train_time:9726ms step_avg:79.07ms
step:124/2160 train_time:9801ms step_avg:79.04ms
step:125/2160 train_time:9875ms step_avg:79.00ms
step:126/2160 train_time:9949ms step_avg:78.96ms
step:127/2160 train_time:10023ms step_avg:78.92ms
step:128/2160 train_time:10097ms step_avg:78.89ms
step:129/2160 train_time:10172ms step_avg:78.85ms
step:130/2160 train_time:10245ms step_avg:78.81ms
step:131/2160 train_time:10318ms step_avg:78.76ms
step:132/2160 train_time:10389ms step_avg:78.71ms
step:133/2160 train_time:10462ms step_avg:78.66ms
step:134/2160 train_time:10533ms step_avg:78.60ms
step:135/2160 train_time:10605ms step_avg:78.56ms
step:136/2160 train_time:10677ms step_avg:78.51ms
step:137/2160 train_time:10750ms step_avg:78.47ms
step:138/2160 train_time:10821ms step_avg:78.42ms
step:139/2160 train_time:10896ms step_avg:78.39ms
step:140/2160 train_time:10968ms step_avg:78.34ms
step:141/2160 train_time:11040ms step_avg:78.30ms
step:142/2160 train_time:11113ms step_avg:78.26ms
step:143/2160 train_time:11185ms step_avg:78.22ms
step:144/2160 train_time:11257ms step_avg:78.18ms
step:145/2160 train_time:11330ms step_avg:78.14ms
step:146/2160 train_time:11402ms step_avg:78.09ms
step:147/2160 train_time:11474ms step_avg:78.05ms
step:148/2160 train_time:11545ms step_avg:78.01ms
step:149/2160 train_time:11618ms step_avg:77.97ms
step:150/2160 train_time:11692ms step_avg:77.95ms
step:151/2160 train_time:11766ms step_avg:77.92ms
step:152/2160 train_time:11841ms step_avg:77.90ms
step:153/2160 train_time:11918ms step_avg:77.89ms
step:154/2160 train_time:11995ms step_avg:77.89ms
step:155/2160 train_time:12069ms step_avg:77.86ms
step:156/2160 train_time:12144ms step_avg:77.84ms
step:157/2160 train_time:12218ms step_avg:77.82ms
step:158/2160 train_time:12292ms step_avg:77.80ms
step:159/2160 train_time:12389ms step_avg:77.92ms
step:160/2160 train_time:12493ms step_avg:78.08ms
step:161/2160 train_time:12566ms step_avg:78.05ms
step:162/2160 train_time:12641ms step_avg:78.03ms
step:163/2160 train_time:12714ms step_avg:78.00ms
step:164/2160 train_time:12787ms step_avg:77.97ms
step:165/2160 train_time:12861ms step_avg:77.94ms
step:166/2160 train_time:12934ms step_avg:77.92ms
step:167/2160 train_time:13008ms step_avg:77.89ms
step:168/2160 train_time:13082ms step_avg:77.87ms
step:169/2160 train_time:13158ms step_avg:77.86ms
step:170/2160 train_time:13231ms step_avg:77.83ms
step:171/2160 train_time:13304ms step_avg:77.80ms
step:172/2160 train_time:13379ms step_avg:77.78ms
step:173/2160 train_time:13451ms step_avg:77.75ms
step:174/2160 train_time:13525ms step_avg:77.73ms
step:175/2160 train_time:13599ms step_avg:77.71ms
step:176/2160 train_time:13673ms step_avg:77.69ms
step:177/2160 train_time:13747ms step_avg:77.67ms
step:178/2160 train_time:13820ms step_avg:77.64ms
step:179/2160 train_time:13894ms step_avg:77.62ms
step:180/2160 train_time:13970ms step_avg:77.61ms
step:181/2160 train_time:14044ms step_avg:77.59ms
step:182/2160 train_time:14118ms step_avg:77.57ms
step:183/2160 train_time:14190ms step_avg:77.54ms
step:184/2160 train_time:14264ms step_avg:77.52ms
step:185/2160 train_time:14338ms step_avg:77.50ms
step:186/2160 train_time:14411ms step_avg:77.48ms
step:187/2160 train_time:14485ms step_avg:77.46ms
step:188/2160 train_time:14556ms step_avg:77.43ms
step:189/2160 train_time:14628ms step_avg:77.40ms
step:190/2160 train_time:14701ms step_avg:77.38ms
step:191/2160 train_time:14773ms step_avg:77.35ms
step:192/2160 train_time:14845ms step_avg:77.32ms
step:193/2160 train_time:14917ms step_avg:77.29ms
step:194/2160 train_time:14990ms step_avg:77.27ms
step:195/2160 train_time:15066ms step_avg:77.26ms
step:196/2160 train_time:15140ms step_avg:77.25ms
step:197/2160 train_time:15212ms step_avg:77.22ms
step:198/2160 train_time:15285ms step_avg:77.20ms
step:199/2160 train_time:15369ms step_avg:77.23ms
step:200/2160 train_time:15443ms step_avg:77.21ms
step:201/2160 train_time:15518ms step_avg:77.21ms
step:202/2160 train_time:15593ms step_avg:77.19ms
step:203/2160 train_time:15669ms step_avg:77.19ms
step:204/2160 train_time:15743ms step_avg:77.17ms
step:205/2160 train_time:15817ms step_avg:77.16ms
step:206/2160 train_time:15891ms step_avg:77.14ms
step:207/2160 train_time:15966ms step_avg:77.13ms
step:208/2160 train_time:16041ms step_avg:77.12ms
step:209/2160 train_time:16115ms step_avg:77.11ms
step:210/2160 train_time:16189ms step_avg:77.09ms
step:211/2160 train_time:16263ms step_avg:77.08ms
step:212/2160 train_time:16336ms step_avg:77.06ms
step:213/2160 train_time:16411ms step_avg:77.05ms
step:214/2160 train_time:16484ms step_avg:77.03ms
step:215/2160 train_time:16558ms step_avg:77.02ms
step:216/2160 train_time:16631ms step_avg:77.00ms
step:217/2160 train_time:16704ms step_avg:76.98ms
step:218/2160 train_time:16776ms step_avg:76.96ms
step:219/2160 train_time:16850ms step_avg:76.94ms
step:220/2160 train_time:16922ms step_avg:76.92ms
step:221/2160 train_time:16998ms step_avg:76.91ms
step:222/2160 train_time:17069ms step_avg:76.89ms
step:223/2160 train_time:17144ms step_avg:76.88ms
step:224/2160 train_time:17215ms step_avg:76.85ms
step:225/2160 train_time:17287ms step_avg:76.83ms
step:226/2160 train_time:17358ms step_avg:76.81ms
step:227/2160 train_time:17431ms step_avg:76.79ms
step:228/2160 train_time:17503ms step_avg:76.77ms
step:229/2160 train_time:17581ms step_avg:76.77ms
step:230/2160 train_time:17652ms step_avg:76.75ms
step:231/2160 train_time:17725ms step_avg:76.73ms
step:232/2160 train_time:17799ms step_avg:76.72ms
step:233/2160 train_time:17875ms step_avg:76.72ms
step:234/2160 train_time:17949ms step_avg:76.71ms
step:235/2160 train_time:18025ms step_avg:76.70ms
step:236/2160 train_time:18099ms step_avg:76.69ms
step:237/2160 train_time:18172ms step_avg:76.68ms
step:238/2160 train_time:18248ms step_avg:76.67ms
step:239/2160 train_time:18322ms step_avg:76.66ms
step:240/2160 train_time:18397ms step_avg:76.65ms
step:241/2160 train_time:18473ms step_avg:76.65ms
step:242/2160 train_time:18547ms step_avg:76.64ms
step:243/2160 train_time:18621ms step_avg:76.63ms
step:244/2160 train_time:18697ms step_avg:76.63ms
step:245/2160 train_time:18771ms step_avg:76.62ms
step:246/2160 train_time:18846ms step_avg:76.61ms
step:247/2160 train_time:18920ms step_avg:76.60ms
step:248/2160 train_time:18996ms step_avg:76.60ms
step:249/2160 train_time:19071ms step_avg:76.59ms
step:250/2160 train_time:19146ms step_avg:76.58ms
step:250/2160 val_loss:4.3114 train_time:19184ms step_avg:76.74ms
step:251/2160 train_time:19263ms step_avg:76.74ms
step:252/2160 train_time:19350ms step_avg:76.79ms
step:253/2160 train_time:19416ms step_avg:76.74ms
step:254/2160 train_time:19488ms step_avg:76.72ms
step:255/2160 train_time:19560ms step_avg:76.71ms
step:256/2160 train_time:19632ms step_avg:76.69ms
step:257/2160 train_time:19704ms step_avg:76.67ms
step:258/2160 train_time:19776ms step_avg:76.65ms
step:259/2160 train_time:19848ms step_avg:76.63ms
step:260/2160 train_time:19920ms step_avg:76.62ms
step:261/2160 train_time:19995ms step_avg:76.61ms
step:262/2160 train_time:20069ms step_avg:76.60ms
step:263/2160 train_time:20139ms step_avg:76.58ms
step:264/2160 train_time:20211ms step_avg:76.56ms
step:265/2160 train_time:20284ms step_avg:76.54ms
step:266/2160 train_time:20356ms step_avg:76.53ms
step:267/2160 train_time:20428ms step_avg:76.51ms
step:268/2160 train_time:20500ms step_avg:76.49ms
step:269/2160 train_time:20573ms step_avg:76.48ms
step:270/2160 train_time:20645ms step_avg:76.46ms
step:271/2160 train_time:20717ms step_avg:76.45ms
step:272/2160 train_time:20790ms step_avg:76.43ms
step:273/2160 train_time:20860ms step_avg:76.41ms
step:274/2160 train_time:20934ms step_avg:76.40ms
step:275/2160 train_time:21008ms step_avg:76.39ms
step:276/2160 train_time:21080ms step_avg:76.38ms
step:277/2160 train_time:21153ms step_avg:76.37ms
step:278/2160 train_time:21226ms step_avg:76.35ms
step:279/2160 train_time:21300ms step_avg:76.34ms
step:280/2160 train_time:21372ms step_avg:76.33ms
step:281/2160 train_time:21446ms step_avg:76.32ms
step:282/2160 train_time:21519ms step_avg:76.31ms
step:283/2160 train_time:21625ms step_avg:76.41ms
step:284/2160 train_time:21699ms step_avg:76.40ms
step:285/2160 train_time:21772ms step_avg:76.39ms
step:286/2160 train_time:21844ms step_avg:76.38ms
step:287/2160 train_time:21917ms step_avg:76.37ms
step:288/2160 train_time:21990ms step_avg:76.36ms
step:289/2160 train_time:22065ms step_avg:76.35ms
step:290/2160 train_time:22138ms step_avg:76.34ms
step:291/2160 train_time:22210ms step_avg:76.32ms
step:292/2160 train_time:22283ms step_avg:76.31ms
step:293/2160 train_time:22355ms step_avg:76.30ms
step:294/2160 train_time:22426ms step_avg:76.28ms
step:295/2160 train_time:22499ms step_avg:76.27ms
step:296/2160 train_time:22572ms step_avg:76.26ms
step:297/2160 train_time:22643ms step_avg:76.24ms
step:298/2160 train_time:22716ms step_avg:76.23ms
step:299/2160 train_time:22791ms step_avg:76.22ms
step:300/2160 train_time:22873ms step_avg:76.24ms
step:301/2160 train_time:22937ms step_avg:76.20ms
step:302/2160 train_time:23008ms step_avg:76.19ms
step:303/2160 train_time:23081ms step_avg:76.18ms
step:304/2160 train_time:23153ms step_avg:76.16ms
step:305/2160 train_time:23225ms step_avg:76.15ms
step:306/2160 train_time:23299ms step_avg:76.14ms
step:307/2160 train_time:23372ms step_avg:76.13ms
step:308/2160 train_time:23444ms step_avg:76.12ms
step:309/2160 train_time:23518ms step_avg:76.11ms
step:310/2160 train_time:23594ms step_avg:76.11ms
step:311/2160 train_time:23671ms step_avg:76.11ms
step:312/2160 train_time:23743ms step_avg:76.10ms
step:313/2160 train_time:23815ms step_avg:76.09ms
step:314/2160 train_time:23887ms step_avg:76.07ms
step:315/2160 train_time:23960ms step_avg:76.06ms
step:316/2160 train_time:24033ms step_avg:76.05ms
step:317/2160 train_time:24105ms step_avg:76.04ms
step:318/2160 train_time:24176ms step_avg:76.02ms
step:319/2160 train_time:24248ms step_avg:76.01ms
step:320/2160 train_time:24322ms step_avg:76.01ms
step:321/2160 train_time:24409ms step_avg:76.04ms
step:322/2160 train_time:24479ms step_avg:76.02ms
step:323/2160 train_time:24550ms step_avg:76.01ms
step:324/2160 train_time:24622ms step_avg:75.99ms
step:325/2160 train_time:24694ms step_avg:75.98ms
step:326/2160 train_time:24768ms step_avg:75.98ms
step:327/2160 train_time:24840ms step_avg:75.96ms
step:328/2160 train_time:24914ms step_avg:75.96ms
step:329/2160 train_time:24987ms step_avg:75.95ms
step:330/2160 train_time:25060ms step_avg:75.94ms
step:331/2160 train_time:25134ms step_avg:75.93ms
step:332/2160 train_time:25207ms step_avg:75.93ms
step:333/2160 train_time:25280ms step_avg:75.92ms
step:334/2160 train_time:25353ms step_avg:75.91ms
step:335/2160 train_time:25433ms step_avg:75.92ms
step:336/2160 train_time:25505ms step_avg:75.91ms
step:337/2160 train_time:25578ms step_avg:75.90ms
step:338/2160 train_time:25650ms step_avg:75.89ms
step:339/2160 train_time:25722ms step_avg:75.88ms
step:340/2160 train_time:25795ms step_avg:75.87ms
step:341/2160 train_time:25873ms step_avg:75.87ms
step:342/2160 train_time:25946ms step_avg:75.87ms
step:343/2160 train_time:26023ms step_avg:75.87ms
step:344/2160 train_time:26098ms step_avg:75.87ms
step:345/2160 train_time:26176ms step_avg:75.87ms
step:346/2160 train_time:26253ms step_avg:75.88ms
step:347/2160 train_time:26330ms step_avg:75.88ms
step:348/2160 train_time:26413ms step_avg:75.90ms
step:349/2160 train_time:26529ms step_avg:76.01ms
step:350/2160 train_time:26609ms step_avg:76.03ms
step:351/2160 train_time:26687ms step_avg:76.03ms
step:352/2160 train_time:26763ms step_avg:76.03ms
step:353/2160 train_time:26840ms step_avg:76.04ms
step:354/2160 train_time:26916ms step_avg:76.03ms
step:355/2160 train_time:26992ms step_avg:76.03ms
step:356/2160 train_time:27067ms step_avg:76.03ms
step:357/2160 train_time:27143ms step_avg:76.03ms
step:358/2160 train_time:27219ms step_avg:76.03ms
step:359/2160 train_time:27297ms step_avg:76.04ms
step:360/2160 train_time:27374ms step_avg:76.04ms
step:361/2160 train_time:27447ms step_avg:76.03ms
step:362/2160 train_time:27521ms step_avg:76.02ms
step:363/2160 train_time:27593ms step_avg:76.01ms
step:364/2160 train_time:27666ms step_avg:76.01ms
step:365/2160 train_time:27738ms step_avg:76.00ms
step:366/2160 train_time:27811ms step_avg:75.99ms
step:367/2160 train_time:27885ms step_avg:75.98ms
step:368/2160 train_time:27957ms step_avg:75.97ms
step:369/2160 train_time:28030ms step_avg:75.96ms
step:370/2160 train_time:28107ms step_avg:75.96ms
step:371/2160 train_time:28186ms step_avg:75.97ms
step:372/2160 train_time:28259ms step_avg:75.96ms
step:373/2160 train_time:28331ms step_avg:75.95ms
step:374/2160 train_time:28401ms step_avg:75.94ms
step:375/2160 train_time:28477ms step_avg:75.94ms
step:376/2160 train_time:28550ms step_avg:75.93ms
step:377/2160 train_time:28624ms step_avg:75.93ms
step:378/2160 train_time:28701ms step_avg:75.93ms
step:379/2160 train_time:28777ms step_avg:75.93ms
step:380/2160 train_time:28854ms step_avg:75.93ms
step:381/2160 train_time:28928ms step_avg:75.93ms
step:382/2160 train_time:28999ms step_avg:75.91ms
step:383/2160 train_time:29071ms step_avg:75.90ms
step:384/2160 train_time:29144ms step_avg:75.90ms
step:385/2160 train_time:29216ms step_avg:75.89ms
step:386/2160 train_time:29288ms step_avg:75.88ms
step:387/2160 train_time:29361ms step_avg:75.87ms
step:388/2160 train_time:29433ms step_avg:75.86ms
step:389/2160 train_time:29505ms step_avg:75.85ms
step:390/2160 train_time:29577ms step_avg:75.84ms
step:391/2160 train_time:29650ms step_avg:75.83ms
step:392/2160 train_time:29724ms step_avg:75.83ms
step:393/2160 train_time:29795ms step_avg:75.81ms
step:394/2160 train_time:29869ms step_avg:75.81ms
step:395/2160 train_time:29940ms step_avg:75.80ms
step:396/2160 train_time:30012ms step_avg:75.79ms
step:397/2160 train_time:30084ms step_avg:75.78ms
step:398/2160 train_time:30156ms step_avg:75.77ms
step:399/2160 train_time:30231ms step_avg:75.77ms
step:400/2160 train_time:30302ms step_avg:75.76ms
step:401/2160 train_time:30374ms step_avg:75.75ms
step:402/2160 train_time:30446ms step_avg:75.74ms
step:403/2160 train_time:30519ms step_avg:75.73ms
step:404/2160 train_time:30591ms step_avg:75.72ms
step:405/2160 train_time:30663ms step_avg:75.71ms
step:406/2160 train_time:30735ms step_avg:75.70ms
step:407/2160 train_time:30807ms step_avg:75.69ms
step:408/2160 train_time:30882ms step_avg:75.69ms
step:409/2160 train_time:30957ms step_avg:75.69ms
step:410/2160 train_time:31026ms step_avg:75.67ms
step:411/2160 train_time:31098ms step_avg:75.67ms
step:412/2160 train_time:31173ms step_avg:75.66ms
step:413/2160 train_time:31245ms step_avg:75.65ms
step:414/2160 train_time:31317ms step_avg:75.65ms
step:415/2160 train_time:31388ms step_avg:75.63ms
step:416/2160 train_time:31460ms step_avg:75.63ms
step:417/2160 train_time:31532ms step_avg:75.62ms
step:418/2160 train_time:31605ms step_avg:75.61ms
step:419/2160 train_time:31676ms step_avg:75.60ms
step:420/2160 train_time:31767ms step_avg:75.64ms
step:421/2160 train_time:31833ms step_avg:75.61ms
step:422/2160 train_time:31906ms step_avg:75.61ms
step:423/2160 train_time:31981ms step_avg:75.61ms
step:424/2160 train_time:32051ms step_avg:75.59ms
step:425/2160 train_time:32122ms step_avg:75.58ms
step:426/2160 train_time:32194ms step_avg:75.57ms
step:427/2160 train_time:32267ms step_avg:75.57ms
step:428/2160 train_time:32340ms step_avg:75.56ms
step:429/2160 train_time:32413ms step_avg:75.55ms
step:430/2160 train_time:32485ms step_avg:75.55ms
step:431/2160 train_time:32557ms step_avg:75.54ms
step:432/2160 train_time:32629ms step_avg:75.53ms
step:433/2160 train_time:32703ms step_avg:75.53ms
step:434/2160 train_time:32774ms step_avg:75.52ms
step:435/2160 train_time:32846ms step_avg:75.51ms
step:436/2160 train_time:32919ms step_avg:75.50ms
step:437/2160 train_time:32993ms step_avg:75.50ms
step:438/2160 train_time:33064ms step_avg:75.49ms
step:439/2160 train_time:33135ms step_avg:75.48ms
step:440/2160 train_time:33216ms step_avg:75.49ms
step:441/2160 train_time:33290ms step_avg:75.49ms
step:442/2160 train_time:33363ms step_avg:75.48ms
step:443/2160 train_time:33435ms step_avg:75.47ms
step:444/2160 train_time:33507ms step_avg:75.47ms
step:445/2160 train_time:33579ms step_avg:75.46ms
step:446/2160 train_time:33651ms step_avg:75.45ms
step:447/2160 train_time:33723ms step_avg:75.44ms
step:448/2160 train_time:33795ms step_avg:75.44ms
step:449/2160 train_time:33868ms step_avg:75.43ms
step:450/2160 train_time:33939ms step_avg:75.42ms
step:451/2160 train_time:34013ms step_avg:75.42ms
step:452/2160 train_time:34085ms step_avg:75.41ms
step:453/2160 train_time:34160ms step_avg:75.41ms
step:454/2160 train_time:34234ms step_avg:75.40ms
step:455/2160 train_time:34304ms step_avg:75.39ms
step:456/2160 train_time:34379ms step_avg:75.39ms
step:457/2160 train_time:34449ms step_avg:75.38ms
step:458/2160 train_time:34520ms step_avg:75.37ms
step:459/2160 train_time:34593ms step_avg:75.37ms
step:460/2160 train_time:34664ms step_avg:75.36ms
step:461/2160 train_time:34736ms step_avg:75.35ms
step:462/2160 train_time:34809ms step_avg:75.34ms
step:463/2160 train_time:34881ms step_avg:75.34ms
step:464/2160 train_time:34954ms step_avg:75.33ms
step:465/2160 train_time:35026ms step_avg:75.32ms
step:466/2160 train_time:35097ms step_avg:75.32ms
step:467/2160 train_time:35170ms step_avg:75.31ms
step:468/2160 train_time:35243ms step_avg:75.31ms
step:469/2160 train_time:35314ms step_avg:75.30ms
step:470/2160 train_time:35386ms step_avg:75.29ms
step:471/2160 train_time:35465ms step_avg:75.30ms
step:472/2160 train_time:35537ms step_avg:75.29ms
step:473/2160 train_time:35611ms step_avg:75.29ms
step:474/2160 train_time:35682ms step_avg:75.28ms
step:475/2160 train_time:35754ms step_avg:75.27ms
step:476/2160 train_time:35827ms step_avg:75.27ms
step:477/2160 train_time:35899ms step_avg:75.26ms
step:478/2160 train_time:35972ms step_avg:75.26ms
step:479/2160 train_time:36044ms step_avg:75.25ms
step:480/2160 train_time:36117ms step_avg:75.24ms
step:481/2160 train_time:36189ms step_avg:75.24ms
step:482/2160 train_time:36262ms step_avg:75.23ms
step:483/2160 train_time:36334ms step_avg:75.23ms
step:484/2160 train_time:36407ms step_avg:75.22ms
step:485/2160 train_time:36480ms step_avg:75.22ms
step:486/2160 train_time:36565ms step_avg:75.24ms
step:487/2160 train_time:36638ms step_avg:75.23ms
step:488/2160 train_time:36710ms step_avg:75.23ms
step:489/2160 train_time:36782ms step_avg:75.22ms
step:490/2160 train_time:36857ms step_avg:75.22ms
step:491/2160 train_time:36930ms step_avg:75.21ms
step:492/2160 train_time:37003ms step_avg:75.21ms
step:493/2160 train_time:37073ms step_avg:75.20ms
step:494/2160 train_time:37147ms step_avg:75.20ms
step:495/2160 train_time:37220ms step_avg:75.19ms
step:496/2160 train_time:37290ms step_avg:75.18ms
step:497/2160 train_time:37363ms step_avg:75.18ms
step:498/2160 train_time:37433ms step_avg:75.17ms
step:499/2160 train_time:37503ms step_avg:75.16ms
step:500/2160 train_time:37575ms step_avg:75.15ms
step:500/2160 val_loss:4.0088 train_time:37611ms step_avg:75.22ms
step:501/2160 train_time:37693ms step_avg:75.23ms
step:502/2160 train_time:37753ms step_avg:75.20ms
step:503/2160 train_time:37821ms step_avg:75.19ms
step:504/2160 train_time:37893ms step_avg:75.19ms
step:505/2160 train_time:37967ms step_avg:75.18ms
step:506/2160 train_time:38040ms step_avg:75.18ms
step:507/2160 train_time:38112ms step_avg:75.17ms
step:508/2160 train_time:38185ms step_avg:75.17ms
step:509/2160 train_time:38258ms step_avg:75.16ms
step:510/2160 train_time:38331ms step_avg:75.16ms
step:511/2160 train_time:38405ms step_avg:75.16ms
step:512/2160 train_time:38476ms step_avg:75.15ms
step:513/2160 train_time:38547ms step_avg:75.14ms
step:514/2160 train_time:38620ms step_avg:75.14ms
step:515/2160 train_time:38691ms step_avg:75.13ms
step:516/2160 train_time:38764ms step_avg:75.12ms
step:517/2160 train_time:38836ms step_avg:75.12ms
step:518/2160 train_time:38908ms step_avg:75.11ms
step:519/2160 train_time:38979ms step_avg:75.10ms
step:520/2160 train_time:39051ms step_avg:75.10ms
step:521/2160 train_time:39124ms step_avg:75.09ms
step:522/2160 train_time:39202ms step_avg:75.10ms
step:523/2160 train_time:39273ms step_avg:75.09ms
step:524/2160 train_time:39346ms step_avg:75.09ms
step:525/2160 train_time:39418ms step_avg:75.08ms
step:526/2160 train_time:39492ms step_avg:75.08ms
step:527/2160 train_time:39564ms step_avg:75.07ms
step:528/2160 train_time:39639ms step_avg:75.07ms
step:529/2160 train_time:39714ms step_avg:75.07ms
step:530/2160 train_time:39789ms step_avg:75.07ms
step:531/2160 train_time:39862ms step_avg:75.07ms
step:532/2160 train_time:39934ms step_avg:75.06ms
step:533/2160 train_time:40007ms step_avg:75.06ms
step:534/2160 train_time:40081ms step_avg:75.06ms
step:535/2160 train_time:40149ms step_avg:75.04ms
step:536/2160 train_time:40224ms step_avg:75.04ms
step:537/2160 train_time:40298ms step_avg:75.04ms
step:538/2160 train_time:40372ms step_avg:75.04ms
step:539/2160 train_time:40444ms step_avg:75.03ms
step:540/2160 train_time:40516ms step_avg:75.03ms
step:541/2160 train_time:40588ms step_avg:75.02ms
step:542/2160 train_time:40661ms step_avg:75.02ms
step:543/2160 train_time:40733ms step_avg:75.02ms
step:544/2160 train_time:40807ms step_avg:75.01ms
step:545/2160 train_time:40898ms step_avg:75.04ms
step:546/2160 train_time:40970ms step_avg:75.04ms
step:547/2160 train_time:41041ms step_avg:75.03ms
step:548/2160 train_time:41113ms step_avg:75.02ms
step:549/2160 train_time:41185ms step_avg:75.02ms
step:550/2160 train_time:41256ms step_avg:75.01ms
step:551/2160 train_time:41329ms step_avg:75.01ms
step:552/2160 train_time:41401ms step_avg:75.00ms
step:553/2160 train_time:41475ms step_avg:75.00ms
step:554/2160 train_time:41547ms step_avg:75.00ms
step:555/2160 train_time:41620ms step_avg:74.99ms
step:556/2160 train_time:41693ms step_avg:74.99ms
step:557/2160 train_time:41765ms step_avg:74.98ms
step:558/2160 train_time:41838ms step_avg:74.98ms
step:559/2160 train_time:41911ms step_avg:74.97ms
step:560/2160 train_time:41982ms step_avg:74.97ms
step:561/2160 train_time:42056ms step_avg:74.97ms
step:562/2160 train_time:42128ms step_avg:74.96ms
step:563/2160 train_time:42200ms step_avg:74.96ms
step:564/2160 train_time:42272ms step_avg:74.95ms
step:565/2160 train_time:42344ms step_avg:74.94ms
step:566/2160 train_time:42416ms step_avg:74.94ms
step:567/2160 train_time:42487ms step_avg:74.93ms
step:568/2160 train_time:42561ms step_avg:74.93ms
step:569/2160 train_time:42635ms step_avg:74.93ms
step:570/2160 train_time:42711ms step_avg:74.93ms
step:571/2160 train_time:42787ms step_avg:74.93ms
step:572/2160 train_time:42861ms step_avg:74.93ms
step:573/2160 train_time:42936ms step_avg:74.93ms
step:574/2160 train_time:43009ms step_avg:74.93ms
step:575/2160 train_time:43083ms step_avg:74.93ms
step:576/2160 train_time:43156ms step_avg:74.92ms
step:577/2160 train_time:43232ms step_avg:74.92ms
step:578/2160 train_time:43306ms step_avg:74.92ms
step:579/2160 train_time:43378ms step_avg:74.92ms
step:580/2160 train_time:43452ms step_avg:74.92ms
step:581/2160 train_time:43525ms step_avg:74.91ms
step:582/2160 train_time:43599ms step_avg:74.91ms
step:583/2160 train_time:43672ms step_avg:74.91ms
step:584/2160 train_time:43745ms step_avg:74.91ms
step:585/2160 train_time:43818ms step_avg:74.90ms
step:586/2160 train_time:43892ms step_avg:74.90ms
step:587/2160 train_time:43965ms step_avg:74.90ms
step:588/2160 train_time:44038ms step_avg:74.89ms
step:589/2160 train_time:44111ms step_avg:74.89ms
step:590/2160 train_time:44185ms step_avg:74.89ms
step:591/2160 train_time:44261ms step_avg:74.89ms
step:592/2160 train_time:44333ms step_avg:74.89ms
step:593/2160 train_time:44406ms step_avg:74.88ms
step:594/2160 train_time:44479ms step_avg:74.88ms
step:595/2160 train_time:44552ms step_avg:74.88ms
step:596/2160 train_time:44625ms step_avg:74.87ms
step:597/2160 train_time:44698ms step_avg:74.87ms
step:598/2160 train_time:44772ms step_avg:74.87ms
step:599/2160 train_time:44845ms step_avg:74.87ms
step:600/2160 train_time:44918ms step_avg:74.86ms
step:601/2160 train_time:44993ms step_avg:74.86ms
step:602/2160 train_time:45067ms step_avg:74.86ms
step:603/2160 train_time:45140ms step_avg:74.86ms
step:604/2160 train_time:45213ms step_avg:74.86ms
step:605/2160 train_time:45287ms step_avg:74.85ms
step:606/2160 train_time:45364ms step_avg:74.86ms
step:607/2160 train_time:45435ms step_avg:74.85ms
step:608/2160 train_time:45509ms step_avg:74.85ms
step:609/2160 train_time:45583ms step_avg:74.85ms
step:610/2160 train_time:45657ms step_avg:74.85ms
step:611/2160 train_time:45731ms step_avg:74.85ms
step:612/2160 train_time:45804ms step_avg:74.84ms
step:613/2160 train_time:45885ms step_avg:74.85ms
step:614/2160 train_time:45956ms step_avg:74.85ms
step:615/2160 train_time:46029ms step_avg:74.84ms
step:616/2160 train_time:46103ms step_avg:74.84ms
step:617/2160 train_time:46176ms step_avg:74.84ms
step:618/2160 train_time:46247ms step_avg:74.83ms
step:619/2160 train_time:46319ms step_avg:74.83ms
step:620/2160 train_time:46391ms step_avg:74.82ms
step:621/2160 train_time:46464ms step_avg:74.82ms
step:622/2160 train_time:46535ms step_avg:74.82ms
step:623/2160 train_time:46609ms step_avg:74.81ms
step:624/2160 train_time:46681ms step_avg:74.81ms
step:625/2160 train_time:46753ms step_avg:74.81ms
step:626/2160 train_time:46825ms step_avg:74.80ms
step:627/2160 train_time:46899ms step_avg:74.80ms
step:628/2160 train_time:46980ms step_avg:74.81ms
step:629/2160 train_time:47052ms step_avg:74.80ms
step:630/2160 train_time:47124ms step_avg:74.80ms
step:631/2160 train_time:47195ms step_avg:74.79ms
step:632/2160 train_time:47268ms step_avg:74.79ms
step:633/2160 train_time:47341ms step_avg:74.79ms
step:634/2160 train_time:47414ms step_avg:74.79ms
step:635/2160 train_time:47488ms step_avg:74.78ms
step:636/2160 train_time:47561ms step_avg:74.78ms
step:637/2160 train_time:47634ms step_avg:74.78ms
step:638/2160 train_time:47707ms step_avg:74.78ms
step:639/2160 train_time:47771ms step_avg:74.76ms
step:640/2160 train_time:47842ms step_avg:74.75ms
step:641/2160 train_time:47915ms step_avg:74.75ms
step:642/2160 train_time:47987ms step_avg:74.75ms
step:643/2160 train_time:48058ms step_avg:74.74ms
step:644/2160 train_time:48132ms step_avg:74.74ms
step:645/2160 train_time:48204ms step_avg:74.74ms
step:646/2160 train_time:48276ms step_avg:74.73ms
step:647/2160 train_time:48350ms step_avg:74.73ms
step:648/2160 train_time:48422ms step_avg:74.73ms
step:649/2160 train_time:48493ms step_avg:74.72ms
step:650/2160 train_time:48567ms step_avg:74.72ms
step:651/2160 train_time:48640ms step_avg:74.72ms
step:652/2160 train_time:48713ms step_avg:74.71ms
step:653/2160 train_time:48785ms step_avg:74.71ms
step:654/2160 train_time:48857ms step_avg:74.70ms
step:655/2160 train_time:48929ms step_avg:74.70ms
step:656/2160 train_time:49002ms step_avg:74.70ms
step:657/2160 train_time:49075ms step_avg:74.70ms
step:658/2160 train_time:49147ms step_avg:74.69ms
step:659/2160 train_time:49220ms step_avg:74.69ms
step:660/2160 train_time:49292ms step_avg:74.68ms
step:661/2160 train_time:49364ms step_avg:74.68ms
step:662/2160 train_time:49435ms step_avg:74.68ms
step:663/2160 train_time:49508ms step_avg:74.67ms
step:664/2160 train_time:49583ms step_avg:74.67ms
step:665/2160 train_time:49658ms step_avg:74.67ms
step:666/2160 train_time:49732ms step_avg:74.67ms
step:667/2160 train_time:49806ms step_avg:74.67ms
step:668/2160 train_time:49883ms step_avg:74.67ms
step:669/2160 train_time:49955ms step_avg:74.67ms
step:670/2160 train_time:50030ms step_avg:74.67ms
step:671/2160 train_time:50104ms step_avg:74.67ms
step:672/2160 train_time:50177ms step_avg:74.67ms
step:673/2160 train_time:50251ms step_avg:74.67ms
step:674/2160 train_time:50325ms step_avg:74.67ms
step:675/2160 train_time:50402ms step_avg:74.67ms
step:676/2160 train_time:50477ms step_avg:74.67ms
step:677/2160 train_time:50552ms step_avg:74.67ms
step:678/2160 train_time:50627ms step_avg:74.67ms
step:679/2160 train_time:50703ms step_avg:74.67ms
step:680/2160 train_time:50779ms step_avg:74.68ms
step:681/2160 train_time:50855ms step_avg:74.68ms
step:682/2160 train_time:50933ms step_avg:74.68ms
step:683/2160 train_time:51004ms step_avg:74.68ms
step:684/2160 train_time:51079ms step_avg:74.68ms
step:685/2160 train_time:51152ms step_avg:74.67ms
step:686/2160 train_time:51228ms step_avg:74.68ms
step:687/2160 train_time:51304ms step_avg:74.68ms
step:688/2160 train_time:51378ms step_avg:74.68ms
step:689/2160 train_time:51455ms step_avg:74.68ms
step:690/2160 train_time:51526ms step_avg:74.68ms
step:691/2160 train_time:51598ms step_avg:74.67ms
step:692/2160 train_time:51669ms step_avg:74.67ms
step:693/2160 train_time:51742ms step_avg:74.66ms
step:694/2160 train_time:51814ms step_avg:74.66ms
step:695/2160 train_time:51887ms step_avg:74.66ms
step:696/2160 train_time:51959ms step_avg:74.65ms
step:697/2160 train_time:52032ms step_avg:74.65ms
step:698/2160 train_time:52102ms step_avg:74.65ms
step:699/2160 train_time:52176ms step_avg:74.64ms
step:700/2160 train_time:52247ms step_avg:74.64ms
step:701/2160 train_time:52319ms step_avg:74.64ms
step:702/2160 train_time:52391ms step_avg:74.63ms
step:703/2160 train_time:52463ms step_avg:74.63ms
step:704/2160 train_time:52534ms step_avg:74.62ms
step:705/2160 train_time:52608ms step_avg:74.62ms
step:706/2160 train_time:52679ms step_avg:74.62ms
step:707/2160 train_time:52752ms step_avg:74.61ms
step:708/2160 train_time:52883ms step_avg:74.69ms
step:709/2160 train_time:52974ms step_avg:74.72ms
step:710/2160 train_time:53108ms step_avg:74.80ms
step:711/2160 train_time:53226ms step_avg:74.86ms
step:712/2160 train_time:53354ms step_avg:74.94ms
step:713/2160 train_time:53480ms step_avg:75.01ms
step:714/2160 train_time:53615ms step_avg:75.09ms
step:715/2160 train_time:53738ms step_avg:75.16ms
step:716/2160 train_time:53865ms step_avg:75.23ms
step:717/2160 train_time:53990ms step_avg:75.30ms
step:718/2160 train_time:54107ms step_avg:75.36ms
step:719/2160 train_time:54232ms step_avg:75.43ms
step:720/2160 train_time:54359ms step_avg:75.50ms
step:721/2160 train_time:54486ms step_avg:75.57ms
step:722/2160 train_time:54612ms step_avg:75.64ms
step:723/2160 train_time:54738ms step_avg:75.71ms
step:724/2160 train_time:54861ms step_avg:75.78ms
step:725/2160 train_time:54989ms step_avg:75.85ms
step:726/2160 train_time:55114ms step_avg:75.91ms
step:727/2160 train_time:55245ms step_avg:75.99ms
step:728/2160 train_time:55370ms step_avg:76.06ms
step:729/2160 train_time:55496ms step_avg:76.13ms
step:730/2160 train_time:55618ms step_avg:76.19ms
step:731/2160 train_time:55743ms step_avg:76.26ms
step:732/2160 train_time:55868ms step_avg:76.32ms
step:733/2160 train_time:55993ms step_avg:76.39ms
step:734/2160 train_time:56119ms step_avg:76.46ms
step:735/2160 train_time:56246ms step_avg:76.53ms
step:736/2160 train_time:56370ms step_avg:76.59ms
step:737/2160 train_time:56495ms step_avg:76.66ms
step:738/2160 train_time:56621ms step_avg:76.72ms
step:739/2160 train_time:56748ms step_avg:76.79ms
step:740/2160 train_time:56873ms step_avg:76.86ms
step:741/2160 train_time:56999ms step_avg:76.92ms
step:742/2160 train_time:57125ms step_avg:76.99ms
step:743/2160 train_time:57249ms step_avg:77.05ms
step:744/2160 train_time:57374ms step_avg:77.12ms
step:745/2160 train_time:57503ms step_avg:77.19ms
step:746/2160 train_time:57629ms step_avg:77.25ms
step:747/2160 train_time:57756ms step_avg:77.32ms
step:748/2160 train_time:57878ms step_avg:77.38ms
step:749/2160 train_time:58007ms step_avg:77.45ms
step:750/2160 train_time:58132ms step_avg:77.51ms
step:750/2160 val_loss:3.8514 train_time:58224ms step_avg:77.63ms
step:751/2160 train_time:58347ms step_avg:77.69ms
step:752/2160 train_time:58456ms step_avg:77.73ms
step:753/2160 train_time:58572ms step_avg:77.79ms
step:754/2160 train_time:58696ms step_avg:77.85ms
step:755/2160 train_time:58822ms step_avg:77.91ms
step:756/2160 train_time:58947ms step_avg:77.97ms
step:757/2160 train_time:59074ms step_avg:78.04ms
step:758/2160 train_time:59200ms step_avg:78.10ms
step:759/2160 train_time:59325ms step_avg:78.16ms
step:760/2160 train_time:59450ms step_avg:78.22ms
step:761/2160 train_time:59576ms step_avg:78.29ms
step:762/2160 train_time:59701ms step_avg:78.35ms
step:763/2160 train_time:59827ms step_avg:78.41ms
step:764/2160 train_time:59953ms step_avg:78.47ms
step:765/2160 train_time:60079ms step_avg:78.53ms
step:766/2160 train_time:60205ms step_avg:78.60ms
step:767/2160 train_time:60330ms step_avg:78.66ms
step:768/2160 train_time:60456ms step_avg:78.72ms
step:769/2160 train_time:60582ms step_avg:78.78ms
step:770/2160 train_time:60708ms step_avg:78.84ms
step:771/2160 train_time:60833ms step_avg:78.90ms
step:772/2160 train_time:60961ms step_avg:78.97ms
step:773/2160 train_time:61087ms step_avg:79.03ms
step:774/2160 train_time:61214ms step_avg:79.09ms
step:775/2160 train_time:61340ms step_avg:79.15ms
step:776/2160 train_time:61463ms step_avg:79.21ms
step:777/2160 train_time:61589ms step_avg:79.27ms
step:778/2160 train_time:61712ms step_avg:79.32ms
step:779/2160 train_time:61846ms step_avg:79.39ms
step:780/2160 train_time:61974ms step_avg:79.45ms
step:781/2160 train_time:62089ms step_avg:79.50ms
step:782/2160 train_time:62214ms step_avg:79.56ms
step:783/2160 train_time:62340ms step_avg:79.62ms
step:784/2160 train_time:62466ms step_avg:79.68ms
step:785/2160 train_time:62593ms step_avg:79.74ms
step:786/2160 train_time:62718ms step_avg:79.79ms
step:787/2160 train_time:62845ms step_avg:79.85ms
step:788/2160 train_time:62970ms step_avg:79.91ms
step:789/2160 train_time:63096ms step_avg:79.97ms
step:790/2160 train_time:63221ms step_avg:80.03ms
step:791/2160 train_time:63347ms step_avg:80.08ms
step:792/2160 train_time:63474ms step_avg:80.14ms
step:793/2160 train_time:63601ms step_avg:80.20ms
step:794/2160 train_time:63724ms step_avg:80.26ms
step:795/2160 train_time:63851ms step_avg:80.32ms
step:796/2160 train_time:63977ms step_avg:80.37ms
step:797/2160 train_time:64104ms step_avg:80.43ms
step:798/2160 train_time:64230ms step_avg:80.49ms
step:799/2160 train_time:64354ms step_avg:80.54ms
step:800/2160 train_time:64480ms step_avg:80.60ms
step:801/2160 train_time:64605ms step_avg:80.66ms
step:802/2160 train_time:64732ms step_avg:80.71ms
step:803/2160 train_time:64857ms step_avg:80.77ms
step:804/2160 train_time:64983ms step_avg:80.82ms
step:805/2160 train_time:65108ms step_avg:80.88ms
step:806/2160 train_time:65234ms step_avg:80.94ms
step:807/2160 train_time:65360ms step_avg:80.99ms
step:808/2160 train_time:65485ms step_avg:81.05ms
step:809/2160 train_time:65610ms step_avg:81.10ms
step:810/2160 train_time:65737ms step_avg:81.16ms
step:811/2160 train_time:65865ms step_avg:81.21ms
step:812/2160 train_time:65990ms step_avg:81.27ms
step:813/2160 train_time:66115ms step_avg:81.32ms
step:814/2160 train_time:66241ms step_avg:81.38ms
step:815/2160 train_time:66366ms step_avg:81.43ms
step:816/2160 train_time:66492ms step_avg:81.48ms
step:817/2160 train_time:66620ms step_avg:81.54ms
step:818/2160 train_time:66745ms step_avg:81.60ms
step:819/2160 train_time:66869ms step_avg:81.65ms
step:820/2160 train_time:66996ms step_avg:81.70ms
step:821/2160 train_time:67121ms step_avg:81.76ms
step:822/2160 train_time:67257ms step_avg:81.82ms
step:823/2160 train_time:67381ms step_avg:81.87ms
step:824/2160 train_time:67507ms step_avg:81.93ms
step:825/2160 train_time:67633ms step_avg:81.98ms
step:826/2160 train_time:67749ms step_avg:82.02ms
step:827/2160 train_time:67874ms step_avg:82.07ms
step:828/2160 train_time:68000ms step_avg:82.13ms
step:829/2160 train_time:68128ms step_avg:82.18ms
step:830/2160 train_time:68251ms step_avg:82.23ms
step:831/2160 train_time:68376ms step_avg:82.28ms
step:832/2160 train_time:68501ms step_avg:82.33ms
step:833/2160 train_time:68628ms step_avg:82.39ms
step:834/2160 train_time:68753ms step_avg:82.44ms
step:835/2160 train_time:68878ms step_avg:82.49ms
step:836/2160 train_time:69004ms step_avg:82.54ms
step:837/2160 train_time:69131ms step_avg:82.59ms
step:838/2160 train_time:69255ms step_avg:82.64ms
step:839/2160 train_time:69381ms step_avg:82.69ms
step:840/2160 train_time:69506ms step_avg:82.75ms
step:841/2160 train_time:69633ms step_avg:82.80ms
step:842/2160 train_time:69758ms step_avg:82.85ms
step:843/2160 train_time:69884ms step_avg:82.90ms
step:844/2160 train_time:70009ms step_avg:82.95ms
step:845/2160 train_time:70135ms step_avg:83.00ms
step:846/2160 train_time:70261ms step_avg:83.05ms
step:847/2160 train_time:70387ms step_avg:83.10ms
step:848/2160 train_time:70512ms step_avg:83.15ms
step:849/2160 train_time:70639ms step_avg:83.20ms
step:850/2160 train_time:70765ms step_avg:83.25ms
step:851/2160 train_time:70890ms step_avg:83.30ms
step:852/2160 train_time:71016ms step_avg:83.35ms
step:853/2160 train_time:71142ms step_avg:83.40ms
step:854/2160 train_time:71267ms step_avg:83.45ms
step:855/2160 train_time:71392ms step_avg:83.50ms
step:856/2160 train_time:71520ms step_avg:83.55ms
step:857/2160 train_time:71648ms step_avg:83.60ms
step:858/2160 train_time:71770ms step_avg:83.65ms
step:859/2160 train_time:71894ms step_avg:83.69ms
step:860/2160 train_time:72020ms step_avg:83.74ms
step:861/2160 train_time:72147ms step_avg:83.79ms
step:862/2160 train_time:72271ms step_avg:83.84ms
step:863/2160 train_time:72397ms step_avg:83.89ms
step:864/2160 train_time:72523ms step_avg:83.94ms
step:865/2160 train_time:72649ms step_avg:83.99ms
step:866/2160 train_time:72774ms step_avg:84.04ms
step:867/2160 train_time:72900ms step_avg:84.08ms
step:868/2160 train_time:73026ms step_avg:84.13ms
step:869/2160 train_time:73151ms step_avg:84.18ms
step:870/2160 train_time:73276ms step_avg:84.23ms
step:871/2160 train_time:73402ms step_avg:84.27ms
step:872/2160 train_time:73528ms step_avg:84.32ms
step:873/2160 train_time:73654ms step_avg:84.37ms
step:874/2160 train_time:73778ms step_avg:84.41ms
step:875/2160 train_time:73904ms step_avg:84.46ms
step:876/2160 train_time:74030ms step_avg:84.51ms
step:877/2160 train_time:74157ms step_avg:84.56ms
step:878/2160 train_time:74281ms step_avg:84.60ms
step:879/2160 train_time:74409ms step_avg:84.65ms
step:880/2160 train_time:74534ms step_avg:84.70ms
step:881/2160 train_time:74660ms step_avg:84.74ms
step:882/2160 train_time:74784ms step_avg:84.79ms
step:883/2160 train_time:74910ms step_avg:84.84ms
step:884/2160 train_time:75037ms step_avg:84.88ms
step:885/2160 train_time:75162ms step_avg:84.93ms
step:886/2160 train_time:75288ms step_avg:84.98ms
step:887/2160 train_time:75413ms step_avg:85.02ms
step:888/2160 train_time:75537ms step_avg:85.06ms
step:889/2160 train_time:75663ms step_avg:85.11ms
step:890/2160 train_time:75789ms step_avg:85.16ms
step:891/2160 train_time:75913ms step_avg:85.20ms
step:892/2160 train_time:76041ms step_avg:85.25ms
step:893/2160 train_time:76165ms step_avg:85.29ms
step:894/2160 train_time:76291ms step_avg:85.34ms
step:895/2160 train_time:76416ms step_avg:85.38ms
step:896/2160 train_time:76541ms step_avg:85.43ms
step:897/2160 train_time:76669ms step_avg:85.47ms
step:898/2160 train_time:76793ms step_avg:85.52ms
step:899/2160 train_time:76917ms step_avg:85.56ms
step:900/2160 train_time:77043ms step_avg:85.60ms
step:901/2160 train_time:77168ms step_avg:85.65ms
step:902/2160 train_time:77294ms step_avg:85.69ms
step:903/2160 train_time:77420ms step_avg:85.74ms
step:904/2160 train_time:77545ms step_avg:85.78ms
step:905/2160 train_time:77672ms step_avg:85.83ms
step:906/2160 train_time:77797ms step_avg:85.87ms
step:907/2160 train_time:77923ms step_avg:85.91ms
step:908/2160 train_time:78050ms step_avg:85.96ms
step:909/2160 train_time:78174ms step_avg:86.00ms
step:910/2160 train_time:78301ms step_avg:86.04ms
step:911/2160 train_time:78426ms step_avg:86.09ms
step:912/2160 train_time:78551ms step_avg:86.13ms
step:913/2160 train_time:78677ms step_avg:86.17ms
step:914/2160 train_time:78802ms step_avg:86.22ms
step:915/2160 train_time:78929ms step_avg:86.26ms
step:916/2160 train_time:79055ms step_avg:86.30ms
step:917/2160 train_time:79179ms step_avg:86.35ms
step:918/2160 train_time:79305ms step_avg:86.39ms
step:919/2160 train_time:79431ms step_avg:86.43ms
step:920/2160 train_time:79556ms step_avg:86.47ms
step:921/2160 train_time:79682ms step_avg:86.52ms
step:922/2160 train_time:79807ms step_avg:86.56ms
step:923/2160 train_time:79933ms step_avg:86.60ms
step:924/2160 train_time:80059ms step_avg:86.64ms
step:925/2160 train_time:80185ms step_avg:86.69ms
step:926/2160 train_time:80311ms step_avg:86.73ms
step:927/2160 train_time:80436ms step_avg:86.77ms
step:928/2160 train_time:80562ms step_avg:86.81ms
step:929/2160 train_time:80686ms step_avg:86.85ms
step:930/2160 train_time:80811ms step_avg:86.89ms
step:931/2160 train_time:80937ms step_avg:86.94ms
step:932/2160 train_time:81062ms step_avg:86.98ms
step:933/2160 train_time:81188ms step_avg:87.02ms
step:934/2160 train_time:81313ms step_avg:87.06ms
step:935/2160 train_time:81439ms step_avg:87.10ms
step:936/2160 train_time:81564ms step_avg:87.14ms
step:937/2160 train_time:81690ms step_avg:87.18ms
step:938/2160 train_time:81817ms step_avg:87.23ms
step:939/2160 train_time:81943ms step_avg:87.27ms
step:940/2160 train_time:82069ms step_avg:87.31ms
step:941/2160 train_time:82195ms step_avg:87.35ms
step:942/2160 train_time:82320ms step_avg:87.39ms
step:943/2160 train_time:82447ms step_avg:87.43ms
step:944/2160 train_time:82570ms step_avg:87.47ms
step:945/2160 train_time:82697ms step_avg:87.51ms
step:946/2160 train_time:82824ms step_avg:87.55ms
step:947/2160 train_time:82949ms step_avg:87.59ms
step:948/2160 train_time:83076ms step_avg:87.63ms
step:949/2160 train_time:83202ms step_avg:87.67ms
step:950/2160 train_time:83327ms step_avg:87.71ms
step:951/2160 train_time:83454ms step_avg:87.75ms
step:952/2160 train_time:83582ms step_avg:87.80ms
step:953/2160 train_time:83705ms step_avg:87.83ms
step:954/2160 train_time:83831ms step_avg:87.87ms
step:955/2160 train_time:83957ms step_avg:87.91ms
step:956/2160 train_time:84082ms step_avg:87.95ms
step:957/2160 train_time:84208ms step_avg:87.99ms
step:958/2160 train_time:84333ms step_avg:88.03ms
step:959/2160 train_time:84459ms step_avg:88.07ms
step:960/2160 train_time:84584ms step_avg:88.11ms
step:961/2160 train_time:84711ms step_avg:88.15ms
step:962/2160 train_time:84836ms step_avg:88.19ms
step:963/2160 train_time:84962ms step_avg:88.23ms
step:964/2160 train_time:85087ms step_avg:88.26ms
step:965/2160 train_time:85212ms step_avg:88.30ms
step:966/2160 train_time:85337ms step_avg:88.34ms
step:967/2160 train_time:85467ms step_avg:88.38ms
step:968/2160 train_time:85590ms step_avg:88.42ms
step:969/2160 train_time:85716ms step_avg:88.46ms
step:970/2160 train_time:85841ms step_avg:88.50ms
step:971/2160 train_time:85972ms step_avg:88.54ms
step:972/2160 train_time:86096ms step_avg:88.58ms
step:973/2160 train_time:86221ms step_avg:88.61ms
step:974/2160 train_time:86345ms step_avg:88.65ms
step:975/2160 train_time:86470ms step_avg:88.69ms
step:976/2160 train_time:86596ms step_avg:88.73ms
step:977/2160 train_time:86722ms step_avg:88.76ms
step:978/2160 train_time:86848ms step_avg:88.80ms
step:979/2160 train_time:86974ms step_avg:88.84ms
step:980/2160 train_time:87102ms step_avg:88.88ms
step:981/2160 train_time:87228ms step_avg:88.92ms
step:982/2160 train_time:87353ms step_avg:88.95ms
step:983/2160 train_time:87479ms step_avg:88.99ms
step:984/2160 train_time:87604ms step_avg:89.03ms
step:985/2160 train_time:87730ms step_avg:89.07ms
step:986/2160 train_time:87855ms step_avg:89.10ms
step:987/2160 train_time:87981ms step_avg:89.14ms
step:988/2160 train_time:88107ms step_avg:89.18ms
step:989/2160 train_time:88232ms step_avg:89.21ms
step:990/2160 train_time:88358ms step_avg:89.25ms
step:991/2160 train_time:88484ms step_avg:89.29ms
step:992/2160 train_time:88610ms step_avg:89.32ms
step:993/2160 train_time:88735ms step_avg:89.36ms
step:994/2160 train_time:88862ms step_avg:89.40ms
step:995/2160 train_time:88986ms step_avg:89.43ms
step:996/2160 train_time:89113ms step_avg:89.47ms
step:997/2160 train_time:89237ms step_avg:89.51ms
step:998/2160 train_time:89362ms step_avg:89.54ms
step:999/2160 train_time:89488ms step_avg:89.58ms
step:1000/2160 train_time:89614ms step_avg:89.61ms
step:1000/2160 val_loss:3.6902 train_time:89704ms step_avg:89.70ms
step:1001/2160 train_time:89822ms step_avg:89.73ms
step:1002/2160 train_time:89937ms step_avg:89.76ms
step:1003/2160 train_time:90056ms step_avg:89.79ms
step:1004/2160 train_time:90182ms step_avg:89.82ms
step:1005/2160 train_time:90308ms step_avg:89.86ms
step:1006/2160 train_time:90433ms step_avg:89.89ms
step:1007/2160 train_time:90559ms step_avg:89.93ms
step:1008/2160 train_time:90684ms step_avg:89.96ms
step:1009/2160 train_time:90810ms step_avg:90.00ms
step:1010/2160 train_time:90936ms step_avg:90.04ms
step:1011/2160 train_time:91062ms step_avg:90.07ms
step:1012/2160 train_time:91187ms step_avg:90.11ms
step:1013/2160 train_time:91313ms step_avg:90.14ms
step:1014/2160 train_time:91439ms step_avg:90.18ms
step:1015/2160 train_time:91566ms step_avg:90.21ms
step:1016/2160 train_time:91692ms step_avg:90.25ms
step:1017/2160 train_time:91817ms step_avg:90.28ms
step:1018/2160 train_time:91943ms step_avg:90.32ms
step:1019/2160 train_time:92068ms step_avg:90.35ms
step:1020/2160 train_time:92193ms step_avg:90.39ms
step:1021/2160 train_time:92318ms step_avg:90.42ms
step:1022/2160 train_time:92444ms step_avg:90.45ms
step:1023/2160 train_time:92571ms step_avg:90.49ms
step:1024/2160 train_time:92695ms step_avg:90.52ms
step:1025/2160 train_time:92821ms step_avg:90.56ms
step:1026/2160 train_time:92947ms step_avg:90.59ms
step:1027/2160 train_time:93072ms step_avg:90.63ms
step:1028/2160 train_time:93197ms step_avg:90.66ms
step:1029/2160 train_time:93323ms step_avg:90.69ms
step:1030/2160 train_time:93448ms step_avg:90.73ms
step:1031/2160 train_time:93575ms step_avg:90.76ms
step:1032/2160 train_time:93700ms step_avg:90.79ms
step:1033/2160 train_time:93825ms step_avg:90.83ms
step:1034/2160 train_time:93951ms step_avg:90.86ms
step:1035/2160 train_time:94075ms step_avg:90.89ms
step:1036/2160 train_time:94200ms step_avg:90.93ms
step:1037/2160 train_time:94326ms step_avg:90.96ms
step:1038/2160 train_time:94452ms step_avg:90.99ms
step:1039/2160 train_time:94578ms step_avg:91.03ms
step:1040/2160 train_time:94702ms step_avg:91.06ms
step:1041/2160 train_time:94828ms step_avg:91.09ms
step:1042/2160 train_time:94954ms step_avg:91.13ms
step:1043/2160 train_time:95080ms step_avg:91.16ms
step:1044/2160 train_time:95205ms step_avg:91.19ms
step:1045/2160 train_time:95331ms step_avg:91.23ms
step:1046/2160 train_time:95458ms step_avg:91.26ms
step:1047/2160 train_time:95583ms step_avg:91.29ms
step:1048/2160 train_time:95708ms step_avg:91.32ms
step:1049/2160 train_time:95833ms step_avg:91.36ms
step:1050/2160 train_time:95959ms step_avg:91.39ms
step:1051/2160 train_time:96110ms step_avg:91.45ms
step:1052/2160 train_time:96236ms step_avg:91.48ms
step:1053/2160 train_time:96362ms step_avg:91.51ms
step:1054/2160 train_time:96487ms step_avg:91.54ms
step:1055/2160 train_time:96614ms step_avg:91.58ms
step:1056/2160 train_time:96739ms step_avg:91.61ms
step:1057/2160 train_time:96865ms step_avg:91.64ms
step:1058/2160 train_time:96991ms step_avg:91.67ms
step:1059/2160 train_time:97116ms step_avg:91.71ms
step:1060/2160 train_time:97242ms step_avg:91.74ms
step:1061/2160 train_time:97369ms step_avg:91.77ms
step:1062/2160 train_time:97496ms step_avg:91.80ms
step:1063/2160 train_time:97619ms step_avg:91.83ms
step:1064/2160 train_time:97747ms step_avg:91.87ms
step:1065/2160 train_time:97872ms step_avg:91.90ms
step:1066/2160 train_time:97997ms step_avg:91.93ms
step:1067/2160 train_time:98122ms step_avg:91.96ms
step:1068/2160 train_time:98248ms step_avg:91.99ms
step:1069/2160 train_time:98373ms step_avg:92.02ms
step:1070/2160 train_time:98504ms step_avg:92.06ms
step:1071/2160 train_time:98631ms step_avg:92.09ms
step:1072/2160 train_time:98755ms step_avg:92.12ms
step:1073/2160 train_time:98883ms step_avg:92.16ms
step:1074/2160 train_time:99007ms step_avg:92.18ms
step:1075/2160 train_time:99133ms step_avg:92.22ms
step:1076/2160 train_time:99259ms step_avg:92.25ms
step:1077/2160 train_time:99385ms step_avg:92.28ms
step:1078/2160 train_time:99512ms step_avg:92.31ms
step:1079/2160 train_time:99637ms step_avg:92.34ms
step:1080/2160 train_time:99762ms step_avg:92.37ms
step:1081/2160 train_time:99888ms step_avg:92.40ms
step:1082/2160 train_time:100013ms step_avg:92.43ms
step:1083/2160 train_time:100140ms step_avg:92.47ms
step:1084/2160 train_time:100264ms step_avg:92.49ms
step:1085/2160 train_time:100390ms step_avg:92.53ms
step:1086/2160 train_time:100520ms step_avg:92.56ms
step:1087/2160 train_time:100644ms step_avg:92.59ms
step:1088/2160 train_time:100769ms step_avg:92.62ms
step:1089/2160 train_time:100895ms step_avg:92.65ms
step:1090/2160 train_time:101021ms step_avg:92.68ms
step:1091/2160 train_time:101147ms step_avg:92.71ms
step:1092/2160 train_time:101274ms step_avg:92.74ms
step:1093/2160 train_time:101400ms step_avg:92.77ms
step:1094/2160 train_time:101525ms step_avg:92.80ms
step:1095/2160 train_time:101650ms step_avg:92.83ms
step:1096/2160 train_time:101776ms step_avg:92.86ms
step:1097/2160 train_time:101901ms step_avg:92.89ms
step:1098/2160 train_time:102027ms step_avg:92.92ms
step:1099/2160 train_time:102152ms step_avg:92.95ms
step:1100/2160 train_time:102277ms step_avg:92.98ms
step:1101/2160 train_time:102406ms step_avg:93.01ms
step:1102/2160 train_time:102530ms step_avg:93.04ms
step:1103/2160 train_time:102657ms step_avg:93.07ms
step:1104/2160 train_time:102783ms step_avg:93.10ms
step:1105/2160 train_time:102910ms step_avg:93.13ms
step:1106/2160 train_time:103033ms step_avg:93.16ms
step:1107/2160 train_time:103159ms step_avg:93.19ms
step:1108/2160 train_time:103285ms step_avg:93.22ms
step:1109/2160 train_time:103411ms step_avg:93.25ms
step:1110/2160 train_time:103536ms step_avg:93.28ms
step:1111/2160 train_time:103662ms step_avg:93.31ms
step:1112/2160 train_time:103787ms step_avg:93.33ms
step:1113/2160 train_time:103913ms step_avg:93.36ms
step:1114/2160 train_time:104039ms step_avg:93.39ms
step:1115/2160 train_time:104165ms step_avg:93.42ms
step:1116/2160 train_time:104291ms step_avg:93.45ms
step:1117/2160 train_time:104416ms step_avg:93.48ms
step:1118/2160 train_time:104541ms step_avg:93.51ms
step:1119/2160 train_time:104668ms step_avg:93.54ms
step:1120/2160 train_time:104794ms step_avg:93.57ms
step:1121/2160 train_time:104920ms step_avg:93.59ms
step:1122/2160 train_time:105045ms step_avg:93.62ms
step:1123/2160 train_time:105170ms step_avg:93.65ms
step:1124/2160 train_time:105297ms step_avg:93.68ms
step:1125/2160 train_time:105422ms step_avg:93.71ms
step:1126/2160 train_time:105547ms step_avg:93.74ms
step:1127/2160 train_time:105673ms step_avg:93.76ms
step:1128/2160 train_time:105798ms step_avg:93.79ms
step:1129/2160 train_time:105924ms step_avg:93.82ms
step:1130/2160 train_time:106049ms step_avg:93.85ms
step:1131/2160 train_time:106176ms step_avg:93.88ms
step:1132/2160 train_time:106301ms step_avg:93.91ms
step:1133/2160 train_time:106426ms step_avg:93.93ms
step:1134/2160 train_time:106552ms step_avg:93.96ms
step:1135/2160 train_time:106677ms step_avg:93.99ms
step:1136/2160 train_time:106802ms step_avg:94.02ms
step:1137/2160 train_time:106928ms step_avg:94.04ms
step:1138/2160 train_time:107053ms step_avg:94.07ms
step:1139/2160 train_time:107178ms step_avg:94.10ms
step:1140/2160 train_time:107303ms step_avg:94.13ms
step:1141/2160 train_time:107429ms step_avg:94.15ms
step:1142/2160 train_time:107554ms step_avg:94.18ms
step:1143/2160 train_time:107684ms step_avg:94.21ms
step:1144/2160 train_time:107808ms step_avg:94.24ms
step:1145/2160 train_time:107934ms step_avg:94.27ms
step:1146/2160 train_time:108059ms step_avg:94.29ms
step:1147/2160 train_time:108185ms step_avg:94.32ms
step:1148/2160 train_time:108310ms step_avg:94.35ms
step:1149/2160 train_time:108436ms step_avg:94.37ms
step:1150/2160 train_time:108562ms step_avg:94.40ms
step:1151/2160 train_time:108687ms step_avg:94.43ms
step:1152/2160 train_time:108812ms step_avg:94.46ms
step:1153/2160 train_time:108938ms step_avg:94.48ms
step:1154/2160 train_time:109063ms step_avg:94.51ms
step:1155/2160 train_time:109189ms step_avg:94.54ms
step:1156/2160 train_time:109315ms step_avg:94.56ms
step:1157/2160 train_time:109441ms step_avg:94.59ms
step:1158/2160 train_time:109568ms step_avg:94.62ms
step:1159/2160 train_time:109694ms step_avg:94.65ms
step:1160/2160 train_time:109819ms step_avg:94.67ms
step:1161/2160 train_time:109945ms step_avg:94.70ms
step:1162/2160 train_time:110072ms step_avg:94.73ms
step:1163/2160 train_time:110197ms step_avg:94.75ms
step:1164/2160 train_time:110324ms step_avg:94.78ms
step:1165/2160 train_time:110450ms step_avg:94.81ms
step:1166/2160 train_time:110575ms step_avg:94.83ms
step:1167/2160 train_time:110701ms step_avg:94.86ms
step:1168/2160 train_time:110827ms step_avg:94.89ms
step:1169/2160 train_time:110954ms step_avg:94.91ms
step:1170/2160 train_time:111080ms step_avg:94.94ms
step:1171/2160 train_time:111202ms step_avg:94.96ms
step:1172/2160 train_time:111327ms step_avg:94.99ms
step:1173/2160 train_time:111454ms step_avg:95.02ms
step:1174/2160 train_time:111581ms step_avg:95.04ms
step:1175/2160 train_time:111704ms step_avg:95.07ms
step:1176/2160 train_time:111831ms step_avg:95.09ms
step:1177/2160 train_time:111956ms step_avg:95.12ms
step:1178/2160 train_time:112082ms step_avg:95.15ms
step:1179/2160 train_time:112208ms step_avg:95.17ms
step:1180/2160 train_time:112333ms step_avg:95.20ms
step:1181/2160 train_time:112460ms step_avg:95.22ms
step:1182/2160 train_time:112584ms step_avg:95.25ms
step:1183/2160 train_time:112710ms step_avg:95.27ms
step:1184/2160 train_time:112835ms step_avg:95.30ms
step:1185/2160 train_time:112960ms step_avg:95.33ms
step:1186/2160 train_time:113086ms step_avg:95.35ms
step:1187/2160 train_time:113211ms step_avg:95.38ms
step:1188/2160 train_time:113336ms step_avg:95.40ms
step:1189/2160 train_time:113462ms step_avg:95.43ms
step:1190/2160 train_time:113589ms step_avg:95.45ms
step:1191/2160 train_time:113715ms step_avg:95.48ms
step:1192/2160 train_time:113840ms step_avg:95.50ms
step:1193/2160 train_time:113967ms step_avg:95.53ms
step:1194/2160 train_time:114092ms step_avg:95.55ms
step:1195/2160 train_time:114217ms step_avg:95.58ms
step:1196/2160 train_time:114342ms step_avg:95.60ms
step:1197/2160 train_time:114467ms step_avg:95.63ms
step:1198/2160 train_time:114593ms step_avg:95.65ms
step:1199/2160 train_time:114718ms step_avg:95.68ms
step:1200/2160 train_time:114843ms step_avg:95.70ms
step:1201/2160 train_time:114970ms step_avg:95.73ms
step:1202/2160 train_time:115095ms step_avg:95.75ms
step:1203/2160 train_time:115220ms step_avg:95.78ms
step:1204/2160 train_time:115347ms step_avg:95.80ms
step:1205/2160 train_time:115471ms step_avg:95.83ms
step:1206/2160 train_time:115597ms step_avg:95.85ms
step:1207/2160 train_time:115722ms step_avg:95.88ms
step:1208/2160 train_time:115848ms step_avg:95.90ms
step:1209/2160 train_time:115975ms step_avg:95.93ms
step:1210/2160 train_time:116100ms step_avg:95.95ms
step:1211/2160 train_time:116228ms step_avg:95.98ms
step:1212/2160 train_time:116354ms step_avg:96.00ms
step:1213/2160 train_time:116480ms step_avg:96.03ms
step:1214/2160 train_time:116605ms step_avg:96.05ms
step:1215/2160 train_time:116734ms step_avg:96.08ms
step:1216/2160 train_time:116857ms step_avg:96.10ms
step:1217/2160 train_time:116984ms step_avg:96.12ms
step:1218/2160 train_time:117109ms step_avg:96.15ms
step:1219/2160 train_time:117235ms step_avg:96.17ms
step:1220/2160 train_time:117360ms step_avg:96.20ms
step:1221/2160 train_time:117486ms step_avg:96.22ms
step:1222/2160 train_time:117613ms step_avg:96.25ms
step:1223/2160 train_time:117741ms step_avg:96.27ms
step:1224/2160 train_time:117867ms step_avg:96.30ms
step:1225/2160 train_time:117991ms step_avg:96.32ms
step:1226/2160 train_time:118116ms step_avg:96.34ms
step:1227/2160 train_time:118241ms step_avg:96.37ms
step:1228/2160 train_time:118367ms step_avg:96.39ms
step:1229/2160 train_time:118493ms step_avg:96.41ms
step:1230/2160 train_time:118617ms step_avg:96.44ms
step:1231/2160 train_time:118743ms step_avg:96.46ms
step:1232/2160 train_time:118871ms step_avg:96.49ms
step:1233/2160 train_time:118995ms step_avg:96.51ms
step:1234/2160 train_time:119121ms step_avg:96.53ms
step:1235/2160 train_time:119245ms step_avg:96.55ms
step:1236/2160 train_time:119368ms step_avg:96.58ms
step:1237/2160 train_time:119494ms step_avg:96.60ms
step:1238/2160 train_time:119620ms step_avg:96.62ms
step:1239/2160 train_time:119747ms step_avg:96.65ms
step:1240/2160 train_time:119879ms step_avg:96.68ms
step:1241/2160 train_time:119999ms step_avg:96.70ms
step:1242/2160 train_time:120123ms step_avg:96.72ms
step:1243/2160 train_time:120250ms step_avg:96.74ms
step:1244/2160 train_time:120375ms step_avg:96.76ms
step:1245/2160 train_time:120500ms step_avg:96.79ms
step:1246/2160 train_time:120626ms step_avg:96.81ms
step:1247/2160 train_time:120751ms step_avg:96.83ms
step:1248/2160 train_time:120876ms step_avg:96.86ms
step:1249/2160 train_time:121002ms step_avg:96.88ms
step:1250/2160 train_time:121127ms step_avg:96.90ms
step:1250/2160 val_loss:3.5668 train_time:121219ms step_avg:96.97ms
step:1251/2160 train_time:121338ms step_avg:96.99ms
step:1252/2160 train_time:121444ms step_avg:97.00ms
step:1253/2160 train_time:121565ms step_avg:97.02ms
step:1254/2160 train_time:121690ms step_avg:97.04ms
step:1255/2160 train_time:121817ms step_avg:97.07ms
step:1256/2160 train_time:121941ms step_avg:97.09ms
step:1257/2160 train_time:122068ms step_avg:97.11ms
step:1258/2160 train_time:122194ms step_avg:97.13ms
step:1259/2160 train_time:122320ms step_avg:97.16ms
step:1260/2160 train_time:122447ms step_avg:97.18ms
step:1261/2160 train_time:122574ms step_avg:97.20ms
step:1262/2160 train_time:122698ms step_avg:97.23ms
step:1263/2160 train_time:122824ms step_avg:97.25ms
step:1264/2160 train_time:122950ms step_avg:97.27ms
step:1265/2160 train_time:123074ms step_avg:97.29ms
step:1266/2160 train_time:123201ms step_avg:97.31ms
step:1267/2160 train_time:123327ms step_avg:97.34ms
step:1268/2160 train_time:123452ms step_avg:97.36ms
step:1269/2160 train_time:123578ms step_avg:97.38ms
step:1270/2160 train_time:123704ms step_avg:97.40ms
step:1271/2160 train_time:123830ms step_avg:97.43ms
step:1272/2160 train_time:123954ms step_avg:97.45ms
step:1273/2160 train_time:124080ms step_avg:97.47ms
step:1274/2160 train_time:124206ms step_avg:97.49ms
step:1275/2160 train_time:124335ms step_avg:97.52ms
step:1276/2160 train_time:124460ms step_avg:97.54ms
step:1277/2160 train_time:124588ms step_avg:97.56ms
step:1278/2160 train_time:124711ms step_avg:97.58ms
step:1279/2160 train_time:124837ms step_avg:97.60ms
step:1280/2160 train_time:124963ms step_avg:97.63ms
step:1281/2160 train_time:125089ms step_avg:97.65ms
step:1282/2160 train_time:125217ms step_avg:97.67ms
step:1283/2160 train_time:125341ms step_avg:97.69ms
step:1284/2160 train_time:125467ms step_avg:97.72ms
step:1285/2160 train_time:125593ms step_avg:97.74ms
step:1286/2160 train_time:125721ms step_avg:97.76ms
step:1287/2160 train_time:125847ms step_avg:97.78ms
step:1288/2160 train_time:125972ms step_avg:97.80ms
step:1289/2160 train_time:126096ms step_avg:97.82ms
step:1290/2160 train_time:126221ms step_avg:97.85ms
step:1291/2160 train_time:126347ms step_avg:97.87ms
step:1292/2160 train_time:126474ms step_avg:97.89ms
step:1293/2160 train_time:126599ms step_avg:97.91ms
step:1294/2160 train_time:126724ms step_avg:97.93ms
step:1295/2160 train_time:126850ms step_avg:97.95ms
step:1296/2160 train_time:126974ms step_avg:97.97ms
step:1297/2160 train_time:127100ms step_avg:98.00ms
step:1298/2160 train_time:127225ms step_avg:98.02ms
step:1299/2160 train_time:127352ms step_avg:98.04ms
step:1300/2160 train_time:127477ms step_avg:98.06ms
step:1301/2160 train_time:127603ms step_avg:98.08ms
step:1302/2160 train_time:127728ms step_avg:98.10ms
step:1303/2160 train_time:127854ms step_avg:98.12ms
step:1304/2160 train_time:127979ms step_avg:98.14ms
step:1305/2160 train_time:128104ms step_avg:98.16ms
step:1306/2160 train_time:128233ms step_avg:98.19ms
step:1307/2160 train_time:128361ms step_avg:98.21ms
step:1308/2160 train_time:128482ms step_avg:98.23ms
step:1309/2160 train_time:128607ms step_avg:98.25ms
step:1310/2160 train_time:128733ms step_avg:98.27ms
step:1311/2160 train_time:128858ms step_avg:98.29ms
step:1312/2160 train_time:128983ms step_avg:98.31ms
step:1313/2160 train_time:129111ms step_avg:98.33ms
step:1314/2160 train_time:129235ms step_avg:98.35ms
step:1315/2160 train_time:129367ms step_avg:98.38ms
step:1316/2160 train_time:129493ms step_avg:98.40ms
step:1317/2160 train_time:129618ms step_avg:98.42ms
step:1318/2160 train_time:129744ms step_avg:98.44ms
step:1319/2160 train_time:129869ms step_avg:98.46ms
step:1320/2160 train_time:129994ms step_avg:98.48ms
step:1321/2160 train_time:130120ms step_avg:98.50ms
step:1322/2160 train_time:130246ms step_avg:98.52ms
step:1323/2160 train_time:130373ms step_avg:98.54ms
step:1324/2160 train_time:130497ms step_avg:98.56ms
step:1325/2160 train_time:130624ms step_avg:98.58ms
step:1326/2160 train_time:130749ms step_avg:98.60ms
step:1327/2160 train_time:130874ms step_avg:98.62ms
step:1328/2160 train_time:130999ms step_avg:98.64ms
step:1329/2160 train_time:131125ms step_avg:98.66ms
step:1330/2160 train_time:131251ms step_avg:98.68ms
step:1331/2160 train_time:131376ms step_avg:98.71ms
step:1332/2160 train_time:131503ms step_avg:98.73ms
step:1333/2160 train_time:131631ms step_avg:98.75ms
step:1334/2160 train_time:131757ms step_avg:98.77ms
step:1335/2160 train_time:131882ms step_avg:98.79ms
step:1336/2160 train_time:132007ms step_avg:98.81ms
step:1337/2160 train_time:132133ms step_avg:98.83ms
step:1338/2160 train_time:132258ms step_avg:98.85ms
step:1339/2160 train_time:132386ms step_avg:98.87ms
step:1340/2160 train_time:132511ms step_avg:98.89ms
step:1341/2160 train_time:132637ms step_avg:98.91ms
step:1342/2160 train_time:132762ms step_avg:98.93ms
step:1343/2160 train_time:132889ms step_avg:98.95ms
step:1344/2160 train_time:133013ms step_avg:98.97ms
step:1345/2160 train_time:133139ms step_avg:98.99ms
step:1346/2160 train_time:133265ms step_avg:99.01ms
step:1347/2160 train_time:133392ms step_avg:99.03ms
step:1348/2160 train_time:133518ms step_avg:99.05ms
step:1349/2160 train_time:133642ms step_avg:99.07ms
step:1350/2160 train_time:133768ms step_avg:99.09ms
step:1351/2160 train_time:133895ms step_avg:99.11ms
step:1352/2160 train_time:134019ms step_avg:99.13ms
step:1353/2160 train_time:134145ms step_avg:99.15ms
step:1354/2160 train_time:134270ms step_avg:99.17ms
step:1355/2160 train_time:134397ms step_avg:99.19ms
step:1356/2160 train_time:134524ms step_avg:99.21ms
step:1357/2160 train_time:134649ms step_avg:99.23ms
step:1358/2160 train_time:134773ms step_avg:99.24ms
step:1359/2160 train_time:134898ms step_avg:99.26ms
step:1360/2160 train_time:135025ms step_avg:99.28ms
step:1361/2160 train_time:135149ms step_avg:99.30ms
step:1362/2160 train_time:135275ms step_avg:99.32ms
step:1363/2160 train_time:135401ms step_avg:99.34ms
step:1364/2160 train_time:135527ms step_avg:99.36ms
step:1365/2160 train_time:135653ms step_avg:99.38ms
step:1366/2160 train_time:135778ms step_avg:99.40ms
step:1367/2160 train_time:135905ms step_avg:99.42ms
step:1368/2160 train_time:136031ms step_avg:99.44ms
step:1369/2160 train_time:136156ms step_avg:99.46ms
step:1370/2160 train_time:136282ms step_avg:99.48ms
step:1371/2160 train_time:136407ms step_avg:99.49ms
step:1372/2160 train_time:136532ms step_avg:99.51ms
step:1373/2160 train_time:136658ms step_avg:99.53ms
step:1374/2160 train_time:136784ms step_avg:99.55ms
step:1375/2160 train_time:136909ms step_avg:99.57ms
step:1376/2160 train_time:137034ms step_avg:99.59ms
step:1377/2160 train_time:137160ms step_avg:99.61ms
step:1378/2160 train_time:137285ms step_avg:99.63ms
step:1379/2160 train_time:137411ms step_avg:99.65ms
step:1380/2160 train_time:137537ms step_avg:99.66ms
step:1381/2160 train_time:137664ms step_avg:99.68ms
step:1382/2160 train_time:137789ms step_avg:99.70ms
step:1383/2160 train_time:137914ms step_avg:99.72ms
step:1384/2160 train_time:138040ms step_avg:99.74ms
step:1385/2160 train_time:138167ms step_avg:99.76ms
step:1386/2160 train_time:138292ms step_avg:99.78ms
step:1387/2160 train_time:138417ms step_avg:99.80ms
step:1388/2160 train_time:138541ms step_avg:99.81ms
step:1389/2160 train_time:138668ms step_avg:99.83ms
step:1390/2160 train_time:138793ms step_avg:99.85ms
step:1391/2160 train_time:138919ms step_avg:99.87ms
step:1392/2160 train_time:139053ms step_avg:99.89ms
step:1393/2160 train_time:139170ms step_avg:99.91ms
step:1394/2160 train_time:139296ms step_avg:99.93ms
step:1395/2160 train_time:139422ms step_avg:99.94ms
step:1396/2160 train_time:139547ms step_avg:99.96ms
step:1397/2160 train_time:139673ms step_avg:99.98ms
step:1398/2160 train_time:139798ms step_avg:100.00ms
step:1399/2160 train_time:139924ms step_avg:100.02ms
step:1400/2160 train_time:140050ms step_avg:100.04ms
step:1401/2160 train_time:140175ms step_avg:100.05ms
step:1402/2160 train_time:140300ms step_avg:100.07ms
step:1403/2160 train_time:140427ms step_avg:100.09ms
step:1404/2160 train_time:140552ms step_avg:100.11ms
step:1405/2160 train_time:140679ms step_avg:100.13ms
step:1406/2160 train_time:140804ms step_avg:100.15ms
step:1407/2160 train_time:140930ms step_avg:100.16ms
step:1408/2160 train_time:141055ms step_avg:100.18ms
step:1409/2160 train_time:141190ms step_avg:100.21ms
step:1410/2160 train_time:141316ms step_avg:100.22ms
step:1411/2160 train_time:141436ms step_avg:100.24ms
step:1412/2160 train_time:141557ms step_avg:100.25ms
step:1413/2160 train_time:141683ms step_avg:100.27ms
step:1414/2160 train_time:141809ms step_avg:100.29ms
step:1415/2160 train_time:142005ms step_avg:100.36ms
step:1416/2160 train_time:142158ms step_avg:100.39ms
step:1417/2160 train_time:142325ms step_avg:100.44ms
step:1418/2160 train_time:142507ms step_avg:100.50ms
step:1419/2160 train_time:142688ms step_avg:100.56ms
step:1420/2160 train_time:142870ms step_avg:100.61ms
step:1421/2160 train_time:143050ms step_avg:100.67ms
step:1422/2160 train_time:143233ms step_avg:100.73ms
step:1423/2160 train_time:143415ms step_avg:100.78ms
step:1424/2160 train_time:143596ms step_avg:100.84ms
step:1425/2160 train_time:143775ms step_avg:100.89ms
step:1426/2160 train_time:143955ms step_avg:100.95ms
step:1427/2160 train_time:144138ms step_avg:101.01ms
step:1428/2160 train_time:144320ms step_avg:101.06ms
step:1429/2160 train_time:144501ms step_avg:101.12ms
step:1430/2160 train_time:144681ms step_avg:101.18ms
step:1431/2160 train_time:144863ms step_avg:101.23ms
step:1432/2160 train_time:145043ms step_avg:101.29ms
step:1433/2160 train_time:145224ms step_avg:101.34ms
step:1434/2160 train_time:145406ms step_avg:101.40ms
step:1435/2160 train_time:145588ms step_avg:101.45ms
step:1436/2160 train_time:145769ms step_avg:101.51ms
step:1437/2160 train_time:145952ms step_avg:101.57ms
step:1438/2160 train_time:146132ms step_avg:101.62ms
step:1439/2160 train_time:146313ms step_avg:101.68ms
step:1440/2160 train_time:146495ms step_avg:101.73ms
step:1441/2160 train_time:146677ms step_avg:101.79ms
step:1442/2160 train_time:146858ms step_avg:101.84ms
step:1443/2160 train_time:147040ms step_avg:101.90ms
step:1444/2160 train_time:147220ms step_avg:101.95ms
step:1445/2160 train_time:147402ms step_avg:102.01ms
step:1446/2160 train_time:147581ms step_avg:102.06ms
step:1447/2160 train_time:147762ms step_avg:102.12ms
step:1448/2160 train_time:147944ms step_avg:102.17ms
step:1449/2160 train_time:148126ms step_avg:102.23ms
step:1450/2160 train_time:148306ms step_avg:102.28ms
step:1451/2160 train_time:148487ms step_avg:102.33ms
step:1452/2160 train_time:148669ms step_avg:102.39ms
step:1453/2160 train_time:148849ms step_avg:102.44ms
step:1454/2160 train_time:149031ms step_avg:102.50ms
step:1455/2160 train_time:149212ms step_avg:102.55ms
step:1456/2160 train_time:149393ms step_avg:102.61ms
step:1457/2160 train_time:149574ms step_avg:102.66ms
step:1458/2160 train_time:149757ms step_avg:102.71ms
step:1459/2160 train_time:149938ms step_avg:102.77ms
step:1460/2160 train_time:150120ms step_avg:102.82ms
step:1461/2160 train_time:150303ms step_avg:102.88ms
step:1462/2160 train_time:150484ms step_avg:102.93ms
step:1463/2160 train_time:150665ms step_avg:102.98ms
step:1464/2160 train_time:150846ms step_avg:103.04ms
step:1465/2160 train_time:151026ms step_avg:103.09ms
step:1466/2160 train_time:151208ms step_avg:103.14ms
step:1467/2160 train_time:151388ms step_avg:103.20ms
step:1468/2160 train_time:151569ms step_avg:103.25ms
step:1469/2160 train_time:151751ms step_avg:103.30ms
step:1470/2160 train_time:151932ms step_avg:103.35ms
step:1471/2160 train_time:152112ms step_avg:103.41ms
step:1472/2160 train_time:152296ms step_avg:103.46ms
step:1473/2160 train_time:152477ms step_avg:103.51ms
step:1474/2160 train_time:152656ms step_avg:103.57ms
step:1475/2160 train_time:152837ms step_avg:103.62ms
step:1476/2160 train_time:153019ms step_avg:103.67ms
step:1477/2160 train_time:153199ms step_avg:103.72ms
step:1478/2160 train_time:153380ms step_avg:103.78ms
step:1479/2160 train_time:153562ms step_avg:103.83ms
step:1480/2160 train_time:153743ms step_avg:103.88ms
step:1481/2160 train_time:153924ms step_avg:103.93ms
step:1482/2160 train_time:154107ms step_avg:103.99ms
step:1483/2160 train_time:154287ms step_avg:104.04ms
step:1484/2160 train_time:154469ms step_avg:104.09ms
step:1485/2160 train_time:154650ms step_avg:104.14ms
step:1486/2160 train_time:154833ms step_avg:104.19ms
step:1487/2160 train_time:155012ms step_avg:104.24ms
step:1488/2160 train_time:155194ms step_avg:104.30ms
step:1489/2160 train_time:155375ms step_avg:104.35ms
step:1490/2160 train_time:155555ms step_avg:104.40ms
step:1491/2160 train_time:155737ms step_avg:104.45ms
step:1492/2160 train_time:155917ms step_avg:104.50ms
step:1493/2160 train_time:156099ms step_avg:104.55ms
step:1494/2160 train_time:156280ms step_avg:104.60ms
step:1495/2160 train_time:156461ms step_avg:104.66ms
step:1496/2160 train_time:156643ms step_avg:104.71ms
step:1497/2160 train_time:156823ms step_avg:104.76ms
step:1498/2160 train_time:157004ms step_avg:104.81ms
step:1499/2160 train_time:157185ms step_avg:104.86ms
step:1500/2160 train_time:157366ms step_avg:104.91ms
step:1500/2160 val_loss:3.4633 train_time:157512ms step_avg:105.01ms
step:1501/2160 train_time:157674ms step_avg:105.05ms
step:1502/2160 train_time:157854ms step_avg:105.10ms
step:1503/2160 train_time:158002ms step_avg:105.12ms
step:1504/2160 train_time:158183ms step_avg:105.17ms
step:1505/2160 train_time:158364ms step_avg:105.23ms
step:1506/2160 train_time:158547ms step_avg:105.28ms
step:1507/2160 train_time:158728ms step_avg:105.33ms
step:1508/2160 train_time:158910ms step_avg:105.38ms
step:1509/2160 train_time:159090ms step_avg:105.43ms
step:1510/2160 train_time:159272ms step_avg:105.48ms
step:1511/2160 train_time:159452ms step_avg:105.53ms
step:1512/2160 train_time:159634ms step_avg:105.58ms
step:1513/2160 train_time:159815ms step_avg:105.63ms
step:1514/2160 train_time:159997ms step_avg:105.68ms
step:1515/2160 train_time:160179ms step_avg:105.73ms
step:1516/2160 train_time:160361ms step_avg:105.78ms
step:1517/2160 train_time:160543ms step_avg:105.83ms
step:1518/2160 train_time:160726ms step_avg:105.88ms
step:1519/2160 train_time:160908ms step_avg:105.93ms
step:1520/2160 train_time:161090ms step_avg:105.98ms
step:1521/2160 train_time:161269ms step_avg:106.03ms
step:1522/2160 train_time:161452ms step_avg:106.08ms
step:1523/2160 train_time:161632ms step_avg:106.13ms
step:1524/2160 train_time:161813ms step_avg:106.18ms
step:1525/2160 train_time:161995ms step_avg:106.23ms
step:1526/2160 train_time:162177ms step_avg:106.28ms
step:1527/2160 train_time:162358ms step_avg:106.32ms
step:1528/2160 train_time:162539ms step_avg:106.37ms
step:1529/2160 train_time:162720ms step_avg:106.42ms
step:1530/2160 train_time:162901ms step_avg:106.47ms
step:1531/2160 train_time:163085ms step_avg:106.52ms
step:1532/2160 train_time:163269ms step_avg:106.57ms
step:1533/2160 train_time:163449ms step_avg:106.62ms
step:1534/2160 train_time:163632ms step_avg:106.67ms
step:1535/2160 train_time:163815ms step_avg:106.72ms
step:1536/2160 train_time:163994ms step_avg:106.77ms
step:1537/2160 train_time:164175ms step_avg:106.82ms
step:1538/2160 train_time:164360ms step_avg:106.87ms
step:1539/2160 train_time:164540ms step_avg:106.91ms
step:1540/2160 train_time:164720ms step_avg:106.96ms
step:1541/2160 train_time:164901ms step_avg:107.01ms
step:1542/2160 train_time:165082ms step_avg:107.06ms
step:1543/2160 train_time:165264ms step_avg:107.11ms
step:1544/2160 train_time:165445ms step_avg:107.15ms
step:1545/2160 train_time:165627ms step_avg:107.20ms
step:1546/2160 train_time:165809ms step_avg:107.25ms
step:1547/2160 train_time:165991ms step_avg:107.30ms
step:1548/2160 train_time:166175ms step_avg:107.35ms
step:1549/2160 train_time:166356ms step_avg:107.40ms
step:1550/2160 train_time:166537ms step_avg:107.44ms
step:1551/2160 train_time:166719ms step_avg:107.49ms
step:1552/2160 train_time:166901ms step_avg:107.54ms
step:1553/2160 train_time:167082ms step_avg:107.59ms
step:1554/2160 train_time:167262ms step_avg:107.63ms
step:1555/2160 train_time:167443ms step_avg:107.68ms
step:1556/2160 train_time:167625ms step_avg:107.73ms
step:1557/2160 train_time:167806ms step_avg:107.78ms
step:1558/2160 train_time:167988ms step_avg:107.82ms
step:1559/2160 train_time:168169ms step_avg:107.87ms
step:1560/2160 train_time:168352ms step_avg:107.92ms
step:1561/2160 train_time:168532ms step_avg:107.96ms
step:1562/2160 train_time:168715ms step_avg:108.01ms
step:1563/2160 train_time:168896ms step_avg:108.06ms
step:1564/2160 train_time:169081ms step_avg:108.11ms
step:1565/2160 train_time:169261ms step_avg:108.15ms
step:1566/2160 train_time:169443ms step_avg:108.20ms
step:1567/2160 train_time:169622ms step_avg:108.25ms
step:1568/2160 train_time:169802ms step_avg:108.29ms
step:1569/2160 train_time:169984ms step_avg:108.34ms
step:1570/2160 train_time:170165ms step_avg:108.39ms
step:1571/2160 train_time:170347ms step_avg:108.43ms
step:1572/2160 train_time:170528ms step_avg:108.48ms
step:1573/2160 train_time:170709ms step_avg:108.52ms
step:1574/2160 train_time:170891ms step_avg:108.57ms
step:1575/2160 train_time:171073ms step_avg:108.62ms
step:1576/2160 train_time:171254ms step_avg:108.66ms
step:1577/2160 train_time:171435ms step_avg:108.71ms
step:1578/2160 train_time:171617ms step_avg:108.76ms
step:1579/2160 train_time:171800ms step_avg:108.80ms
step:1580/2160 train_time:171981ms step_avg:108.85ms
step:1581/2160 train_time:172161ms step_avg:108.89ms
step:1582/2160 train_time:172343ms step_avg:108.94ms
step:1583/2160 train_time:172524ms step_avg:108.99ms
step:1584/2160 train_time:172705ms step_avg:109.03ms
step:1585/2160 train_time:172885ms step_avg:109.08ms
step:1586/2160 train_time:173066ms step_avg:109.12ms
step:1587/2160 train_time:173248ms step_avg:109.17ms
step:1588/2160 train_time:173430ms step_avg:109.21ms
step:1589/2160 train_time:173610ms step_avg:109.26ms
step:1590/2160 train_time:173791ms step_avg:109.30ms
step:1591/2160 train_time:173973ms step_avg:109.35ms
step:1592/2160 train_time:174154ms step_avg:109.39ms
step:1593/2160 train_time:174336ms step_avg:109.44ms
step:1594/2160 train_time:174517ms step_avg:109.48ms
step:1595/2160 train_time:174699ms step_avg:109.53ms
step:1596/2160 train_time:174881ms step_avg:109.57ms
step:1597/2160 train_time:175062ms step_avg:109.62ms
step:1598/2160 train_time:175245ms step_avg:109.66ms
step:1599/2160 train_time:175427ms step_avg:109.71ms
step:1600/2160 train_time:175608ms step_avg:109.75ms
step:1601/2160 train_time:175789ms step_avg:109.80ms
step:1602/2160 train_time:175971ms step_avg:109.84ms
step:1603/2160 train_time:176152ms step_avg:109.89ms
step:1604/2160 train_time:176334ms step_avg:109.93ms
step:1605/2160 train_time:176515ms step_avg:109.98ms
step:1606/2160 train_time:176696ms step_avg:110.02ms
step:1607/2160 train_time:176878ms step_avg:110.07ms
step:1608/2160 train_time:177058ms step_avg:110.11ms
step:1609/2160 train_time:177240ms step_avg:110.16ms
step:1610/2160 train_time:177423ms step_avg:110.20ms
step:1611/2160 train_time:177602ms step_avg:110.24ms
step:1612/2160 train_time:177783ms step_avg:110.29ms
step:1613/2160 train_time:177964ms step_avg:110.33ms
step:1614/2160 train_time:178147ms step_avg:110.38ms
step:1615/2160 train_time:178327ms step_avg:110.42ms
step:1616/2160 train_time:178508ms step_avg:110.46ms
step:1617/2160 train_time:178689ms step_avg:110.51ms
step:1618/2160 train_time:178870ms step_avg:110.55ms
step:1619/2160 train_time:179052ms step_avg:110.59ms
step:1620/2160 train_time:179233ms step_avg:110.64ms
step:1621/2160 train_time:179415ms step_avg:110.68ms
step:1622/2160 train_time:179596ms step_avg:110.73ms
step:1623/2160 train_time:179777ms step_avg:110.77ms
step:1624/2160 train_time:179958ms step_avg:110.81ms
step:1625/2160 train_time:180139ms step_avg:110.85ms
step:1626/2160 train_time:180330ms step_avg:110.90ms
step:1627/2160 train_time:180511ms step_avg:110.95ms
step:1628/2160 train_time:180693ms step_avg:110.99ms
step:1629/2160 train_time:180874ms step_avg:111.03ms
step:1630/2160 train_time:181056ms step_avg:111.08ms
step:1631/2160 train_time:181230ms step_avg:111.12ms
step:1632/2160 train_time:181411ms step_avg:111.16ms
step:1633/2160 train_time:181590ms step_avg:111.20ms
step:1634/2160 train_time:181770ms step_avg:111.24ms
step:1635/2160 train_time:181952ms step_avg:111.29ms
step:1636/2160 train_time:182134ms step_avg:111.33ms
step:1637/2160 train_time:182316ms step_avg:111.37ms
step:1638/2160 train_time:182496ms step_avg:111.41ms
step:1639/2160 train_time:182677ms step_avg:111.46ms
step:1640/2160 train_time:182859ms step_avg:111.50ms
step:1641/2160 train_time:183039ms step_avg:111.54ms
step:1642/2160 train_time:183222ms step_avg:111.58ms
step:1643/2160 train_time:183403ms step_avg:111.63ms
step:1644/2160 train_time:183584ms step_avg:111.67ms
step:1645/2160 train_time:183766ms step_avg:111.71ms
step:1646/2160 train_time:183947ms step_avg:111.75ms
step:1647/2160 train_time:184127ms step_avg:111.80ms
step:1648/2160 train_time:184310ms step_avg:111.84ms
step:1649/2160 train_time:184491ms step_avg:111.88ms
step:1650/2160 train_time:184673ms step_avg:111.92ms
step:1651/2160 train_time:184854ms step_avg:111.96ms
step:1652/2160 train_time:185034ms step_avg:112.01ms
step:1653/2160 train_time:185216ms step_avg:112.05ms
step:1654/2160 train_time:185398ms step_avg:112.09ms
step:1655/2160 train_time:185581ms step_avg:112.13ms
step:1656/2160 train_time:185761ms step_avg:112.17ms
step:1657/2160 train_time:185940ms step_avg:112.22ms
step:1658/2160 train_time:186122ms step_avg:112.26ms
step:1659/2160 train_time:186304ms step_avg:112.30ms
step:1660/2160 train_time:186485ms step_avg:112.34ms
step:1661/2160 train_time:186666ms step_avg:112.38ms
step:1662/2160 train_time:186846ms step_avg:112.42ms
step:1663/2160 train_time:187027ms step_avg:112.46ms
step:1664/2160 train_time:187210ms step_avg:112.51ms
step:1665/2160 train_time:187391ms step_avg:112.55ms
step:1666/2160 train_time:187573ms step_avg:112.59ms
step:1667/2160 train_time:187755ms step_avg:112.63ms
step:1668/2160 train_time:187936ms step_avg:112.67ms
step:1669/2160 train_time:188121ms step_avg:112.71ms
step:1670/2160 train_time:188300ms step_avg:112.75ms
step:1671/2160 train_time:188481ms step_avg:112.80ms
step:1672/2160 train_time:188663ms step_avg:112.84ms
step:1673/2160 train_time:188843ms step_avg:112.88ms
step:1674/2160 train_time:189024ms step_avg:112.92ms
step:1675/2160 train_time:189206ms step_avg:112.96ms
step:1676/2160 train_time:189387ms step_avg:113.00ms
step:1677/2160 train_time:189571ms step_avg:113.04ms
step:1678/2160 train_time:189750ms step_avg:113.08ms
step:1679/2160 train_time:189932ms step_avg:113.12ms
step:1680/2160 train_time:190124ms step_avg:113.17ms
step:1681/2160 train_time:190305ms step_avg:113.21ms
step:1682/2160 train_time:190487ms step_avg:113.25ms
step:1683/2160 train_time:190667ms step_avg:113.29ms
step:1684/2160 train_time:190840ms step_avg:113.33ms
step:1685/2160 train_time:191021ms step_avg:113.37ms
step:1686/2160 train_time:191202ms step_avg:113.41ms
step:1687/2160 train_time:191385ms step_avg:113.45ms
step:1688/2160 train_time:191564ms step_avg:113.49ms
step:1689/2160 train_time:191745ms step_avg:113.53ms
step:1690/2160 train_time:191926ms step_avg:113.57ms
step:1691/2160 train_time:192108ms step_avg:113.61ms
step:1692/2160 train_time:192289ms step_avg:113.65ms
step:1693/2160 train_time:192472ms step_avg:113.69ms
step:1694/2160 train_time:192653ms step_avg:113.73ms
step:1695/2160 train_time:192834ms step_avg:113.77ms
step:1696/2160 train_time:193015ms step_avg:113.81ms
step:1697/2160 train_time:193196ms step_avg:113.85ms
step:1698/2160 train_time:193378ms step_avg:113.89ms
step:1699/2160 train_time:193560ms step_avg:113.93ms
step:1700/2160 train_time:193741ms step_avg:113.97ms
step:1701/2160 train_time:193925ms step_avg:114.01ms
step:1702/2160 train_time:194107ms step_avg:114.05ms
step:1703/2160 train_time:194287ms step_avg:114.09ms
step:1704/2160 train_time:194467ms step_avg:114.12ms
step:1705/2160 train_time:194648ms step_avg:114.16ms
step:1706/2160 train_time:194829ms step_avg:114.20ms
step:1707/2160 train_time:195010ms step_avg:114.24ms
step:1708/2160 train_time:195195ms step_avg:114.28ms
step:1709/2160 train_time:195375ms step_avg:114.32ms
step:1710/2160 train_time:195556ms step_avg:114.36ms
step:1711/2160 train_time:195737ms step_avg:114.40ms
step:1712/2160 train_time:195919ms step_avg:114.44ms
step:1713/2160 train_time:196101ms step_avg:114.48ms
step:1714/2160 train_time:196282ms step_avg:114.52ms
step:1715/2160 train_time:196463ms step_avg:114.56ms
step:1716/2160 train_time:196645ms step_avg:114.59ms
step:1717/2160 train_time:196825ms step_avg:114.63ms
step:1718/2160 train_time:197006ms step_avg:114.67ms
step:1719/2160 train_time:197187ms step_avg:114.71ms
step:1720/2160 train_time:197368ms step_avg:114.75ms
step:1721/2160 train_time:197550ms step_avg:114.79ms
step:1722/2160 train_time:197731ms step_avg:114.83ms
step:1723/2160 train_time:197911ms step_avg:114.86ms
step:1724/2160 train_time:198092ms step_avg:114.90ms
step:1725/2160 train_time:198273ms step_avg:114.94ms
step:1726/2160 train_time:198454ms step_avg:114.98ms
step:1727/2160 train_time:198636ms step_avg:115.02ms
step:1728/2160 train_time:198818ms step_avg:115.06ms
step:1729/2160 train_time:198998ms step_avg:115.09ms
step:1730/2160 train_time:199181ms step_avg:115.13ms
step:1731/2160 train_time:199363ms step_avg:115.17ms
step:1732/2160 train_time:199548ms step_avg:115.21ms
step:1733/2160 train_time:199724ms step_avg:115.25ms
step:1734/2160 train_time:199905ms step_avg:115.29ms
step:1735/2160 train_time:200086ms step_avg:115.32ms
step:1736/2160 train_time:200268ms step_avg:115.36ms
step:1737/2160 train_time:200450ms step_avg:115.40ms
step:1738/2160 train_time:200631ms step_avg:115.44ms
step:1739/2160 train_time:200812ms step_avg:115.48ms
step:1740/2160 train_time:200994ms step_avg:115.51ms
step:1741/2160 train_time:201175ms step_avg:115.55ms
step:1742/2160 train_time:201358ms step_avg:115.59ms
step:1743/2160 train_time:201538ms step_avg:115.63ms
step:1744/2160 train_time:201721ms step_avg:115.67ms
step:1745/2160 train_time:201901ms step_avg:115.70ms
step:1746/2160 train_time:202084ms step_avg:115.74ms
step:1747/2160 train_time:202268ms step_avg:115.78ms
step:1748/2160 train_time:202448ms step_avg:115.82ms
step:1749/2160 train_time:202630ms step_avg:115.85ms
step:1750/2160 train_time:202811ms step_avg:115.89ms
step:1750/2160 val_loss:3.3742 train_time:202955ms step_avg:115.97ms
step:1751/2160 train_time:203120ms step_avg:116.00ms
step:1752/2160 train_time:203269ms step_avg:116.02ms
step:1753/2160 train_time:203434ms step_avg:116.05ms
step:1754/2160 train_time:203616ms step_avg:116.09ms
step:1755/2160 train_time:203801ms step_avg:116.13ms
step:1756/2160 train_time:203986ms step_avg:116.17ms
step:1757/2160 train_time:204162ms step_avg:116.20ms
step:1758/2160 train_time:204342ms step_avg:116.24ms
step:1759/2160 train_time:204524ms step_avg:116.27ms
step:1760/2160 train_time:204705ms step_avg:116.31ms
step:1761/2160 train_time:204887ms step_avg:116.35ms
step:1762/2160 train_time:205068ms step_avg:116.38ms
step:1763/2160 train_time:205249ms step_avg:116.42ms
step:1764/2160 train_time:205431ms step_avg:116.46ms
step:1765/2160 train_time:205613ms step_avg:116.49ms
step:1766/2160 train_time:205795ms step_avg:116.53ms
step:1767/2160 train_time:205976ms step_avg:116.57ms
step:1768/2160 train_time:206159ms step_avg:116.61ms
step:1769/2160 train_time:206339ms step_avg:116.64ms
step:1770/2160 train_time:206520ms step_avg:116.68ms
step:1771/2160 train_time:206701ms step_avg:116.71ms
step:1772/2160 train_time:206883ms step_avg:116.75ms
step:1773/2160 train_time:207065ms step_avg:116.79ms
step:1774/2160 train_time:207247ms step_avg:116.82ms
step:1775/2160 train_time:207428ms step_avg:116.86ms
step:1776/2160 train_time:207610ms step_avg:116.90ms
step:1777/2160 train_time:207791ms step_avg:116.93ms
step:1778/2160 train_time:207973ms step_avg:116.97ms
step:1779/2160 train_time:208155ms step_avg:117.01ms
step:1780/2160 train_time:208336ms step_avg:117.04ms
step:1781/2160 train_time:208518ms step_avg:117.08ms
step:1782/2160 train_time:208699ms step_avg:117.12ms
step:1783/2160 train_time:208881ms step_avg:117.15ms
step:1784/2160 train_time:209063ms step_avg:117.19ms
step:1785/2160 train_time:209245ms step_avg:117.22ms
step:1786/2160 train_time:209426ms step_avg:117.26ms
step:1787/2160 train_time:209608ms step_avg:117.30ms
step:1788/2160 train_time:209789ms step_avg:117.33ms
step:1789/2160 train_time:209970ms step_avg:117.37ms
step:1790/2160 train_time:210153ms step_avg:117.40ms
step:1791/2160 train_time:210334ms step_avg:117.44ms
step:1792/2160 train_time:210515ms step_avg:117.47ms
step:1793/2160 train_time:210695ms step_avg:117.51ms
step:1794/2160 train_time:210876ms step_avg:117.55ms
step:1795/2160 train_time:211058ms step_avg:117.58ms
step:1796/2160 train_time:211239ms step_avg:117.62ms
step:1797/2160 train_time:211421ms step_avg:117.65ms
step:1798/2160 train_time:211602ms step_avg:117.69ms
step:1799/2160 train_time:211784ms step_avg:117.72ms
step:1800/2160 train_time:211966ms step_avg:117.76ms
step:1801/2160 train_time:212147ms step_avg:117.79ms
step:1802/2160 train_time:212328ms step_avg:117.83ms
step:1803/2160 train_time:212511ms step_avg:117.87ms
step:1804/2160 train_time:212691ms step_avg:117.90ms
step:1805/2160 train_time:212873ms step_avg:117.93ms
step:1806/2160 train_time:213054ms step_avg:117.97ms
step:1807/2160 train_time:213236ms step_avg:118.01ms
step:1808/2160 train_time:213416ms step_avg:118.04ms
step:1809/2160 train_time:213597ms step_avg:118.07ms
step:1810/2160 train_time:213778ms step_avg:118.11ms
step:1811/2160 train_time:213960ms step_avg:118.14ms
step:1812/2160 train_time:214142ms step_avg:118.18ms
step:1813/2160 train_time:214324ms step_avg:118.21ms
step:1814/2160 train_time:214507ms step_avg:118.25ms
step:1815/2160 train_time:214688ms step_avg:118.29ms
step:1816/2160 train_time:214869ms step_avg:118.32ms
step:1817/2160 train_time:215051ms step_avg:118.35ms
step:1818/2160 train_time:215233ms step_avg:118.39ms
step:1819/2160 train_time:215417ms step_avg:118.43ms
step:1820/2160 train_time:215599ms step_avg:118.46ms
step:1821/2160 train_time:215778ms step_avg:118.49ms
step:1822/2160 train_time:215957ms step_avg:118.53ms
step:1823/2160 train_time:216139ms step_avg:118.56ms
step:1824/2160 train_time:216321ms step_avg:118.60ms
step:1825/2160 train_time:216503ms step_avg:118.63ms
step:1826/2160 train_time:216685ms step_avg:118.67ms
step:1827/2160 train_time:216866ms step_avg:118.70ms
step:1828/2160 train_time:217048ms step_avg:118.74ms
step:1829/2160 train_time:217230ms step_avg:118.77ms
step:1830/2160 train_time:217411ms step_avg:118.80ms
step:1831/2160 train_time:217593ms step_avg:118.84ms
step:1832/2160 train_time:217774ms step_avg:118.87ms
step:1833/2160 train_time:217955ms step_avg:118.91ms
step:1834/2160 train_time:218138ms step_avg:118.94ms
step:1835/2160 train_time:218320ms step_avg:118.98ms
step:1836/2160 train_time:218501ms step_avg:119.01ms
step:1837/2160 train_time:218682ms step_avg:119.04ms
step:1838/2160 train_time:218863ms step_avg:119.08ms
step:1839/2160 train_time:219043ms step_avg:119.11ms
step:1840/2160 train_time:219225ms step_avg:119.14ms
step:1841/2160 train_time:219407ms step_avg:119.18ms
step:1842/2160 train_time:219588ms step_avg:119.21ms
step:1843/2160 train_time:219770ms step_avg:119.25ms
step:1844/2160 train_time:219950ms step_avg:119.28ms
step:1845/2160 train_time:220133ms step_avg:119.31ms
step:1846/2160 train_time:220315ms step_avg:119.35ms
step:1847/2160 train_time:220496ms step_avg:119.38ms
step:1848/2160 train_time:220676ms step_avg:119.41ms
step:1849/2160 train_time:220858ms step_avg:119.45ms
step:1850/2160 train_time:221040ms step_avg:119.48ms
step:1851/2160 train_time:221222ms step_avg:119.52ms
step:1852/2160 train_time:221403ms step_avg:119.55ms
step:1853/2160 train_time:221585ms step_avg:119.58ms
step:1854/2160 train_time:221770ms step_avg:119.62ms
step:1855/2160 train_time:221950ms step_avg:119.65ms
step:1856/2160 train_time:222132ms step_avg:119.68ms
step:1857/2160 train_time:222313ms step_avg:119.72ms
step:1858/2160 train_time:222494ms step_avg:119.75ms
step:1859/2160 train_time:222676ms step_avg:119.78ms
step:1860/2160 train_time:222859ms step_avg:119.82ms
step:1861/2160 train_time:223041ms step_avg:119.85ms
step:1862/2160 train_time:223221ms step_avg:119.88ms
step:1863/2160 train_time:223402ms step_avg:119.91ms
step:1864/2160 train_time:223583ms step_avg:119.95ms
step:1865/2160 train_time:223764ms step_avg:119.98ms
step:1866/2160 train_time:223945ms step_avg:120.01ms
step:1867/2160 train_time:224128ms step_avg:120.05ms
step:1868/2160 train_time:224309ms step_avg:120.08ms
step:1869/2160 train_time:224490ms step_avg:120.11ms
step:1870/2160 train_time:224671ms step_avg:120.15ms
step:1871/2160 train_time:224853ms step_avg:120.18ms
step:1872/2160 train_time:225035ms step_avg:120.21ms
step:1873/2160 train_time:225217ms step_avg:120.24ms
step:1874/2160 train_time:225398ms step_avg:120.28ms
step:1875/2160 train_time:225580ms step_avg:120.31ms
step:1876/2160 train_time:225763ms step_avg:120.34ms
step:1877/2160 train_time:225945ms step_avg:120.38ms
step:1878/2160 train_time:226126ms step_avg:120.41ms
step:1879/2160 train_time:226307ms step_avg:120.44ms
step:1880/2160 train_time:226488ms step_avg:120.47ms
step:1881/2160 train_time:226669ms step_avg:120.50ms
step:1882/2160 train_time:226851ms step_avg:120.54ms
step:1883/2160 train_time:227033ms step_avg:120.57ms
step:1884/2160 train_time:227214ms step_avg:120.60ms
step:1885/2160 train_time:227395ms step_avg:120.63ms
step:1886/2160 train_time:227576ms step_avg:120.67ms
step:1887/2160 train_time:227758ms step_avg:120.70ms
step:1888/2160 train_time:227939ms step_avg:120.73ms
step:1889/2160 train_time:228122ms step_avg:120.76ms
step:1890/2160 train_time:228303ms step_avg:120.80ms
step:1891/2160 train_time:228484ms step_avg:120.83ms
step:1892/2160 train_time:228668ms step_avg:120.86ms
step:1893/2160 train_time:228848ms step_avg:120.89ms
step:1894/2160 train_time:229030ms step_avg:120.92ms
step:1895/2160 train_time:229211ms step_avg:120.96ms
step:1896/2160 train_time:229391ms step_avg:120.99ms
step:1897/2160 train_time:229572ms step_avg:121.02ms
step:1898/2160 train_time:229754ms step_avg:121.05ms
step:1899/2160 train_time:229936ms step_avg:121.08ms
step:1900/2160 train_time:230117ms step_avg:121.11ms
step:1901/2160 train_time:230299ms step_avg:121.15ms
step:1902/2160 train_time:230481ms step_avg:121.18ms
step:1903/2160 train_time:230661ms step_avg:121.21ms
step:1904/2160 train_time:230842ms step_avg:121.24ms
step:1905/2160 train_time:231024ms step_avg:121.27ms
step:1906/2160 train_time:231207ms step_avg:121.30ms
step:1907/2160 train_time:231389ms step_avg:121.34ms
step:1908/2160 train_time:231570ms step_avg:121.37ms
step:1909/2160 train_time:231752ms step_avg:121.40ms
step:1910/2160 train_time:231933ms step_avg:121.43ms
step:1911/2160 train_time:232116ms step_avg:121.46ms
step:1912/2160 train_time:232296ms step_avg:121.49ms
step:1913/2160 train_time:232478ms step_avg:121.53ms
step:1914/2160 train_time:232658ms step_avg:121.56ms
step:1915/2160 train_time:232840ms step_avg:121.59ms
step:1916/2160 train_time:233021ms step_avg:121.62ms
step:1917/2160 train_time:233201ms step_avg:121.65ms
step:1918/2160 train_time:233383ms step_avg:121.68ms
step:1919/2160 train_time:233564ms step_avg:121.71ms
step:1920/2160 train_time:233745ms step_avg:121.74ms
step:1921/2160 train_time:233927ms step_avg:121.77ms
step:1922/2160 train_time:234108ms step_avg:121.80ms
step:1923/2160 train_time:234290ms step_avg:121.84ms
step:1924/2160 train_time:234482ms step_avg:121.87ms
step:1925/2160 train_time:234653ms step_avg:121.90ms
step:1926/2160 train_time:234835ms step_avg:121.93ms
step:1927/2160 train_time:235016ms step_avg:121.96ms
step:1928/2160 train_time:235197ms step_avg:121.99ms
step:1929/2160 train_time:235378ms step_avg:122.02ms
step:1930/2160 train_time:235559ms step_avg:122.05ms
step:1931/2160 train_time:235749ms step_avg:122.09ms
step:1932/2160 train_time:235932ms step_avg:122.12ms
step:1933/2160 train_time:236111ms step_avg:122.15ms
step:1934/2160 train_time:236284ms step_avg:122.17ms
step:1935/2160 train_time:236466ms step_avg:122.20ms
step:1936/2160 train_time:236648ms step_avg:122.24ms
step:1937/2160 train_time:236830ms step_avg:122.27ms
step:1938/2160 train_time:237011ms step_avg:122.30ms
step:1939/2160 train_time:237192ms step_avg:122.33ms
step:1940/2160 train_time:237375ms step_avg:122.36ms
step:1941/2160 train_time:237556ms step_avg:122.39ms
step:1942/2160 train_time:237734ms step_avg:122.42ms
step:1943/2160 train_time:237917ms step_avg:122.45ms
step:1944/2160 train_time:238099ms step_avg:122.48ms
step:1945/2160 train_time:238280ms step_avg:122.51ms
step:1946/2160 train_time:238461ms step_avg:122.54ms
step:1947/2160 train_time:238643ms step_avg:122.57ms
step:1948/2160 train_time:238824ms step_avg:122.60ms
step:1949/2160 train_time:239006ms step_avg:122.63ms
step:1950/2160 train_time:239186ms step_avg:122.66ms
step:1951/2160 train_time:239369ms step_avg:122.69ms
step:1952/2160 train_time:239560ms step_avg:122.73ms
step:1953/2160 train_time:239741ms step_avg:122.76ms
step:1954/2160 train_time:239925ms step_avg:122.79ms
step:1955/2160 train_time:240095ms step_avg:122.81ms
step:1956/2160 train_time:240278ms step_avg:122.84ms
step:1957/2160 train_time:240462ms step_avg:122.87ms
step:1958/2160 train_time:240645ms step_avg:122.90ms
step:1959/2160 train_time:240824ms step_avg:122.93ms
step:1960/2160 train_time:241004ms step_avg:122.96ms
step:1961/2160 train_time:241191ms step_avg:122.99ms
step:1962/2160 train_time:241371ms step_avg:123.02ms
step:1963/2160 train_time:241553ms step_avg:123.05ms
step:1964/2160 train_time:241735ms step_avg:123.08ms
step:1965/2160 train_time:241916ms step_avg:123.11ms
step:1966/2160 train_time:242096ms step_avg:123.14ms
step:1967/2160 train_time:242277ms step_avg:123.17ms
step:1968/2160 train_time:242459ms step_avg:123.20ms
step:1969/2160 train_time:242640ms step_avg:123.23ms
step:1970/2160 train_time:242820ms step_avg:123.26ms
step:1971/2160 train_time:243001ms step_avg:123.29ms
step:1972/2160 train_time:243183ms step_avg:123.32ms
step:1973/2160 train_time:243364ms step_avg:123.35ms
step:1974/2160 train_time:243547ms step_avg:123.38ms
step:1975/2160 train_time:243728ms step_avg:123.41ms
step:1976/2160 train_time:243909ms step_avg:123.44ms
step:1977/2160 train_time:244092ms step_avg:123.47ms
step:1978/2160 train_time:244272ms step_avg:123.49ms
step:1979/2160 train_time:244463ms step_avg:123.53ms
step:1980/2160 train_time:244637ms step_avg:123.55ms
step:1981/2160 train_time:244818ms step_avg:123.58ms
step:1982/2160 train_time:244999ms step_avg:123.61ms
step:1983/2160 train_time:245181ms step_avg:123.64ms
step:1984/2160 train_time:245361ms step_avg:123.67ms
step:1985/2160 train_time:245543ms step_avg:123.70ms
step:1986/2160 train_time:245725ms step_avg:123.73ms
step:1987/2160 train_time:245907ms step_avg:123.76ms
step:1988/2160 train_time:246089ms step_avg:123.79ms
step:1989/2160 train_time:246270ms step_avg:123.82ms
step:1990/2160 train_time:246451ms step_avg:123.84ms
step:1991/2160 train_time:246633ms step_avg:123.87ms
step:1992/2160 train_time:246813ms step_avg:123.90ms
step:1993/2160 train_time:246995ms step_avg:123.93ms
step:1994/2160 train_time:247176ms step_avg:123.96ms
step:1995/2160 train_time:247360ms step_avg:123.99ms
step:1996/2160 train_time:247541ms step_avg:124.02ms
step:1997/2160 train_time:247723ms step_avg:124.05ms
step:1998/2160 train_time:247904ms step_avg:124.08ms
step:1999/2160 train_time:248084ms step_avg:124.10ms
step:2000/2160 train_time:248265ms step_avg:124.13ms
step:2000/2160 val_loss:3.3051 train_time:248410ms step_avg:124.21ms
step:2001/2160 train_time:248572ms step_avg:124.22ms
step:2002/2160 train_time:248726ms step_avg:124.24ms
step:2003/2160 train_time:248893ms step_avg:124.26ms
step:2004/2160 train_time:249074ms step_avg:124.29ms
step:2005/2160 train_time:249254ms step_avg:124.32ms
step:2006/2160 train_time:249436ms step_avg:124.35ms
step:2007/2160 train_time:249617ms step_avg:124.37ms
step:2008/2160 train_time:249800ms step_avg:124.40ms
step:2009/2160 train_time:249982ms step_avg:124.43ms
step:2010/2160 train_time:250163ms step_avg:124.46ms
step:2011/2160 train_time:250344ms step_avg:124.49ms
step:2012/2160 train_time:250525ms step_avg:124.52ms
step:2013/2160 train_time:250706ms step_avg:124.54ms
step:2014/2160 train_time:250887ms step_avg:124.57ms
step:2015/2160 train_time:251069ms step_avg:124.60ms
step:2016/2160 train_time:251250ms step_avg:124.63ms
step:2017/2160 train_time:251431ms step_avg:124.66ms
step:2018/2160 train_time:251614ms step_avg:124.68ms
step:2019/2160 train_time:251796ms step_avg:124.71ms
step:2020/2160 train_time:251978ms step_avg:124.74ms
step:2021/2160 train_time:252158ms step_avg:124.77ms
step:2022/2160 train_time:252339ms step_avg:124.80ms
step:2023/2160 train_time:252520ms step_avg:124.82ms
step:2024/2160 train_time:252703ms step_avg:124.85ms
step:2025/2160 train_time:252884ms step_avg:124.88ms
step:2026/2160 train_time:253065ms step_avg:124.91ms
step:2027/2160 train_time:253247ms step_avg:124.94ms
step:2028/2160 train_time:253427ms step_avg:124.96ms
step:2029/2160 train_time:253611ms step_avg:124.99ms
step:2030/2160 train_time:253792ms step_avg:125.02ms
step:2031/2160 train_time:253973ms step_avg:125.05ms
step:2032/2160 train_time:254156ms step_avg:125.08ms
step:2033/2160 train_time:254335ms step_avg:125.10ms
step:2034/2160 train_time:254516ms step_avg:125.13ms
step:2035/2160 train_time:254698ms step_avg:125.16ms
step:2036/2160 train_time:254882ms step_avg:125.19ms
step:2037/2160 train_time:255072ms step_avg:125.22ms
step:2038/2160 train_time:255253ms step_avg:125.25ms
step:2039/2160 train_time:255433ms step_avg:125.27ms
step:2040/2160 train_time:255616ms step_avg:125.30ms
step:2041/2160 train_time:255795ms step_avg:125.33ms
step:2042/2160 train_time:255981ms step_avg:125.36ms
step:2043/2160 train_time:256158ms step_avg:125.38ms
step:2044/2160 train_time:256342ms step_avg:125.41ms
step:2045/2160 train_time:256521ms step_avg:125.44ms
step:2046/2160 train_time:256704ms step_avg:125.47ms
step:2047/2160 train_time:256883ms step_avg:125.49ms
step:2048/2160 train_time:257056ms step_avg:125.52ms
step:2049/2160 train_time:257238ms step_avg:125.54ms
step:2050/2160 train_time:257419ms step_avg:125.57ms
step:2051/2160 train_time:257601ms step_avg:125.60ms
step:2052/2160 train_time:257783ms step_avg:125.63ms
step:2053/2160 train_time:257965ms step_avg:125.65ms
step:2054/2160 train_time:258146ms step_avg:125.68ms
step:2055/2160 train_time:258328ms step_avg:125.71ms
step:2056/2160 train_time:258510ms step_avg:125.73ms
step:2057/2160 train_time:258693ms step_avg:125.76ms
step:2058/2160 train_time:258928ms step_avg:125.82ms
step:2059/2160 train_time:259076ms step_avg:125.83ms
step:2060/2160 train_time:259257ms step_avg:125.85ms
step:2061/2160 train_time:259439ms step_avg:125.88ms
step:2062/2160 train_time:259621ms step_avg:125.91ms
step:2063/2160 train_time:259803ms step_avg:125.93ms
step:2064/2160 train_time:259986ms step_avg:125.96ms
step:2065/2160 train_time:260168ms step_avg:125.99ms
step:2066/2160 train_time:260350ms step_avg:126.02ms
step:2067/2160 train_time:260531ms step_avg:126.04ms
step:2068/2160 train_time:260714ms step_avg:126.07ms
step:2069/2160 train_time:260895ms step_avg:126.10ms
step:2070/2160 train_time:261078ms step_avg:126.12ms
step:2071/2160 train_time:261257ms step_avg:126.15ms
step:2072/2160 train_time:261440ms step_avg:126.18ms
step:2073/2160 train_time:261622ms step_avg:126.20ms
step:2074/2160 train_time:261804ms step_avg:126.23ms
step:2075/2160 train_time:261985ms step_avg:126.26ms
step:2076/2160 train_time:262166ms step_avg:126.28ms
step:2077/2160 train_time:262346ms step_avg:126.31ms
step:2078/2160 train_time:262527ms step_avg:126.34ms
step:2079/2160 train_time:262708ms step_avg:126.36ms
step:2080/2160 train_time:262890ms step_avg:126.39ms
step:2081/2160 train_time:263072ms step_avg:126.42ms
step:2082/2160 train_time:263253ms step_avg:126.44ms
step:2083/2160 train_time:263438ms step_avg:126.47ms
step:2084/2160 train_time:263616ms step_avg:126.50ms
step:2085/2160 train_time:263798ms step_avg:126.52ms
step:2086/2160 train_time:263981ms step_avg:126.55ms
step:2087/2160 train_time:264163ms step_avg:126.58ms
step:2088/2160 train_time:264344ms step_avg:126.60ms
step:2089/2160 train_time:264524ms step_avg:126.63ms
step:2090/2160 train_time:264706ms step_avg:126.65ms
step:2091/2160 train_time:264887ms step_avg:126.68ms
step:2092/2160 train_time:265068ms step_avg:126.71ms
step:2093/2160 train_time:265248ms step_avg:126.73ms
step:2094/2160 train_time:265430ms step_avg:126.76ms
step:2095/2160 train_time:265612ms step_avg:126.78ms
step:2096/2160 train_time:265795ms step_avg:126.81ms
step:2097/2160 train_time:265975ms step_avg:126.84ms
step:2098/2160 train_time:266157ms step_avg:126.86ms
step:2099/2160 train_time:266337ms step_avg:126.89ms
step:2100/2160 train_time:266518ms step_avg:126.91ms
step:2101/2160 train_time:266700ms step_avg:126.94ms
step:2102/2160 train_time:266881ms step_avg:126.97ms
step:2103/2160 train_time:267062ms step_avg:126.99ms
step:2104/2160 train_time:267243ms step_avg:127.02ms
step:2105/2160 train_time:267426ms step_avg:127.04ms
step:2106/2160 train_time:267607ms step_avg:127.07ms
step:2107/2160 train_time:267789ms step_avg:127.09ms
step:2108/2160 train_time:267970ms step_avg:127.12ms
step:2109/2160 train_time:268151ms step_avg:127.15ms
step:2110/2160 train_time:268333ms step_avg:127.17ms
step:2111/2160 train_time:268516ms step_avg:127.20ms
step:2112/2160 train_time:268698ms step_avg:127.22ms
step:2113/2160 train_time:268878ms step_avg:127.25ms
step:2114/2160 train_time:269059ms step_avg:127.27ms
step:2115/2160 train_time:269241ms step_avg:127.30ms
step:2116/2160 train_time:269421ms step_avg:127.33ms
step:2117/2160 train_time:269603ms step_avg:127.35ms
step:2118/2160 train_time:269786ms step_avg:127.38ms
step:2119/2160 train_time:269967ms step_avg:127.40ms
step:2120/2160 train_time:270148ms step_avg:127.43ms
step:2121/2160 train_time:270330ms step_avg:127.45ms
step:2122/2160 train_time:270515ms step_avg:127.48ms
step:2123/2160 train_time:270697ms step_avg:127.51ms
step:2124/2160 train_time:270879ms step_avg:127.53ms
step:2125/2160 train_time:271062ms step_avg:127.56ms
step:2126/2160 train_time:271242ms step_avg:127.58ms
step:2127/2160 train_time:271425ms step_avg:127.61ms
step:2128/2160 train_time:271606ms step_avg:127.63ms
step:2129/2160 train_time:271790ms step_avg:127.66ms
step:2130/2160 train_time:271971ms step_avg:127.69ms
step:2131/2160 train_time:272152ms step_avg:127.71ms
step:2132/2160 train_time:272333ms step_avg:127.74ms
step:2133/2160 train_time:272515ms step_avg:127.76ms
step:2134/2160 train_time:272696ms step_avg:127.79ms
step:2135/2160 train_time:272879ms step_avg:127.81ms
step:2136/2160 train_time:273060ms step_avg:127.84ms
step:2137/2160 train_time:273242ms step_avg:127.86ms
step:2138/2160 train_time:273425ms step_avg:127.89ms
step:2139/2160 train_time:273607ms step_avg:127.91ms
step:2140/2160 train_time:273790ms step_avg:127.94ms
step:2141/2160 train_time:273972ms step_avg:127.96ms
step:2142/2160 train_time:274154ms step_avg:127.99ms
step:2143/2160 train_time:274335ms step_avg:128.01ms
step:2144/2160 train_time:274517ms step_avg:128.04ms
step:2145/2160 train_time:274700ms step_avg:128.07ms
step:2146/2160 train_time:274882ms step_avg:128.09ms
step:2147/2160 train_time:275063ms step_avg:128.11ms
step:2148/2160 train_time:275243ms step_avg:128.14ms
step:2149/2160 train_time:275426ms step_avg:128.16ms
step:2150/2160 train_time:275609ms step_avg:128.19ms
step:2151/2160 train_time:275788ms step_avg:128.21ms
step:2152/2160 train_time:275970ms step_avg:128.24ms
step:2153/2160 train_time:276152ms step_avg:128.26ms
step:2154/2160 train_time:276333ms step_avg:128.29ms
step:2155/2160 train_time:276516ms step_avg:128.31ms
step:2156/2160 train_time:276698ms step_avg:128.34ms
step:2157/2160 train_time:276881ms step_avg:128.36ms
step:2158/2160 train_time:277062ms step_avg:128.39ms
step:2159/2160 train_time:277244ms step_avg:128.41ms
step:2160/2160 train_time:277427ms step_avg:128.44ms
step:2160/2160 val_loss:3.2722 train_time:277575ms step_avg:128.51ms
peak memory allocated: 17901 MiB reserved: 20340 MiB
total training time: 277.58s (277575ms)
