W0914 13:00:41.912000 58 site-packages/torch/distributed/run.py:766] 
W0914 13:00:41.912000 58 site-packages/torch/distributed/run.py:766] *****************************************
W0914 13:00:41.912000 58 site-packages/torch/distributed/run.py:766] Setting OMP_NUM_THREADS environment variable for each process to be 1 in default, to avoid your system being overloaded, please further tune the variable for optimal performance in your application as needed. 
W0914 13:00:41.912000 58 site-packages/torch/distributed/run.py:766] *****************************************
/root/miniconda3/envs/llm_test/lib/python3.10/site-packages/torch/autograd/__init__.py:221: UserWarning: Cannot create tensor with interal format while allow_internel_format=False, tensor will be created with base format. (Triggered internally at build/CMakeFiles/torch_npu.dir/compiler_depend.ts:338.)
  torch.ones_like(out, memory_format=torch.preserve_format)
/root/miniconda3/envs/llm_test/lib/python3.10/site-packages/torch/autograd/__init__.py:221: UserWarning: Cannot create tensor with interal format while allow_internel_format=False, tensor will be created with base format. (Triggered internally at build/CMakeFiles/torch_npu.dir/compiler_depend.ts:338.)
  torch.ones_like(out, memory_format=torch.preserve_format)
/root/miniconda3/envs/llm_test/lib/python3.10/site-packages/torch/autograd/__init__.py:221: UserWarning: Cannot create tensor with interal format while allow_internel_format=False, tensor will be created with base format. (Triggered internally at build/CMakeFiles/torch_npu.dir/compiler_depend.ts:338.)
  torch.ones_like(out, memory_format=torch.preserve_format)
/root/miniconda3/envs/llm_test/lib/python3.10/site-packages/torch/autograd/__init__.py:221: UserWarning: Cannot create tensor with interal format while allow_internel_format=False, tensor will be created with base format. (Triggered internally at build/CMakeFiles/torch_npu.dir/compiler_depend.ts:338.)
  torch.ones_like(out, memory_format=torch.preserve_format)
/root/miniconda3/envs/llm_test/lib/python3.10/site-packages/torch/distributed/distributed_c10d.py:4631: UserWarning: No device id is provided via `init_process_group` or `barrier `. Using the current device set by the user. 
  warnings.warn(  # warn only once
/root/miniconda3/envs/llm_test/lib/python3.10/site-packages/torch/distributed/distributed_c10d.py:4631: UserWarning: No device id is provided via `init_process_group` or `barrier `. Using the current device set by the user. 
  warnings.warn(  # warn only once
/root/miniconda3/envs/llm_test/lib/python3.10/site-packages/torch/distributed/distributed_c10d.py:4631: UserWarning: No device id is provided via `init_process_group` or `barrier `. Using the current device set by the user. 
  warnings.warn(  # warn only once
/root/miniconda3/envs/llm_test/lib/python3.10/site-packages/torch/distributed/distributed_c10d.py:4631: UserWarning: No device id is provided via `init_process_group` or `barrier `. Using the current device set by the user. 
  warnings.warn(  # warn only once
/root/miniconda3/envs/llm_test/lib/python3.10/site-packages/torch/autograd/__init__.py:221: UserWarning: Cannot create tensor with interal format while allow_internel_format=False, tensor will be created with base format. (Triggered internally at build/CMakeFiles/torch_npu.dir/compiler_depend.ts:338.)
  torch.ones_like(out, memory_format=torch.preserve_format)
/root/miniconda3/envs/llm_test/lib/python3.10/site-packages/torch/autograd/__init__.py:221: UserWarning: Cannot create tensor with interal format while allow_internel_format=False, tensor will be created with base format. (Triggered internally at build/CMakeFiles/torch_npu.dir/compiler_depend.ts:338.)
  torch.ones_like(out, memory_format=torch.preserve_format)
/root/miniconda3/envs/llm_test/lib/python3.10/site-packages/torch/autograd/__init__.py:221: UserWarning: Cannot create tensor with interal format while allow_internel_format=False, tensor will be created with base format. (Triggered internally at build/CMakeFiles/torch_npu.dir/compiler_depend.ts:338.)
  torch.ones_like(out, memory_format=torch.preserve_format)
/root/miniconda3/envs/llm_test/lib/python3.10/site-packages/torch/autograd/__init__.py:221: UserWarning: Cannot create tensor with interal format while allow_internel_format=False, tensor will be created with base format. (Triggered internally at build/CMakeFiles/torch_npu.dir/compiler_depend.ts:338.)
  torch.ones_like(out, memory_format=torch.preserve_format)
/root/miniconda3/envs/llm_test/lib/python3.10/site-packages/torch/autograd/__init__.py:221: UserWarning: Cannot create tensor with interal format while allow_internel_format=False, tensor will be created with base format. (Triggered internally at build/CMakeFiles/torch_npu.dir/compiler_depend.ts:338.)
  torch.ones_like(out, memory_format=torch.preserve_format)
/root/miniconda3/envs/llm_test/lib/python3.10/site-packages/torch/autograd/__init__.py:221: UserWarning: Cannot create tensor with interal format while allow_internel_format=False, tensor will be created with base format. (Triggered internally at build/CMakeFiles/torch_npu.dir/compiler_depend.ts:338.)
  torch.ones_like(out, memory_format=torch.preserve_format)
/root/miniconda3/envs/llm_test/lib/python3.10/site-packages/torch/autograd/__init__.py:221: UserWarning: Cannot create tensor with interal format while allow_internel_format=False, tensor will be created with base format. (Triggered internally at build/CMakeFiles/torch_npu.dir/compiler_depend.ts:338.)
  torch.ones_like(out, memory_format=torch.preserve_format)
/root/miniconda3/envs/llm_test/lib/python3.10/site-packages/torch/autograd/__init__.py:221: UserWarning: Cannot create tensor with interal format while allow_internel_format=False, tensor will be created with base format. (Triggered internally at build/CMakeFiles/torch_npu.dir/compiler_depend.ts:338.)
  torch.ones_like(out, memory_format=torch.preserve_format)
/root/miniconda3/envs/llm_test/lib/python3.10/site-packages/torch/autograd/__init__.py:221: UserWarning: Cannot create tensor with interal format while allow_internel_format=False, tensor will be created with base format. (Triggered internally at build/CMakeFiles/torch_npu.dir/compiler_depend.ts:338.)
  torch.ones_like(out, memory_format=torch.preserve_format)
/root/miniconda3/envs/llm_test/lib/python3.10/site-packages/torch/autograd/__init__.py:221: UserWarning: Cannot create tensor with interal format while allow_internel_format=False, tensor will be created with base format. (Triggered internally at build/CMakeFiles/torch_npu.dir/compiler_depend.ts:338.)
  torch.ones_like(out, memory_format=torch.preserve_format)
/root/miniconda3/envs/llm_test/lib/python3.10/site-packages/torch/autograd/__init__.py:221: UserWarning: Cannot create tensor with interal format while allow_internel_format=False, tensor will be created with base format. (Triggered internally at build/CMakeFiles/torch_npu.dir/compiler_depend.ts:338.)
  torch.ones_like(out, memory_format=torch.preserve_format)
/root/miniconda3/envs/llm_test/lib/python3.10/site-packages/torch/autograd/__init__.py:221: UserWarning: Cannot create tensor with interal format while allow_internel_format=False, tensor will be created with base format. (Triggered internally at build/CMakeFiles/torch_npu.dir/compiler_depend.ts:338.)
  torch.ones_like(out, memory_format=torch.preserve_format)
/root/miniconda3/envs/llm_test/lib/python3.10/site-packages/torch_npu/dynamo/torchair/__init__.py:8: UserWarning: pkg_resources is deprecated as an API. See https://setuptools.pypa.io/en/latest/pkg_resources.html. The pkg_resources package is slated for removal as early as 2025-11-30. Refrain from using this package or pin to Setuptools<81.
  import pkg_resources
/root/miniconda3/envs/llm_test/lib/python3.10/site-packages/torch/distributed/distributed_c10d.py:4631: UserWarning: No device id is provided via `init_process_group` or `barrier `. Using the current device set by the user. 
  warnings.warn(  # warn only once
/root/miniconda3/envs/llm_test/lib/python3.10/site-packages/torch/distributed/distributed_c10d.py:4631: UserWarning: No device id is provided via `init_process_group` or `barrier `. Using the current device set by the user. 
  warnings.warn(  # warn only once
/root/miniconda3/envs/llm_test/lib/python3.10/site-packages/torch/distributed/distributed_c10d.py:4631: UserWarning: No device id is provided via `init_process_group` or `barrier `. Using the current device set by the user. 
  warnings.warn(  # warn only once
/root/miniconda3/envs/llm_test/lib/python3.10/site-packages/torch/distributed/distributed_c10d.py:4631: UserWarning: No device id is provided via `init_process_group` or `barrier `. Using the current device set by the user. 
  warnings.warn(  # warn only once
/root/miniconda3/envs/llm_test/lib/python3.10/site-packages/torch/distributed/distributed_c10d.py:4631: UserWarning: No device id is provided via `init_process_group` or `barrier `. Using the current device set by the user. 
  warnings.warn(  # warn only once
/root/miniconda3/envs/llm_test/lib/python3.10/site-packages/torch/distributed/distributed_c10d.py:4631: UserWarning: No device id is provided via `init_process_group` or `barrier `. Using the current device set by the user. 
  warnings.warn(  # warn only once
/root/miniconda3/envs/llm_test/lib/python3.10/site-packages/torch/distributed/distributed_c10d.py:4631: UserWarning: No device id is provided via `init_process_group` or `barrier `. Using the current device set by the user. 
  warnings.warn(  # warn only once
/root/miniconda3/envs/llm_test/lib/python3.10/site-packages/torch/distributed/distributed_c10d.py:4631: UserWarning: No device id is provided via `init_process_group` or `barrier `. Using the current device set by the user. 
  warnings.warn(  # warn only once
/root/miniconda3/envs/llm_test/lib/python3.10/site-packages/torch/distributed/distributed_c10d.py:4631: UserWarning: No device id is provided via `init_process_group` or `barrier `. Using the current device set by the user. 
  warnings.warn(  # warn only once
/root/miniconda3/envs/llm_test/lib/python3.10/site-packages/torch/distributed/distributed_c10d.py:4631: UserWarning: No device id is provided via `init_process_group` or `barrier `. Using the current device set by the user. 
  warnings.warn(  # warn only once
/root/miniconda3/envs/llm_test/lib/python3.10/site-packages/torch/distributed/distributed_c10d.py:4631: UserWarning: No device id is provided via `init_process_group` or `barrier `. Using the current device set by the user. 
  warnings.warn(  # warn only once
/root/miniconda3/envs/llm_test/lib/python3.10/site-packages/torch/distributed/distributed_c10d.py:4631: UserWarning: No device id is provided via `init_process_group` or `barrier `. Using the current device set by the user. 
  warnings.warn(  # warn only once
logs/cededa12-4b7a-47f2-9202-8fcbd363c0a7
/root/miniconda3/envs/llm_test/lib/python3.10/site-packages/torch_npu/utils/storage.py:89: UserWarning: TypedStorage is deprecated. It will be removed in the future and UntypedStorage will be the only storage class. This should only matter to you if you are using storages directly.  To access UntypedStorage directly, use tensor.untyped_storage() instead of tensor.storage()
  if self.device.type != 'cpu':
................start compile Ascend C operator MatMulV3. kernel name is te_matmulv3_d3a59a4a7d03ba65d2c3634f8a199b0658c2122a698b0565f59fa4ff80757309
start compile Ascend C operator MatMulV3. kernel name is te_matmulv3_d3a59a4a7d03ba65d2c3634f8a199b0658c2122a698b0565f59fa4ff80757309
start compile Ascend C operator MatMulV3. kernel name is te_matmulv3_d3a59a4a7d03ba65d2c3634f8a199b0658c2122a698b0565f59fa4ff80757309
start compile Ascend C operator MatMulV3. kernel name is te_matmulv3_d3a59a4a7d03ba65d2c3634f8a199b0658c2122a698b0565f59fa4ff80757309
start compile Ascend C operator MatMulV3. kernel name is te_matmulv3_d3a59a4a7d03ba65d2c3634f8a199b0658c2122a698b0565f59fa4ff80757309
start compile Ascend C operator MatMulV3. kernel name is te_matmulv3_d3a59a4a7d03ba65d2c3634f8a199b0658c2122a698b0565f59fa4ff80757309
start compile Ascend C operator MatMulV3. kernel name is te_matmulv3_d3a59a4a7d03ba65d2c3634f8a199b0658c2122a698b0565f59fa4ff80757309
start compile Ascend C operator MatMulV3. kernel name is te_matmulv3_d3a59a4a7d03ba65d2c3634f8a199b0658c2122a698b0565f59fa4ff80757309
start compile Ascend C operator MatMulV3. kernel name is te_matmulv3_d3a59a4a7d03ba65d2c3634f8a199b0658c2122a698b0565f59fa4ff80757309
start compile Ascend C operator MatMulV3. kernel name is te_matmulv3_d3a59a4a7d03ba65d2c3634f8a199b0658c2122a698b0565f59fa4ff80757309
start compile Ascend C operator MatMulV3. kernel name is te_matmulv3_d3a59a4a7d03ba65d2c3634f8a199b0658c2122a698b0565f59fa4ff80757309
start compile Ascend C operator MatMulV3. kernel name is te_matmulv3_d3a59a4a7d03ba65d2c3634f8a199b0658c2122a698b0565f59fa4ff80757309
start compile Ascend C operator MatMulV3. kernel name is te_matmulv3_d3a59a4a7d03ba65d2c3634f8a199b0658c2122a698b0565f59fa4ff80757309
start compile Ascend C operator MatMulV3. kernel name is te_matmulv3_d3a59a4a7d03ba65d2c3634f8a199b0658c2122a698b0565f59fa4ff80757309
start compile Ascend C operator MatMulV3. kernel name is te_matmulv3_d3a59a4a7d03ba65d2c3634f8a199b0658c2122a698b0565f59fa4ff80757309
start compile Ascend C operator MatMulV3. kernel name is te_matmulv3_d3a59a4a7d03ba65d2c3634f8a199b0658c2122a698b0565f59fa4ff80757309
................/root/miniconda3/envs/llm_test/lib/python3.10/site-packages/torch/_functorch/_aot_autograd/utils.py:130: UserWarning: Your compiler for AOTAutograd is returning a function that doesn't take boxed arguments. Please wrap it with functorch.compile.make_boxed_func or handle the boxed arguments yourself. See https://github.com/pytorch/pytorch/pull/83137#issuecomment-1211320670 for rationale.
  warnings.warn(
start compile Ascend C operator MatMulV3. kernel name is te_matmulv3_ba56f543bec64c966b865ad26de7d86d3d94f58c017d20b00ed2e33853a3b180
/root/miniconda3/envs/llm_test/lib/python3.10/site-packages/torch/_functorch/_aot_autograd/utils.py:130: UserWarning: Your compiler for AOTAutograd is returning a function that doesn't take boxed arguments. Please wrap it with functorch.compile.make_boxed_func or handle the boxed arguments yourself. See https://github.com/pytorch/pytorch/pull/83137#issuecomment-1211320670 for rationale.
  warnings.warn(
start compile Ascend C operator MatMulV3. kernel name is te_matmulv3_ba56f543bec64c966b865ad26de7d86d3d94f58c017d20b00ed2e33853a3b180
/root/miniconda3/envs/llm_test/lib/python3.10/site-packages/torch/_functorch/_aot_autograd/utils.py:130: UserWarning: Your compiler for AOTAutograd is returning a function that doesn't take boxed arguments. Please wrap it with functorch.compile.make_boxed_func or handle the boxed arguments yourself. See https://github.com/pytorch/pytorch/pull/83137#issuecomment-1211320670 for rationale.
  warnings.warn(
start compile Ascend C operator MatMulV3. kernel name is te_matmulv3_ba56f543bec64c966b865ad26de7d86d3d94f58c017d20b00ed2e33853a3b180
/root/miniconda3/envs/llm_test/lib/python3.10/site-packages/torch/_functorch/_aot_autograd/utils.py:130: UserWarning: Your compiler for AOTAutograd is returning a function that doesn't take boxed arguments. Please wrap it with functorch.compile.make_boxed_func or handle the boxed arguments yourself. See https://github.com/pytorch/pytorch/pull/83137#issuecomment-1211320670 for rationale.
  warnings.warn(
/root/miniconda3/envs/llm_test/lib/python3.10/site-packages/torch/_functorch/_aot_autograd/utils.py:130: UserWarning: Your compiler for AOTAutograd is returning a function that doesn't take boxed arguments. Please wrap it with functorch.compile.make_boxed_func or handle the boxed arguments yourself. See https://github.com/pytorch/pytorch/pull/83137#issuecomment-1211320670 for rationale.
  warnings.warn(
/root/miniconda3/envs/llm_test/lib/python3.10/site-packages/torch/_functorch/_aot_autograd/utils.py:130: UserWarning: Your compiler for AOTAutograd is returning a function that doesn't take boxed arguments. Please wrap it with functorch.compile.make_boxed_func or handle the boxed arguments yourself. See https://github.com/pytorch/pytorch/pull/83137#issuecomment-1211320670 for rationale.
  warnings.warn(
/root/miniconda3/envs/llm_test/lib/python3.10/site-packages/torch/_functorch/_aot_autograd/utils.py:130: UserWarning: Your compiler for AOTAutograd is returning a function that doesn't take boxed arguments. Please wrap it with functorch.compile.make_boxed_func or handle the boxed arguments yourself. See https://github.com/pytorch/pytorch/pull/83137#issuecomment-1211320670 for rationale.
  warnings.warn(
start compile Ascend C operator MatMulV3. kernel name is te_matmulv3_ba56f543bec64c966b865ad26de7d86d3d94f58c017d20b00ed2e33853a3b180
start compile Ascend C operator MatMulV3. kernel name is te_matmulv3_ba56f543bec64c966b865ad26de7d86d3d94f58c017d20b00ed2e33853a3b180
/root/miniconda3/envs/llm_test/lib/python3.10/site-packages/torch/_functorch/_aot_autograd/utils.py:130: UserWarning: Your compiler for AOTAutograd is returning a function that doesn't take boxed arguments. Please wrap it with functorch.compile.make_boxed_func or handle the boxed arguments yourself. See https://github.com/pytorch/pytorch/pull/83137#issuecomment-1211320670 for rationale.
  warnings.warn(
start compile Ascend C operator MatMulV3. kernel name is te_matmulv3_ba56f543bec64c966b865ad26de7d86d3d94f58c017d20b00ed2e33853a3b180
start compile Ascend C operator MatMulV3. kernel name is te_matmulv3_ba56f543bec64c966b865ad26de7d86d3d94f58c017d20b00ed2e33853a3b180
/root/miniconda3/envs/llm_test/lib/python3.10/site-packages/torch/_functorch/_aot_autograd/utils.py:130: UserWarning: Your compiler for AOTAutograd is returning a function that doesn't take boxed arguments. Please wrap it with functorch.compile.make_boxed_func or handle the boxed arguments yourself. See https://github.com/pytorch/pytorch/pull/83137#issuecomment-1211320670 for rationale.
  warnings.warn(
/root/miniconda3/envs/llm_test/lib/python3.10/site-packages/torch/_functorch/_aot_autograd/utils.py:130: UserWarning: Your compiler for AOTAutograd is returning a function that doesn't take boxed arguments. Please wrap it with functorch.compile.make_boxed_func or handle the boxed arguments yourself. See https://github.com/pytorch/pytorch/pull/83137#issuecomment-1211320670 for rationale.
  warnings.warn(
/root/miniconda3/envs/llm_test/lib/python3.10/site-packages/torch/_functorch/_aot_autograd/utils.py:130: UserWarning: Your compiler for AOTAutograd is returning a function that doesn't take boxed arguments. Please wrap it with functorch.compile.make_boxed_func or handle the boxed arguments yourself. See https://github.com/pytorch/pytorch/pull/83137#issuecomment-1211320670 for rationale.
  warnings.warn(
start compile Ascend C operator MatMulV3. kernel name is te_matmulv3_ba56f543bec64c966b865ad26de7d86d3d94f58c017d20b00ed2e33853a3b180
/root/miniconda3/envs/llm_test/lib/python3.10/site-packages/torch/_functorch/_aot_autograd/utils.py:130: UserWarning: Your compiler for AOTAutograd is returning a function that doesn't take boxed arguments. Please wrap it with functorch.compile.make_boxed_func or handle the boxed arguments yourself. See https://github.com/pytorch/pytorch/pull/83137#issuecomment-1211320670 for rationale.
  warnings.warn(
start compile Ascend C operator MatMulV3. kernel name is te_matmulv3_ba56f543bec64c966b865ad26de7d86d3d94f58c017d20b00ed2e33853a3b180
start compile Ascend C operator MatMulV3. kernel name is te_matmulv3_ba56f543bec64c966b865ad26de7d86d3d94f58c017d20b00ed2e33853a3b180
start compile Ascend C operator MatMulV3. kernel name is te_matmulv3_ba56f543bec64c966b865ad26de7d86d3d94f58c017d20b00ed2e33853a3b180
start compile Ascend C operator MatMulV3. kernel name is te_matmulv3_ba56f543bec64c966b865ad26de7d86d3d94f58c017d20b00ed2e33853a3b180
/root/miniconda3/envs/llm_test/lib/python3.10/site-packages/torch/_functorch/_aot_autograd/utils.py:130: UserWarning: Your compiler for AOTAutograd is returning a function that doesn't take boxed arguments. Please wrap it with functorch.compile.make_boxed_func or handle the boxed arguments yourself. See https://github.com/pytorch/pytorch/pull/83137#issuecomment-1211320670 for rationale.
  warnings.warn(
/root/miniconda3/envs/llm_test/lib/python3.10/site-packages/torch/_functorch/_aot_autograd/utils.py:130: UserWarning: Your compiler for AOTAutograd is returning a function that doesn't take boxed arguments. Please wrap it with functorch.compile.make_boxed_func or handle the boxed arguments yourself. See https://github.com/pytorch/pytorch/pull/83137#issuecomment-1211320670 for rationale.
  warnings.warn(
/root/miniconda3/envs/llm_test/lib/python3.10/site-packages/torch/_functorch/_aot_autograd/utils.py:130: UserWarning: Your compiler for AOTAutograd is returning a function that doesn't take boxed arguments. Please wrap it with functorch.compile.make_boxed_func or handle the boxed arguments yourself. See https://github.com/pytorch/pytorch/pull/83137#issuecomment-1211320670 for rationale.
  warnings.warn(
start compile Ascend C operator MatMulV3. kernel name is te_matmulv3_ba56f543bec64c966b865ad26de7d86d3d94f58c017d20b00ed2e33853a3b180
/root/miniconda3/envs/llm_test/lib/python3.10/site-packages/torch/_functorch/_aot_autograd/utils.py:130: UserWarning: Your compiler for AOTAutograd is returning a function that doesn't take boxed arguments. Please wrap it with functorch.compile.make_boxed_func or handle the boxed arguments yourself. See https://github.com/pytorch/pytorch/pull/83137#issuecomment-1211320670 for rationale.
  warnings.warn(
start compile Ascend C operator MatMulV3. kernel name is te_matmulv3_ba56f543bec64c966b865ad26de7d86d3d94f58c017d20b00ed2e33853a3b180
start compile Ascend C operator MatMulV3. kernel name is te_matmulv3_ba56f543bec64c966b865ad26de7d86d3d94f58c017d20b00ed2e33853a3b180
start compile Ascend C operator MatMulV3. kernel name is te_matmulv3_ba56f543bec64c966b865ad26de7d86d3d94f58c017d20b00ed2e33853a3b180
................................................................................start compile Ascend C operator MatMulV3. kernel name is te_matmulv3_6fe6fa3a6257f7e1e930bb0136a95be1376f88016bffabb74e3cd9bf115955bc
start compile Ascend C operator MatMulV3. kernel name is te_matmulv3_6fe6fa3a6257f7e1e930bb0136a95be1376f88016bffabb74e3cd9bf115955bc
start compile Ascend C operator MatMulV3. kernel name is te_matmulv3_6fe6fa3a6257f7e1e930bb0136a95be1376f88016bffabb74e3cd9bf115955bc
start compile Ascend C operator MatMulV3. kernel name is te_matmulv3_6fe6fa3a6257f7e1e930bb0136a95be1376f88016bffabb74e3cd9bf115955bc
start compile Ascend C operator MatMulV3. kernel name is te_matmulv3_6fe6fa3a6257f7e1e930bb0136a95be1376f88016bffabb74e3cd9bf115955bc
start compile Ascend C operator MatMulV3. kernel name is te_matmulv3_6fe6fa3a6257f7e1e930bb0136a95be1376f88016bffabb74e3cd9bf115955bc
start compile Ascend C operator MatMulV3. kernel name is te_matmulv3_6fe6fa3a6257f7e1e930bb0136a95be1376f88016bffabb74e3cd9bf115955bc
start compile Ascend C operator MatMulV3. kernel name is te_matmulv3_6fe6fa3a6257f7e1e930bb0136a95be1376f88016bffabb74e3cd9bf115955bc
start compile Ascend C operator MatMulV3. kernel name is te_matmulv3_6fe6fa3a6257f7e1e930bb0136a95be1376f88016bffabb74e3cd9bf115955bc
start compile Ascend C operator MatMulV3. kernel name is te_matmulv3_6fe6fa3a6257f7e1e930bb0136a95be1376f88016bffabb74e3cd9bf115955bc
start compile Ascend C operator MatMulV3. kernel name is te_matmulv3_6fe6fa3a6257f7e1e930bb0136a95be1376f88016bffabb74e3cd9bf115955bc
start compile Ascend C operator MatMulV3. kernel name is te_matmulv3_6fe6fa3a6257f7e1e930bb0136a95be1376f88016bffabb74e3cd9bf115955bc
start compile Ascend C operator MatMulV3. kernel name is te_matmulv3_6fe6fa3a6257f7e1e930bb0136a95be1376f88016bffabb74e3cd9bf115955bc
start compile Ascend C operator MatMulV3. kernel name is te_matmulv3_6fe6fa3a6257f7e1e930bb0136a95be1376f88016bffabb74e3cd9bf115955bc
start compile Ascend C operator MatMulV3. kernel name is te_matmulv3_6fe6fa3a6257f7e1e930bb0136a95be1376f88016bffabb74e3cd9bf115955bc
start compile Ascend C operator MatMulV3. kernel name is te_matmulv3_6fe6fa3a6257f7e1e930bb0136a95be1376f88016bffabb74e3cd9bf115955bc
................/root/miniconda3/envs/llm_test/lib/python3.10/site-packages/torch/_functorch/_aot_autograd/utils.py:130: UserWarning: Your compiler for AOTAutograd is returning a function that doesn't take boxed arguments. Please wrap it with functorch.compile.make_boxed_func or handle the boxed arguments yourself. See https://github.com/pytorch/pytorch/pull/83137#issuecomment-1211320670 for rationale.
  warnings.warn(
/root/miniconda3/envs/llm_test/lib/python3.10/site-packages/torch/_functorch/_aot_autograd/utils.py:130: UserWarning: Your compiler for AOTAutograd is returning a function that doesn't take boxed arguments. Please wrap it with functorch.compile.make_boxed_func or handle the boxed arguments yourself. See https://github.com/pytorch/pytorch/pull/83137#issuecomment-1211320670 for rationale.
  warnings.warn(
/root/miniconda3/envs/llm_test/lib/python3.10/site-packages/torch/_functorch/_aot_autograd/utils.py:130: UserWarning: Your compiler for AOTAutograd is returning a function that doesn't take boxed arguments. Please wrap it with functorch.compile.make_boxed_func or handle the boxed arguments yourself. See https://github.com/pytorch/pytorch/pull/83137#issuecomment-1211320670 for rationale.
  warnings.warn(
/root/miniconda3/envs/llm_test/lib/python3.10/site-packages/torch/_functorch/_aot_autograd/utils.py:130: UserWarning: Your compiler for AOTAutograd is returning a function that doesn't take boxed arguments. Please wrap it with functorch.compile.make_boxed_func or handle the boxed arguments yourself. See https://github.com/pytorch/pytorch/pull/83137#issuecomment-1211320670 for rationale.
  warnings.warn(
start compile Ascend C operator MatMulV3. kernel name is te_matmulv3_5a70f4632f8df6c98b3fba9e48894a3bc55c6a64dfcaaf1711e3c2f15450643d
start compile Ascend C operator MatMulV3. kernel name is te_matmulv3_5a70f4632f8df6c98b3fba9e48894a3bc55c6a64dfcaaf1711e3c2f15450643d
/root/miniconda3/envs/llm_test/lib/python3.10/site-packages/torch/_functorch/_aot_autograd/utils.py:130: UserWarning: Your compiler for AOTAutograd is returning a function that doesn't take boxed arguments. Please wrap it with functorch.compile.make_boxed_func or handle the boxed arguments yourself. See https://github.com/pytorch/pytorch/pull/83137#issuecomment-1211320670 for rationale.
  warnings.warn(
/root/miniconda3/envs/llm_test/lib/python3.10/site-packages/torch/_functorch/_aot_autograd/utils.py:130: UserWarning: Your compiler for AOTAutograd is returning a function that doesn't take boxed arguments. Please wrap it with functorch.compile.make_boxed_func or handle the boxed arguments yourself. See https://github.com/pytorch/pytorch/pull/83137#issuecomment-1211320670 for rationale.
  warnings.warn(
/root/miniconda3/envs/llm_test/lib/python3.10/site-packages/torch/_functorch/_aot_autograd/utils.py:130: UserWarning: Your compiler for AOTAutograd is returning a function that doesn't take boxed arguments. Please wrap it with functorch.compile.make_boxed_func or handle the boxed arguments yourself. See https://github.com/pytorch/pytorch/pull/83137#issuecomment-1211320670 for rationale.
  warnings.warn(
start compile Ascend C operator MatMulV3. kernel name is te_matmulv3_5a70f4632f8df6c98b3fba9e48894a3bc55c6a64dfcaaf1711e3c2f15450643d
start compile Ascend C operator MatMulV3. kernel name is te_matmulv3_5a70f4632f8df6c98b3fba9e48894a3bc55c6a64dfcaaf1711e3c2f15450643d
/root/miniconda3/envs/llm_test/lib/python3.10/site-packages/torch/_functorch/_aot_autograd/utils.py:130: UserWarning: Your compiler for AOTAutograd is returning a function that doesn't take boxed arguments. Please wrap it with functorch.compile.make_boxed_func or handle the boxed arguments yourself. See https://github.com/pytorch/pytorch/pull/83137#issuecomment-1211320670 for rationale.
  warnings.warn(
/root/miniconda3/envs/llm_test/lib/python3.10/site-packages/torch/_functorch/_aot_autograd/utils.py:130: UserWarning: Your compiler for AOTAutograd is returning a function that doesn't take boxed arguments. Please wrap it with functorch.compile.make_boxed_func or handle the boxed arguments yourself. See https://github.com/pytorch/pytorch/pull/83137#issuecomment-1211320670 for rationale.
  warnings.warn(
start compile Ascend C operator MatMulV3. kernel name is te_matmulv3_5a70f4632f8df6c98b3fba9e48894a3bc55c6a64dfcaaf1711e3c2f15450643d
start compile Ascend C operator MatMulV3. kernel name is te_matmulv3_5a70f4632f8df6c98b3fba9e48894a3bc55c6a64dfcaaf1711e3c2f15450643d
start compile Ascend C operator MatMulV3. kernel name is te_matmulv3_5a70f4632f8df6c98b3fba9e48894a3bc55c6a64dfcaaf1711e3c2f15450643d
/root/miniconda3/envs/llm_test/lib/python3.10/site-packages/torch/_functorch/_aot_autograd/utils.py:130: UserWarning: Your compiler for AOTAutograd is returning a function that doesn't take boxed arguments. Please wrap it with functorch.compile.make_boxed_func or handle the boxed arguments yourself. See https://github.com/pytorch/pytorch/pull/83137#issuecomment-1211320670 for rationale.
  warnings.warn(
start compile Ascend C operator MatMulV3. kernel name is te_matmulv3_5a70f4632f8df6c98b3fba9e48894a3bc55c6a64dfcaaf1711e3c2f15450643d
start compile Ascend C operator MatMulV3. kernel name is te_matmulv3_5a70f4632f8df6c98b3fba9e48894a3bc55c6a64dfcaaf1711e3c2f15450643d
/root/miniconda3/envs/llm_test/lib/python3.10/site-packages/torch/_functorch/_aot_autograd/utils.py:130: UserWarning: Your compiler for AOTAutograd is returning a function that doesn't take boxed arguments. Please wrap it with functorch.compile.make_boxed_func or handle the boxed arguments yourself. See https://github.com/pytorch/pytorch/pull/83137#issuecomment-1211320670 for rationale.
  warnings.warn(
/root/miniconda3/envs/llm_test/lib/python3.10/site-packages/torch/_functorch/_aot_autograd/utils.py:130: UserWarning: Your compiler for AOTAutograd is returning a function that doesn't take boxed arguments. Please wrap it with functorch.compile.make_boxed_func or handle the boxed arguments yourself. See https://github.com/pytorch/pytorch/pull/83137#issuecomment-1211320670 for rationale.
  warnings.warn(
/root/miniconda3/envs/llm_test/lib/python3.10/site-packages/torch/_functorch/_aot_autograd/utils.py:130: UserWarning: Your compiler for AOTAutograd is returning a function that doesn't take boxed arguments. Please wrap it with functorch.compile.make_boxed_func or handle the boxed arguments yourself. See https://github.com/pytorch/pytorch/pull/83137#issuecomment-1211320670 for rationale.
  warnings.warn(
/root/miniconda3/envs/llm_test/lib/python3.10/site-packages/torch/_functorch/_aot_autograd/utils.py:130: UserWarning: Your compiler for AOTAutograd is returning a function that doesn't take boxed arguments. Please wrap it with functorch.compile.make_boxed_func or handle the boxed arguments yourself. See https://github.com/pytorch/pytorch/pull/83137#issuecomment-1211320670 for rationale.
  warnings.warn(
start compile Ascend C operator MatMulV3. kernel name is te_matmulv3_5a70f4632f8df6c98b3fba9e48894a3bc55c6a64dfcaaf1711e3c2f15450643d
/root/miniconda3/envs/llm_test/lib/python3.10/site-packages/torch/_functorch/_aot_autograd/utils.py:130: UserWarning: Your compiler for AOTAutograd is returning a function that doesn't take boxed arguments. Please wrap it with functorch.compile.make_boxed_func or handle the boxed arguments yourself. See https://github.com/pytorch/pytorch/pull/83137#issuecomment-1211320670 for rationale.
  warnings.warn(
start compile Ascend C operator MatMulV3. kernel name is te_matmulv3_5a70f4632f8df6c98b3fba9e48894a3bc55c6a64dfcaaf1711e3c2f15450643d
start compile Ascend C operator MatMulV3. kernel name is te_matmulv3_5a70f4632f8df6c98b3fba9e48894a3bc55c6a64dfcaaf1711e3c2f15450643d
start compile Ascend C operator MatMulV3. kernel name is te_matmulv3_5a70f4632f8df6c98b3fba9e48894a3bc55c6a64dfcaaf1711e3c2f15450643d
start compile Ascend C operator MatMulV3. kernel name is te_matmulv3_5a70f4632f8df6c98b3fba9e48894a3bc55c6a64dfcaaf1711e3c2f15450643d
start compile Ascend C operator MatMulV3. kernel name is te_matmulv3_5a70f4632f8df6c98b3fba9e48894a3bc55c6a64dfcaaf1711e3c2f15450643d
/root/miniconda3/envs/llm_test/lib/python3.10/site-packages/torch/_functorch/_aot_autograd/utils.py:130: UserWarning: Your compiler for AOTAutograd is returning a function that doesn't take boxed arguments. Please wrap it with functorch.compile.make_boxed_func or handle the boxed arguments yourself. See https://github.com/pytorch/pytorch/pull/83137#issuecomment-1211320670 for rationale.
  warnings.warn(
start compile Ascend C operator MatMulV3. kernel name is te_matmulv3_5a70f4632f8df6c98b3fba9e48894a3bc55c6a64dfcaaf1711e3c2f15450643d
................................................................start compile Ascend C operator MatMulV3. kernel name is te_matmulv3_4d0d5c61376fe24ada64b15f415790f46cae321d71af75acc164a572e38b51d0
start compile Ascend C operator MatMulV3. kernel name is te_matmulv3_4d0d5c61376fe24ada64b15f415790f46cae321d71af75acc164a572e38b51d0
start compile Ascend C operator MatMulV3. kernel name is te_matmulv3_4d0d5c61376fe24ada64b15f415790f46cae321d71af75acc164a572e38b51d0
start compile Ascend C operator MatMulV3. kernel name is te_matmulv3_4d0d5c61376fe24ada64b15f415790f46cae321d71af75acc164a572e38b51d0
start compile Ascend C operator MatMulV3. kernel name is te_matmulv3_4d0d5c61376fe24ada64b15f415790f46cae321d71af75acc164a572e38b51d0
start compile Ascend C operator MatMulV3. kernel name is te_matmulv3_4d0d5c61376fe24ada64b15f415790f46cae321d71af75acc164a572e38b51d0
start compile Ascend C operator MatMulV3. kernel name is te_matmulv3_4d0d5c61376fe24ada64b15f415790f46cae321d71af75acc164a572e38b51d0
start compile Ascend C operator MatMulV3. kernel name is te_matmulv3_4d0d5c61376fe24ada64b15f415790f46cae321d71af75acc164a572e38b51d0
start compile Ascend C operator MatMulV3. kernel name is te_matmulv3_4d0d5c61376fe24ada64b15f415790f46cae321d71af75acc164a572e38b51d0
start compile Ascend C operator MatMulV3. kernel name is te_matmulv3_4d0d5c61376fe24ada64b15f415790f46cae321d71af75acc164a572e38b51d0
start compile Ascend C operator MatMulV3. kernel name is te_matmulv3_4d0d5c61376fe24ada64b15f415790f46cae321d71af75acc164a572e38b51d0
start compile Ascend C operator MatMulV3. kernel name is te_matmulv3_4d0d5c61376fe24ada64b15f415790f46cae321d71af75acc164a572e38b51d0
start compile Ascend C operator MatMulV3. kernel name is te_matmulv3_4d0d5c61376fe24ada64b15f415790f46cae321d71af75acc164a572e38b51d0
start compile Ascend C operator MatMulV3. kernel name is te_matmulv3_4d0d5c61376fe24ada64b15f415790f46cae321d71af75acc164a572e38b51d0
start compile Ascend C operator MatMulV3. kernel name is te_matmulv3_4d0d5c61376fe24ada64b15f415790f46cae321d71af75acc164a572e38b51d0
start compile Ascend C operator MatMulV3. kernel name is te_matmulv3_4d0d5c61376fe24ada64b15f415790f46cae321d71af75acc164a572e38b51d0
................start compile Ascend C operator MatMulV3. kernel name is te_matmulv3_abd84c89c8fb9a2f7997c348168522e5b97ac1168100f935d8f64d98d8cede26
start compile Ascend C operator MatMulV3. kernel name is te_matmulv3_abd84c89c8fb9a2f7997c348168522e5b97ac1168100f935d8f64d98d8cede26
start compile Ascend C operator MatMulV3. kernel name is te_matmulv3_abd84c89c8fb9a2f7997c348168522e5b97ac1168100f935d8f64d98d8cede26
start compile Ascend C operator MatMulV3. kernel name is te_matmulv3_abd84c89c8fb9a2f7997c348168522e5b97ac1168100f935d8f64d98d8cede26
start compile Ascend C operator MatMulV3. kernel name is te_matmulv3_abd84c89c8fb9a2f7997c348168522e5b97ac1168100f935d8f64d98d8cede26
start compile Ascend C operator MatMulV3. kernel name is te_matmulv3_abd84c89c8fb9a2f7997c348168522e5b97ac1168100f935d8f64d98d8cede26
start compile Ascend C operator MatMulV3. kernel name is te_matmulv3_abd84c89c8fb9a2f7997c348168522e5b97ac1168100f935d8f64d98d8cede26
start compile Ascend C operator MatMulV3. kernel name is te_matmulv3_abd84c89c8fb9a2f7997c348168522e5b97ac1168100f935d8f64d98d8cede26
start compile Ascend C operator MatMulV3. kernel name is te_matmulv3_abd84c89c8fb9a2f7997c348168522e5b97ac1168100f935d8f64d98d8cede26
start compile Ascend C operator MatMulV3. kernel name is te_matmulv3_abd84c89c8fb9a2f7997c348168522e5b97ac1168100f935d8f64d98d8cede26
start compile Ascend C operator MatMulV3. kernel name is te_matmulv3_abd84c89c8fb9a2f7997c348168522e5b97ac1168100f935d8f64d98d8cede26
start compile Ascend C operator MatMulV3. kernel name is te_matmulv3_abd84c89c8fb9a2f7997c348168522e5b97ac1168100f935d8f64d98d8cede26
start compile Ascend C operator MatMulV3. kernel name is te_matmulv3_abd84c89c8fb9a2f7997c348168522e5b97ac1168100f935d8f64d98d8cede26
start compile Ascend C operator MatMulV3. kernel name is te_matmulv3_abd84c89c8fb9a2f7997c348168522e5b97ac1168100f935d8f64d98d8cede26
start compile Ascend C operator MatMulV3. kernel name is te_matmulv3_abd84c89c8fb9a2f7997c348168522e5b97ac1168100f935d8f64d98d8cede26
start compile Ascend C operator MatMulV3. kernel name is te_matmulv3_abd84c89c8fb9a2f7997c348168522e5b97ac1168100f935d8f64d98d8cede26
................start compile Ascend C operator MatMulV3. kernel name is te_matmulv3_3f0c378a1b87b1bbea1800a099c9c8aa173b91969ea0e63ef6ff5260bf457b5b
start compile Ascend C operator MatMulV3. kernel name is te_matmulv3_3f0c378a1b87b1bbea1800a099c9c8aa173b91969ea0e63ef6ff5260bf457b5b
start compile Ascend C operator MatMulV3. kernel name is te_matmulv3_3f0c378a1b87b1bbea1800a099c9c8aa173b91969ea0e63ef6ff5260bf457b5b
start compile Ascend C operator MatMulV3. kernel name is te_matmulv3_3f0c378a1b87b1bbea1800a099c9c8aa173b91969ea0e63ef6ff5260bf457b5b
start compile Ascend C operator MatMulV3. kernel name is te_matmulv3_3f0c378a1b87b1bbea1800a099c9c8aa173b91969ea0e63ef6ff5260bf457b5b
start compile Ascend C operator MatMulV3. kernel name is te_matmulv3_3f0c378a1b87b1bbea1800a099c9c8aa173b91969ea0e63ef6ff5260bf457b5b
start compile Ascend C operator MatMulV3. kernel name is te_matmulv3_3f0c378a1b87b1bbea1800a099c9c8aa173b91969ea0e63ef6ff5260bf457b5b
start compile Ascend C operator MatMulV3. kernel name is te_matmulv3_3f0c378a1b87b1bbea1800a099c9c8aa173b91969ea0e63ef6ff5260bf457b5b
start compile Ascend C operator MatMulV3. kernel name is te_matmulv3_3f0c378a1b87b1bbea1800a099c9c8aa173b91969ea0e63ef6ff5260bf457b5b
start compile Ascend C operator MatMulV3. kernel name is te_matmulv3_3f0c378a1b87b1bbea1800a099c9c8aa173b91969ea0e63ef6ff5260bf457b5b
start compile Ascend C operator MatMulV3. kernel name is te_matmulv3_3f0c378a1b87b1bbea1800a099c9c8aa173b91969ea0e63ef6ff5260bf457b5b
start compile Ascend C operator MatMulV3. kernel name is te_matmulv3_3f0c378a1b87b1bbea1800a099c9c8aa173b91969ea0e63ef6ff5260bf457b5b
start compile Ascend C operator MatMulV3. kernel name is te_matmulv3_3f0c378a1b87b1bbea1800a099c9c8aa173b91969ea0e63ef6ff5260bf457b5b
start compile Ascend C operator MatMulV3. kernel name is te_matmulv3_3f0c378a1b87b1bbea1800a099c9c8aa173b91969ea0e63ef6ff5260bf457b5b
...start compile Ascend C operator MatMulV3. kernel name is te_matmulv3_3f0c378a1b87b1bbea1800a099c9c8aa173b91969ea0e63ef6ff5260bf457b5b
start compile Ascend C operator MatMulV3. kernel name is te_matmulv3_3f0c378a1b87b1bbea1800a099c9c8aa173b91969ea0e63ef6ff5260bf457b5b
.............../root/miniconda3/envs/llm_test/lib/python3.10/site-packages/torch/_functorch/_aot_autograd/utils.py:130: UserWarning: Your compiler for AOTAutograd is returning a function that doesn't take boxed arguments. Please wrap it with functorch.compile.make_boxed_func or handle the boxed arguments yourself. See https://github.com/pytorch/pytorch/pull/83137#issuecomment-1211320670 for rationale.
  warnings.warn(
.start compile Ascend C operator MatMulV3. kernel name is te_matmulv3_9ad7e27c495ef7af94cc5edbdb82a1072a747b456fa363ae94037188ea020257
/root/miniconda3/envs/llm_test/lib/python3.10/site-packages/torch/_functorch/_aot_autograd/utils.py:130: UserWarning: Your compiler for AOTAutograd is returning a function that doesn't take boxed arguments. Please wrap it with functorch.compile.make_boxed_func or handle the boxed arguments yourself. See https://github.com/pytorch/pytorch/pull/83137#issuecomment-1211320670 for rationale.
  warnings.warn(
/root/miniconda3/envs/llm_test/lib/python3.10/site-packages/torch/_functorch/_aot_autograd/utils.py:130: UserWarning: Your compiler for AOTAutograd is returning a function that doesn't take boxed arguments. Please wrap it with functorch.compile.make_boxed_func or handle the boxed arguments yourself. See https://github.com/pytorch/pytorch/pull/83137#issuecomment-1211320670 for rationale.
  warnings.warn(
/root/miniconda3/envs/llm_test/lib/python3.10/site-packages/torch/_functorch/_aot_autograd/utils.py:130: UserWarning: Your compiler for AOTAutograd is returning a function that doesn't take boxed arguments. Please wrap it with functorch.compile.make_boxed_func or handle the boxed arguments yourself. See https://github.com/pytorch/pytorch/pull/83137#issuecomment-1211320670 for rationale.
  warnings.warn(
start compile Ascend C operator MatMulV3. kernel name is te_matmulv3_9ad7e27c495ef7af94cc5edbdb82a1072a747b456fa363ae94037188ea020257
start compile Ascend C operator MatMulV3. kernel name is te_matmulv3_9ad7e27c495ef7af94cc5edbdb82a1072a747b456fa363ae94037188ea020257
start compile Ascend C operator MatMulV3. kernel name is te_matmulv3_9ad7e27c495ef7af94cc5edbdb82a1072a747b456fa363ae94037188ea020257
/root/miniconda3/envs/llm_test/lib/python3.10/site-packages/torch/_functorch/_aot_autograd/utils.py:130: UserWarning: Your compiler for AOTAutograd is returning a function that doesn't take boxed arguments. Please wrap it with functorch.compile.make_boxed_func or handle the boxed arguments yourself. See https://github.com/pytorch/pytorch/pull/83137#issuecomment-1211320670 for rationale.
  warnings.warn(
/root/miniconda3/envs/llm_test/lib/python3.10/site-packages/torch/_functorch/_aot_autograd/utils.py:130: UserWarning: Your compiler for AOTAutograd is returning a function that doesn't take boxed arguments. Please wrap it with functorch.compile.make_boxed_func or handle the boxed arguments yourself. See https://github.com/pytorch/pytorch/pull/83137#issuecomment-1211320670 for rationale.
  warnings.warn(
/root/miniconda3/envs/llm_test/lib/python3.10/site-packages/torch/_functorch/_aot_autograd/utils.py:130: UserWarning: Your compiler for AOTAutograd is returning a function that doesn't take boxed arguments. Please wrap it with functorch.compile.make_boxed_func or handle the boxed arguments yourself. See https://github.com/pytorch/pytorch/pull/83137#issuecomment-1211320670 for rationale.
  warnings.warn(
/root/miniconda3/envs/llm_test/lib/python3.10/site-packages/torch/_functorch/_aot_autograd/utils.py:130: UserWarning: Your compiler for AOTAutograd is returning a function that doesn't take boxed arguments. Please wrap it with functorch.compile.make_boxed_func or handle the boxed arguments yourself. See https://github.com/pytorch/pytorch/pull/83137#issuecomment-1211320670 for rationale.
  warnings.warn(
/root/miniconda3/envs/llm_test/lib/python3.10/site-packages/torch/_functorch/_aot_autograd/utils.py:130: UserWarning: Your compiler for AOTAutograd is returning a function that doesn't take boxed arguments. Please wrap it with functorch.compile.make_boxed_func or handle the boxed arguments yourself. See https://github.com/pytorch/pytorch/pull/83137#issuecomment-1211320670 for rationale.
  warnings.warn(
/root/miniconda3/envs/llm_test/lib/python3.10/site-packages/torch/_functorch/_aot_autograd/utils.py:130: UserWarning: Your compiler for AOTAutograd is returning a function that doesn't take boxed arguments. Please wrap it with functorch.compile.make_boxed_func or handle the boxed arguments yourself. See https://github.com/pytorch/pytorch/pull/83137#issuecomment-1211320670 for rationale.
  warnings.warn(
/root/miniconda3/envs/llm_test/lib/python3.10/site-packages/torch/_functorch/_aot_autograd/utils.py:130: UserWarning: Your compiler for AOTAutograd is returning a function that doesn't take boxed arguments. Please wrap it with functorch.compile.make_boxed_func or handle the boxed arguments yourself. See https://github.com/pytorch/pytorch/pull/83137#issuecomment-1211320670 for rationale.
  warnings.warn(
/root/miniconda3/envs/llm_test/lib/python3.10/site-packages/torch/_functorch/_aot_autograd/utils.py:130: UserWarning: Your compiler for AOTAutograd is returning a function that doesn't take boxed arguments. Please wrap it with functorch.compile.make_boxed_func or handle the boxed arguments yourself. See https://github.com/pytorch/pytorch/pull/83137#issuecomment-1211320670 for rationale.
  warnings.warn(
start compile Ascend C operator MatMulV3. kernel name is te_matmulv3_9ad7e27c495ef7af94cc5edbdb82a1072a747b456fa363ae94037188ea020257
start compile Ascend C operator MatMulV3. kernel name is te_matmulv3_9ad7e27c495ef7af94cc5edbdb82a1072a747b456fa363ae94037188ea020257
start compile Ascend C operator MatMulV3. kernel name is te_matmulv3_9ad7e27c495ef7af94cc5edbdb82a1072a747b456fa363ae94037188ea020257
start compile Ascend C operator MatMulV3. kernel name is te_matmulv3_9ad7e27c495ef7af94cc5edbdb82a1072a747b456fa363ae94037188ea020257
start compile Ascend C operator MatMulV3. kernel name is te_matmulv3_9ad7e27c495ef7af94cc5edbdb82a1072a747b456fa363ae94037188ea020257
start compile Ascend C operator MatMulV3. kernel name is te_matmulv3_9ad7e27c495ef7af94cc5edbdb82a1072a747b456fa363ae94037188ea020257
/root/miniconda3/envs/llm_test/lib/python3.10/site-packages/torch/_functorch/_aot_autograd/utils.py:130: UserWarning: Your compiler for AOTAutograd is returning a function that doesn't take boxed arguments. Please wrap it with functorch.compile.make_boxed_func or handle the boxed arguments yourself. See https://github.com/pytorch/pytorch/pull/83137#issuecomment-1211320670 for rationale.
  warnings.warn(
start compile Ascend C operator MatMulV3. kernel name is te_matmulv3_9ad7e27c495ef7af94cc5edbdb82a1072a747b456fa363ae94037188ea020257
/root/miniconda3/envs/llm_test/lib/python3.10/site-packages/torch/_functorch/_aot_autograd/utils.py:130: UserWarning: Your compiler for AOTAutograd is returning a function that doesn't take boxed arguments. Please wrap it with functorch.compile.make_boxed_func or handle the boxed arguments yourself. See https://github.com/pytorch/pytorch/pull/83137#issuecomment-1211320670 for rationale.
  warnings.warn(
start compile Ascend C operator MatMulV3. kernel name is te_matmulv3_9ad7e27c495ef7af94cc5edbdb82a1072a747b456fa363ae94037188ea020257
start compile Ascend C operator MatMulV3. kernel name is te_matmulv3_9ad7e27c495ef7af94cc5edbdb82a1072a747b456fa363ae94037188ea020257
start compile Ascend C operator MatMulV3. kernel name is te_matmulv3_9ad7e27c495ef7af94cc5edbdb82a1072a747b456fa363ae94037188ea020257
/root/miniconda3/envs/llm_test/lib/python3.10/site-packages/torch/_functorch/_aot_autograd/utils.py:130: UserWarning: Your compiler for AOTAutograd is returning a function that doesn't take boxed arguments. Please wrap it with functorch.compile.make_boxed_func or handle the boxed arguments yourself. See https://github.com/pytorch/pytorch/pull/83137#issuecomment-1211320670 for rationale.
  warnings.warn(
..start compile Ascend C operator MatMulV3. kernel name is te_matmulv3_9ad7e27c495ef7af94cc5edbdb82a1072a747b456fa363ae94037188ea020257
.........../root/miniconda3/envs/llm_test/lib/python3.10/site-packages/torch/_functorch/_aot_autograd/utils.py:130: UserWarning: Your compiler for AOTAutograd is returning a function that doesn't take boxed arguments. Please wrap it with functorch.compile.make_boxed_func or handle the boxed arguments yourself. See https://github.com/pytorch/pytorch/pull/83137#issuecomment-1211320670 for rationale.
  warnings.warn(
start compile Ascend C operator MatMulV3. kernel name is te_matmulv3_9ad7e27c495ef7af94cc5edbdb82a1072a747b456fa363ae94037188ea020257
................................................start compile Ascend C operator MatMulV3. kernel name is te_matmulv3_d09ffa3b81075fcb8b29b718de87c2f4426fbc9b91daa66875dd4da373348376
start compile Ascend C operator MatMulV3. kernel name is te_matmulv3_d09ffa3b81075fcb8b29b718de87c2f4426fbc9b91daa66875dd4da373348376
start compile Ascend C operator MatMulV3. kernel name is te_matmulv3_d09ffa3b81075fcb8b29b718de87c2f4426fbc9b91daa66875dd4da373348376
start compile Ascend C operator MatMulV3. kernel name is te_matmulv3_d09ffa3b81075fcb8b29b718de87c2f4426fbc9b91daa66875dd4da373348376
start compile Ascend C operator MatMulV3. kernel name is te_matmulv3_d09ffa3b81075fcb8b29b718de87c2f4426fbc9b91daa66875dd4da373348376
start compile Ascend C operator MatMulV3. kernel name is te_matmulv3_d09ffa3b81075fcb8b29b718de87c2f4426fbc9b91daa66875dd4da373348376
start compile Ascend C operator MatMulV3. kernel name is te_matmulv3_d09ffa3b81075fcb8b29b718de87c2f4426fbc9b91daa66875dd4da373348376
start compile Ascend C operator MatMulV3. kernel name is te_matmulv3_d09ffa3b81075fcb8b29b718de87c2f4426fbc9b91daa66875dd4da373348376
start compile Ascend C operator MatMulV3. kernel name is te_matmulv3_d09ffa3b81075fcb8b29b718de87c2f4426fbc9b91daa66875dd4da373348376
start compile Ascend C operator MatMulV3. kernel name is te_matmulv3_d09ffa3b81075fcb8b29b718de87c2f4426fbc9b91daa66875dd4da373348376
start compile Ascend C operator MatMulV3. kernel name is te_matmulv3_d09ffa3b81075fcb8b29b718de87c2f4426fbc9b91daa66875dd4da373348376
start compile Ascend C operator MatMulV3. kernel name is te_matmulv3_d09ffa3b81075fcb8b29b718de87c2f4426fbc9b91daa66875dd4da373348376
start compile Ascend C operator MatMulV3. kernel name is te_matmulv3_d09ffa3b81075fcb8b29b718de87c2f4426fbc9b91daa66875dd4da373348376
start compile Ascend C operator MatMulV3. kernel name is te_matmulv3_d09ffa3b81075fcb8b29b718de87c2f4426fbc9b91daa66875dd4da373348376
start compile Ascend C operator MatMulV3. kernel name is te_matmulv3_d09ffa3b81075fcb8b29b718de87c2f4426fbc9b91daa66875dd4da373348376
start compile Ascend C operator MatMulV3. kernel name is te_matmulv3_d09ffa3b81075fcb8b29b718de87c2f4426fbc9b91daa66875dd4da373348376
................................start compile Ascend C operator MatMulV3. kernel name is te_matmulv3_be4de9b6e4f6651589350b162132ad1432abc776d8ff3439bd2f58a1a6e12435
start compile Ascend C operator MatMulV3. kernel name is te_matmulv3_be4de9b6e4f6651589350b162132ad1432abc776d8ff3439bd2f58a1a6e12435
start compile Ascend C operator MatMulV3. kernel name is te_matmulv3_be4de9b6e4f6651589350b162132ad1432abc776d8ff3439bd2f58a1a6e12435
start compile Ascend C operator MatMulV3. kernel name is te_matmulv3_be4de9b6e4f6651589350b162132ad1432abc776d8ff3439bd2f58a1a6e12435
start compile Ascend C operator MatMulV3. kernel name is te_matmulv3_be4de9b6e4f6651589350b162132ad1432abc776d8ff3439bd2f58a1a6e12435
start compile Ascend C operator MatMulV3. kernel name is te_matmulv3_be4de9b6e4f6651589350b162132ad1432abc776d8ff3439bd2f58a1a6e12435
start compile Ascend C operator MatMulV3. kernel name is te_matmulv3_be4de9b6e4f6651589350b162132ad1432abc776d8ff3439bd2f58a1a6e12435
start compile Ascend C operator MatMulV3. kernel name is te_matmulv3_be4de9b6e4f6651589350b162132ad1432abc776d8ff3439bd2f58a1a6e12435
start compile Ascend C operator MatMulV3. kernel name is te_matmulv3_be4de9b6e4f6651589350b162132ad1432abc776d8ff3439bd2f58a1a6e12435
start compile Ascend C operator MatMulV3. kernel name is te_matmulv3_be4de9b6e4f6651589350b162132ad1432abc776d8ff3439bd2f58a1a6e12435
start compile Ascend C operator MatMulV3. kernel name is te_matmulv3_be4de9b6e4f6651589350b162132ad1432abc776d8ff3439bd2f58a1a6e12435
start compile Ascend C operator MatMulV3. kernel name is te_matmulv3_be4de9b6e4f6651589350b162132ad1432abc776d8ff3439bd2f58a1a6e12435
start compile Ascend C operator MatMulV3. kernel name is te_matmulv3_be4de9b6e4f6651589350b162132ad1432abc776d8ff3439bd2f58a1a6e12435
start compile Ascend C operator MatMulV3. kernel name is te_matmulv3_be4de9b6e4f6651589350b162132ad1432abc776d8ff3439bd2f58a1a6e12435
start compile Ascend C operator MatMulV3. kernel name is te_matmulv3_be4de9b6e4f6651589350b162132ad1432abc776d8ff3439bd2f58a1a6e12435
start compile Ascend C operator MatMulV3. kernel name is te_matmulv3_be4de9b6e4f6651589350b162132ad1432abc776d8ff3439bd2f58a1a6e12435
................step:0/2110 val_loss:10.8258 train_time:0ms step_avg:0.07ms
/root/miniconda3/envs/llm_test/lib/python3.10/site-packages/torch/_functorch/_aot_autograd/utils.py:130: UserWarning: Your compiler for AOTAutograd is returning a function that doesn't take boxed arguments. Please wrap it with functorch.compile.make_boxed_func or handle the boxed arguments yourself. See https://github.com/pytorch/pytorch/pull/83137#issuecomment-1211320670 for rationale.
  warnings.warn(
/root/miniconda3/envs/llm_test/lib/python3.10/site-packages/torch/_functorch/_aot_autograd/utils.py:130: UserWarning: Your compiler for AOTAutograd is returning a function that doesn't take boxed arguments. Please wrap it with functorch.compile.make_boxed_func or handle the boxed arguments yourself. See https://github.com/pytorch/pytorch/pull/83137#issuecomment-1211320670 for rationale.
  warnings.warn(
/root/miniconda3/envs/llm_test/lib/python3.10/site-packages/torch/_functorch/_aot_autograd/utils.py:130: UserWarning: Your compiler for AOTAutograd is returning a function that doesn't take boxed arguments. Please wrap it with functorch.compile.make_boxed_func or handle the boxed arguments yourself. See https://github.com/pytorch/pytorch/pull/83137#issuecomment-1211320670 for rationale.
  warnings.warn(
/root/miniconda3/envs/llm_test/lib/python3.10/site-packages/torch/_functorch/_aot_autograd/utils.py:130: UserWarning: Your compiler for AOTAutograd is returning a function that doesn't take boxed arguments. Please wrap it with functorch.compile.make_boxed_func or handle the boxed arguments yourself. See https://github.com/pytorch/pytorch/pull/83137#issuecomment-1211320670 for rationale.
  warnings.warn(
/root/miniconda3/envs/llm_test/lib/python3.10/site-packages/torch/_functorch/_aot_autograd/utils.py:130: UserWarning: Your compiler for AOTAutograd is returning a function that doesn't take boxed arguments. Please wrap it with functorch.compile.make_boxed_func or handle the boxed arguments yourself. See https://github.com/pytorch/pytorch/pull/83137#issuecomment-1211320670 for rationale.
  warnings.warn(
/root/miniconda3/envs/llm_test/lib/python3.10/site-packages/torch/_functorch/_aot_autograd/utils.py:130: UserWarning: Your compiler for AOTAutograd is returning a function that doesn't take boxed arguments. Please wrap it with functorch.compile.make_boxed_func or handle the boxed arguments yourself. See https://github.com/pytorch/pytorch/pull/83137#issuecomment-1211320670 for rationale.
  warnings.warn(
/root/miniconda3/envs/llm_test/lib/python3.10/site-packages/torch/_functorch/_aot_autograd/utils.py:130: UserWarning: Your compiler for AOTAutograd is returning a function that doesn't take boxed arguments. Please wrap it with functorch.compile.make_boxed_func or handle the boxed arguments yourself. See https://github.com/pytorch/pytorch/pull/83137#issuecomment-1211320670 for rationale.
  warnings.warn(
/root/miniconda3/envs/llm_test/lib/python3.10/site-packages/torch/_functorch/_aot_autograd/utils.py:130: UserWarning: Your compiler for AOTAutograd is returning a function that doesn't take boxed arguments. Please wrap it with functorch.compile.make_boxed_func or handle the boxed arguments yourself. See https://github.com/pytorch/pytorch/pull/83137#issuecomment-1211320670 for rationale.
  warnings.warn(
/root/miniconda3/envs/llm_test/lib/python3.10/site-packages/torch/_functorch/_aot_autograd/utils.py:130: UserWarning: Your compiler for AOTAutograd is returning a function that doesn't take boxed arguments. Please wrap it with functorch.compile.make_boxed_func or handle the boxed arguments yourself. See https://github.com/pytorch/pytorch/pull/83137#issuecomment-1211320670 for rationale.
  warnings.warn(
/root/miniconda3/envs/llm_test/lib/python3.10/site-packages/torch/_functorch/_aot_autograd/utils.py:130: UserWarning: Your compiler for AOTAutograd is returning a function that doesn't take boxed arguments. Please wrap it with functorch.compile.make_boxed_func or handle the boxed arguments yourself. See https://github.com/pytorch/pytorch/pull/83137#issuecomment-1211320670 for rationale.
  warnings.warn(
/root/miniconda3/envs/llm_test/lib/python3.10/site-packages/torch/_functorch/_aot_autograd/utils.py:130: UserWarning: Your compiler for AOTAutograd is returning a function that doesn't take boxed arguments. Please wrap it with functorch.compile.make_boxed_func or handle the boxed arguments yourself. See https://github.com/pytorch/pytorch/pull/83137#issuecomment-1211320670 for rationale.
  warnings.warn(
/root/miniconda3/envs/llm_test/lib/python3.10/site-packages/torch/_functorch/_aot_autograd/utils.py:130: UserWarning: Your compiler for AOTAutograd is returning a function that doesn't take boxed arguments. Please wrap it with functorch.compile.make_boxed_func or handle the boxed arguments yourself. See https://github.com/pytorch/pytorch/pull/83137#issuecomment-1211320670 for rationale.
  warnings.warn(
/root/miniconda3/envs/llm_test/lib/python3.10/site-packages/torch/_functorch/_aot_autograd/utils.py:130: UserWarning: Your compiler for AOTAutograd is returning a function that doesn't take boxed arguments. Please wrap it with functorch.compile.make_boxed_func or handle the boxed arguments yourself. See https://github.com/pytorch/pytorch/pull/83137#issuecomment-1211320670 for rationale.
  warnings.warn(
/root/miniconda3/envs/llm_test/lib/python3.10/site-packages/torch/_functorch/_aot_autograd/utils.py:130: UserWarning: Your compiler for AOTAutograd is returning a function that doesn't take boxed arguments. Please wrap it with functorch.compile.make_boxed_func or handle the boxed arguments yourself. See https://github.com/pytorch/pytorch/pull/83137#issuecomment-1211320670 for rationale.
  warnings.warn(
/root/miniconda3/envs/llm_test/lib/python3.10/site-packages/torch/_functorch/_aot_autograd/utils.py:130: UserWarning: Your compiler for AOTAutograd is returning a function that doesn't take boxed arguments. Please wrap it with functorch.compile.make_boxed_func or handle the boxed arguments yourself. See https://github.com/pytorch/pytorch/pull/83137#issuecomment-1211320670 for rationale.
  warnings.warn(
/root/miniconda3/envs/llm_test/lib/python3.10/site-packages/torch/_functorch/_aot_autograd/utils.py:130: UserWarning: Your compiler for AOTAutograd is returning a function that doesn't take boxed arguments. Please wrap it with functorch.compile.make_boxed_func or handle the boxed arguments yourself. See https://github.com/pytorch/pytorch/pull/83137#issuecomment-1211320670 for rationale.
  warnings.warn(
step:1/2110 train_time:820ms step_avg:820.12ms
step:2/2110 train_time:870ms step_avg:434.75ms
step:3/2110 train_time:938ms step_avg:312.82ms
step:4/2110 train_time:1013ms step_avg:253.22ms
step:5/2110 train_time:1088ms step_avg:217.67ms
step:6/2110 train_time:1170ms step_avg:195.05ms
step:7/2110 train_time:1252ms step_avg:178.90ms
step:8/2110 train_time:1338ms step_avg:167.19ms
step:9/2110 train_time:1411ms step_avg:156.78ms
step:10/2110 train_time:1487ms step_avg:148.67ms
step:11/2110 train_time:1565ms step_avg:142.25ms
step:12/2110 train_time:1641ms step_avg:136.76ms
step:13/2110 train_time:1720ms step_avg:132.27ms
step:14/2110 train_time:1796ms step_avg:128.28ms
step:15/2110 train_time:1872ms step_avg:124.82ms
step:16/2110 train_time:1950ms step_avg:121.89ms
step:17/2110 train_time:2027ms step_avg:119.23ms
step:18/2110 train_time:2102ms step_avg:116.80ms
step:19/2110 train_time:2181ms step_avg:114.79ms
step:20/2110 train_time:2257ms step_avg:112.86ms
step:21/2110 train_time:2335ms step_avg:111.19ms
step:22/2110 train_time:2413ms step_avg:109.70ms
step:23/2110 train_time:2497ms step_avg:108.55ms
step:24/2110 train_time:2577ms step_avg:107.37ms
step:25/2110 train_time:2656ms step_avg:106.26ms
step:26/2110 train_time:2737ms step_avg:105.26ms
step:27/2110 train_time:2839ms step_avg:105.14ms
step:28/2110 train_time:2897ms step_avg:103.47ms
step:29/2110 train_time:2976ms step_avg:102.63ms
step:30/2110 train_time:3055ms step_avg:101.83ms
step:31/2110 train_time:3131ms step_avg:101.00ms
step:32/2110 train_time:3208ms step_avg:100.24ms
step:33/2110 train_time:3285ms step_avg:99.54ms
step:34/2110 train_time:3358ms step_avg:98.78ms
step:35/2110 train_time:3434ms step_avg:98.12ms
step:36/2110 train_time:3509ms step_avg:97.47ms
step:37/2110 train_time:3601ms step_avg:97.32ms
step:38/2110 train_time:3682ms step_avg:96.91ms
step:39/2110 train_time:3764ms step_avg:96.51ms
step:40/2110 train_time:3845ms step_avg:96.13ms
step:41/2110 train_time:3927ms step_avg:95.79ms
step:42/2110 train_time:4009ms step_avg:95.46ms
step:43/2110 train_time:4090ms step_avg:95.12ms
step:44/2110 train_time:4169ms step_avg:94.76ms
step:45/2110 train_time:4251ms step_avg:94.46ms
step:46/2110 train_time:4333ms step_avg:94.19ms
step:47/2110 train_time:4412ms step_avg:93.87ms
step:48/2110 train_time:4490ms step_avg:93.55ms
step:49/2110 train_time:4570ms step_avg:93.26ms
step:50/2110 train_time:4648ms step_avg:92.95ms
step:51/2110 train_time:4769ms step_avg:93.52ms
step:52/2110 train_time:4818ms step_avg:92.65ms
step:53/2110 train_time:4895ms step_avg:92.35ms
step:54/2110 train_time:4975ms step_avg:92.14ms
step:55/2110 train_time:5052ms step_avg:91.86ms
step:56/2110 train_time:5130ms step_avg:91.61ms
step:57/2110 train_time:5210ms step_avg:91.40ms
step:58/2110 train_time:5289ms step_avg:91.19ms
step:59/2110 train_time:5368ms step_avg:90.98ms
step:60/2110 train_time:5448ms step_avg:90.79ms
step:61/2110 train_time:5528ms step_avg:90.62ms
step:62/2110 train_time:5605ms step_avg:90.40ms
step:63/2110 train_time:5681ms step_avg:90.17ms
step:64/2110 train_time:5756ms step_avg:89.94ms
step:65/2110 train_time:5832ms step_avg:89.72ms
step:66/2110 train_time:5908ms step_avg:89.52ms
step:67/2110 train_time:5985ms step_avg:89.32ms
step:68/2110 train_time:6063ms step_avg:89.17ms
step:69/2110 train_time:6147ms step_avg:89.09ms
step:70/2110 train_time:6225ms step_avg:88.93ms
step:71/2110 train_time:6302ms step_avg:88.76ms
step:72/2110 train_time:6379ms step_avg:88.60ms
step:73/2110 train_time:6456ms step_avg:88.44ms
step:74/2110 train_time:6532ms step_avg:88.27ms
step:75/2110 train_time:6608ms step_avg:88.11ms
step:76/2110 train_time:6683ms step_avg:87.94ms
step:77/2110 train_time:6759ms step_avg:87.78ms
step:78/2110 train_time:6836ms step_avg:87.64ms
step:79/2110 train_time:6912ms step_avg:87.50ms
step:80/2110 train_time:6993ms step_avg:87.41ms
step:81/2110 train_time:7068ms step_avg:87.26ms
step:82/2110 train_time:7144ms step_avg:87.12ms
step:83/2110 train_time:7220ms step_avg:86.99ms
step:84/2110 train_time:7295ms step_avg:86.84ms
step:85/2110 train_time:7371ms step_avg:86.72ms
step:86/2110 train_time:7451ms step_avg:86.64ms
step:87/2110 train_time:7528ms step_avg:86.53ms
step:88/2110 train_time:7608ms step_avg:86.45ms
step:89/2110 train_time:7683ms step_avg:86.33ms
step:90/2110 train_time:7758ms step_avg:86.21ms
step:91/2110 train_time:7835ms step_avg:86.10ms
step:92/2110 train_time:7910ms step_avg:85.97ms
step:93/2110 train_time:7985ms step_avg:85.86ms
step:94/2110 train_time:8060ms step_avg:85.75ms
step:95/2110 train_time:8137ms step_avg:85.66ms
step:96/2110 train_time:8214ms step_avg:85.56ms
step:97/2110 train_time:8292ms step_avg:85.48ms
step:98/2110 train_time:8367ms step_avg:85.38ms
step:99/2110 train_time:8442ms step_avg:85.27ms
step:100/2110 train_time:8517ms step_avg:85.17ms
step:101/2110 train_time:8631ms step_avg:85.45ms
step:102/2110 train_time:8676ms step_avg:85.06ms
step:103/2110 train_time:8751ms step_avg:84.96ms
step:104/2110 train_time:8826ms step_avg:84.86ms
step:105/2110 train_time:8901ms step_avg:84.77ms
step:106/2110 train_time:8976ms step_avg:84.68ms
step:107/2110 train_time:9052ms step_avg:84.60ms
step:108/2110 train_time:9127ms step_avg:84.51ms
step:109/2110 train_time:9203ms step_avg:84.43ms
step:110/2110 train_time:9279ms step_avg:84.35ms
step:111/2110 train_time:9359ms step_avg:84.32ms
step:112/2110 train_time:9434ms step_avg:84.23ms
step:113/2110 train_time:9509ms step_avg:84.15ms
step:114/2110 train_time:9584ms step_avg:84.07ms
step:115/2110 train_time:9662ms step_avg:84.02ms
step:116/2110 train_time:9737ms step_avg:83.94ms
step:117/2110 train_time:9815ms step_avg:83.89ms
step:118/2110 train_time:9894ms step_avg:83.84ms
step:119/2110 train_time:9971ms step_avg:83.79ms
step:120/2110 train_time:10047ms step_avg:83.72ms
step:121/2110 train_time:10123ms step_avg:83.66ms
step:122/2110 train_time:10198ms step_avg:83.59ms
step:123/2110 train_time:10277ms step_avg:83.55ms
step:124/2110 train_time:10354ms step_avg:83.50ms
step:125/2110 train_time:10432ms step_avg:83.46ms
step:126/2110 train_time:10508ms step_avg:83.39ms
step:127/2110 train_time:10586ms step_avg:83.36ms
step:128/2110 train_time:10668ms step_avg:83.34ms
step:129/2110 train_time:10749ms step_avg:83.32ms
step:130/2110 train_time:10825ms step_avg:83.27ms
step:131/2110 train_time:10905ms step_avg:83.24ms
step:132/2110 train_time:10981ms step_avg:83.19ms
step:133/2110 train_time:11057ms step_avg:83.14ms
step:134/2110 train_time:11136ms step_avg:83.10ms
step:135/2110 train_time:11214ms step_avg:83.07ms
step:136/2110 train_time:11290ms step_avg:83.02ms
step:137/2110 train_time:11368ms step_avg:82.98ms
step:138/2110 train_time:11443ms step_avg:82.92ms
step:139/2110 train_time:11519ms step_avg:82.87ms
step:140/2110 train_time:11596ms step_avg:82.83ms
step:141/2110 train_time:11672ms step_avg:82.78ms
step:142/2110 train_time:11750ms step_avg:82.75ms
step:143/2110 train_time:11831ms step_avg:82.73ms
step:144/2110 train_time:11907ms step_avg:82.69ms
step:145/2110 train_time:11985ms step_avg:82.65ms
step:146/2110 train_time:12062ms step_avg:82.61ms
step:147/2110 train_time:12143ms step_avg:82.60ms
step:148/2110 train_time:12221ms step_avg:82.57ms
step:149/2110 train_time:12297ms step_avg:82.53ms
step:150/2110 train_time:12377ms step_avg:82.51ms
step:151/2110 train_time:12489ms step_avg:82.71ms
step:152/2110 train_time:12537ms step_avg:82.48ms
step:153/2110 train_time:12614ms step_avg:82.44ms
step:154/2110 train_time:12691ms step_avg:82.41ms
step:155/2110 train_time:12767ms step_avg:82.37ms
step:156/2110 train_time:12844ms step_avg:82.33ms
step:157/2110 train_time:12920ms step_avg:82.29ms
step:158/2110 train_time:13000ms step_avg:82.28ms
step:159/2110 train_time:13073ms step_avg:82.22ms
step:160/2110 train_time:13149ms step_avg:82.18ms
step:161/2110 train_time:13224ms step_avg:82.14ms
step:162/2110 train_time:13302ms step_avg:82.11ms
step:163/2110 train_time:13378ms step_avg:82.08ms
step:164/2110 train_time:13454ms step_avg:82.04ms
step:165/2110 train_time:13530ms step_avg:82.00ms
step:166/2110 train_time:13606ms step_avg:81.97ms
step:167/2110 train_time:13680ms step_avg:81.92ms
step:168/2110 train_time:13757ms step_avg:81.89ms
step:169/2110 train_time:13835ms step_avg:81.86ms
step:170/2110 train_time:13910ms step_avg:81.83ms
step:171/2110 train_time:13986ms step_avg:81.79ms
step:172/2110 train_time:14062ms step_avg:81.76ms
step:173/2110 train_time:14138ms step_avg:81.72ms
step:174/2110 train_time:14215ms step_avg:81.70ms
step:175/2110 train_time:14291ms step_avg:81.66ms
step:176/2110 train_time:14364ms step_avg:81.61ms
step:177/2110 train_time:14439ms step_avg:81.58ms
step:178/2110 train_time:14515ms step_avg:81.54ms
step:179/2110 train_time:14591ms step_avg:81.52ms
step:180/2110 train_time:14667ms step_avg:81.48ms
step:181/2110 train_time:14745ms step_avg:81.46ms
step:182/2110 train_time:14821ms step_avg:81.44ms
step:183/2110 train_time:14903ms step_avg:81.44ms
step:184/2110 train_time:14983ms step_avg:81.43ms
step:185/2110 train_time:15063ms step_avg:81.42ms
step:186/2110 train_time:15139ms step_avg:81.39ms
step:187/2110 train_time:15215ms step_avg:81.36ms
step:188/2110 train_time:15292ms step_avg:81.34ms
step:189/2110 train_time:15370ms step_avg:81.32ms
step:190/2110 train_time:15452ms step_avg:81.33ms
step:191/2110 train_time:15532ms step_avg:81.32ms
step:192/2110 train_time:15609ms step_avg:81.30ms
step:193/2110 train_time:15687ms step_avg:81.28ms
step:194/2110 train_time:15766ms step_avg:81.27ms
step:195/2110 train_time:15844ms step_avg:81.25ms
step:196/2110 train_time:15922ms step_avg:81.24ms
step:197/2110 train_time:16001ms step_avg:81.23ms
step:198/2110 train_time:16082ms step_avg:81.22ms
step:199/2110 train_time:16162ms step_avg:81.22ms
step:200/2110 train_time:16243ms step_avg:81.21ms
step:201/2110 train_time:16364ms step_avg:81.41ms
step:202/2110 train_time:16407ms step_avg:81.22ms
step:203/2110 train_time:16490ms step_avg:81.23ms
step:204/2110 train_time:16570ms step_avg:81.23ms
step:205/2110 train_time:16652ms step_avg:81.23ms
step:206/2110 train_time:16727ms step_avg:81.20ms
step:207/2110 train_time:16803ms step_avg:81.17ms
step:208/2110 train_time:16879ms step_avg:81.15ms
step:209/2110 train_time:16956ms step_avg:81.13ms
step:210/2110 train_time:17031ms step_avg:81.10ms
step:211/2110 train_time:17114ms step_avg:81.11ms
step:212/2110 train_time:17191ms step_avg:81.09ms
step:213/2110 train_time:17267ms step_avg:81.07ms
step:214/2110 train_time:17342ms step_avg:81.04ms
step:215/2110 train_time:17423ms step_avg:81.04ms
step:216/2110 train_time:17501ms step_avg:81.02ms
step:217/2110 train_time:17576ms step_avg:80.99ms
step:218/2110 train_time:17652ms step_avg:80.97ms
step:219/2110 train_time:17729ms step_avg:80.95ms
step:220/2110 train_time:17803ms step_avg:80.92ms
step:221/2110 train_time:17880ms step_avg:80.91ms
step:222/2110 train_time:17955ms step_avg:80.88ms
step:223/2110 train_time:18031ms step_avg:80.86ms
step:224/2110 train_time:18108ms step_avg:80.84ms
step:225/2110 train_time:18184ms step_avg:80.82ms
step:226/2110 train_time:18261ms step_avg:80.80ms
step:227/2110 train_time:18338ms step_avg:80.78ms
step:228/2110 train_time:18413ms step_avg:80.76ms
step:229/2110 train_time:18490ms step_avg:80.74ms
step:230/2110 train_time:18565ms step_avg:80.72ms
step:231/2110 train_time:18643ms step_avg:80.70ms
step:232/2110 train_time:18718ms step_avg:80.68ms
step:233/2110 train_time:18795ms step_avg:80.66ms
step:234/2110 train_time:18871ms step_avg:80.65ms
step:235/2110 train_time:18949ms step_avg:80.63ms
step:236/2110 train_time:19027ms step_avg:80.62ms
step:237/2110 train_time:19104ms step_avg:80.61ms
step:238/2110 train_time:19182ms step_avg:80.60ms
step:239/2110 train_time:19262ms step_avg:80.59ms
step:240/2110 train_time:19342ms step_avg:80.59ms
step:241/2110 train_time:19421ms step_avg:80.59ms
step:242/2110 train_time:19500ms step_avg:80.58ms
step:243/2110 train_time:19583ms step_avg:80.59ms
step:244/2110 train_time:19662ms step_avg:80.58ms
step:245/2110 train_time:19740ms step_avg:80.57ms
step:246/2110 train_time:19818ms step_avg:80.56ms
step:247/2110 train_time:19899ms step_avg:80.56ms
step:248/2110 train_time:19978ms step_avg:80.56ms
step:249/2110 train_time:20059ms step_avg:80.56ms
step:250/2110 train_time:20133ms step_avg:80.53ms
step:250/2110 val_loss:4.2705 train_time:20166ms step_avg:80.67ms
step:251/2110 train_time:20277ms step_avg:80.78ms
step:252/2110 train_time:20327ms step_avg:80.66ms
step:253/2110 train_time:20401ms step_avg:80.64ms
step:254/2110 train_time:20486ms step_avg:80.65ms
step:255/2110 train_time:20564ms step_avg:80.64ms
step:256/2110 train_time:20642ms step_avg:80.63ms
step:257/2110 train_time:20725ms step_avg:80.64ms
step:258/2110 train_time:20802ms step_avg:80.63ms
step:259/2110 train_time:20879ms step_avg:80.61ms
step:260/2110 train_time:20955ms step_avg:80.59ms
step:261/2110 train_time:21036ms step_avg:80.60ms
step:262/2110 train_time:21114ms step_avg:80.59ms
step:263/2110 train_time:21191ms step_avg:80.58ms
step:264/2110 train_time:21269ms step_avg:80.56ms
step:265/2110 train_time:21348ms step_avg:80.56ms
step:266/2110 train_time:21424ms step_avg:80.54ms
step:267/2110 train_time:21504ms step_avg:80.54ms
step:268/2110 train_time:21581ms step_avg:80.52ms
step:269/2110 train_time:21657ms step_avg:80.51ms
step:270/2110 train_time:21733ms step_avg:80.49ms
step:271/2110 train_time:21809ms step_avg:80.48ms
step:272/2110 train_time:21887ms step_avg:80.47ms
step:273/2110 train_time:21963ms step_avg:80.45ms
step:274/2110 train_time:22038ms step_avg:80.43ms
step:275/2110 train_time:22114ms step_avg:80.41ms
step:276/2110 train_time:22191ms step_avg:80.40ms
step:277/2110 train_time:22269ms step_avg:80.39ms
step:278/2110 train_time:22344ms step_avg:80.37ms
step:279/2110 train_time:22421ms step_avg:80.36ms
step:280/2110 train_time:22497ms step_avg:80.35ms
step:281/2110 train_time:22573ms step_avg:80.33ms
step:282/2110 train_time:22649ms step_avg:80.32ms
step:283/2110 train_time:22748ms step_avg:80.38ms
step:284/2110 train_time:22811ms step_avg:80.32ms
step:285/2110 train_time:22887ms step_avg:80.31ms
step:286/2110 train_time:22965ms step_avg:80.30ms
step:287/2110 train_time:23054ms step_avg:80.33ms
step:288/2110 train_time:23133ms step_avg:80.32ms
step:289/2110 train_time:23211ms step_avg:80.31ms
step:290/2110 train_time:23288ms step_avg:80.30ms
step:291/2110 train_time:23370ms step_avg:80.31ms
step:292/2110 train_time:23447ms step_avg:80.30ms
step:293/2110 train_time:23524ms step_avg:80.29ms
step:294/2110 train_time:23600ms step_avg:80.27ms
step:295/2110 train_time:23676ms step_avg:80.26ms
step:296/2110 train_time:23752ms step_avg:80.24ms
step:297/2110 train_time:23827ms step_avg:80.22ms
step:298/2110 train_time:23902ms step_avg:80.21ms
step:299/2110 train_time:23978ms step_avg:80.20ms
step:300/2110 train_time:24054ms step_avg:80.18ms
step:301/2110 train_time:24170ms step_avg:80.30ms
step:302/2110 train_time:24217ms step_avg:80.19ms
step:303/2110 train_time:24293ms step_avg:80.17ms
step:304/2110 train_time:24373ms step_avg:80.18ms
step:305/2110 train_time:24453ms step_avg:80.17ms
step:306/2110 train_time:24534ms step_avg:80.18ms
step:307/2110 train_time:24613ms step_avg:80.17ms
step:308/2110 train_time:24688ms step_avg:80.16ms
step:309/2110 train_time:24766ms step_avg:80.15ms
step:310/2110 train_time:24840ms step_avg:80.13ms
step:311/2110 train_time:24920ms step_avg:80.13ms
step:312/2110 train_time:25000ms step_avg:80.13ms
step:313/2110 train_time:25079ms step_avg:80.13ms
step:314/2110 train_time:25158ms step_avg:80.12ms
step:315/2110 train_time:25242ms step_avg:80.13ms
step:316/2110 train_time:25322ms step_avg:80.13ms
step:317/2110 train_time:25400ms step_avg:80.13ms
step:318/2110 train_time:25480ms step_avg:80.13ms
step:319/2110 train_time:25561ms step_avg:80.13ms
step:320/2110 train_time:25641ms step_avg:80.13ms
step:321/2110 train_time:25720ms step_avg:80.13ms
step:322/2110 train_time:25801ms step_avg:80.13ms
step:323/2110 train_time:25879ms step_avg:80.12ms
step:324/2110 train_time:25959ms step_avg:80.12ms
step:325/2110 train_time:26038ms step_avg:80.12ms
step:326/2110 train_time:26117ms step_avg:80.11ms
step:327/2110 train_time:26196ms step_avg:80.11ms
step:328/2110 train_time:26276ms step_avg:80.11ms
step:329/2110 train_time:26355ms step_avg:80.11ms
step:330/2110 train_time:26433ms step_avg:80.10ms
step:331/2110 train_time:26513ms step_avg:80.10ms
step:332/2110 train_time:26591ms step_avg:80.09ms
step:333/2110 train_time:26670ms step_avg:80.09ms
step:334/2110 train_time:26749ms step_avg:80.09ms
step:335/2110 train_time:26833ms step_avg:80.10ms
step:336/2110 train_time:26914ms step_avg:80.10ms
step:337/2110 train_time:27001ms step_avg:80.12ms
step:338/2110 train_time:27082ms step_avg:80.13ms
step:339/2110 train_time:27160ms step_avg:80.12ms
step:340/2110 train_time:27237ms step_avg:80.11ms
step:341/2110 train_time:27314ms step_avg:80.10ms
step:342/2110 train_time:27393ms step_avg:80.10ms
step:343/2110 train_time:27473ms step_avg:80.10ms
step:344/2110 train_time:27552ms step_avg:80.09ms
step:345/2110 train_time:27632ms step_avg:80.09ms
step:346/2110 train_time:27710ms step_avg:80.09ms
step:347/2110 train_time:27789ms step_avg:80.08ms
step:348/2110 train_time:27868ms step_avg:80.08ms
step:349/2110 train_time:27947ms step_avg:80.08ms
step:350/2110 train_time:28026ms step_avg:80.07ms
step:351/2110 train_time:28149ms step_avg:80.20ms
step:352/2110 train_time:28194ms step_avg:80.10ms
step:353/2110 train_time:28272ms step_avg:80.09ms
step:354/2110 train_time:28351ms step_avg:80.09ms
step:355/2110 train_time:28431ms step_avg:80.09ms
step:356/2110 train_time:28509ms step_avg:80.08ms
step:357/2110 train_time:28590ms step_avg:80.08ms
step:358/2110 train_time:28672ms step_avg:80.09ms
step:359/2110 train_time:28752ms step_avg:80.09ms
step:360/2110 train_time:28833ms step_avg:80.09ms
step:361/2110 train_time:28912ms step_avg:80.09ms
step:362/2110 train_time:28991ms step_avg:80.09ms
step:363/2110 train_time:29071ms step_avg:80.08ms
step:364/2110 train_time:29149ms step_avg:80.08ms
step:365/2110 train_time:29230ms step_avg:80.08ms
step:366/2110 train_time:29309ms step_avg:80.08ms
step:367/2110 train_time:29388ms step_avg:80.08ms
step:368/2110 train_time:29466ms step_avg:80.07ms
step:369/2110 train_time:29544ms step_avg:80.07ms
step:370/2110 train_time:29625ms step_avg:80.07ms
step:371/2110 train_time:29704ms step_avg:80.06ms
step:372/2110 train_time:29781ms step_avg:80.06ms
step:373/2110 train_time:29859ms step_avg:80.05ms
step:374/2110 train_time:29941ms step_avg:80.06ms
step:375/2110 train_time:30019ms step_avg:80.05ms
step:376/2110 train_time:30096ms step_avg:80.04ms
step:377/2110 train_time:30175ms step_avg:80.04ms
step:378/2110 train_time:30251ms step_avg:80.03ms
step:379/2110 train_time:30325ms step_avg:80.01ms
step:380/2110 train_time:30403ms step_avg:80.01ms
step:381/2110 train_time:30480ms step_avg:80.00ms
step:382/2110 train_time:30557ms step_avg:79.99ms
step:383/2110 train_time:30632ms step_avg:79.98ms
step:384/2110 train_time:30707ms step_avg:79.97ms
step:385/2110 train_time:30784ms step_avg:79.96ms
step:386/2110 train_time:30858ms step_avg:79.94ms
step:387/2110 train_time:30935ms step_avg:79.93ms
step:388/2110 train_time:31010ms step_avg:79.92ms
step:389/2110 train_time:31087ms step_avg:79.91ms
step:390/2110 train_time:31163ms step_avg:79.91ms
step:391/2110 train_time:31240ms step_avg:79.90ms
step:392/2110 train_time:31317ms step_avg:79.89ms
step:393/2110 train_time:31394ms step_avg:79.88ms
step:394/2110 train_time:31470ms step_avg:79.87ms
step:395/2110 train_time:31547ms step_avg:79.87ms
step:396/2110 train_time:31623ms step_avg:79.86ms
step:397/2110 train_time:31702ms step_avg:79.85ms
step:398/2110 train_time:31776ms step_avg:79.84ms
step:399/2110 train_time:31854ms step_avg:79.83ms
step:400/2110 train_time:31928ms step_avg:79.82ms
step:401/2110 train_time:32043ms step_avg:79.91ms
step:402/2110 train_time:32089ms step_avg:79.82ms
step:403/2110 train_time:32168ms step_avg:79.82ms
step:404/2110 train_time:32245ms step_avg:79.81ms
step:405/2110 train_time:32322ms step_avg:79.81ms
step:406/2110 train_time:32396ms step_avg:79.79ms
step:407/2110 train_time:32474ms step_avg:79.79ms
step:408/2110 train_time:32551ms step_avg:79.78ms
step:409/2110 train_time:32627ms step_avg:79.77ms
step:410/2110 train_time:32704ms step_avg:79.76ms
step:411/2110 train_time:32781ms step_avg:79.76ms
step:412/2110 train_time:32857ms step_avg:79.75ms
step:413/2110 train_time:32933ms step_avg:79.74ms
step:414/2110 train_time:33010ms step_avg:79.74ms
step:415/2110 train_time:33086ms step_avg:79.72ms
step:416/2110 train_time:33160ms step_avg:79.71ms
step:417/2110 train_time:33237ms step_avg:79.71ms
step:418/2110 train_time:33314ms step_avg:79.70ms
step:419/2110 train_time:33394ms step_avg:79.70ms
step:420/2110 train_time:33473ms step_avg:79.70ms
step:421/2110 train_time:33549ms step_avg:79.69ms
step:422/2110 train_time:33626ms step_avg:79.68ms
step:423/2110 train_time:33703ms step_avg:79.68ms
step:424/2110 train_time:33780ms step_avg:79.67ms
step:425/2110 train_time:33857ms step_avg:79.66ms
step:426/2110 train_time:33933ms step_avg:79.66ms
step:427/2110 train_time:34010ms step_avg:79.65ms
step:428/2110 train_time:34085ms step_avg:79.64ms
step:429/2110 train_time:34167ms step_avg:79.64ms
step:430/2110 train_time:34241ms step_avg:79.63ms
step:431/2110 train_time:34318ms step_avg:79.62ms
step:432/2110 train_time:34393ms step_avg:79.61ms
step:433/2110 train_time:34470ms step_avg:79.61ms
step:434/2110 train_time:34545ms step_avg:79.60ms
step:435/2110 train_time:34624ms step_avg:79.60ms
step:436/2110 train_time:34702ms step_avg:79.59ms
step:437/2110 train_time:34777ms step_avg:79.58ms
step:438/2110 train_time:34853ms step_avg:79.57ms
step:439/2110 train_time:34931ms step_avg:79.57ms
step:440/2110 train_time:35008ms step_avg:79.56ms
step:441/2110 train_time:35083ms step_avg:79.55ms
step:442/2110 train_time:35159ms step_avg:79.55ms
step:443/2110 train_time:35233ms step_avg:79.53ms
step:444/2110 train_time:35310ms step_avg:79.53ms
step:445/2110 train_time:35389ms step_avg:79.53ms
step:446/2110 train_time:35467ms step_avg:79.52ms
step:447/2110 train_time:35543ms step_avg:79.51ms
step:448/2110 train_time:35618ms step_avg:79.51ms
step:449/2110 train_time:35696ms step_avg:79.50ms
step:450/2110 train_time:35772ms step_avg:79.49ms
step:451/2110 train_time:35889ms step_avg:79.58ms
step:452/2110 train_time:35935ms step_avg:79.50ms
step:453/2110 train_time:36010ms step_avg:79.49ms
step:454/2110 train_time:36087ms step_avg:79.49ms
step:455/2110 train_time:36163ms step_avg:79.48ms
step:456/2110 train_time:36238ms step_avg:79.47ms
step:457/2110 train_time:36315ms step_avg:79.46ms
step:458/2110 train_time:36392ms step_avg:79.46ms
step:459/2110 train_time:36468ms step_avg:79.45ms
step:460/2110 train_time:36545ms step_avg:79.44ms
step:461/2110 train_time:36621ms step_avg:79.44ms
step:462/2110 train_time:36698ms step_avg:79.43ms
step:463/2110 train_time:36774ms step_avg:79.43ms
step:464/2110 train_time:36850ms step_avg:79.42ms
step:465/2110 train_time:36926ms step_avg:79.41ms
step:466/2110 train_time:37002ms step_avg:79.40ms
step:467/2110 train_time:37080ms step_avg:79.40ms
step:468/2110 train_time:37156ms step_avg:79.39ms
step:469/2110 train_time:37232ms step_avg:79.39ms
step:470/2110 train_time:37312ms step_avg:79.39ms
step:471/2110 train_time:37384ms step_avg:79.37ms
step:472/2110 train_time:37460ms step_avg:79.36ms
step:473/2110 train_time:37538ms step_avg:79.36ms
step:474/2110 train_time:37614ms step_avg:79.35ms
step:475/2110 train_time:37690ms step_avg:79.35ms
step:476/2110 train_time:37765ms step_avg:79.34ms
step:477/2110 train_time:37843ms step_avg:79.33ms
step:478/2110 train_time:37919ms step_avg:79.33ms
step:479/2110 train_time:37995ms step_avg:79.32ms
step:480/2110 train_time:38071ms step_avg:79.32ms
step:481/2110 train_time:38147ms step_avg:79.31ms
step:482/2110 train_time:38224ms step_avg:79.30ms
step:483/2110 train_time:38299ms step_avg:79.29ms
step:484/2110 train_time:38375ms step_avg:79.29ms
step:485/2110 train_time:38450ms step_avg:79.28ms
step:486/2110 train_time:38526ms step_avg:79.27ms
step:487/2110 train_time:38601ms step_avg:79.26ms
step:488/2110 train_time:38677ms step_avg:79.26ms
step:489/2110 train_time:38753ms step_avg:79.25ms
step:490/2110 train_time:38830ms step_avg:79.24ms
step:491/2110 train_time:38905ms step_avg:79.24ms
step:492/2110 train_time:38982ms step_avg:79.23ms
step:493/2110 train_time:39057ms step_avg:79.22ms
step:494/2110 train_time:39133ms step_avg:79.22ms
step:495/2110 train_time:39209ms step_avg:79.21ms
step:496/2110 train_time:39284ms step_avg:79.20ms
step:497/2110 train_time:39359ms step_avg:79.19ms
step:498/2110 train_time:39434ms step_avg:79.18ms
step:499/2110 train_time:39508ms step_avg:79.17ms
step:500/2110 train_time:39584ms step_avg:79.17ms
step:500/2110 val_loss:4.0022 train_time:39620ms step_avg:79.24ms
step:501/2110 train_time:39735ms step_avg:79.31ms
step:502/2110 train_time:39784ms step_avg:79.25ms
step:503/2110 train_time:39862ms step_avg:79.25ms
step:504/2110 train_time:39942ms step_avg:79.25ms
step:505/2110 train_time:40023ms step_avg:79.25ms
step:506/2110 train_time:40100ms step_avg:79.25ms
step:507/2110 train_time:40182ms step_avg:79.25ms
step:508/2110 train_time:40260ms step_avg:79.25ms
step:509/2110 train_time:40342ms step_avg:79.26ms
step:510/2110 train_time:40421ms step_avg:79.26ms
step:511/2110 train_time:40503ms step_avg:79.26ms
step:512/2110 train_time:40579ms step_avg:79.26ms
step:513/2110 train_time:40655ms step_avg:79.25ms
step:514/2110 train_time:40732ms step_avg:79.24ms
step:515/2110 train_time:40808ms step_avg:79.24ms
step:516/2110 train_time:40885ms step_avg:79.23ms
step:517/2110 train_time:40960ms step_avg:79.23ms
step:518/2110 train_time:41035ms step_avg:79.22ms
step:519/2110 train_time:41112ms step_avg:79.21ms
step:520/2110 train_time:41187ms step_avg:79.21ms
step:521/2110 train_time:41267ms step_avg:79.21ms
step:522/2110 train_time:41348ms step_avg:79.21ms
step:523/2110 train_time:41422ms step_avg:79.20ms
step:524/2110 train_time:41499ms step_avg:79.20ms
step:525/2110 train_time:41574ms step_avg:79.19ms
step:526/2110 train_time:41648ms step_avg:79.18ms
step:527/2110 train_time:41725ms step_avg:79.17ms
step:528/2110 train_time:41806ms step_avg:79.18ms
step:529/2110 train_time:41882ms step_avg:79.17ms
step:530/2110 train_time:41959ms step_avg:79.17ms
step:531/2110 train_time:42038ms step_avg:79.17ms
step:532/2110 train_time:42117ms step_avg:79.17ms
step:533/2110 train_time:42202ms step_avg:79.18ms
step:534/2110 train_time:42281ms step_avg:79.18ms
step:535/2110 train_time:42360ms step_avg:79.18ms
step:536/2110 train_time:42437ms step_avg:79.17ms
step:537/2110 train_time:42517ms step_avg:79.17ms
step:538/2110 train_time:42595ms step_avg:79.17ms
step:539/2110 train_time:42672ms step_avg:79.17ms
step:540/2110 train_time:42749ms step_avg:79.17ms
step:541/2110 train_time:42827ms step_avg:79.16ms
step:542/2110 train_time:42906ms step_avg:79.16ms
step:543/2110 train_time:42984ms step_avg:79.16ms
step:544/2110 train_time:43063ms step_avg:79.16ms
step:545/2110 train_time:43139ms step_avg:79.15ms
step:546/2110 train_time:43222ms step_avg:79.16ms
step:547/2110 train_time:43301ms step_avg:79.16ms
step:548/2110 train_time:43377ms step_avg:79.15ms
step:549/2110 train_time:43455ms step_avg:79.15ms
step:550/2110 train_time:43533ms step_avg:79.15ms
step:551/2110 train_time:43652ms step_avg:79.22ms
step:552/2110 train_time:43701ms step_avg:79.17ms
step:553/2110 train_time:43776ms step_avg:79.16ms
step:554/2110 train_time:43854ms step_avg:79.16ms
step:555/2110 train_time:43935ms step_avg:79.16ms
step:556/2110 train_time:44012ms step_avg:79.16ms
step:557/2110 train_time:44090ms step_avg:79.16ms
step:558/2110 train_time:44168ms step_avg:79.15ms
step:559/2110 train_time:44244ms step_avg:79.15ms
step:560/2110 train_time:44319ms step_avg:79.14ms
step:561/2110 train_time:44398ms step_avg:79.14ms
step:562/2110 train_time:44474ms step_avg:79.14ms
step:563/2110 train_time:44549ms step_avg:79.13ms
step:564/2110 train_time:44629ms step_avg:79.13ms
step:565/2110 train_time:44704ms step_avg:79.12ms
step:566/2110 train_time:44779ms step_avg:79.12ms
step:567/2110 train_time:44854ms step_avg:79.11ms
step:568/2110 train_time:44931ms step_avg:79.10ms
step:569/2110 train_time:45007ms step_avg:79.10ms
step:570/2110 train_time:45083ms step_avg:79.09ms
step:571/2110 train_time:45160ms step_avg:79.09ms
step:572/2110 train_time:45238ms step_avg:79.09ms
step:573/2110 train_time:45315ms step_avg:79.08ms
step:574/2110 train_time:45412ms step_avg:79.11ms
step:575/2110 train_time:45470ms step_avg:79.08ms
step:576/2110 train_time:45549ms step_avg:79.08ms
step:577/2110 train_time:45627ms step_avg:79.08ms
step:578/2110 train_time:45703ms step_avg:79.07ms
step:579/2110 train_time:45781ms step_avg:79.07ms
step:580/2110 train_time:45857ms step_avg:79.06ms
step:581/2110 train_time:45935ms step_avg:79.06ms
step:582/2110 train_time:46012ms step_avg:79.06ms
step:583/2110 train_time:46092ms step_avg:79.06ms
step:584/2110 train_time:46168ms step_avg:79.05ms
step:585/2110 train_time:46245ms step_avg:79.05ms
step:586/2110 train_time:46322ms step_avg:79.05ms
step:587/2110 train_time:46399ms step_avg:79.04ms
step:588/2110 train_time:46474ms step_avg:79.04ms
step:589/2110 train_time:46551ms step_avg:79.03ms
step:590/2110 train_time:46629ms step_avg:79.03ms
step:591/2110 train_time:46707ms step_avg:79.03ms
step:592/2110 train_time:46782ms step_avg:79.02ms
step:593/2110 train_time:46859ms step_avg:79.02ms
step:594/2110 train_time:46939ms step_avg:79.02ms
step:595/2110 train_time:47016ms step_avg:79.02ms
step:596/2110 train_time:47095ms step_avg:79.02ms
step:597/2110 train_time:47171ms step_avg:79.01ms
step:598/2110 train_time:47250ms step_avg:79.01ms
step:599/2110 train_time:47330ms step_avg:79.02ms
step:600/2110 train_time:47409ms step_avg:79.01ms
step:601/2110 train_time:47523ms step_avg:79.07ms
step:602/2110 train_time:47570ms step_avg:79.02ms
step:603/2110 train_time:47644ms step_avg:79.01ms
step:604/2110 train_time:47721ms step_avg:79.01ms
step:605/2110 train_time:47801ms step_avg:79.01ms
step:606/2110 train_time:47881ms step_avg:79.01ms
step:607/2110 train_time:47954ms step_avg:79.00ms
step:608/2110 train_time:48035ms step_avg:79.01ms
step:609/2110 train_time:48113ms step_avg:79.00ms
step:610/2110 train_time:48189ms step_avg:79.00ms
step:611/2110 train_time:48265ms step_avg:78.99ms
step:612/2110 train_time:48344ms step_avg:78.99ms
step:613/2110 train_time:48421ms step_avg:78.99ms
step:614/2110 train_time:48498ms step_avg:78.99ms
step:615/2110 train_time:48578ms step_avg:78.99ms
step:616/2110 train_time:48654ms step_avg:78.98ms
step:617/2110 train_time:48729ms step_avg:78.98ms
step:618/2110 train_time:48806ms step_avg:78.97ms
step:619/2110 train_time:48885ms step_avg:78.97ms
step:620/2110 train_time:48958ms step_avg:78.97ms
step:621/2110 train_time:49034ms step_avg:78.96ms
step:622/2110 train_time:49110ms step_avg:78.95ms
step:623/2110 train_time:49186ms step_avg:78.95ms
step:624/2110 train_time:49261ms step_avg:78.94ms
step:625/2110 train_time:49339ms step_avg:78.94ms
step:626/2110 train_time:49417ms step_avg:78.94ms
step:627/2110 train_time:49495ms step_avg:78.94ms
step:628/2110 train_time:49572ms step_avg:78.94ms
step:629/2110 train_time:49649ms step_avg:78.93ms
step:630/2110 train_time:49727ms step_avg:78.93ms
step:631/2110 train_time:49805ms step_avg:78.93ms
step:632/2110 train_time:49882ms step_avg:78.93ms
step:633/2110 train_time:49962ms step_avg:78.93ms
step:634/2110 train_time:50042ms step_avg:78.93ms
step:635/2110 train_time:50120ms step_avg:78.93ms
step:636/2110 train_time:50198ms step_avg:78.93ms
step:637/2110 train_time:50277ms step_avg:78.93ms
step:638/2110 train_time:50357ms step_avg:78.93ms
step:639/2110 train_time:50435ms step_avg:78.93ms
step:640/2110 train_time:50513ms step_avg:78.93ms
step:641/2110 train_time:50593ms step_avg:78.93ms
step:642/2110 train_time:50671ms step_avg:78.93ms
step:643/2110 train_time:50749ms step_avg:78.93ms
step:644/2110 train_time:50828ms step_avg:78.93ms
step:645/2110 train_time:50907ms step_avg:78.93ms
step:646/2110 train_time:50985ms step_avg:78.92ms
step:647/2110 train_time:51064ms step_avg:78.92ms
step:648/2110 train_time:51143ms step_avg:78.93ms
step:649/2110 train_time:51225ms step_avg:78.93ms
step:650/2110 train_time:51302ms step_avg:78.93ms
step:651/2110 train_time:51420ms step_avg:78.99ms
step:652/2110 train_time:51469ms step_avg:78.94ms
step:653/2110 train_time:51545ms step_avg:78.94ms
step:654/2110 train_time:51623ms step_avg:78.93ms
step:655/2110 train_time:51701ms step_avg:78.93ms
step:656/2110 train_time:51779ms step_avg:78.93ms
step:657/2110 train_time:51856ms step_avg:78.93ms
step:658/2110 train_time:51933ms step_avg:78.93ms
step:659/2110 train_time:52010ms step_avg:78.92ms
step:660/2110 train_time:52088ms step_avg:78.92ms
step:661/2110 train_time:52166ms step_avg:78.92ms
step:662/2110 train_time:52244ms step_avg:78.92ms
step:663/2110 train_time:52322ms step_avg:78.92ms
step:664/2110 train_time:52400ms step_avg:78.92ms
step:665/2110 train_time:52482ms step_avg:78.92ms
step:666/2110 train_time:52560ms step_avg:78.92ms
step:667/2110 train_time:52639ms step_avg:78.92ms
step:668/2110 train_time:52715ms step_avg:78.91ms
step:669/2110 train_time:52795ms step_avg:78.92ms
step:670/2110 train_time:52874ms step_avg:78.92ms
step:671/2110 train_time:52952ms step_avg:78.92ms
step:672/2110 train_time:53031ms step_avg:78.91ms
step:673/2110 train_time:53109ms step_avg:78.91ms
step:674/2110 train_time:53186ms step_avg:78.91ms
step:675/2110 train_time:53264ms step_avg:78.91ms
step:676/2110 train_time:53341ms step_avg:78.91ms
step:677/2110 train_time:53420ms step_avg:78.91ms
step:678/2110 train_time:53496ms step_avg:78.90ms
step:679/2110 train_time:53579ms step_avg:78.91ms
step:680/2110 train_time:53658ms step_avg:78.91ms
step:681/2110 train_time:53734ms step_avg:78.90ms
step:682/2110 train_time:53813ms step_avg:78.90ms
step:683/2110 train_time:53890ms step_avg:78.90ms
step:684/2110 train_time:53966ms step_avg:78.90ms
step:685/2110 train_time:54047ms step_avg:78.90ms
step:686/2110 train_time:54126ms step_avg:78.90ms
step:687/2110 train_time:54203ms step_avg:78.90ms
step:688/2110 train_time:54280ms step_avg:78.90ms
step:689/2110 train_time:54359ms step_avg:78.89ms
step:690/2110 train_time:54435ms step_avg:78.89ms
step:691/2110 train_time:54578ms step_avg:78.98ms
step:692/2110 train_time:54692ms step_avg:79.03ms
step:693/2110 train_time:54804ms step_avg:79.08ms
step:694/2110 train_time:54932ms step_avg:79.15ms
step:695/2110 train_time:55061ms step_avg:79.22ms
step:696/2110 train_time:55189ms step_avg:79.29ms
step:697/2110 train_time:55315ms step_avg:79.36ms
step:698/2110 train_time:55444ms step_avg:79.43ms
step:699/2110 train_time:55572ms step_avg:79.50ms
step:700/2110 train_time:55709ms step_avg:79.58ms
step:701/2110 train_time:55917ms step_avg:79.77ms
step:702/2110 train_time:55966ms step_avg:79.72ms
step:703/2110 train_time:56093ms step_avg:79.79ms
step:704/2110 train_time:56225ms step_avg:79.87ms
step:705/2110 train_time:56349ms step_avg:79.93ms
step:706/2110 train_time:56479ms step_avg:80.00ms
step:707/2110 train_time:56606ms step_avg:80.07ms
step:708/2110 train_time:56734ms step_avg:80.13ms
step:709/2110 train_time:56864ms step_avg:80.20ms
step:710/2110 train_time:56992ms step_avg:80.27ms
step:711/2110 train_time:57121ms step_avg:80.34ms
step:712/2110 train_time:57249ms step_avg:80.41ms
step:713/2110 train_time:57377ms step_avg:80.47ms
step:714/2110 train_time:57505ms step_avg:80.54ms
step:715/2110 train_time:57633ms step_avg:80.61ms
step:716/2110 train_time:57761ms step_avg:80.67ms
step:717/2110 train_time:57889ms step_avg:80.74ms
step:718/2110 train_time:58017ms step_avg:80.80ms
step:719/2110 train_time:58144ms step_avg:80.87ms
step:720/2110 train_time:58272ms step_avg:80.93ms
step:721/2110 train_time:58401ms step_avg:81.00ms
step:722/2110 train_time:58530ms step_avg:81.07ms
step:723/2110 train_time:58657ms step_avg:81.13ms
step:724/2110 train_time:58785ms step_avg:81.19ms
step:725/2110 train_time:58911ms step_avg:81.26ms
step:726/2110 train_time:59040ms step_avg:81.32ms
step:727/2110 train_time:59168ms step_avg:81.39ms
step:728/2110 train_time:59297ms step_avg:81.45ms
step:729/2110 train_time:59424ms step_avg:81.51ms
step:730/2110 train_time:59555ms step_avg:81.58ms
step:731/2110 train_time:59684ms step_avg:81.65ms
step:732/2110 train_time:59813ms step_avg:81.71ms
step:733/2110 train_time:59941ms step_avg:81.78ms
step:734/2110 train_time:60068ms step_avg:81.84ms
step:735/2110 train_time:60197ms step_avg:81.90ms
step:736/2110 train_time:60324ms step_avg:81.96ms
step:737/2110 train_time:60459ms step_avg:82.03ms
step:738/2110 train_time:60586ms step_avg:82.10ms
step:739/2110 train_time:60715ms step_avg:82.16ms
step:740/2110 train_time:60849ms step_avg:82.23ms
step:741/2110 train_time:60978ms step_avg:82.29ms
step:742/2110 train_time:61105ms step_avg:82.35ms
step:743/2110 train_time:61239ms step_avg:82.42ms
step:744/2110 train_time:61372ms step_avg:82.49ms
step:745/2110 train_time:61499ms step_avg:82.55ms
step:746/2110 train_time:61628ms step_avg:82.61ms
step:747/2110 train_time:61757ms step_avg:82.67ms
step:748/2110 train_time:61885ms step_avg:82.73ms
step:749/2110 train_time:62014ms step_avg:82.80ms
step:750/2110 train_time:62142ms step_avg:82.86ms
step:750/2110 val_loss:3.8428 train_time:62226ms step_avg:82.97ms
step:751/2110 train_time:62400ms step_avg:83.09ms
step:752/2110 train_time:62447ms step_avg:83.04ms
step:753/2110 train_time:62572ms step_avg:83.10ms
step:754/2110 train_time:62701ms step_avg:83.16ms
step:755/2110 train_time:62830ms step_avg:83.22ms
step:756/2110 train_time:62960ms step_avg:83.28ms
step:757/2110 train_time:63089ms step_avg:83.34ms
step:758/2110 train_time:63215ms step_avg:83.40ms
step:759/2110 train_time:63344ms step_avg:83.46ms
step:760/2110 train_time:63472ms step_avg:83.52ms
step:761/2110 train_time:63603ms step_avg:83.58ms
step:762/2110 train_time:63731ms step_avg:83.64ms
step:763/2110 train_time:63860ms step_avg:83.70ms
step:764/2110 train_time:63988ms step_avg:83.75ms
step:765/2110 train_time:64116ms step_avg:83.81ms
step:766/2110 train_time:64246ms step_avg:83.87ms
step:767/2110 train_time:64373ms step_avg:83.93ms
step:768/2110 train_time:64500ms step_avg:83.98ms
step:769/2110 train_time:64628ms step_avg:84.04ms
step:770/2110 train_time:64756ms step_avg:84.10ms
step:771/2110 train_time:64889ms step_avg:84.16ms
step:772/2110 train_time:65016ms step_avg:84.22ms
step:773/2110 train_time:65145ms step_avg:84.28ms
step:774/2110 train_time:65273ms step_avg:84.33ms
step:775/2110 train_time:65401ms step_avg:84.39ms
step:776/2110 train_time:65529ms step_avg:84.45ms
step:777/2110 train_time:65658ms step_avg:84.50ms
step:778/2110 train_time:65785ms step_avg:84.56ms
step:779/2110 train_time:65913ms step_avg:84.61ms
step:780/2110 train_time:66044ms step_avg:84.67ms
step:781/2110 train_time:66172ms step_avg:84.73ms
step:782/2110 train_time:66300ms step_avg:84.78ms
step:783/2110 train_time:66426ms step_avg:84.84ms
step:784/2110 train_time:66557ms step_avg:84.89ms
step:785/2110 train_time:66685ms step_avg:84.95ms
step:786/2110 train_time:66813ms step_avg:85.00ms
step:787/2110 train_time:66942ms step_avg:85.06ms
step:788/2110 train_time:67069ms step_avg:85.11ms
step:789/2110 train_time:67197ms step_avg:85.17ms
step:790/2110 train_time:67327ms step_avg:85.22ms
step:791/2110 train_time:67454ms step_avg:85.28ms
step:792/2110 train_time:67582ms step_avg:85.33ms
step:793/2110 train_time:67711ms step_avg:85.39ms
step:794/2110 train_time:67838ms step_avg:85.44ms
step:795/2110 train_time:67968ms step_avg:85.49ms
step:796/2110 train_time:68094ms step_avg:85.55ms
step:797/2110 train_time:68227ms step_avg:85.60ms
step:798/2110 train_time:68355ms step_avg:85.66ms
step:799/2110 train_time:68480ms step_avg:85.71ms
step:800/2110 train_time:68607ms step_avg:85.76ms
step:801/2110 train_time:68828ms step_avg:85.93ms
step:802/2110 train_time:68873ms step_avg:85.88ms
step:803/2110 train_time:69001ms step_avg:85.93ms
step:804/2110 train_time:69132ms step_avg:85.98ms
step:805/2110 train_time:69258ms step_avg:86.04ms
step:806/2110 train_time:69386ms step_avg:86.09ms
step:807/2110 train_time:69513ms step_avg:86.14ms
step:808/2110 train_time:69646ms step_avg:86.20ms
step:809/2110 train_time:69774ms step_avg:86.25ms
step:810/2110 train_time:69901ms step_avg:86.30ms
step:811/2110 train_time:70029ms step_avg:86.35ms
step:812/2110 train_time:70162ms step_avg:86.41ms
step:813/2110 train_time:70291ms step_avg:86.46ms
step:814/2110 train_time:70442ms step_avg:86.54ms
step:815/2110 train_time:70554ms step_avg:86.57ms
step:816/2110 train_time:70682ms step_avg:86.62ms
step:817/2110 train_time:70810ms step_avg:86.67ms
step:818/2110 train_time:70937ms step_avg:86.72ms
step:819/2110 train_time:71068ms step_avg:86.77ms
step:820/2110 train_time:71196ms step_avg:86.82ms
step:821/2110 train_time:71329ms step_avg:86.88ms
step:822/2110 train_time:71454ms step_avg:86.93ms
step:823/2110 train_time:71579ms step_avg:86.97ms
step:824/2110 train_time:71707ms step_avg:87.02ms
step:825/2110 train_time:71837ms step_avg:87.08ms
step:826/2110 train_time:71967ms step_avg:87.13ms
step:827/2110 train_time:72096ms step_avg:87.18ms
step:828/2110 train_time:72227ms step_avg:87.23ms
step:829/2110 train_time:72355ms step_avg:87.28ms
step:830/2110 train_time:72485ms step_avg:87.33ms
step:831/2110 train_time:72612ms step_avg:87.38ms
step:832/2110 train_time:72740ms step_avg:87.43ms
step:833/2110 train_time:72871ms step_avg:87.48ms
step:834/2110 train_time:73000ms step_avg:87.53ms
step:835/2110 train_time:73129ms step_avg:87.58ms
step:836/2110 train_time:73257ms step_avg:87.63ms
step:837/2110 train_time:73390ms step_avg:87.68ms
step:838/2110 train_time:73518ms step_avg:87.73ms
step:839/2110 train_time:73646ms step_avg:87.78ms
step:840/2110 train_time:73773ms step_avg:87.83ms
step:841/2110 train_time:73902ms step_avg:87.87ms
step:842/2110 train_time:74030ms step_avg:87.92ms
step:843/2110 train_time:74158ms step_avg:87.97ms
step:844/2110 train_time:74288ms step_avg:88.02ms
step:845/2110 train_time:74416ms step_avg:88.07ms
step:846/2110 train_time:74543ms step_avg:88.11ms
step:847/2110 train_time:74671ms step_avg:88.16ms
step:848/2110 train_time:74799ms step_avg:88.21ms
step:849/2110 train_time:74927ms step_avg:88.25ms
step:850/2110 train_time:75056ms step_avg:88.30ms
step:851/2110 train_time:75273ms step_avg:88.45ms
step:852/2110 train_time:75320ms step_avg:88.40ms
step:853/2110 train_time:75448ms step_avg:88.45ms
step:854/2110 train_time:75575ms step_avg:88.50ms
step:855/2110 train_time:75703ms step_avg:88.54ms
step:856/2110 train_time:75831ms step_avg:88.59ms
step:857/2110 train_time:75959ms step_avg:88.63ms
step:858/2110 train_time:76087ms step_avg:88.68ms
step:859/2110 train_time:76217ms step_avg:88.73ms
step:860/2110 train_time:76343ms step_avg:88.77ms
step:861/2110 train_time:76471ms step_avg:88.82ms
step:862/2110 train_time:76599ms step_avg:88.86ms
step:863/2110 train_time:76727ms step_avg:88.91ms
step:864/2110 train_time:76855ms step_avg:88.95ms
step:865/2110 train_time:76983ms step_avg:89.00ms
step:866/2110 train_time:77115ms step_avg:89.05ms
step:867/2110 train_time:77240ms step_avg:89.09ms
step:868/2110 train_time:77368ms step_avg:89.13ms
step:869/2110 train_time:77495ms step_avg:89.18ms
step:870/2110 train_time:77622ms step_avg:89.22ms
step:871/2110 train_time:77755ms step_avg:89.27ms
step:872/2110 train_time:77884ms step_avg:89.32ms
step:873/2110 train_time:78012ms step_avg:89.36ms
step:874/2110 train_time:78142ms step_avg:89.41ms
step:875/2110 train_time:78271ms step_avg:89.45ms
step:876/2110 train_time:78399ms step_avg:89.50ms
step:877/2110 train_time:78528ms step_avg:89.54ms
step:878/2110 train_time:78655ms step_avg:89.58ms
step:879/2110 train_time:78782ms step_avg:89.63ms
step:880/2110 train_time:78909ms step_avg:89.67ms
step:881/2110 train_time:79038ms step_avg:89.71ms
step:882/2110 train_time:79169ms step_avg:89.76ms
step:883/2110 train_time:79298ms step_avg:89.80ms
step:884/2110 train_time:79425ms step_avg:89.85ms
step:885/2110 train_time:79552ms step_avg:89.89ms
step:886/2110 train_time:79681ms step_avg:89.93ms
step:887/2110 train_time:79808ms step_avg:89.98ms
step:888/2110 train_time:79936ms step_avg:90.02ms
step:889/2110 train_time:80065ms step_avg:90.06ms
step:890/2110 train_time:80192ms step_avg:90.10ms
step:891/2110 train_time:80319ms step_avg:90.15ms
step:892/2110 train_time:80448ms step_avg:90.19ms
step:893/2110 train_time:80576ms step_avg:90.23ms
step:894/2110 train_time:80704ms step_avg:90.27ms
step:895/2110 train_time:80832ms step_avg:90.32ms
step:896/2110 train_time:80960ms step_avg:90.36ms
step:897/2110 train_time:81089ms step_avg:90.40ms
step:898/2110 train_time:81216ms step_avg:90.44ms
step:899/2110 train_time:81345ms step_avg:90.48ms
step:900/2110 train_time:81475ms step_avg:90.53ms
step:901/2110 train_time:81693ms step_avg:90.67ms
step:902/2110 train_time:81744ms step_avg:90.62ms
step:903/2110 train_time:81870ms step_avg:90.66ms
step:904/2110 train_time:82001ms step_avg:90.71ms
step:905/2110 train_time:82127ms step_avg:90.75ms
step:906/2110 train_time:82256ms step_avg:90.79ms
step:907/2110 train_time:82382ms step_avg:90.83ms
step:908/2110 train_time:82509ms step_avg:90.87ms
step:909/2110 train_time:82637ms step_avg:90.91ms
step:910/2110 train_time:82765ms step_avg:90.95ms
step:911/2110 train_time:82894ms step_avg:90.99ms
step:912/2110 train_time:83023ms step_avg:91.03ms
step:913/2110 train_time:83154ms step_avg:91.08ms
step:914/2110 train_time:83280ms step_avg:91.12ms
step:915/2110 train_time:83408ms step_avg:91.16ms
step:916/2110 train_time:83537ms step_avg:91.20ms
step:917/2110 train_time:83665ms step_avg:91.24ms
step:918/2110 train_time:83795ms step_avg:91.28ms
step:919/2110 train_time:83921ms step_avg:91.32ms
step:920/2110 train_time:84050ms step_avg:91.36ms
step:921/2110 train_time:84178ms step_avg:91.40ms
step:922/2110 train_time:84306ms step_avg:91.44ms
step:923/2110 train_time:84433ms step_avg:91.48ms
step:924/2110 train_time:84559ms step_avg:91.51ms
step:925/2110 train_time:84689ms step_avg:91.56ms
step:926/2110 train_time:84817ms step_avg:91.59ms
step:927/2110 train_time:84946ms step_avg:91.63ms
step:928/2110 train_time:85075ms step_avg:91.68ms
step:929/2110 train_time:85203ms step_avg:91.71ms
step:930/2110 train_time:85329ms step_avg:91.75ms
step:931/2110 train_time:85461ms step_avg:91.79ms
step:932/2110 train_time:85590ms step_avg:91.83ms
step:933/2110 train_time:85718ms step_avg:91.87ms
step:934/2110 train_time:85846ms step_avg:91.91ms
step:935/2110 train_time:85974ms step_avg:91.95ms
step:936/2110 train_time:86105ms step_avg:91.99ms
step:937/2110 train_time:86237ms step_avg:92.03ms
step:938/2110 train_time:86361ms step_avg:92.07ms
step:939/2110 train_time:86490ms step_avg:92.11ms
step:940/2110 train_time:86618ms step_avg:92.15ms
step:941/2110 train_time:86746ms step_avg:92.18ms
step:942/2110 train_time:86873ms step_avg:92.22ms
step:943/2110 train_time:87006ms step_avg:92.27ms
step:944/2110 train_time:87135ms step_avg:92.30ms
step:945/2110 train_time:87271ms step_avg:92.35ms
step:946/2110 train_time:87392ms step_avg:92.38ms
step:947/2110 train_time:87520ms step_avg:92.42ms
step:948/2110 train_time:87648ms step_avg:92.46ms
step:949/2110 train_time:87776ms step_avg:92.49ms
step:950/2110 train_time:87904ms step_avg:92.53ms
step:951/2110 train_time:88124ms step_avg:92.66ms
step:952/2110 train_time:88172ms step_avg:92.62ms
step:953/2110 train_time:88300ms step_avg:92.66ms
step:954/2110 train_time:88427ms step_avg:92.69ms
step:955/2110 train_time:88561ms step_avg:92.73ms
step:956/2110 train_time:88682ms step_avg:92.76ms
step:957/2110 train_time:88811ms step_avg:92.80ms
step:958/2110 train_time:88941ms step_avg:92.84ms
step:959/2110 train_time:89069ms step_avg:92.88ms
step:960/2110 train_time:89198ms step_avg:92.91ms
step:961/2110 train_time:89325ms step_avg:92.95ms
step:962/2110 train_time:89455ms step_avg:92.99ms
step:963/2110 train_time:89583ms step_avg:93.02ms
step:964/2110 train_time:89711ms step_avg:93.06ms
step:965/2110 train_time:89839ms step_avg:93.10ms
step:966/2110 train_time:89967ms step_avg:93.13ms
step:967/2110 train_time:90095ms step_avg:93.17ms
step:968/2110 train_time:90223ms step_avg:93.21ms
step:969/2110 train_time:90352ms step_avg:93.24ms
step:970/2110 train_time:90480ms step_avg:93.28ms
step:971/2110 train_time:90609ms step_avg:93.31ms
step:972/2110 train_time:90737ms step_avg:93.35ms
step:973/2110 train_time:90865ms step_avg:93.39ms
step:974/2110 train_time:90993ms step_avg:93.42ms
step:975/2110 train_time:91120ms step_avg:93.46ms
step:976/2110 train_time:91249ms step_avg:93.49ms
step:977/2110 train_time:91379ms step_avg:93.53ms
step:978/2110 train_time:91506ms step_avg:93.56ms
step:979/2110 train_time:91634ms step_avg:93.60ms
step:980/2110 train_time:91763ms step_avg:93.64ms
step:981/2110 train_time:91892ms step_avg:93.67ms
step:982/2110 train_time:92018ms step_avg:93.70ms
step:983/2110 train_time:92147ms step_avg:93.74ms
step:984/2110 train_time:92275ms step_avg:93.77ms
step:985/2110 train_time:92403ms step_avg:93.81ms
step:986/2110 train_time:92530ms step_avg:93.84ms
step:987/2110 train_time:92659ms step_avg:93.88ms
step:988/2110 train_time:92791ms step_avg:93.92ms
step:989/2110 train_time:92919ms step_avg:93.95ms
step:990/2110 train_time:93048ms step_avg:93.99ms
step:991/2110 train_time:93174ms step_avg:94.02ms
step:992/2110 train_time:93301ms step_avg:94.05ms
step:993/2110 train_time:93429ms step_avg:94.09ms
step:994/2110 train_time:93560ms step_avg:94.13ms
step:995/2110 train_time:93687ms step_avg:94.16ms
step:996/2110 train_time:93813ms step_avg:94.19ms
step:997/2110 train_time:93942ms step_avg:94.22ms
step:998/2110 train_time:94070ms step_avg:94.26ms
step:999/2110 train_time:94198ms step_avg:94.29ms
step:1000/2110 train_time:94325ms step_avg:94.32ms
step:1000/2110 val_loss:3.6992 train_time:94413ms step_avg:94.41ms
step:1001/2110 train_time:94596ms step_avg:94.50ms
step:1002/2110 train_time:94645ms step_avg:94.46ms
step:1003/2110 train_time:94768ms step_avg:94.48ms
step:1004/2110 train_time:94895ms step_avg:94.52ms
step:1005/2110 train_time:95024ms step_avg:94.55ms
step:1006/2110 train_time:95152ms step_avg:94.58ms
step:1007/2110 train_time:95281ms step_avg:94.62ms
step:1008/2110 train_time:95409ms step_avg:94.65ms
step:1009/2110 train_time:95537ms step_avg:94.69ms
step:1010/2110 train_time:95665ms step_avg:94.72ms
step:1011/2110 train_time:95793ms step_avg:94.75ms
step:1012/2110 train_time:95921ms step_avg:94.78ms
step:1013/2110 train_time:96052ms step_avg:94.82ms
step:1014/2110 train_time:96177ms step_avg:94.85ms
step:1015/2110 train_time:96306ms step_avg:94.88ms
step:1016/2110 train_time:96436ms step_avg:94.92ms
step:1017/2110 train_time:96567ms step_avg:94.95ms
step:1018/2110 train_time:96695ms step_avg:94.99ms
step:1019/2110 train_time:96823ms step_avg:95.02ms
step:1020/2110 train_time:96952ms step_avg:95.05ms
step:1021/2110 train_time:97077ms step_avg:95.08ms
step:1022/2110 train_time:97205ms step_avg:95.11ms
step:1023/2110 train_time:97333ms step_avg:95.14ms
step:1024/2110 train_time:97461ms step_avg:95.18ms
step:1025/2110 train_time:97590ms step_avg:95.21ms
step:1026/2110 train_time:97717ms step_avg:95.24ms
step:1027/2110 train_time:97845ms step_avg:95.27ms
step:1028/2110 train_time:97972ms step_avg:95.30ms
step:1029/2110 train_time:98101ms step_avg:95.34ms
step:1030/2110 train_time:98229ms step_avg:95.37ms
step:1031/2110 train_time:98358ms step_avg:95.40ms
step:1032/2110 train_time:98485ms step_avg:95.43ms
step:1033/2110 train_time:98613ms step_avg:95.46ms
step:1034/2110 train_time:98741ms step_avg:95.49ms
step:1035/2110 train_time:98869ms step_avg:95.53ms
step:1036/2110 train_time:98996ms step_avg:95.56ms
step:1037/2110 train_time:99125ms step_avg:95.59ms
step:1038/2110 train_time:99252ms step_avg:95.62ms
step:1039/2110 train_time:99380ms step_avg:95.65ms
step:1040/2110 train_time:99509ms step_avg:95.68ms
step:1041/2110 train_time:99637ms step_avg:95.71ms
step:1042/2110 train_time:99765ms step_avg:95.74ms
step:1043/2110 train_time:99894ms step_avg:95.78ms
step:1044/2110 train_time:100022ms step_avg:95.81ms
step:1045/2110 train_time:100149ms step_avg:95.84ms
step:1046/2110 train_time:100278ms step_avg:95.87ms
step:1047/2110 train_time:100407ms step_avg:95.90ms
step:1048/2110 train_time:100536ms step_avg:95.93ms
step:1049/2110 train_time:100664ms step_avg:95.96ms
step:1050/2110 train_time:100793ms step_avg:95.99ms
step:1051/2110 train_time:101010ms step_avg:96.11ms
step:1052/2110 train_time:101056ms step_avg:96.06ms
step:1053/2110 train_time:101185ms step_avg:96.09ms
step:1054/2110 train_time:101314ms step_avg:96.12ms
step:1055/2110 train_time:101445ms step_avg:96.16ms
step:1056/2110 train_time:101575ms step_avg:96.19ms
step:1057/2110 train_time:101703ms step_avg:96.22ms
step:1058/2110 train_time:101834ms step_avg:96.25ms
step:1059/2110 train_time:101962ms step_avg:96.28ms
step:1060/2110 train_time:102088ms step_avg:96.31ms
step:1061/2110 train_time:102214ms step_avg:96.34ms
step:1062/2110 train_time:102344ms step_avg:96.37ms
step:1063/2110 train_time:102471ms step_avg:96.40ms
step:1064/2110 train_time:102600ms step_avg:96.43ms
step:1065/2110 train_time:102728ms step_avg:96.46ms
step:1066/2110 train_time:102864ms step_avg:96.50ms
step:1067/2110 train_time:102984ms step_avg:96.52ms
step:1068/2110 train_time:103110ms step_avg:96.55ms
step:1069/2110 train_time:103239ms step_avg:96.58ms
step:1070/2110 train_time:103368ms step_avg:96.61ms
step:1071/2110 train_time:103495ms step_avg:96.63ms
step:1072/2110 train_time:103624ms step_avg:96.66ms
step:1073/2110 train_time:103753ms step_avg:96.69ms
step:1074/2110 train_time:103881ms step_avg:96.72ms
step:1075/2110 train_time:104009ms step_avg:96.75ms
step:1076/2110 train_time:104136ms step_avg:96.78ms
step:1077/2110 train_time:104269ms step_avg:96.81ms
step:1078/2110 train_time:104399ms step_avg:96.85ms
step:1079/2110 train_time:104529ms step_avg:96.88ms
step:1080/2110 train_time:104659ms step_avg:96.91ms
step:1081/2110 train_time:104788ms step_avg:96.94ms
step:1082/2110 train_time:104916ms step_avg:96.96ms
step:1083/2110 train_time:105044ms step_avg:96.99ms
step:1084/2110 train_time:105172ms step_avg:97.02ms
step:1085/2110 train_time:105301ms step_avg:97.05ms
step:1086/2110 train_time:105427ms step_avg:97.08ms
step:1087/2110 train_time:105557ms step_avg:97.11ms
step:1088/2110 train_time:105685ms step_avg:97.14ms
step:1089/2110 train_time:105815ms step_avg:97.17ms
step:1090/2110 train_time:105944ms step_avg:97.20ms
step:1091/2110 train_time:106071ms step_avg:97.22ms
step:1092/2110 train_time:106200ms step_avg:97.25ms
step:1093/2110 train_time:106328ms step_avg:97.28ms
step:1094/2110 train_time:106460ms step_avg:97.31ms
step:1095/2110 train_time:106593ms step_avg:97.34ms
step:1096/2110 train_time:106714ms step_avg:97.37ms
step:1097/2110 train_time:106842ms step_avg:97.39ms
step:1098/2110 train_time:106969ms step_avg:97.42ms
step:1099/2110 train_time:107099ms step_avg:97.45ms
step:1100/2110 train_time:107224ms step_avg:97.48ms
step:1101/2110 train_time:107445ms step_avg:97.59ms
step:1102/2110 train_time:107490ms step_avg:97.54ms
step:1103/2110 train_time:107617ms step_avg:97.57ms
step:1104/2110 train_time:107746ms step_avg:97.60ms
step:1105/2110 train_time:107883ms step_avg:97.63ms
step:1106/2110 train_time:108010ms step_avg:97.66ms
step:1107/2110 train_time:108132ms step_avg:97.68ms
step:1108/2110 train_time:108260ms step_avg:97.71ms
step:1109/2110 train_time:108388ms step_avg:97.73ms
step:1110/2110 train_time:108517ms step_avg:97.76ms
step:1111/2110 train_time:108653ms step_avg:97.80ms
step:1112/2110 train_time:108771ms step_avg:97.82ms
step:1113/2110 train_time:108902ms step_avg:97.85ms
step:1114/2110 train_time:109030ms step_avg:97.87ms
step:1115/2110 train_time:109166ms step_avg:97.91ms
step:1116/2110 train_time:109288ms step_avg:97.93ms
step:1117/2110 train_time:109416ms step_avg:97.96ms
step:1118/2110 train_time:109544ms step_avg:97.98ms
step:1119/2110 train_time:109672ms step_avg:98.01ms
step:1120/2110 train_time:109798ms step_avg:98.03ms
step:1121/2110 train_time:109925ms step_avg:98.06ms
step:1122/2110 train_time:110053ms step_avg:98.09ms
step:1123/2110 train_time:110183ms step_avg:98.11ms
step:1124/2110 train_time:110310ms step_avg:98.14ms
step:1125/2110 train_time:110438ms step_avg:98.17ms
step:1126/2110 train_time:110566ms step_avg:98.19ms
step:1127/2110 train_time:110694ms step_avg:98.22ms
step:1128/2110 train_time:110823ms step_avg:98.25ms
step:1129/2110 train_time:110949ms step_avg:98.27ms
step:1130/2110 train_time:111080ms step_avg:98.30ms
step:1131/2110 train_time:111207ms step_avg:98.33ms
step:1132/2110 train_time:111337ms step_avg:98.35ms
step:1133/2110 train_time:111465ms step_avg:98.38ms
step:1134/2110 train_time:111593ms step_avg:98.41ms
step:1135/2110 train_time:111722ms step_avg:98.43ms
step:1136/2110 train_time:111849ms step_avg:98.46ms
step:1137/2110 train_time:111978ms step_avg:98.49ms
step:1138/2110 train_time:112106ms step_avg:98.51ms
step:1139/2110 train_time:112234ms step_avg:98.54ms
step:1140/2110 train_time:112363ms step_avg:98.56ms
step:1141/2110 train_time:112491ms step_avg:98.59ms
step:1142/2110 train_time:112619ms step_avg:98.62ms
step:1143/2110 train_time:112747ms step_avg:98.64ms
step:1144/2110 train_time:112874ms step_avg:98.67ms
step:1145/2110 train_time:113002ms step_avg:98.69ms
step:1146/2110 train_time:113133ms step_avg:98.72ms
step:1147/2110 train_time:113260ms step_avg:98.74ms
step:1148/2110 train_time:113386ms step_avg:98.77ms
step:1149/2110 train_time:113514ms step_avg:98.79ms
step:1150/2110 train_time:113643ms step_avg:98.82ms
step:1151/2110 train_time:113862ms step_avg:98.92ms
step:1152/2110 train_time:113909ms step_avg:98.88ms
step:1153/2110 train_time:114036ms step_avg:98.90ms
step:1154/2110 train_time:114163ms step_avg:98.93ms
step:1155/2110 train_time:114292ms step_avg:98.95ms
step:1156/2110 train_time:114419ms step_avg:98.98ms
step:1157/2110 train_time:114548ms step_avg:99.00ms
step:1158/2110 train_time:114677ms step_avg:99.03ms
step:1159/2110 train_time:114806ms step_avg:99.06ms
step:1160/2110 train_time:114935ms step_avg:99.08ms
step:1161/2110 train_time:115062ms step_avg:99.11ms
step:1162/2110 train_time:115189ms step_avg:99.13ms
step:1163/2110 train_time:115317ms step_avg:99.15ms
step:1164/2110 train_time:115452ms step_avg:99.19ms
step:1165/2110 train_time:115574ms step_avg:99.21ms
step:1166/2110 train_time:115701ms step_avg:99.23ms
step:1167/2110 train_time:115830ms step_avg:99.25ms
step:1168/2110 train_time:115957ms step_avg:99.28ms
step:1169/2110 train_time:116086ms step_avg:99.30ms
step:1170/2110 train_time:116213ms step_avg:99.33ms
step:1171/2110 train_time:116343ms step_avg:99.35ms
step:1172/2110 train_time:116472ms step_avg:99.38ms
step:1173/2110 train_time:116601ms step_avg:99.40ms
step:1174/2110 train_time:116728ms step_avg:99.43ms
step:1175/2110 train_time:116857ms step_avg:99.45ms
step:1176/2110 train_time:116984ms step_avg:99.48ms
step:1177/2110 train_time:117112ms step_avg:99.50ms
step:1178/2110 train_time:117241ms step_avg:99.53ms
step:1179/2110 train_time:117369ms step_avg:99.55ms
step:1180/2110 train_time:117497ms step_avg:99.57ms
step:1181/2110 train_time:117632ms step_avg:99.60ms
step:1182/2110 train_time:117761ms step_avg:99.63ms
step:1183/2110 train_time:117887ms step_avg:99.65ms
step:1184/2110 train_time:118016ms step_avg:99.68ms
step:1185/2110 train_time:118143ms step_avg:99.70ms
step:1186/2110 train_time:118269ms step_avg:99.72ms
step:1187/2110 train_time:118399ms step_avg:99.75ms
step:1188/2110 train_time:118528ms step_avg:99.77ms
step:1189/2110 train_time:118656ms step_avg:99.79ms
step:1190/2110 train_time:118782ms step_avg:99.82ms
step:1191/2110 train_time:118914ms step_avg:99.84ms
step:1192/2110 train_time:119043ms step_avg:99.87ms
step:1193/2110 train_time:119169ms step_avg:99.89ms
step:1194/2110 train_time:119296ms step_avg:99.91ms
step:1195/2110 train_time:119424ms step_avg:99.94ms
step:1196/2110 train_time:119560ms step_avg:99.97ms
step:1197/2110 train_time:119681ms step_avg:99.98ms
step:1198/2110 train_time:119810ms step_avg:100.01ms
step:1199/2110 train_time:119938ms step_avg:100.03ms
step:1200/2110 train_time:120066ms step_avg:100.05ms
step:1201/2110 train_time:120284ms step_avg:100.15ms
step:1202/2110 train_time:120331ms step_avg:100.11ms
step:1203/2110 train_time:120512ms step_avg:100.18ms
step:1204/2110 train_time:120591ms step_avg:100.16ms
step:1205/2110 train_time:120719ms step_avg:100.18ms
step:1206/2110 train_time:120847ms step_avg:100.20ms
step:1207/2110 train_time:120974ms step_avg:100.23ms
step:1208/2110 train_time:121102ms step_avg:100.25ms
step:1209/2110 train_time:121230ms step_avg:100.27ms
step:1210/2110 train_time:121360ms step_avg:100.30ms
step:1211/2110 train_time:121489ms step_avg:100.32ms
step:1212/2110 train_time:121617ms step_avg:100.34ms
step:1213/2110 train_time:121746ms step_avg:100.37ms
step:1214/2110 train_time:121873ms step_avg:100.39ms
step:1215/2110 train_time:122004ms step_avg:100.42ms
step:1216/2110 train_time:122132ms step_avg:100.44ms
step:1217/2110 train_time:122259ms step_avg:100.46ms
step:1218/2110 train_time:122387ms step_avg:100.48ms
step:1219/2110 train_time:122512ms step_avg:100.50ms
step:1220/2110 train_time:122639ms step_avg:100.52ms
step:1221/2110 train_time:122767ms step_avg:100.55ms
step:1222/2110 train_time:122895ms step_avg:100.57ms
step:1223/2110 train_time:123026ms step_avg:100.59ms
step:1224/2110 train_time:123154ms step_avg:100.62ms
step:1225/2110 train_time:123280ms step_avg:100.64ms
step:1226/2110 train_time:123407ms step_avg:100.66ms
step:1227/2110 train_time:123535ms step_avg:100.68ms
step:1228/2110 train_time:123663ms step_avg:100.70ms
step:1229/2110 train_time:123792ms step_avg:100.73ms
step:1230/2110 train_time:123922ms step_avg:100.75ms
step:1231/2110 train_time:124049ms step_avg:100.77ms
step:1232/2110 train_time:124177ms step_avg:100.79ms
step:1233/2110 train_time:124305ms step_avg:100.81ms
step:1234/2110 train_time:124433ms step_avg:100.84ms
step:1235/2110 train_time:124561ms step_avg:100.86ms
step:1236/2110 train_time:124689ms step_avg:100.88ms
step:1237/2110 train_time:124817ms step_avg:100.90ms
step:1238/2110 train_time:124945ms step_avg:100.92ms
step:1239/2110 train_time:125075ms step_avg:100.95ms
step:1240/2110 train_time:125204ms step_avg:100.97ms
step:1241/2110 train_time:125333ms step_avg:100.99ms
step:1242/2110 train_time:125461ms step_avg:101.01ms
step:1243/2110 train_time:125589ms step_avg:101.04ms
step:1244/2110 train_time:125716ms step_avg:101.06ms
step:1245/2110 train_time:125848ms step_avg:101.08ms
step:1246/2110 train_time:125977ms step_avg:101.10ms
step:1247/2110 train_time:126102ms step_avg:101.12ms
step:1248/2110 train_time:126231ms step_avg:101.15ms
step:1249/2110 train_time:126360ms step_avg:101.17ms
step:1250/2110 train_time:126489ms step_avg:101.19ms
step:1250/2110 val_loss:3.5761 train_time:126574ms step_avg:101.26ms
step:1251/2110 train_time:126765ms step_avg:101.33ms
step:1252/2110 train_time:126814ms step_avg:101.29ms
step:1253/2110 train_time:126937ms step_avg:101.31ms
step:1254/2110 train_time:127067ms step_avg:101.33ms
step:1255/2110 train_time:127197ms step_avg:101.35ms
step:1256/2110 train_time:127325ms step_avg:101.37ms
step:1257/2110 train_time:127450ms step_avg:101.39ms
step:1258/2110 train_time:127578ms step_avg:101.41ms
step:1259/2110 train_time:127707ms step_avg:101.44ms
step:1260/2110 train_time:127836ms step_avg:101.46ms
step:1261/2110 train_time:127965ms step_avg:101.48ms
step:1262/2110 train_time:128095ms step_avg:101.50ms
step:1263/2110 train_time:128223ms step_avg:101.52ms
step:1264/2110 train_time:128351ms step_avg:101.54ms
step:1265/2110 train_time:128479ms step_avg:101.56ms
step:1266/2110 train_time:128607ms step_avg:101.59ms
step:1267/2110 train_time:128735ms step_avg:101.61ms
step:1268/2110 train_time:128861ms step_avg:101.63ms
step:1269/2110 train_time:128988ms step_avg:101.65ms
step:1270/2110 train_time:129117ms step_avg:101.67ms
step:1271/2110 train_time:129245ms step_avg:101.69ms
step:1272/2110 train_time:129374ms step_avg:101.71ms
step:1273/2110 train_time:129506ms step_avg:101.73ms
step:1274/2110 train_time:129631ms step_avg:101.75ms
step:1275/2110 train_time:129759ms step_avg:101.77ms
step:1276/2110 train_time:129892ms step_avg:101.80ms
step:1277/2110 train_time:130021ms step_avg:101.82ms
step:1278/2110 train_time:130149ms step_avg:101.84ms
step:1279/2110 train_time:130275ms step_avg:101.86ms
step:1280/2110 train_time:130403ms step_avg:101.88ms
step:1281/2110 train_time:130531ms step_avg:101.90ms
step:1282/2110 train_time:130660ms step_avg:101.92ms
step:1283/2110 train_time:130788ms step_avg:101.94ms
step:1284/2110 train_time:130916ms step_avg:101.96ms
step:1285/2110 train_time:131044ms step_avg:101.98ms
step:1286/2110 train_time:131172ms step_avg:102.00ms
step:1287/2110 train_time:131300ms step_avg:102.02ms
step:1288/2110 train_time:131428ms step_avg:102.04ms
step:1289/2110 train_time:131558ms step_avg:102.06ms
step:1290/2110 train_time:131691ms step_avg:102.09ms
step:1291/2110 train_time:131819ms step_avg:102.11ms
step:1292/2110 train_time:131947ms step_avg:102.13ms
step:1293/2110 train_time:132074ms step_avg:102.15ms
step:1294/2110 train_time:132202ms step_avg:102.17ms
step:1295/2110 train_time:132330ms step_avg:102.19ms
step:1296/2110 train_time:132459ms step_avg:102.21ms
step:1297/2110 train_time:132587ms step_avg:102.23ms
step:1298/2110 train_time:132714ms step_avg:102.25ms
step:1299/2110 train_time:132843ms step_avg:102.27ms
step:1300/2110 train_time:132971ms step_avg:102.29ms
step:1301/2110 train_time:133189ms step_avg:102.37ms
step:1302/2110 train_time:133236ms step_avg:102.33ms
step:1303/2110 train_time:133364ms step_avg:102.35ms
step:1304/2110 train_time:133494ms step_avg:102.37ms
step:1305/2110 train_time:133621ms step_avg:102.39ms
step:1306/2110 train_time:133750ms step_avg:102.41ms
step:1307/2110 train_time:133880ms step_avg:102.43ms
step:1308/2110 train_time:134007ms step_avg:102.45ms
step:1309/2110 train_time:134135ms step_avg:102.47ms
step:1310/2110 train_time:134263ms step_avg:102.49ms
step:1311/2110 train_time:134391ms step_avg:102.51ms
step:1312/2110 train_time:134519ms step_avg:102.53ms
step:1313/2110 train_time:134648ms step_avg:102.55ms
step:1314/2110 train_time:134775ms step_avg:102.57ms
step:1315/2110 train_time:134904ms step_avg:102.59ms
step:1316/2110 train_time:135032ms step_avg:102.61ms
step:1317/2110 train_time:135160ms step_avg:102.63ms
step:1318/2110 train_time:135287ms step_avg:102.65ms
step:1319/2110 train_time:135416ms step_avg:102.67ms
step:1320/2110 train_time:135544ms step_avg:102.68ms
step:1321/2110 train_time:135673ms step_avg:102.71ms
step:1322/2110 train_time:135803ms step_avg:102.73ms
step:1323/2110 train_time:135929ms step_avg:102.74ms
step:1324/2110 train_time:136057ms step_avg:102.76ms
step:1325/2110 train_time:136185ms step_avg:102.78ms
step:1326/2110 train_time:136313ms step_avg:102.80ms
step:1327/2110 train_time:136440ms step_avg:102.82ms
step:1328/2110 train_time:136567ms step_avg:102.84ms
step:1329/2110 train_time:136697ms step_avg:102.86ms
step:1330/2110 train_time:136829ms step_avg:102.88ms
step:1331/2110 train_time:136960ms step_avg:102.90ms
step:1332/2110 train_time:137087ms step_avg:102.92ms
step:1333/2110 train_time:137215ms step_avg:102.94ms
step:1334/2110 train_time:137345ms step_avg:102.96ms
step:1335/2110 train_time:137473ms step_avg:102.98ms
step:1336/2110 train_time:137601ms step_avg:102.99ms
step:1337/2110 train_time:137727ms step_avg:103.01ms
step:1338/2110 train_time:137855ms step_avg:103.03ms
step:1339/2110 train_time:137983ms step_avg:103.05ms
step:1340/2110 train_time:138112ms step_avg:103.07ms
step:1341/2110 train_time:138240ms step_avg:103.09ms
step:1342/2110 train_time:138368ms step_avg:103.11ms
step:1343/2110 train_time:138496ms step_avg:103.12ms
step:1344/2110 train_time:138625ms step_avg:103.14ms
step:1345/2110 train_time:138754ms step_avg:103.16ms
step:1346/2110 train_time:138881ms step_avg:103.18ms
step:1347/2110 train_time:139011ms step_avg:103.20ms
step:1348/2110 train_time:139139ms step_avg:103.22ms
step:1349/2110 train_time:139266ms step_avg:103.24ms
step:1350/2110 train_time:139395ms step_avg:103.26ms
step:1351/2110 train_time:139616ms step_avg:103.34ms
step:1352/2110 train_time:139661ms step_avg:103.30ms
step:1353/2110 train_time:139790ms step_avg:103.32ms
step:1354/2110 train_time:139917ms step_avg:103.34ms
step:1355/2110 train_time:140044ms step_avg:103.35ms
step:1356/2110 train_time:140174ms step_avg:103.37ms
step:1357/2110 train_time:140303ms step_avg:103.39ms
step:1358/2110 train_time:140434ms step_avg:103.41ms
step:1359/2110 train_time:140562ms step_avg:103.43ms
step:1360/2110 train_time:140690ms step_avg:103.45ms
step:1361/2110 train_time:140819ms step_avg:103.47ms
step:1362/2110 train_time:140947ms step_avg:103.49ms
step:1363/2110 train_time:141075ms step_avg:103.50ms
step:1364/2110 train_time:141203ms step_avg:103.52ms
step:1365/2110 train_time:141332ms step_avg:103.54ms
step:1366/2110 train_time:141459ms step_avg:103.56ms
step:1367/2110 train_time:141588ms step_avg:103.58ms
step:1368/2110 train_time:141716ms step_avg:103.59ms
step:1369/2110 train_time:141845ms step_avg:103.61ms
step:1370/2110 train_time:141972ms step_avg:103.63ms
step:1371/2110 train_time:142102ms step_avg:103.65ms
step:1372/2110 train_time:142230ms step_avg:103.67ms
step:1373/2110 train_time:142359ms step_avg:103.68ms
step:1374/2110 train_time:142485ms step_avg:103.70ms
step:1375/2110 train_time:142614ms step_avg:103.72ms
step:1376/2110 train_time:142742ms step_avg:103.74ms
step:1377/2110 train_time:142871ms step_avg:103.76ms
step:1378/2110 train_time:142997ms step_avg:103.77ms
step:1379/2110 train_time:143127ms step_avg:103.79ms
step:1380/2110 train_time:143255ms step_avg:103.81ms
step:1381/2110 train_time:143478ms step_avg:103.89ms
step:1382/2110 train_time:143575ms step_avg:103.89ms
step:1383/2110 train_time:143759ms step_avg:103.95ms
step:1384/2110 train_time:143942ms step_avg:104.00ms
step:1385/2110 train_time:144129ms step_avg:104.06ms
step:1386/2110 train_time:144311ms step_avg:104.12ms
step:1387/2110 train_time:144494ms step_avg:104.18ms
step:1388/2110 train_time:144677ms step_avg:104.23ms
step:1389/2110 train_time:144860ms step_avg:104.29ms
step:1390/2110 train_time:145044ms step_avg:104.35ms
step:1391/2110 train_time:145228ms step_avg:104.41ms
step:1392/2110 train_time:145412ms step_avg:104.46ms
step:1393/2110 train_time:145599ms step_avg:104.52ms
step:1394/2110 train_time:145781ms step_avg:104.58ms
step:1395/2110 train_time:145965ms step_avg:104.63ms
step:1396/2110 train_time:146148ms step_avg:104.69ms
step:1397/2110 train_time:146332ms step_avg:104.75ms
step:1398/2110 train_time:146516ms step_avg:104.80ms
step:1399/2110 train_time:146699ms step_avg:104.86ms
step:1400/2110 train_time:146884ms step_avg:104.92ms
step:1401/2110 train_time:147211ms step_avg:105.08ms
step:1402/2110 train_time:147256ms step_avg:105.03ms
step:1403/2110 train_time:147439ms step_avg:105.09ms
step:1404/2110 train_time:147625ms step_avg:105.15ms
step:1405/2110 train_time:147809ms step_avg:105.20ms
step:1406/2110 train_time:147996ms step_avg:105.26ms
step:1407/2110 train_time:148178ms step_avg:105.31ms
step:1408/2110 train_time:148360ms step_avg:105.37ms
step:1409/2110 train_time:148545ms step_avg:105.43ms
step:1410/2110 train_time:148726ms step_avg:105.48ms
step:1411/2110 train_time:148910ms step_avg:105.53ms
step:1412/2110 train_time:149092ms step_avg:105.59ms
step:1413/2110 train_time:149276ms step_avg:105.64ms
step:1414/2110 train_time:149459ms step_avg:105.70ms
step:1415/2110 train_time:149643ms step_avg:105.76ms
step:1416/2110 train_time:149827ms step_avg:105.81ms
step:1417/2110 train_time:150011ms step_avg:105.86ms
step:1418/2110 train_time:150195ms step_avg:105.92ms
step:1419/2110 train_time:150379ms step_avg:105.98ms
step:1420/2110 train_time:150563ms step_avg:106.03ms
step:1421/2110 train_time:150748ms step_avg:106.09ms
step:1422/2110 train_time:150931ms step_avg:106.14ms
step:1423/2110 train_time:151115ms step_avg:106.19ms
step:1424/2110 train_time:151299ms step_avg:106.25ms
step:1425/2110 train_time:151484ms step_avg:106.30ms
step:1426/2110 train_time:151667ms step_avg:106.36ms
step:1427/2110 train_time:151851ms step_avg:106.41ms
step:1428/2110 train_time:152032ms step_avg:106.47ms
step:1429/2110 train_time:152216ms step_avg:106.52ms
step:1430/2110 train_time:152399ms step_avg:106.57ms
step:1431/2110 train_time:152582ms step_avg:106.63ms
step:1432/2110 train_time:152767ms step_avg:106.68ms
step:1433/2110 train_time:152951ms step_avg:106.73ms
step:1434/2110 train_time:153135ms step_avg:106.79ms
step:1435/2110 train_time:153317ms step_avg:106.84ms
step:1436/2110 train_time:153500ms step_avg:106.89ms
step:1437/2110 train_time:153684ms step_avg:106.95ms
step:1438/2110 train_time:153867ms step_avg:107.00ms
step:1439/2110 train_time:154055ms step_avg:107.06ms
step:1440/2110 train_time:154235ms step_avg:107.11ms
step:1441/2110 train_time:154418ms step_avg:107.16ms
step:1442/2110 train_time:154602ms step_avg:107.21ms
step:1443/2110 train_time:154785ms step_avg:107.27ms
step:1444/2110 train_time:154968ms step_avg:107.32ms
step:1445/2110 train_time:155151ms step_avg:107.37ms
step:1446/2110 train_time:155336ms step_avg:107.42ms
step:1447/2110 train_time:155520ms step_avg:107.48ms
step:1448/2110 train_time:155704ms step_avg:107.53ms
step:1449/2110 train_time:155887ms step_avg:107.58ms
step:1450/2110 train_time:156071ms step_avg:107.63ms
step:1451/2110 train_time:156402ms step_avg:107.79ms
step:1452/2110 train_time:156448ms step_avg:107.75ms
step:1453/2110 train_time:156631ms step_avg:107.80ms
step:1454/2110 train_time:156815ms step_avg:107.85ms
step:1455/2110 train_time:157000ms step_avg:107.90ms
step:1456/2110 train_time:157183ms step_avg:107.96ms
step:1457/2110 train_time:157365ms step_avg:108.01ms
step:1458/2110 train_time:157548ms step_avg:108.06ms
step:1459/2110 train_time:157733ms step_avg:108.11ms
step:1460/2110 train_time:157915ms step_avg:108.16ms
step:1461/2110 train_time:158099ms step_avg:108.21ms
step:1462/2110 train_time:158286ms step_avg:108.27ms
step:1463/2110 train_time:158467ms step_avg:108.32ms
step:1464/2110 train_time:158650ms step_avg:108.37ms
step:1465/2110 train_time:158833ms step_avg:108.42ms
step:1466/2110 train_time:159018ms step_avg:108.47ms
step:1467/2110 train_time:159201ms step_avg:108.52ms
step:1468/2110 train_time:159384ms step_avg:108.57ms
step:1469/2110 train_time:159567ms step_avg:108.62ms
step:1470/2110 train_time:159751ms step_avg:108.67ms
step:1471/2110 train_time:159937ms step_avg:108.73ms
step:1472/2110 train_time:160120ms step_avg:108.78ms
step:1473/2110 train_time:160303ms step_avg:108.83ms
step:1474/2110 train_time:160486ms step_avg:108.88ms
step:1475/2110 train_time:160670ms step_avg:108.93ms
step:1476/2110 train_time:160854ms step_avg:108.98ms
step:1477/2110 train_time:161038ms step_avg:109.03ms
step:1478/2110 train_time:161222ms step_avg:109.08ms
step:1479/2110 train_time:161406ms step_avg:109.13ms
step:1480/2110 train_time:161590ms step_avg:109.18ms
step:1481/2110 train_time:161773ms step_avg:109.23ms
step:1482/2110 train_time:161957ms step_avg:109.28ms
step:1483/2110 train_time:162142ms step_avg:109.33ms
step:1484/2110 train_time:162324ms step_avg:109.38ms
step:1485/2110 train_time:162507ms step_avg:109.43ms
step:1486/2110 train_time:162692ms step_avg:109.48ms
step:1487/2110 train_time:162876ms step_avg:109.53ms
step:1488/2110 train_time:163059ms step_avg:109.58ms
step:1489/2110 train_time:163243ms step_avg:109.63ms
step:1490/2110 train_time:163425ms step_avg:109.68ms
step:1491/2110 train_time:163609ms step_avg:109.73ms
step:1492/2110 train_time:163792ms step_avg:109.78ms
step:1493/2110 train_time:163976ms step_avg:109.83ms
step:1494/2110 train_time:164159ms step_avg:109.88ms
step:1495/2110 train_time:164344ms step_avg:109.93ms
step:1496/2110 train_time:164526ms step_avg:109.98ms
step:1497/2110 train_time:164709ms step_avg:110.03ms
step:1498/2110 train_time:164894ms step_avg:110.08ms
step:1499/2110 train_time:165079ms step_avg:110.13ms
step:1500/2110 train_time:165261ms step_avg:110.17ms
step:1500/2110 val_loss:3.4690 train_time:165405ms step_avg:110.27ms
step:1501/2110 train_time:165648ms step_avg:110.36ms
step:1502/2110 train_time:165711ms step_avg:110.33ms
step:1503/2110 train_time:165876ms step_avg:110.36ms
step:1504/2110 train_time:166059ms step_avg:110.41ms
step:1505/2110 train_time:166243ms step_avg:110.46ms
step:1506/2110 train_time:166425ms step_avg:110.51ms
step:1507/2110 train_time:166609ms step_avg:110.56ms
step:1508/2110 train_time:166793ms step_avg:110.61ms
step:1509/2110 train_time:166976ms step_avg:110.65ms
step:1510/2110 train_time:167160ms step_avg:110.70ms
step:1511/2110 train_time:167343ms step_avg:110.75ms
step:1512/2110 train_time:167526ms step_avg:110.80ms
step:1513/2110 train_time:167710ms step_avg:110.85ms
step:1514/2110 train_time:167894ms step_avg:110.89ms
step:1515/2110 train_time:168079ms step_avg:110.94ms
step:1516/2110 train_time:168262ms step_avg:110.99ms
step:1517/2110 train_time:168445ms step_avg:111.04ms
step:1518/2110 train_time:168630ms step_avg:111.09ms
step:1519/2110 train_time:168814ms step_avg:111.13ms
step:1520/2110 train_time:168998ms step_avg:111.18ms
step:1521/2110 train_time:169183ms step_avg:111.23ms
step:1522/2110 train_time:169366ms step_avg:111.28ms
step:1523/2110 train_time:169552ms step_avg:111.33ms
step:1524/2110 train_time:169735ms step_avg:111.37ms
step:1525/2110 train_time:169918ms step_avg:111.42ms
step:1526/2110 train_time:170102ms step_avg:111.47ms
step:1527/2110 train_time:170286ms step_avg:111.52ms
step:1528/2110 train_time:170470ms step_avg:111.56ms
step:1529/2110 train_time:170653ms step_avg:111.61ms
step:1530/2110 train_time:170837ms step_avg:111.66ms
step:1531/2110 train_time:171021ms step_avg:111.71ms
step:1532/2110 train_time:171205ms step_avg:111.75ms
step:1533/2110 train_time:171388ms step_avg:111.80ms
step:1534/2110 train_time:171573ms step_avg:111.85ms
step:1535/2110 train_time:171756ms step_avg:111.89ms
step:1536/2110 train_time:171938ms step_avg:111.94ms
step:1537/2110 train_time:172122ms step_avg:111.99ms
step:1538/2110 train_time:172307ms step_avg:112.03ms
step:1539/2110 train_time:172491ms step_avg:112.08ms
step:1540/2110 train_time:172675ms step_avg:112.13ms
step:1541/2110 train_time:172859ms step_avg:112.17ms
step:1542/2110 train_time:173042ms step_avg:112.22ms
step:1543/2110 train_time:173226ms step_avg:112.27ms
step:1544/2110 train_time:173411ms step_avg:112.31ms
step:1545/2110 train_time:173595ms step_avg:112.36ms
step:1546/2110 train_time:173778ms step_avg:112.40ms
step:1547/2110 train_time:173960ms step_avg:112.45ms
step:1548/2110 train_time:174146ms step_avg:112.50ms
step:1549/2110 train_time:174328ms step_avg:112.54ms
step:1550/2110 train_time:174512ms step_avg:112.59ms
step:1551/2110 train_time:174839ms step_avg:112.73ms
step:1552/2110 train_time:174886ms step_avg:112.68ms
step:1553/2110 train_time:175068ms step_avg:112.73ms
step:1554/2110 train_time:175251ms step_avg:112.77ms
step:1555/2110 train_time:175434ms step_avg:112.82ms
step:1556/2110 train_time:175618ms step_avg:112.86ms
step:1557/2110 train_time:175802ms step_avg:112.91ms
step:1558/2110 train_time:175985ms step_avg:112.96ms
step:1559/2110 train_time:176169ms step_avg:113.00ms
step:1560/2110 train_time:176352ms step_avg:113.05ms
step:1561/2110 train_time:176537ms step_avg:113.09ms
step:1562/2110 train_time:176722ms step_avg:113.14ms
step:1563/2110 train_time:176903ms step_avg:113.18ms
step:1564/2110 train_time:177087ms step_avg:113.23ms
step:1565/2110 train_time:177270ms step_avg:113.27ms
step:1566/2110 train_time:177456ms step_avg:113.32ms
step:1567/2110 train_time:177637ms step_avg:113.36ms
step:1568/2110 train_time:177820ms step_avg:113.41ms
step:1569/2110 train_time:178005ms step_avg:113.45ms
step:1570/2110 train_time:178186ms step_avg:113.49ms
step:1571/2110 train_time:178370ms step_avg:113.54ms
step:1572/2110 train_time:178554ms step_avg:113.58ms
step:1573/2110 train_time:178738ms step_avg:113.63ms
step:1574/2110 train_time:178922ms step_avg:113.67ms
step:1575/2110 train_time:179107ms step_avg:113.72ms
step:1576/2110 train_time:179290ms step_avg:113.76ms
step:1577/2110 train_time:179475ms step_avg:113.81ms
step:1578/2110 train_time:179660ms step_avg:113.85ms
step:1579/2110 train_time:179844ms step_avg:113.90ms
step:1580/2110 train_time:180027ms step_avg:113.94ms
step:1581/2110 train_time:180211ms step_avg:113.99ms
step:1582/2110 train_time:180391ms step_avg:114.03ms
step:1583/2110 train_time:180574ms step_avg:114.07ms
step:1584/2110 train_time:180757ms step_avg:114.11ms
step:1585/2110 train_time:180941ms step_avg:114.16ms
step:1586/2110 train_time:181125ms step_avg:114.20ms
step:1587/2110 train_time:181308ms step_avg:114.25ms
step:1588/2110 train_time:181492ms step_avg:114.29ms
step:1589/2110 train_time:181677ms step_avg:114.33ms
step:1590/2110 train_time:181860ms step_avg:114.38ms
step:1591/2110 train_time:182045ms step_avg:114.42ms
step:1592/2110 train_time:182228ms step_avg:114.46ms
step:1593/2110 train_time:182412ms step_avg:114.51ms
step:1594/2110 train_time:182595ms step_avg:114.55ms
step:1595/2110 train_time:182779ms step_avg:114.60ms
step:1596/2110 train_time:182961ms step_avg:114.64ms
step:1597/2110 train_time:183145ms step_avg:114.68ms
step:1598/2110 train_time:183328ms step_avg:114.72ms
step:1599/2110 train_time:183511ms step_avg:114.77ms
step:1600/2110 train_time:183695ms step_avg:114.81ms
step:1601/2110 train_time:184024ms step_avg:114.94ms
step:1602/2110 train_time:184071ms step_avg:114.90ms
step:1603/2110 train_time:184252ms step_avg:114.94ms
step:1604/2110 train_time:184437ms step_avg:114.99ms
step:1605/2110 train_time:184620ms step_avg:115.03ms
step:1606/2110 train_time:184804ms step_avg:115.07ms
step:1607/2110 train_time:184987ms step_avg:115.11ms
step:1608/2110 train_time:185171ms step_avg:115.16ms
step:1609/2110 train_time:185355ms step_avg:115.20ms
step:1610/2110 train_time:185538ms step_avg:115.24ms
step:1611/2110 train_time:185722ms step_avg:115.28ms
step:1612/2110 train_time:185905ms step_avg:115.33ms
step:1613/2110 train_time:186089ms step_avg:115.37ms
step:1614/2110 train_time:186272ms step_avg:115.41ms
step:1615/2110 train_time:186456ms step_avg:115.45ms
step:1616/2110 train_time:186638ms step_avg:115.49ms
step:1617/2110 train_time:186822ms step_avg:115.54ms
step:1618/2110 train_time:187007ms step_avg:115.58ms
step:1619/2110 train_time:187191ms step_avg:115.62ms
step:1620/2110 train_time:187373ms step_avg:115.66ms
step:1621/2110 train_time:187557ms step_avg:115.70ms
step:1622/2110 train_time:187739ms step_avg:115.75ms
step:1623/2110 train_time:187925ms step_avg:115.79ms
step:1624/2110 train_time:188107ms step_avg:115.83ms
step:1625/2110 train_time:188290ms step_avg:115.87ms
step:1626/2110 train_time:188473ms step_avg:115.91ms
step:1627/2110 train_time:188657ms step_avg:115.95ms
step:1628/2110 train_time:188844ms step_avg:116.00ms
step:1629/2110 train_time:189027ms step_avg:116.04ms
step:1630/2110 train_time:189211ms step_avg:116.08ms
step:1631/2110 train_time:189394ms step_avg:116.12ms
step:1632/2110 train_time:189577ms step_avg:116.16ms
step:1633/2110 train_time:189761ms step_avg:116.20ms
step:1634/2110 train_time:189944ms step_avg:116.25ms
step:1635/2110 train_time:190129ms step_avg:116.29ms
step:1636/2110 train_time:190312ms step_avg:116.33ms
step:1637/2110 train_time:190495ms step_avg:116.37ms
step:1638/2110 train_time:190678ms step_avg:116.41ms
step:1639/2110 train_time:190861ms step_avg:116.45ms
step:1640/2110 train_time:191045ms step_avg:116.49ms
step:1641/2110 train_time:191229ms step_avg:116.53ms
step:1642/2110 train_time:191413ms step_avg:116.57ms
step:1643/2110 train_time:191596ms step_avg:116.61ms
step:1644/2110 train_time:191778ms step_avg:116.65ms
step:1645/2110 train_time:191963ms step_avg:116.69ms
step:1646/2110 train_time:192147ms step_avg:116.74ms
step:1647/2110 train_time:192330ms step_avg:116.78ms
step:1648/2110 train_time:192514ms step_avg:116.82ms
step:1649/2110 train_time:192700ms step_avg:116.86ms
step:1650/2110 train_time:192883ms step_avg:116.90ms
step:1651/2110 train_time:193211ms step_avg:117.03ms
step:1652/2110 train_time:193260ms step_avg:116.99ms
step:1653/2110 train_time:193442ms step_avg:117.02ms
step:1654/2110 train_time:193625ms step_avg:117.06ms
step:1655/2110 train_time:193808ms step_avg:117.10ms
step:1656/2110 train_time:193990ms step_avg:117.14ms
step:1657/2110 train_time:194174ms step_avg:117.18ms
step:1658/2110 train_time:194358ms step_avg:117.22ms
step:1659/2110 train_time:194544ms step_avg:117.27ms
step:1660/2110 train_time:194726ms step_avg:117.30ms
step:1661/2110 train_time:194911ms step_avg:117.35ms
step:1662/2110 train_time:195095ms step_avg:117.39ms
step:1663/2110 train_time:195277ms step_avg:117.42ms
step:1664/2110 train_time:195461ms step_avg:117.46ms
step:1665/2110 train_time:195645ms step_avg:117.50ms
step:1666/2110 train_time:195831ms step_avg:117.55ms
step:1667/2110 train_time:196012ms step_avg:117.58ms
step:1668/2110 train_time:196196ms step_avg:117.62ms
step:1669/2110 train_time:196379ms step_avg:117.66ms
step:1670/2110 train_time:196562ms step_avg:117.70ms
step:1671/2110 train_time:196747ms step_avg:117.74ms
step:1672/2110 train_time:196929ms step_avg:117.78ms
step:1673/2110 train_time:197113ms step_avg:117.82ms
step:1674/2110 train_time:197296ms step_avg:117.86ms
step:1675/2110 train_time:197480ms step_avg:117.90ms
step:1676/2110 train_time:197663ms step_avg:117.94ms
step:1677/2110 train_time:197846ms step_avg:117.98ms
step:1678/2110 train_time:198029ms step_avg:118.02ms
step:1679/2110 train_time:198214ms step_avg:118.06ms
step:1680/2110 train_time:198398ms step_avg:118.09ms
step:1681/2110 train_time:198581ms step_avg:118.13ms
step:1682/2110 train_time:198765ms step_avg:118.17ms
step:1683/2110 train_time:198950ms step_avg:118.21ms
step:1684/2110 train_time:199134ms step_avg:118.25ms
step:1685/2110 train_time:199318ms step_avg:118.29ms
step:1686/2110 train_time:199504ms step_avg:118.33ms
step:1687/2110 train_time:199686ms step_avg:118.37ms
step:1688/2110 train_time:199869ms step_avg:118.41ms
step:1689/2110 train_time:200053ms step_avg:118.44ms
step:1690/2110 train_time:200235ms step_avg:118.48ms
step:1691/2110 train_time:200417ms step_avg:118.52ms
step:1692/2110 train_time:200602ms step_avg:118.56ms
step:1693/2110 train_time:200785ms step_avg:118.60ms
step:1694/2110 train_time:200968ms step_avg:118.64ms
step:1695/2110 train_time:201155ms step_avg:118.68ms
step:1696/2110 train_time:201337ms step_avg:118.71ms
step:1697/2110 train_time:201520ms step_avg:118.75ms
step:1698/2110 train_time:201705ms step_avg:118.79ms
step:1699/2110 train_time:201892ms step_avg:118.83ms
step:1700/2110 train_time:202068ms step_avg:118.86ms
step:1701/2110 train_time:202400ms step_avg:118.99ms
step:1702/2110 train_time:202449ms step_avg:118.95ms
step:1703/2110 train_time:202629ms step_avg:118.98ms
step:1704/2110 train_time:202812ms step_avg:119.02ms
step:1705/2110 train_time:202995ms step_avg:119.06ms
step:1706/2110 train_time:203178ms step_avg:119.10ms
step:1707/2110 train_time:203363ms step_avg:119.13ms
step:1708/2110 train_time:203547ms step_avg:119.17ms
step:1709/2110 train_time:203729ms step_avg:119.21ms
step:1710/2110 train_time:203912ms step_avg:119.25ms
step:1711/2110 train_time:204097ms step_avg:119.29ms
step:1712/2110 train_time:204280ms step_avg:119.32ms
step:1713/2110 train_time:204464ms step_avg:119.36ms
step:1714/2110 train_time:204648ms step_avg:119.40ms
step:1715/2110 train_time:204832ms step_avg:119.44ms
step:1716/2110 train_time:205014ms step_avg:119.47ms
step:1717/2110 train_time:205198ms step_avg:119.51ms
step:1718/2110 train_time:205381ms step_avg:119.55ms
step:1719/2110 train_time:205566ms step_avg:119.58ms
step:1720/2110 train_time:205748ms step_avg:119.62ms
step:1721/2110 train_time:205930ms step_avg:119.66ms
step:1722/2110 train_time:206113ms step_avg:119.69ms
step:1723/2110 train_time:206297ms step_avg:119.73ms
step:1724/2110 train_time:206481ms step_avg:119.77ms
step:1725/2110 train_time:206665ms step_avg:119.81ms
step:1726/2110 train_time:206849ms step_avg:119.84ms
step:1727/2110 train_time:207033ms step_avg:119.88ms
step:1728/2110 train_time:207213ms step_avg:119.91ms
step:1729/2110 train_time:207397ms step_avg:119.95ms
step:1730/2110 train_time:207582ms step_avg:119.99ms
step:1731/2110 train_time:207765ms step_avg:120.03ms
step:1732/2110 train_time:207949ms step_avg:120.06ms
step:1733/2110 train_time:208132ms step_avg:120.10ms
step:1734/2110 train_time:208315ms step_avg:120.14ms
step:1735/2110 train_time:208499ms step_avg:120.17ms
step:1736/2110 train_time:208683ms step_avg:120.21ms
step:1737/2110 train_time:208866ms step_avg:120.25ms
step:1738/2110 train_time:209051ms step_avg:120.28ms
step:1739/2110 train_time:209234ms step_avg:120.32ms
step:1740/2110 train_time:209419ms step_avg:120.36ms
step:1741/2110 train_time:209602ms step_avg:120.39ms
step:1742/2110 train_time:209786ms step_avg:120.43ms
step:1743/2110 train_time:209969ms step_avg:120.46ms
step:1744/2110 train_time:210153ms step_avg:120.50ms
step:1745/2110 train_time:210337ms step_avg:120.54ms
step:1746/2110 train_time:210521ms step_avg:120.57ms
step:1747/2110 train_time:210704ms step_avg:120.61ms
step:1748/2110 train_time:210889ms step_avg:120.65ms
step:1749/2110 train_time:211071ms step_avg:120.68ms
step:1750/2110 train_time:211255ms step_avg:120.72ms
step:1750/2110 val_loss:3.3732 train_time:211396ms step_avg:120.80ms
step:1751/2110 train_time:211672ms step_avg:120.89ms
step:1752/2110 train_time:211721ms step_avg:120.85ms
step:1753/2110 train_time:211902ms step_avg:120.88ms
step:1754/2110 train_time:212097ms step_avg:120.92ms
step:1755/2110 train_time:212267ms step_avg:120.95ms
step:1756/2110 train_time:212450ms step_avg:120.99ms
step:1757/2110 train_time:212633ms step_avg:121.02ms
step:1758/2110 train_time:212817ms step_avg:121.06ms
step:1759/2110 train_time:213002ms step_avg:121.09ms
step:1760/2110 train_time:213185ms step_avg:121.13ms
step:1761/2110 train_time:213368ms step_avg:121.16ms
step:1762/2110 train_time:213551ms step_avg:121.20ms
step:1763/2110 train_time:213734ms step_avg:121.23ms
step:1764/2110 train_time:213919ms step_avg:121.27ms
step:1765/2110 train_time:214104ms step_avg:121.31ms
step:1766/2110 train_time:214289ms step_avg:121.34ms
step:1767/2110 train_time:214470ms step_avg:121.38ms
step:1768/2110 train_time:214654ms step_avg:121.41ms
step:1769/2110 train_time:214838ms step_avg:121.45ms
step:1770/2110 train_time:215021ms step_avg:121.48ms
step:1771/2110 train_time:215204ms step_avg:121.52ms
step:1772/2110 train_time:215388ms step_avg:121.55ms
step:1773/2110 train_time:215571ms step_avg:121.59ms
step:1774/2110 train_time:215753ms step_avg:121.62ms
step:1775/2110 train_time:215939ms step_avg:121.66ms
step:1776/2110 train_time:216122ms step_avg:121.69ms
step:1777/2110 train_time:216304ms step_avg:121.72ms
step:1778/2110 train_time:216489ms step_avg:121.76ms
step:1779/2110 train_time:216674ms step_avg:121.80ms
step:1780/2110 train_time:216858ms step_avg:121.83ms
step:1781/2110 train_time:217041ms step_avg:121.86ms
step:1782/2110 train_time:217224ms step_avg:121.90ms
step:1783/2110 train_time:217406ms step_avg:121.93ms
step:1784/2110 train_time:217592ms step_avg:121.97ms
step:1785/2110 train_time:217777ms step_avg:122.00ms
step:1786/2110 train_time:217960ms step_avg:122.04ms
step:1787/2110 train_time:218143ms step_avg:122.07ms
step:1788/2110 train_time:218326ms step_avg:122.11ms
step:1789/2110 train_time:218510ms step_avg:122.14ms
step:1790/2110 train_time:218692ms step_avg:122.17ms
step:1791/2110 train_time:218876ms step_avg:122.21ms
step:1792/2110 train_time:219059ms step_avg:122.24ms
step:1793/2110 train_time:219242ms step_avg:122.28ms
step:1794/2110 train_time:219425ms step_avg:122.31ms
step:1795/2110 train_time:219607ms step_avg:122.34ms
step:1796/2110 train_time:219791ms step_avg:122.38ms
step:1797/2110 train_time:219974ms step_avg:122.41ms
step:1798/2110 train_time:220158ms step_avg:122.45ms
step:1799/2110 train_time:220342ms step_avg:122.48ms
step:1800/2110 train_time:220525ms step_avg:122.51ms
step:1801/2110 train_time:220855ms step_avg:122.63ms
step:1802/2110 train_time:220900ms step_avg:122.59ms
step:1803/2110 train_time:221082ms step_avg:122.62ms
step:1804/2110 train_time:221265ms step_avg:122.65ms
step:1805/2110 train_time:221448ms step_avg:122.69ms
step:1806/2110 train_time:221631ms step_avg:122.72ms
step:1807/2110 train_time:221816ms step_avg:122.75ms
step:1808/2110 train_time:222002ms step_avg:122.79ms
step:1809/2110 train_time:222186ms step_avg:122.82ms
step:1810/2110 train_time:222372ms step_avg:122.86ms
step:1811/2110 train_time:222555ms step_avg:122.89ms
step:1812/2110 train_time:222740ms step_avg:122.92ms
step:1813/2110 train_time:222923ms step_avg:122.96ms
step:1814/2110 train_time:223106ms step_avg:122.99ms
step:1815/2110 train_time:223289ms step_avg:123.02ms
step:1816/2110 train_time:223473ms step_avg:123.06ms
step:1817/2110 train_time:223657ms step_avg:123.09ms
step:1818/2110 train_time:223841ms step_avg:123.12ms
step:1819/2110 train_time:224023ms step_avg:123.16ms
step:1820/2110 train_time:224206ms step_avg:123.19ms
step:1821/2110 train_time:224389ms step_avg:123.22ms
step:1822/2110 train_time:224574ms step_avg:123.26ms
step:1823/2110 train_time:224757ms step_avg:123.29ms
step:1824/2110 train_time:224940ms step_avg:123.32ms
step:1825/2110 train_time:225124ms step_avg:123.36ms
step:1826/2110 train_time:225308ms step_avg:123.39ms
step:1827/2110 train_time:225492ms step_avg:123.42ms
step:1828/2110 train_time:225676ms step_avg:123.46ms
step:1829/2110 train_time:225860ms step_avg:123.49ms
step:1830/2110 train_time:226042ms step_avg:123.52ms
step:1831/2110 train_time:226225ms step_avg:123.55ms
step:1832/2110 train_time:226409ms step_avg:123.59ms
step:1833/2110 train_time:226592ms step_avg:123.62ms
step:1834/2110 train_time:226776ms step_avg:123.65ms
step:1835/2110 train_time:226964ms step_avg:123.69ms
step:1836/2110 train_time:227146ms step_avg:123.72ms
step:1837/2110 train_time:227327ms step_avg:123.75ms
step:1838/2110 train_time:227518ms step_avg:123.79ms
step:1839/2110 train_time:227703ms step_avg:123.82ms
step:1840/2110 train_time:227887ms step_avg:123.85ms
step:1841/2110 train_time:228070ms step_avg:123.88ms
step:1842/2110 train_time:228253ms step_avg:123.92ms
step:1843/2110 train_time:228438ms step_avg:123.95ms
step:1844/2110 train_time:228622ms step_avg:123.98ms
step:1845/2110 train_time:228805ms step_avg:124.01ms
step:1846/2110 train_time:228989ms step_avg:124.05ms
step:1847/2110 train_time:229174ms step_avg:124.08ms
step:1848/2110 train_time:229355ms step_avg:124.11ms
step:1849/2110 train_time:229540ms step_avg:124.14ms
step:1850/2110 train_time:229724ms step_avg:124.17ms
step:1851/2110 train_time:230050ms step_avg:124.28ms
step:1852/2110 train_time:230099ms step_avg:124.24ms
step:1853/2110 train_time:230282ms step_avg:124.28ms
step:1854/2110 train_time:230466ms step_avg:124.31ms
step:1855/2110 train_time:230649ms step_avg:124.34ms
step:1856/2110 train_time:230834ms step_avg:124.37ms
step:1857/2110 train_time:231016ms step_avg:124.40ms
step:1858/2110 train_time:231201ms step_avg:124.44ms
step:1859/2110 train_time:231386ms step_avg:124.47ms
step:1860/2110 train_time:231569ms step_avg:124.50ms
step:1861/2110 train_time:231753ms step_avg:124.53ms
step:1862/2110 train_time:231935ms step_avg:124.56ms
step:1863/2110 train_time:232119ms step_avg:124.59ms
step:1864/2110 train_time:232301ms step_avg:124.63ms
step:1865/2110 train_time:232484ms step_avg:124.66ms
step:1866/2110 train_time:232669ms step_avg:124.69ms
step:1867/2110 train_time:232854ms step_avg:124.72ms
step:1868/2110 train_time:233037ms step_avg:124.75ms
step:1869/2110 train_time:233221ms step_avg:124.78ms
step:1870/2110 train_time:233406ms step_avg:124.82ms
step:1871/2110 train_time:233588ms step_avg:124.85ms
step:1872/2110 train_time:233773ms step_avg:124.88ms
step:1873/2110 train_time:233956ms step_avg:124.91ms
step:1874/2110 train_time:234137ms step_avg:124.94ms
step:1875/2110 train_time:234321ms step_avg:124.97ms
step:1876/2110 train_time:234504ms step_avg:125.00ms
step:1877/2110 train_time:234687ms step_avg:125.03ms
step:1878/2110 train_time:234871ms step_avg:125.06ms
step:1879/2110 train_time:235057ms step_avg:125.10ms
step:1880/2110 train_time:235239ms step_avg:125.13ms
step:1881/2110 train_time:235421ms step_avg:125.16ms
step:1882/2110 train_time:235603ms step_avg:125.19ms
step:1883/2110 train_time:235786ms step_avg:125.22ms
step:1884/2110 train_time:235970ms step_avg:125.25ms
step:1885/2110 train_time:236158ms step_avg:125.28ms
step:1886/2110 train_time:236342ms step_avg:125.31ms
step:1887/2110 train_time:236522ms step_avg:125.34ms
step:1888/2110 train_time:236706ms step_avg:125.37ms
step:1889/2110 train_time:236890ms step_avg:125.40ms
step:1890/2110 train_time:237073ms step_avg:125.44ms
step:1891/2110 train_time:237257ms step_avg:125.47ms
step:1892/2110 train_time:237441ms step_avg:125.50ms
step:1893/2110 train_time:237624ms step_avg:125.53ms
step:1894/2110 train_time:237810ms step_avg:125.56ms
step:1895/2110 train_time:237992ms step_avg:125.59ms
step:1896/2110 train_time:238176ms step_avg:125.62ms
step:1897/2110 train_time:238361ms step_avg:125.65ms
step:1898/2110 train_time:238546ms step_avg:125.68ms
step:1899/2110 train_time:238728ms step_avg:125.71ms
step:1900/2110 train_time:238911ms step_avg:125.74ms
step:1901/2110 train_time:239241ms step_avg:125.85ms
step:1902/2110 train_time:239288ms step_avg:125.81ms
step:1903/2110 train_time:239471ms step_avg:125.84ms
step:1904/2110 train_time:239654ms step_avg:125.87ms
step:1905/2110 train_time:239837ms step_avg:125.90ms
step:1906/2110 train_time:240021ms step_avg:125.93ms
step:1907/2110 train_time:240204ms step_avg:125.96ms
step:1908/2110 train_time:240389ms step_avg:125.99ms
step:1909/2110 train_time:240572ms step_avg:126.02ms
step:1910/2110 train_time:240755ms step_avg:126.05ms
step:1911/2110 train_time:240937ms step_avg:126.08ms
step:1912/2110 train_time:241121ms step_avg:126.11ms
step:1913/2110 train_time:241304ms step_avg:126.14ms
step:1914/2110 train_time:241488ms step_avg:126.17ms
step:1915/2110 train_time:241670ms step_avg:126.20ms
step:1916/2110 train_time:241855ms step_avg:126.23ms
step:1917/2110 train_time:242038ms step_avg:126.26ms
step:1918/2110 train_time:242224ms step_avg:126.29ms
step:1919/2110 train_time:242407ms step_avg:126.32ms
step:1920/2110 train_time:242590ms step_avg:126.35ms
step:1921/2110 train_time:242776ms step_avg:126.38ms
step:1922/2110 train_time:242958ms step_avg:126.41ms
step:1923/2110 train_time:243141ms step_avg:126.44ms
step:1924/2110 train_time:243323ms step_avg:126.47ms
step:1925/2110 train_time:243506ms step_avg:126.50ms
step:1926/2110 train_time:243690ms step_avg:126.53ms
step:1927/2110 train_time:243876ms step_avg:126.56ms
step:1928/2110 train_time:244061ms step_avg:126.59ms
step:1929/2110 train_time:244243ms step_avg:126.62ms
step:1930/2110 train_time:244428ms step_avg:126.65ms
step:1931/2110 train_time:244611ms step_avg:126.68ms
step:1932/2110 train_time:244794ms step_avg:126.70ms
step:1933/2110 train_time:244977ms step_avg:126.73ms
step:1934/2110 train_time:245157ms step_avg:126.76ms
step:1935/2110 train_time:245339ms step_avg:126.79ms
step:1936/2110 train_time:245523ms step_avg:126.82ms
step:1937/2110 train_time:245712ms step_avg:126.85ms
step:1938/2110 train_time:245894ms step_avg:126.88ms
step:1939/2110 train_time:246078ms step_avg:126.91ms
step:1940/2110 train_time:246260ms step_avg:126.94ms
step:1941/2110 train_time:246445ms step_avg:126.97ms
step:1942/2110 train_time:246627ms step_avg:127.00ms
step:1943/2110 train_time:246813ms step_avg:127.03ms
step:1944/2110 train_time:246996ms step_avg:127.06ms
step:1945/2110 train_time:247182ms step_avg:127.09ms
step:1946/2110 train_time:247365ms step_avg:127.11ms
step:1947/2110 train_time:247548ms step_avg:127.14ms
step:1948/2110 train_time:247730ms step_avg:127.17ms
step:1949/2110 train_time:247914ms step_avg:127.20ms
step:1950/2110 train_time:248096ms step_avg:127.23ms
step:1951/2110 train_time:248427ms step_avg:127.33ms
step:1952/2110 train_time:248473ms step_avg:127.29ms
step:1953/2110 train_time:248655ms step_avg:127.32ms
step:1954/2110 train_time:248839ms step_avg:127.35ms
step:1955/2110 train_time:249023ms step_avg:127.38ms
step:1956/2110 train_time:249206ms step_avg:127.41ms
step:1957/2110 train_time:249390ms step_avg:127.43ms
step:1958/2110 train_time:249574ms step_avg:127.46ms
step:1959/2110 train_time:249758ms step_avg:127.49ms
step:1960/2110 train_time:249944ms step_avg:127.52ms
step:1961/2110 train_time:250126ms step_avg:127.55ms
step:1962/2110 train_time:250310ms step_avg:127.58ms
step:1963/2110 train_time:250493ms step_avg:127.61ms
step:1964/2110 train_time:250679ms step_avg:127.64ms
step:1965/2110 train_time:250860ms step_avg:127.66ms
step:1966/2110 train_time:251045ms step_avg:127.69ms
step:1967/2110 train_time:251228ms step_avg:127.72ms
step:1968/2110 train_time:251413ms step_avg:127.75ms
step:1969/2110 train_time:251597ms step_avg:127.78ms
step:1970/2110 train_time:251780ms step_avg:127.81ms
step:1971/2110 train_time:251964ms step_avg:127.84ms
step:1972/2110 train_time:252147ms step_avg:127.86ms
step:1973/2110 train_time:252332ms step_avg:127.89ms
step:1974/2110 train_time:252515ms step_avg:127.92ms
step:1975/2110 train_time:252701ms step_avg:127.95ms
step:1976/2110 train_time:252885ms step_avg:127.98ms
step:1977/2110 train_time:253067ms step_avg:128.01ms
step:1978/2110 train_time:253250ms step_avg:128.03ms
step:1979/2110 train_time:253434ms step_avg:128.06ms
step:1980/2110 train_time:253619ms step_avg:128.09ms
step:1981/2110 train_time:253803ms step_avg:128.12ms
step:1982/2110 train_time:253988ms step_avg:128.15ms
step:1983/2110 train_time:254170ms step_avg:128.17ms
step:1984/2110 train_time:254354ms step_avg:128.20ms
step:1985/2110 train_time:254539ms step_avg:128.23ms
step:1986/2110 train_time:254721ms step_avg:128.26ms
step:1987/2110 train_time:254904ms step_avg:128.29ms
step:1988/2110 train_time:255087ms step_avg:128.31ms
step:1989/2110 train_time:255272ms step_avg:128.34ms
step:1990/2110 train_time:255455ms step_avg:128.37ms
step:1991/2110 train_time:255641ms step_avg:128.40ms
step:1992/2110 train_time:255823ms step_avg:128.43ms
step:1993/2110 train_time:256012ms step_avg:128.46ms
step:1994/2110 train_time:256196ms step_avg:128.48ms
step:1995/2110 train_time:256377ms step_avg:128.51ms
step:1996/2110 train_time:256560ms step_avg:128.54ms
step:1997/2110 train_time:256743ms step_avg:128.56ms
step:1998/2110 train_time:256925ms step_avg:128.59ms
step:1999/2110 train_time:257108ms step_avg:128.62ms
step:2000/2110 train_time:257291ms step_avg:128.65ms
step:2000/2110 val_loss:3.2994 train_time:257433ms step_avg:128.72ms
step:2001/2110 train_time:257676ms step_avg:128.77ms
step:2002/2110 train_time:257738ms step_avg:128.74ms
step:2003/2110 train_time:257902ms step_avg:128.76ms
step:2004/2110 train_time:258103ms step_avg:128.79ms
step:2005/2110 train_time:258272ms step_avg:128.81ms
step:2006/2110 train_time:258455ms step_avg:128.84ms
step:2007/2110 train_time:258639ms step_avg:128.87ms
step:2008/2110 train_time:258823ms step_avg:128.90ms
step:2009/2110 train_time:259005ms step_avg:128.92ms
step:2010/2110 train_time:259189ms step_avg:128.95ms
step:2011/2110 train_time:259372ms step_avg:128.98ms
step:2012/2110 train_time:259558ms step_avg:129.01ms
step:2013/2110 train_time:259740ms step_avg:129.03ms
step:2014/2110 train_time:259925ms step_avg:129.06ms
step:2015/2110 train_time:260106ms step_avg:129.08ms
step:2016/2110 train_time:260291ms step_avg:129.11ms
step:2017/2110 train_time:260476ms step_avg:129.14ms
step:2018/2110 train_time:260657ms step_avg:129.17ms
step:2019/2110 train_time:260842ms step_avg:129.19ms
step:2020/2110 train_time:261026ms step_avg:129.22ms
step:2021/2110 train_time:261210ms step_avg:129.25ms
step:2022/2110 train_time:261394ms step_avg:129.28ms
step:2023/2110 train_time:261576ms step_avg:129.30ms
step:2024/2110 train_time:261759ms step_avg:129.33ms
step:2025/2110 train_time:261944ms step_avg:129.36ms
step:2026/2110 train_time:262128ms step_avg:129.38ms
step:2027/2110 train_time:262310ms step_avg:129.41ms
step:2028/2110 train_time:262493ms step_avg:129.43ms
step:2029/2110 train_time:262677ms step_avg:129.46ms
step:2030/2110 train_time:262859ms step_avg:129.49ms
step:2031/2110 train_time:263044ms step_avg:129.51ms
step:2032/2110 train_time:263228ms step_avg:129.54ms
step:2033/2110 train_time:263412ms step_avg:129.57ms
step:2034/2110 train_time:263597ms step_avg:129.60ms
step:2035/2110 train_time:263780ms step_avg:129.62ms
step:2036/2110 train_time:263963ms step_avg:129.65ms
step:2037/2110 train_time:264147ms step_avg:129.67ms
step:2038/2110 train_time:264330ms step_avg:129.70ms
step:2039/2110 train_time:264514ms step_avg:129.73ms
step:2040/2110 train_time:264698ms step_avg:129.75ms
step:2041/2110 train_time:264881ms step_avg:129.78ms
step:2042/2110 train_time:265066ms step_avg:129.81ms
step:2043/2110 train_time:265250ms step_avg:129.83ms
step:2044/2110 train_time:265433ms step_avg:129.86ms
step:2045/2110 train_time:265615ms step_avg:129.89ms
step:2046/2110 train_time:265799ms step_avg:129.91ms
step:2047/2110 train_time:265982ms step_avg:129.94ms
step:2048/2110 train_time:266166ms step_avg:129.96ms
step:2049/2110 train_time:266350ms step_avg:129.99ms
step:2050/2110 train_time:266533ms step_avg:130.02ms
step:2051/2110 train_time:266862ms step_avg:130.11ms
step:2052/2110 train_time:266909ms step_avg:130.07ms
step:2053/2110 train_time:267093ms step_avg:130.10ms
step:2054/2110 train_time:267276ms step_avg:130.12ms
step:2055/2110 train_time:267460ms step_avg:130.15ms
step:2056/2110 train_time:267643ms step_avg:130.18ms
step:2057/2110 train_time:267828ms step_avg:130.20ms
step:2058/2110 train_time:268010ms step_avg:130.23ms
step:2059/2110 train_time:268194ms step_avg:130.25ms
step:2060/2110 train_time:268376ms step_avg:130.28ms
step:2061/2110 train_time:268559ms step_avg:130.31ms
step:2062/2110 train_time:268742ms step_avg:130.33ms
step:2063/2110 train_time:268926ms step_avg:130.36ms
step:2064/2110 train_time:269111ms step_avg:130.38ms
step:2065/2110 train_time:269293ms step_avg:130.41ms
step:2066/2110 train_time:269477ms step_avg:130.43ms
step:2067/2110 train_time:269660ms step_avg:130.46ms
step:2068/2110 train_time:269843ms step_avg:130.48ms
step:2069/2110 train_time:270027ms step_avg:130.51ms
step:2070/2110 train_time:270211ms step_avg:130.54ms
step:2071/2110 train_time:270399ms step_avg:130.56ms
step:2072/2110 train_time:270580ms step_avg:130.59ms
step:2073/2110 train_time:270765ms step_avg:130.62ms
step:2074/2110 train_time:270948ms step_avg:130.64ms
step:2075/2110 train_time:271135ms step_avg:130.67ms
step:2076/2110 train_time:271319ms step_avg:130.69ms
step:2077/2110 train_time:271502ms step_avg:130.72ms
step:2078/2110 train_time:271685ms step_avg:130.74ms
step:2079/2110 train_time:271870ms step_avg:130.77ms
step:2080/2110 train_time:272054ms step_avg:130.80ms
step:2081/2110 train_time:272242ms step_avg:130.82ms
step:2082/2110 train_time:272424ms step_avg:130.85ms
step:2083/2110 train_time:272607ms step_avg:130.87ms
step:2084/2110 train_time:272791ms step_avg:130.90ms
step:2085/2110 train_time:272975ms step_avg:130.92ms
step:2086/2110 train_time:273161ms step_avg:130.95ms
step:2087/2110 train_time:273346ms step_avg:130.98ms
step:2088/2110 train_time:273530ms step_avg:131.00ms
step:2089/2110 train_time:273713ms step_avg:131.03ms
step:2090/2110 train_time:273897ms step_avg:131.05ms
step:2091/2110 train_time:274082ms step_avg:131.08ms
step:2092/2110 train_time:274265ms step_avg:131.10ms
step:2093/2110 train_time:274449ms step_avg:131.13ms
step:2094/2110 train_time:274632ms step_avg:131.15ms
step:2095/2110 train_time:274817ms step_avg:131.18ms
step:2096/2110 train_time:275000ms step_avg:131.20ms
step:2097/2110 train_time:275186ms step_avg:131.23ms
step:2098/2110 train_time:275370ms step_avg:131.25ms
step:2099/2110 train_time:275553ms step_avg:131.28ms
step:2100/2110 train_time:275738ms step_avg:131.30ms
step:2101/2110 train_time:276072ms step_avg:131.40ms
step:2102/2110 train_time:276118ms step_avg:131.36ms
step:2103/2110 train_time:276303ms step_avg:131.39ms
step:2104/2110 train_time:276489ms step_avg:131.41ms
step:2105/2110 train_time:276672ms step_avg:131.44ms
step:2106/2110 train_time:276856ms step_avg:131.46ms
step:2107/2110 train_time:277042ms step_avg:131.49ms
step:2108/2110 train_time:277226ms step_avg:131.51ms
step:2109/2110 train_time:277412ms step_avg:131.54ms
step:2110/2110 train_time:277596ms step_avg:131.56ms
step:2110/2110 val_loss:3.2748 train_time:277735ms step_avg:131.63ms
peak memory allocated: 20032 MiB reserved: 22282 MiB
total training time: 277.74s (277735ms)
